{
  "type": "FeatureCollection",
  "features": [
    {
      "type": "Feature",
      "geometry": {
        "type": "Polygon",
        "coordinates": [
          [
            [
              33.3012928325,
              1.79501965
            ],
            [
              33.3179417889,
              1.7949616228
            ],
            [
              33.3179707274,
              1.8033379009
            ],
            [
              33.3262950408,
              1.8033086947
            ],
            [
              33.3263241519,
              1.8116848345
            ],
            [
              33.3179998011,
              1.8117141757
            ],
            [
              33.3180290099,
              1.820090451
            ],
            [
              33.3097044862,
              1.8201198901
            ],
            [
              33.3096753151,
              1.8117434791
            ],
            [
              33.3013506942,
              1.8117727456
            ],
            [
              33.3012928325,
              1.79501965
            ]
          ]
        ]
      },
      "properties": {
        "country": "Uganda",
        "country_code": "UGA",
        "species_name": "Terminalia_ivorensis",
        "genus": "Terminalia",
        "species": "ivorensis",
        "suitability_name": "Very suitable",
        "suitability_rank": 1,
        "soil_suitability": "S2",
        "soil_type": "Ferrallitic Soils",
        "soil_description": "Red soils - Not differentiated; sandy loams",
        "site_class": null,
        "maz": "II",
        "maz_zone": null,
        "tz": "1",
        "frost_risk": null,
        "source_layer": "SWIFT_SSMT_Uganda"
      }
    },
    {
      "type": "Feature",
      "geometry": {
        "type": "Polygon",
        "coordinates": [
          [
            [
              33.3418868513,
              1.4682144759
            ],
            [
              33.3335641724,
              1.4682383147
            ],
            [
              33.3335879116,
              1.4766143643
            ],
            [
              33.3419106215,
              1.4765903894
            ],
            [
              33.3419345263,
              1.4849663021
            ],
            [
              33.3502571318,
              1.4849421604
            ],
            [
              33.3502812043,
              1.4933179359
            ],
            [
              33.3752482996,
              1.4932449132
            ],
            [
              33.3752726005,
              1.5016202786
            ],
            [
              33.4002385645,
              1.5015465623
            ],
            [
              33.4002630957,
              1.509921514
            ],
            [
              33.4085848416,
              1.5098967422
            ],
            [
              33.4086095406,
              1.5182715554
            ],
            [
              33.400287762,
              1.5182964649
            ],
            [
              33.4003375078,
              1.5350463645
            ],
            [
              33.3836934153,
              1.5350966369
            ],
            [
              33.3837184291,
              1.5434718604
            ],
            [
              33.3753961456,
              1.543497085
            ],
            [
              33.3754465165,
              1.5602477997
            ],
            [
              33.4087350885,
              1.5601456084
            ],
            [
              33.408760608,
              1.5685204153
            ],
            [
              33.4254041392,
              1.5684688484
            ],
            [
              33.4253785548,
              1.5600943157
            ],
            [
              33.4669848167,
              1.5599655142
            ],
            [
              33.4669337345,
              1.5432178304
            ],
            [
              33.4835751451,
              1.543166636
            ],
            [
              33.483626357,
              1.5599137643
            ],
            [
              33.5002673423,
              1.5598618833
            ],
            [
              33.5002416034,
              1.5514885993
            ],
            [
              33.5168819706,
              1.5514368672
            ],
            [
              33.5169077749,
              1.5598098719
            ],
            [
              33.5418673786,
              1.5597316101
            ],
            [
              33.5418934193,
              1.5681041943
            ],
            [
              33.5502130412,
              1.568077901
            ],
            [
              33.550239255,
              1.5764503435
            ],
            [
              33.5585587688,
              1.5764238759
            ],
            [
              33.5585851552,
              1.5847961766
            ],
            [
              33.5752238297,
              1.5847428631
            ],
            [
              33.5752771541,
              1.6014868976
            ],
            [
              33.5669578201,
              1.6015138536
            ],
            [
              33.5670660168,
              1.6350024714
            ],
            [
              33.5753854853,
              1.6349749522
            ],
            [
              33.5753581913,
              1.6266029405
            ],
            [
              33.5836774856,
              1.6265755283
            ],
            [
              33.5837048139,
              1.6349473983
            ],
            [
              33.5920240006,
              1.6349198106
            ],
            [
              33.5920515027,
              1.6432915389
            ],
            [
              33.5837322815,
              1.6433192675
            ],
            [
              33.5837876386,
              1.6600630039
            ],
            [
              33.6004260783,
              1.6600069449
            ],
            [
              33.6004540372,
              1.6683785281
            ],
            [
              33.6170919833,
              1.6683220472
            ],
            [
              33.6170887865,
              1.6673695345
            ],
            [
              33.6197855762,
              1.6766842393
            ],
            [
              33.6171201514,
              1.6766933459
            ],
            [
              33.6171484622,
              1.685064643
            ],
            [
              33.6221175752,
              1.685047577
            ],
            [
              33.62342661,
              1.6897419478
            ],
            [
              33.6234503428,
              1.710156859
            ],
            [
              33.617234238,
              1.7101785274
            ],
            [
              33.6172055046,
              1.7018072333
            ],
            [
              33.6088864624,
              1.7018360598
            ],
            [
              33.6089151607,
              1.7102074955
            ],
            [
              33.600595941,
              1.7102364272
            ],
            [
              33.6006536889,
              1.7269795774
            ],
            [
              33.6089729794,
              1.726950362
            ],
            [
              33.6090021016,
              1.7353217947
            ],
            [
              33.6173212871,
              1.735292402
            ],
            [
              33.6173603179,
              1.7464355383
            ],
            [
              33.6103474299,
              1.7510142731
            ],
            [
              33.6014874044,
              1.7513430512
            ],
            [
              33.5870077276,
              1.7496111294
            ],
            [
              33.5793173914,
              1.7466660131
            ],
            [
              33.5683663181,
              1.7404625753
            ],
            [
              33.5518118579,
              1.7369537029
            ],
            [
              33.5296328968,
              1.7301941011
            ],
            [
              33.5086298213,
              1.721943164
            ],
            [
              33.4843653651,
              1.7104322069
            ],
            [
              33.4595103829,
              1.6992191241
            ],
            [
              33.4426281604,
              1.6867886518
            ],
            [
              33.4299067526,
              1.6817765997
            ],
            [
              33.4281427732,
              1.6844584268
            ],
            [
              33.4289640006,
              1.689305738
            ],
            [
              33.427798436,
              1.6900611176
            ],
            [
              33.4272223915,
              1.6899988239
            ],
            [
              33.4262993723,
              1.6904699532
            ],
            [
              33.4251065779,
              1.6906694615
            ],
            [
              33.4248539279,
              1.6905384201
            ],
            [
              33.4245911705,
              1.6900518576
            ],
            [
              33.4238483751,
              1.6896435822
            ],
            [
              33.4236322188,
              1.6898705886
            ],
            [
              33.4235390178,
              1.6904508727
            ],
            [
              33.4233447579,
              1.6905364564
            ],
            [
              33.4222802544,
              1.6900846882
            ],
            [
              33.4219414209,
              1.6898408453
            ],
            [
              33.42171235,
              1.6893321136
            ],
            [
              33.4214369596,
              1.6891213824
            ],
            [
              33.4206843407,
              1.6889025139
            ],
            [
              33.4196700859,
              1.6881802446
            ],
            [
              33.4194429815,
              1.6882613381
            ],
            [
              33.419243106,
              1.6886477271
            ],
            [
              33.4190519336,
              1.6887321884
            ],
            [
              33.4181258263,
              1.6884597238
            ],
            [
              33.4179099504,
              1.6882655475
            ],
            [
              33.4176912661,
              1.6875615179
            ],
            [
              33.4172474418,
              1.6873547144
            ],
            [
              33.4165251412,
              1.6863827099
            ],
            [
              33.4157834689,
              1.685270683
            ],
            [
              33.4153438562,
              1.6839577464
            ],
            [
              33.4152882734,
              1.6830317586
            ],
            [
              33.4158295078,
              1.6820392682
            ],
            [
              33.4154005624,
              1.6816800965
            ],
            [
              33.4153169072,
              1.6813950038
            ],
            [
              33.4147546167,
              1.680735307
            ],
            [
              33.4143773244,
              1.6791602827
            ],
            [
              33.4136224598,
              1.6784845917
            ],
            [
              33.4135856839,
              1.6782121249
            ],
            [
              33.4144292586,
              1.67721907
            ],
            [
              33.4153399259,
              1.6750298035
            ],
            [
              33.4175626946,
              1.6729429533
            ],
            [
              33.4178821579,
              1.6728110689
            ],
            [
              33.4183391759,
              1.6730274149
            ],
            [
              33.4192097002,
              1.6740796796
            ],
            [
              33.420592544,
              1.6739708044
            ],
            [
              33.4208440727,
              1.6736394118
            ],
            [
              33.4209670296,
              1.6729028262
            ],
            [
              33.4212836845,
              1.6721811125
            ],
            [
              33.4229980641,
              1.6715982985
            ],
            [
              33.4239252937,
              1.6715390919
            ],
            [
              33.4250498719,
              1.6721853226
            ],
            [
              33.4256826234,
              1.6717725542
            ],
            [
              33.4266281001,
              1.6715567697
            ],
            [
              33.4282866147,
              1.671699035
            ],
            [
              33.4308687092,
              1.6710126782
            ],
            [
              33.4328009291,
              1.6708883699
            ],
            [
              33.4338724509,
              1.6710275498
            ],
            [
              33.435186799,
              1.6714804451
            ],
            [
              33.4375984947,
              1.672557403
            ],
            [
              33.4410724484,
              1.6736231365
            ],
            [
              33.4421782176,
              1.6750261546
            ],
            [
              33.4433446235,
              1.6756715434
            ],
            [
              33.4445890712,
              1.6776119149
            ],
            [
              33.4444461827,
              1.6780729459
            ],
            [
              33.4439978678,
              1.6782351351
            ],
            [
              33.4447358893,
              1.6795938148
            ],
            [
              33.4450042612,
              1.6806219436
            ],
            [
              33.4460555714,
              1.6815583152
            ],
            [
              33.4463360147,
              1.6821169941
            ],
            [
              33.4470493328,
              1.682332497
            ],
            [
              33.4477938118,
              1.6829357926
            ],
            [
              33.4488644912,
              1.6834908239
            ],
            [
              33.4504539478,
              1.6848893458
            ],
            [
              33.4520512643,
              1.6867660115
            ],
            [
              33.4528987693,
              1.6874335643
            ],
            [
              33.4530335158,
              1.6879790527
            ],
            [
              33.4533288363,
              1.6881168287
            ],
            [
              33.4538055055,
              1.6880295626
            ],
            [
              33.4559976753,
              1.6890675072
            ],
            [
              33.4570402826,
              1.6898068922
            ],
            [
              33.457433857,
              1.6898127846
            ],
            [
              33.4585320478,
              1.6892232403
            ],
            [
              33.4589118663,
              1.6887436933
            ],
            [
              33.459124655,
              1.6880865238
            ],
            [
              33.4598590281,
              1.6877340884
            ],
            [
              33.4599968635,
              1.6874947347
            ],
            [
              33.4599438058,
              1.6871608179
            ],
            [
              33.4595227207,
              1.686819887
            ],
            [
              33.4591361644,
              1.6860830268
            ],
            [
              33.4591212859,
              1.6856189107
            ],
            [
              33.4588178242,
              1.6852760156
            ],
            [
              33.4578717858,
              1.6847229478
            ],
            [
              33.4572564403,
              1.6836995919
            ],
            [
              33.4563418425,
              1.6829531901
            ],
            [
              33.4560100276,
              1.681608262
            ],
            [
              33.4557388488,
              1.6812067197
            ],
            [
              33.4549449621,
              1.680759719
            ],
            [
              33.4540488926,
              1.6792478318
            ],
            [
              33.4533653306,
              1.6783886242
            ],
            [
              33.4503472729,
              1.6773857481
            ],
            [
              33.4498551635,
              1.6768343633
            ],
            [
              33.4492979279,
              1.6767125815
            ],
            [
              33.4484327382,
              1.6759947982
            ],
            [
              33.4475984277,
              1.6757164398
            ],
            [
              33.4463913163,
              1.6755444298
            ],
            [
              33.4452866692,
              1.6748392724
            ],
            [
              33.4443830207,
              1.6731194533
            ],
            [
              33.4440012366,
              1.6712472627
            ],
            [
              33.4439032644,
              1.6688587599
            ],
            [
              33.4443187354,
              1.6662154635
            ],
            [
              33.4443223843,
              1.665400306
            ],
            [
              33.4445118733,
              1.6646825189
            ],
            [
              33.4449848916,
              1.6640483509
            ],
            [
              33.4466175802,
              1.6628627943
            ],
            [
              33.4467554153,
              1.6625990243
            ],
            [
              33.4468087524,
              1.6616752716
            ],
            [
              33.4471217594,
              1.6611163053
            ],
            [
              33.4479442792,
              1.6603993584
            ],
            [
              33.4486528256,
              1.6601198751
            ],
            [
              33.451175688,
              1.6596568755
            ],
            [
              33.4519591875,
              1.6591646932
            ],
            [
              33.454238662,
              1.6589247757
            ],
            [
              33.4560566279,
              1.6578464067
            ],
            [
              33.4569566273,
              1.6562811854
            ],
            [
              33.4575576566,
              1.6544653823
            ],
            [
              33.4577853233,
              1.6532890789
            ],
            [
              33.4583164517,
              1.6527620997
            ],
            [
              33.4596891902,
              1.6519567578
            ],
            [
              33.4617494194,
              1.6524862633
            ],
            [
              33.4621483283,
              1.6529770441
            ],
            [
              33.4622395637,
              1.6539170768
            ],
            [
              33.4628001684,
              1.6541738319
            ],
            [
              33.4639306419,
              1.6551882239
            ],
            [
              33.4647023509,
              1.6563566693
            ],
            [
              33.4654791129,
              1.6571824927
            ],
            [
              33.4673821378,
              1.6587609015
            ],
            [
              33.4677100231,
              1.6588896997
            ],
            [
              33.4683865667,
              1.6588526598
            ],
            [
              33.4699195983,
              1.6583021105
            ],
            [
              33.470307277,
              1.6578478103
            ],
            [
              33.4711716252,
              1.657432232
            ],
            [
              33.4720132335,
              1.6561495808
            ],
            [
              33.4716314498,
              1.6549020059
            ],
            [
              33.4716342571,
              1.6542220956
            ],
            [
              33.4719770201,
              1.6526133782
            ],
            [
              33.4726159467,
              1.6520771383
            ],
            [
              33.472664793,
              1.6517942865
            ],
            [
              33.4735622654,
              1.6503491611
            ],
            [
              33.4739651044,
              1.647851756
            ],
            [
              33.4739072755,
              1.6472164613
            ],
            [
              33.4741282047,
              1.6467565452
            ],
            [
              33.4738999763,
              1.6463634138
            ],
            [
              33.4737961086,
              1.64540121
            ],
            [
              33.4742623913,
              1.6451262146
            ],
            [
              33.4743505377,
              1.6449297894
            ],
            [
              33.473956963,
              1.6442420194
            ],
            [
              33.4740973257,
              1.6432545589
            ],
            [
              33.4745535007,
              1.6424402355
            ],
            [
              33.4750826647,
              1.6421397033
            ],
            [
              33.4765890263,
              1.6403081726
            ],
            [
              33.4764570874,
              1.6395813956
            ],
            [
              33.4766255212,
              1.6388568642
            ],
            [
              33.4756053717,
              1.6384081716
            ],
            [
              33.4745374992,
              1.6374759892
            ],
            [
              33.4732436452,
              1.6378823107
            ],
            [
              33.4721830712,
              1.6375809363
            ],
            [
              33.4691695045,
              1.6380015696
            ],
            [
              33.467302692,
              1.6393883378
            ],
            [
              33.4663297048,
              1.6404302374
            ],
            [
              33.4662005723,
              1.6406398523
            ],
            [
              33.4661691309,
              1.641442952
            ],
            [
              33.4657441166,
              1.6418237382
            ],
            [
              33.4684239812,
              1.6326415613
            ],
            [
              33.4728211848,
              1.6219243877
            ],
            [
              33.4745748082,
              1.6159726988
            ],
            [
              33.481637624,
              1.6073283307
            ],
            [
              33.4922388452,
              1.5965918439
            ],
            [
              33.5031493629,
              1.5903140337
            ],
            [
              33.5054939433,
              1.5843609151
            ],
            [
              33.5054734926,
              1.5778207622
            ],
            [
              33.5027926549,
              1.57069441
            ],
            [
              33.495394617,
              1.56655562
            ],
            [
              33.4829818454,
              1.5648106917
            ],
            [
              33.4679255484,
              1.5681280135
            ],
            [
              33.4502227089,
              1.5756160964
            ],
            [
              33.4351810054,
              1.5839881809
            ],
            [
              33.4213142257,
              1.5902756248
            ],
            [
              33.4080232117,
              1.5918040617
            ],
            [
              33.3932462023,
              1.5906610124
            ],
            [
              33.3817080528,
              1.5859394087
            ],
            [
              33.37548112,
              1.5788221781
            ],
            [
              33.3710126823,
              1.5669415461
            ],
            [
              33.370382193,
              1.5538595492
            ],
            [
              33.3656348827,
              1.5473319812
            ],
            [
              33.3526291247,
              1.545884511
            ],
            [
              33.3307758282,
              1.5504112329
            ],
            [
              33.3171752089,
              1.556724668
            ],
            [
              33.3171612557,
              1.5520490651
            ],
            [
              33.3254845202,
              1.5520239318
            ],
            [
              33.3254595962,
              1.5436477555
            ],
            [
              33.3171363644,
              1.5436727538
            ],
            [
              33.317111608,
              1.535296441
            ],
            [
              33.2921411996,
              1.5353708358
            ],
            [
              33.2921658605,
              1.5437475542
            ],
            [
              33.2838420897,
              1.5437724233
            ],
            [
              33.2838174614,
              1.535395569
            ],
            [
              33.2754935897,
              1.5354202714
            ],
            [
              33.2754447982,
              1.5186662907
            ],
            [
              33.2587967799,
              1.5187150593
            ],
            [
              33.258772649,
              1.5103377978
            ],
            [
              33.2670966941,
              1.5103135641
            ],
            [
              33.2670487692,
              1.4935593069
            ],
            [
              33.2753726181,
              1.4935353115
            ],
            [
              33.2752814137,
              1.4611624326
            ],
            [
              33.2760216276,
              1.4600252286
            ],
            [
              33.2836018438,
              1.460003836
            ],
            [
              33.2835785568,
              1.4516269724
            ],
            [
              33.3002252769,
              1.4515801735
            ],
            [
              33.3002020633,
              1.4432035786
            ],
            [
              33.3118974304,
              1.4431708166
            ],
            [
              33.3177647037,
              1.4445787262
            ],
            [
              33.3216119019,
              1.4466496481
            ],
            [
              33.3266352518,
              1.4466355018
            ],
            [
              33.3312788071,
              1.4460752267
            ],
            [
              33.3352395541,
              1.4422575653
            ],
            [
              33.3391960667,
              1.4369173812
            ],
            [
              33.3416323897,
              1.4289170067
            ],
            [
              33.3412877562,
              1.4263362359
            ],
            [
              33.3500924255,
              1.4263117055
            ],
            [
              33.3501155491,
              1.4346874874
            ],
            [
              33.3584378359,
              1.434664132
            ],
            [
              33.3584611244,
              1.4430397775
            ],
            [
              33.3667833055,
              1.443016256
            ],
            [
              33.366694625,
              1.4108986631
            ],
            [
              33.3693920434,
              1.4149466237
            ],
            [
              33.3748856962,
              1.4185472655
            ],
            [
              33.380753843,
              1.4208146173
            ],
            [
              33.3845146447,
              1.4204579333
            ],
            [
              33.3893203056,
              1.4145926442
            ],
            [
              33.3941448265,
              1.413233944
            ],
            [
              33.3942749763,
              1.4149107039
            ],
            [
              33.3932503187,
              1.4171206391
            ],
            [
              33.3931414153,
              1.4184464574
            ],
            [
              33.3924130948,
              1.4197007682
            ],
            [
              33.3920191359,
              1.421555919
            ],
            [
              33.3915252727,
              1.4222656689
            ],
            [
              33.3915378169,
              1.4227510311
            ],
            [
              33.3924769947,
              1.4244233978
            ],
            [
              33.3928722193,
              1.4244434808
            ],
            [
              33.3934664754,
              1.4240232971
            ],
            [
              33.3937564448,
              1.423973309
            ],
            [
              33.3948184571,
              1.4246565888
            ],
            [
              33.3952876343,
              1.4240097218
            ],
            [
              33.395729967,
              1.4239369495
            ],
            [
              33.3963266095,
              1.4242865865
            ],
            [
              33.3963248554,
              1.4245492991
            ],
            [
              33.3956316259,
              1.4251267432
            ],
            [
              33.3956317652,
              1.4254359358
            ],
            [
              33.3960296742,
              1.4256924379
            ],
            [
              33.397016838,
              1.4257041534
            ],
            [
              33.3977487898,
              1.42528041
            ],
            [
              33.399827231,
              1.4245638392
            ],
            [
              33.4002935661,
              1.4237083701
            ],
            [
              33.4024596989,
              1.4227434356
            ],
            [
              33.4035163243,
              1.4193581438
            ],
            [
              33.4032532525,
              1.4181511571
            ],
            [
              33.4034071574,
              1.4176309078
            ],
            [
              33.4048243907,
              1.4164258851
            ],
            [
              33.4052919542,
              1.4154090457
            ],
            [
              33.4064124966,
              1.4139060544
            ],
            [
              33.406767015,
              1.4130204485
            ],
            [
              33.4076991584,
              1.4123598614
            ],
            [
              33.4090416301,
              1.4123920473
            ],
            [
              33.4091616571,
              1.4121007799
            ],
            [
              33.4088824084,
              1.4115166828
            ],
            [
              33.4091564598,
              1.4081148365
            ],
            [
              33.4090009732,
              1.403119964
            ],
            [
              33.4111955117,
              1.4010160006
            ],
            [
              33.4165974143,
              1.4010010573
            ],
            [
              33.4165963912,
              1.4006268014
            ],
            [
              33.4189209067,
              1.4006662382
            ],
            [
              33.424880653,
              1.4020769185
            ],
            [
              33.4278648099,
              1.4043521231
            ],
            [
              33.4327038076,
              1.4107609028
            ],
            [
              33.4369649866,
              1.4133178632
            ],
            [
              33.4409378043,
              1.4141630168
            ],
            [
              33.443768292,
              1.4121570939
            ],
            [
              33.4521119768,
              1.4039991901
            ],
            [
              33.455030232,
              1.4008943741
            ],
            [
              33.4582014342,
              1.4008855436
            ],
            [
              33.4582245312,
              1.4092595416
            ],
            [
              33.4665449514,
              1.4092362117
            ],
            [
              33.4665682161,
              1.4176100708
            ],
            [
              33.4748885284,
              1.417586573
            ],
            [
              33.4749119602,
              1.425960292
            ],
            [
              33.4832321629,
              1.4259366259
            ],
            [
              33.4832795012,
              1.4426837818
            ],
            [
              33.4749592375,
              1.4427077267
            ],
            [
              33.4750798498,
              1.4845762968
            ],
            [
              33.4584386039,
              1.4846254828
            ],
            [
              33.4584630784,
              1.4929994708
            ],
            [
              33.4501422179,
              1.4930241556
            ],
            [
              33.4501667991,
              1.5013982817
            ],
            [
              33.44184577,
              1.5014230745
            ],
            [
              33.4418704577,
              1.5097973366
            ],
            [
              33.4335492592,
              1.5098222352
            ],
            [
              33.433451458,
              1.4763246246
            ],
            [
              33.4251302465,
              1.47634894
            ],
            [
              33.4251061699,
              1.4679743962
            ],
            [
              33.4084633975,
              1.4680226584
            ],
            [
              33.4084874132,
              1.4763974772
            ],
            [
              33.4001657909,
              1.4764217
            ],
            [
              33.4001899116,
              1.4847966549
            ],
            [
              33.3918681224,
              1.484820984
            ],
            [
              33.3918440318,
              1.4764458916
            ],
            [
              33.3419106215,
              1.4765903894
            ],
            [
              33.3418868513,
              1.4682144759
            ]
          ]
        ]
      },
      "properties": {
        "country": "Uganda",
        "country_code": "UGA",
        "species_name": "Terminalia_ivorensis",
        "genus": "Terminalia",
        "species": "ivorensis",
        "suitability_name": "Very suitable",
        "suitability_rank": 1,
        "soil_suitability": "S2",
        "soil_type": "Ferrallitic Soils",
        "soil_description": "Red soils - Not differentiated; sandy loams",
        "site_class": null,
        "maz": "II",
        "maz_zone": null,
        "tz": "1",
        "frost_risk": null,
        "source_layer": "SWIFT_SSMT_Uganda"
      }
    },
    {
      "type": "Feature",
      "geometry": {
        "type": "Polygon",
        "coordinates": [
          [
            [
              33.6093279788,
              1.6348623162
            ],
            [
              33.6100789302,
              1.6432313312
            ],
            [
              33.6086895232,
              1.6432359772
            ],
            [
              33.6086619539,
              1.6348645323
            ],
            [
              33.6093279788,
              1.6348623162
            ]
          ]
        ]
      },
      "properties": {
        "country": "Uganda",
        "country_code": "UGA",
        "species_name": "Terminalia_ivorensis",
        "genus": "Terminalia",
        "species": "ivorensis",
        "suitability_name": "Very suitable",
        "suitability_rank": 1,
        "soil_suitability": "S2",
        "soil_type": "Ferrallitic Soils",
        "soil_description": "Red soils - Not differentiated; sandy loams",
        "site_class": null,
        "maz": "II",
        "maz_zone": null,
        "tz": "1",
        "frost_risk": null,
        "source_layer": "SWIFT_SSMT_Uganda"
      }
    },
    {
      "type": "Feature",
      "geometry": {
        "type": "Polygon",
        "coordinates": [
          [
            [
              33.6225837089,
              1.5259912921
            ],
            [
              33.6228991241,
              1.526871483
            ],
            [
              33.62144998,
              1.5357923841
            ],
            [
              33.616454235,
              1.5438328551
            ],
            [
              33.6090893524,
              1.5498004167
            ],
            [
              33.6041020016,
              1.5605161859
            ],
            [
              33.6035402711,
              1.5697319084
            ],
            [
              33.6056984391,
              1.598258385
            ],
            [
              33.6070800399,
              1.6097551026
            ],
            [
              33.5919423396,
              1.6098046187
            ],
            [
              33.5919154005,
              1.6014328856
            ],
            [
              33.5835963473,
              1.6014599086
            ],
            [
              33.5835429568,
              1.5847161565
            ],
            [
              33.5918619438,
              1.5846894173
            ],
            [
              33.5917828129,
              1.5595742046
            ],
            [
              33.583463925,
              1.559600521
            ],
            [
              33.5834378618,
              1.5512286398
            ],
            [
              33.5917567179,
              1.5512024652
            ],
            [
              33.5917307632,
              1.5428307241
            ],
            [
              33.6000494466,
              1.5428046597
            ],
            [
              33.6000236007,
              1.5344330589
            ],
            [
              33.6166604805,
              1.5343811141
            ],
            [
              33.6166347117,
              1.5260097963
            ],
            [
              33.6225837089,
              1.5259912921
            ]
          ]
        ]
      },
      "properties": {
        "country": "Uganda",
        "country_code": "UGA",
        "species_name": "Terminalia_ivorensis",
        "genus": "Terminalia",
        "species": "ivorensis",
        "suitability_name": "Very suitable",
        "suitability_rank": 1,
        "soil_suitability": "S2",
        "soil_type": "Ferrallitic Soils",
        "soil_description": "Red soils - Not differentiated; sandy loams",
        "site_class": null,
        "maz": "II",
        "maz_zone": null,
        "tz": "1",
        "frost_risk": null,
        "source_layer": "SWIFT_SSMT_Uganda"
      }
    },
    {
      "type": "Feature",
      "geometry": {
        "type": "Polygon",
        "coordinates": [
          [
            [
              33.6165852131,
              1.5097993125
            ],
            [
              33.6184310195,
              1.5144023696
            ],
            [
              33.6195872871,
              1.517629267
            ],
            [
              33.6166090837,
              1.5176384776
            ],
            [
              33.6165852131,
              1.5097993125
            ]
          ]
        ]
      },
      "properties": {
        "country": "Uganda",
        "country_code": "UGA",
        "species_name": "Terminalia_ivorensis",
        "genus": "Terminalia",
        "species": "ivorensis",
        "suitability_name": "Very suitable",
        "suitability_rank": 1,
        "soil_suitability": "S2",
        "soil_type": "Ferrallitic Soils",
        "soil_description": "Red soils - Not differentiated; sandy loams",
        "site_class": null,
        "maz": "II",
        "maz_zone": null,
        "tz": "1",
        "frost_risk": null,
        "source_layer": "SWIFT_SSMT_Uganda"
      }
    },
    {
      "type": "Feature",
      "geometry": {
        "type": "Polygon",
        "coordinates": [
          [
            [
              33.3848795438,
              1.8918226209
            ],
            [
              33.3851325479,
              1.8921541947
            ],
            [
              33.3860606909,
              1.8952258086
            ],
            [
              33.3848920663,
              1.8952301607
            ],
            [
              33.3848795438,
              1.8918226209
            ]
          ]
        ]
      },
      "properties": {
        "country": "Uganda",
        "country_code": "UGA",
        "species_name": "Terminalia_ivorensis",
        "genus": "Terminalia",
        "species": "ivorensis",
        "suitability_name": "Very suitable",
        "suitability_rank": 1,
        "soil_suitability": "S2",
        "soil_type": "Ferrallitic Soils",
        "soil_description": "Red soils - Not differentiated; sandy loams",
        "site_class": null,
        "maz": "II",
        "maz_zone": null,
        "tz": "1",
        "frost_risk": null,
        "source_layer": "SWIFT_SSMT_Uganda"
      }
    },
    {
      "type": "Feature",
      "geometry": {
        "type": "Polygon",
        "coordinates": [
          [
            [
              33.3603715342,
              1.7613103068
            ],
            [
              33.3604532322,
              1.766161693
            ],
            [
              33.3613611426,
              1.7724032727
            ],
            [
              33.3800575545,
              1.7952347646
            ],
            [
              33.383632724,
              1.803548087
            ],
            [
              33.3836619279,
              1.8118739112
            ],
            [
              33.3828173456,
              1.8237711217
            ],
            [
              33.3759511965,
              1.8366354053
            ],
            [
              33.3597088044,
              1.8366938666
            ],
            [
              33.3596496002,
              1.8199426816
            ],
            [
              33.367973312,
              1.8199130136
            ],
            [
              33.3679438763,
              1.8115375558
            ],
            [
              33.3762674134,
              1.8115079859
            ],
            [
              33.376208876,
              1.794757341
            ],
            [
              33.3678854137,
              1.7947866368
            ],
            [
              33.3678563849,
              1.7864111747
            ],
            [
              33.3595328243,
              1.7864402971
            ],
            [
              33.3594466674,
              1.7613134949
            ],
            [
              33.3603715342,
              1.7613103068
            ]
          ]
        ]
      },
      "properties": {
        "country": "Uganda",
        "country_code": "UGA",
        "species_name": "Terminalia_ivorensis",
        "genus": "Terminalia",
        "species": "ivorensis",
        "suitability_name": "Very suitable",
        "suitability_rank": 1,
        "soil_suitability": "S2",
        "soil_type": "Ferrallitic Soils",
        "soil_description": "Red soils - Not differentiated; sandy loams",
        "site_class": null,
        "maz": "II",
        "maz_zone": null,
        "tz": "1",
        "frost_risk": null,
        "source_layer": "SWIFT_SSMT_Uganda"
      }
    },
    {
      "type": "Feature",
      "geometry": {
        "type": "Polygon",
        "coordinates": [
          [
            [
              33.315616138,
              1.7447112414
            ],
            [
              33.3094468011,
              1.7447321521
            ],
            [
              33.3095314836,
              1.769861409
            ],
            [
              33.3012070493,
              1.7698899978
            ],
            [
              33.3012928325,
              1.79501965
            ],
            [
              33.2929681526,
              1.795048608
            ],
            [
              33.2929394606,
              1.7866719227
            ],
            [
              33.2846146832,
              1.7867007071
            ],
            [
              33.2845014082,
              1.7531934154
            ],
            [
              33.276176644,
              1.7532216235
            ],
            [
              33.2761486981,
              1.7448446627
            ],
            [
              33.2716506843,
              1.7448598157
            ],
            [
              33.2690244633,
              1.7346514977
            ],
            [
              33.2677785865,
              1.73120499
            ],
            [
              33.2677684183,
              1.7281185047
            ],
            [
              33.2666642117,
              1.7281221844
            ],
            [
              33.2633539901,
              1.7180147186
            ],
            [
              33.2577198021,
              1.7123822479
            ],
            [
              33.2553407582,
              1.7079286623
            ],
            [
              33.2565095214,
              1.7037608277
            ],
            [
              33.2671497935,
              1.703725895
            ],
            [
              33.272485323,
              1.7084670553
            ],
            [
              33.2795699409,
              1.7057669457
            ],
            [
              33.2854829111,
              1.7063422671
            ],
            [
              33.2949715789,
              1.7158279151
            ],
            [
              33.3032899763,
              1.7288858944
            ],
            [
              33.3062760321,
              1.7380952603
            ],
            [
              33.3113171185,
              1.7431339893
            ],
            [
              33.315616138,
              1.7447112414
            ]
          ]
        ]
      },
      "properties": {
        "country": "Uganda",
        "country_code": "UGA",
        "species_name": "Terminalia_ivorensis",
        "genus": "Terminalia",
        "species": "ivorensis",
        "suitability_name": "Very suitable",
        "suitability_rank": 1,
        "soil_suitability": "S2",
        "soil_type": "Ferrallitic Soils",
        "soil_description": "Red soils - Not differentiated; sandy loams",
        "site_class": null,
        "maz": "II",
        "maz_zone": null,
        "tz": "1",
        "frost_risk": null,
        "source_layer": "SWIFT_SSMT_Uganda"
      }
    },
    {
      "type": "Feature",
      "geometry": {
        "type": "Polygon",
        "coordinates": [
          [
            [
              33.3600898105,
              1.744559898
            ],
            [
              33.3427427484,
              1.7446190557
            ],
            [
              33.3427709866,
              1.7529949324
            ],
            [
              33.3344471659,
              1.7530233971
            ],
            [
              33.3344189639,
              1.744647384
            ],
            [
              33.3260950448,
              1.744675677
            ],
            [
              33.3260913136,
              1.7435630594
            ],
            [
              33.3305259192,
              1.7427714695
            ],
            [
              33.342624541,
              1.7373775395
            ],
            [
              33.3538512582,
              1.7364473169
            ],
            [
              33.3597675229,
              1.738211428
            ],
            [
              33.3600898105,
              1.744559898
            ]
          ]
        ]
      },
      "properties": {
        "country": "Uganda",
        "country_code": "UGA",
        "species_name": "Terminalia_ivorensis",
        "genus": "Terminalia",
        "species": "ivorensis",
        "suitability_name": "Very suitable",
        "suitability_rank": 1,
        "soil_suitability": "S2",
        "soil_type": "Ferrallitic Soils",
        "soil_description": "Red soils - Not differentiated; sandy loams",
        "site_class": null,
        "maz": "II",
        "maz_zone": null,
        "tz": "1",
        "frost_risk": null,
        "source_layer": "SWIFT_SSMT_Uganda"
      }
    },
    {
      "type": "Feature",
      "geometry": {
        "type": "Polygon",
        "coordinates": [
          [
            [
              33.6092965886,
              1.8178095435
            ],
            [
              33.6093317445,
              1.8274074622
            ],
            [
              33.6010120101,
              1.8274383776
            ],
            [
              33.6010427858,
              1.835809936
            ],
            [
              33.5844028178,
              1.8358719358
            ],
            [
              33.5844336579,
              1.8442437758
            ],
            [
              33.5761134263,
              1.8442748588
            ],
            [
              33.5762066742,
              1.8693907941
            ],
            [
              33.5512447857,
              1.8694850793
            ],
            [
              33.5512760322,
              1.8778574774
            ],
            [
              33.534633996,
              1.8779204201
            ],
            [
              33.5347283386,
              1.9030384494
            ],
            [
              33.5097638846,
              1.9031338275
            ],
            [
              33.509732416,
              1.8947607323
            ],
            [
              33.5014106919,
              1.894792306
            ],
            [
              33.501442122,
              1.9031655403
            ],
            [
              33.4931202192,
              1.9031972134
            ],
            [
              33.4931517481,
              1.9115705861
            ],
            [
              33.4848296674,
              1.9116023591
            ],
            [
              33.484893059,
              1.9283493798
            ],
            [
              33.4765707614,
              1.92838139
            ],
            [
              33.4766026245,
              1.9367550369
            ],
            [
              33.4682801471,
              1.9367871461
            ],
            [
              33.4683442084,
              1.9535347143
            ],
            [
              33.4600215115,
              1.9535670594
            ],
            [
              33.4600537083,
              1.9619409815
            ],
            [
              33.4434078207,
              1.9620058277
            ],
            [
              33.4433437272,
              1.9452574302
            ],
            [
              33.435020658,
              1.9452895149
            ],
            [
              33.4350525956,
              1.9536638529
            ],
            [
              33.4346085536,
              1.9536655698
            ],
            [
              33.4338137411,
              1.9499509444
            ],
            [
              33.4289821396,
              1.9226153994
            ],
            [
              33.4286365407,
              1.9092369384
            ],
            [
              33.4285713901,
              1.8916948097
            ],
            [
              33.4332510894,
              1.8785949615
            ],
            [
              33.4364546585,
              1.865798122
            ],
            [
              33.4473464099,
              1.854459774
            ],
            [
              33.459730476,
              1.8472787192
            ],
            [
              33.4721163892,
              1.8406925252
            ],
            [
              33.4788904703,
              1.8347217004
            ],
            [
              33.4791494991,
              1.8246126044
            ],
            [
              33.4743923505,
              1.8163054707
            ],
            [
              33.4622287726,
              1.80237596
            ],
            [
              33.4539096603,
              1.7893239765
            ],
            [
              33.450658595,
              1.7794151402
            ],
            [
              33.4513688263,
              1.7798093669
            ],
            [
              33.4516700423,
              1.7798001071
            ],
            [
              33.451842126,
              1.7796062212
            ],
            [
              33.4516722874,
              1.7787630536
            ],
            [
              33.4519167971,
              1.7777001846
            ],
            [
              33.452239069,
              1.7772344078
            ],
            [
              33.4527516693,
              1.7770065699
            ],
            [
              33.4529877583,
              1.7763466264
            ],
            [
              33.4532120559,
              1.7761392703
            ],
            [
              33.4539725363,
              1.7762983648
            ],
            [
              33.4545525108,
              1.7759630609
            ],
            [
              33.4549264347,
              1.7767251403
            ],
            [
              33.4554822677,
              1.7765351815
            ],
            [
              33.4554061912,
              1.7757913417
            ],
            [
              33.4559432158,
              1.7757054812
            ],
            [
              33.4562402208,
              1.775985228
            ],
            [
              33.4560967718,
              1.7767453419
            ],
            [
              33.45630198,
              1.7769844035
            ],
            [
              33.4576946503,
              1.776523117
            ],
            [
              33.458487975,
              1.7769619574
            ],
            [
              33.4586945862,
              1.776670144
            ],
            [
              33.4586294583,
              1.7759596951
            ],
            [
              33.4588405627,
              1.775325003
            ],
            [
              33.4586808313,
              1.7748064743
            ],
            [
              33.4584391276,
              1.7747054631
            ],
            [
              33.4581940565,
              1.774709952
            ],
            [
              33.4576536638,
              1.77510951
            ],
            [
              33.4566472699,
              1.7751880744
            ],
            [
              33.4560549429,
              1.7749871739
            ],
            [
              33.4554373517,
              1.7749958723
            ],
            [
              33.4548815185,
              1.7746055724
            ],
            [
              33.4549356978,
              1.7732351763
            ],
            [
              33.4553458354,
              1.7725185513
            ],
            [
              33.4551420307,
              1.7706697482
            ],
            [
              33.4544326418,
              1.7699929663
            ],
            [
              33.4534394419,
              1.7698481821
            ],
            [
              33.4531000476,
              1.769546268
            ],
            [
              33.4531517007,
              1.7685917014
            ],
            [
              33.453397614,
              1.7679407333
            ],
            [
              33.4534150192,
              1.7660276704
            ],
            [
              33.4526026057,
              1.765976883
            ],
            [
              33.4518536347,
              1.7649720892
            ],
            [
              33.4591326448,
              1.7619528586
            ],
            [
              33.4789083654,
              1.7562348047
            ],
            [
              33.488356353,
              1.7544179318
            ],
            [
              33.5045970178,
              1.7519826872
            ],
            [
              33.5243842103,
              1.7501295394
            ],
            [
              33.5376778211,
              1.7500827654
            ],
            [
              33.5486171855,
              1.7527195156
            ],
            [
              33.5592672032,
              1.7571406136
            ],
            [
              33.5684694634,
              1.7698894833
            ],
            [
              33.5925866417,
              1.7984403914
            ],
            [
              33.5926310815,
              1.8107258514
            ],
            [
              33.6031518299,
              1.8106871572
            ],
            [
              33.6092965886,
              1.8178095435
            ]
          ]
        ]
      },
      "properties": {
        "country": "Uganda",
        "country_code": "UGA",
        "species_name": "Terminalia_ivorensis",
        "genus": "Terminalia",
        "species": "ivorensis",
        "suitability_name": "Very suitable",
        "suitability_rank": 1,
        "soil_suitability": "S2",
        "soil_type": "Ferrallitic Soils",
        "soil_description": "Red soils - Not differentiated; sandy loams",
        "site_class": null,
        "maz": "II",
        "maz_zone": null,
        "tz": "1",
        "frost_risk": null,
        "source_layer": "SWIFT_SSMT_Uganda"
      }
    },
    {
      "type": "Feature",
      "geometry": {
        "type": "Polygon",
        "coordinates": [
          [
            [
              29.9864304214,
              0.743071009
            ],
            [
              29.9864361108,
              0.7514873634
            ],
            [
              29.9780753382,
              0.7514931152
            ],
            [
              29.9780640562,
              0.7346602761
            ],
            [
              29.9864247974,
              0.7346546537
            ],
            [
              29.9864304214,
              0.743071009
            ]
          ]
        ]
      },
      "properties": {
        "country": "Uganda",
        "country_code": "UGA",
        "species_name": "Terminalia_ivorensis",
        "genus": "Terminalia",
        "species": "ivorensis",
        "suitability_name": "Very suitable",
        "suitability_rank": 1,
        "soil_suitability": "S2",
        "soil_type": "Ferrallitic Soils",
        "soil_description": "Yellow soils - Sandy clay loams",
        "site_class": null,
        "maz": "II",
        "maz_zone": null,
        "tz": "1",
        "frost_risk": null,
        "source_layer": "SWIFT_SSMT_Uganda"
      }
    },
    {
      "type": "Feature",
      "geometry": {
        "type": "Polygon",
        "coordinates": [
          [
            [
              30.0282448419,
              0.7598743975
            ],
            [
              30.0282507395,
              0.7682904274
            ],
            [
              30.0198902577,
              0.7682963891
            ],
            [
              30.0198962038,
              0.7767124829
            ],
            [
              30.0186636639,
              0.77671337
            ],
            [
              29.9992274314,
              0.767373015
            ],
            [
              29.9780809208,
              0.7596851581
            ],
            [
              29.9780753382,
              0.7514931152
            ],
            [
              29.9864361108,
              0.7514873634
            ],
            [
              29.9864418636,
              0.7599037178
            ],
            [
              30.0282448419,
              0.7598743975
            ]
          ]
        ]
      },
      "properties": {
        "country": "Uganda",
        "country_code": "UGA",
        "species_name": "Terminalia_ivorensis",
        "genus": "Terminalia",
        "species": "ivorensis",
        "suitability_name": "Very suitable",
        "suitability_rank": 1,
        "soil_suitability": "S2",
        "soil_type": "Ferrallitic Soils",
        "soil_description": "Yellow soils - Sandy clay loams",
        "site_class": null,
        "maz": "I",
        "maz_zone": null,
        "tz": "1",
        "frost_risk": null,
        "source_layer": "SWIFT_SSMT_Uganda"
      }
    },
    {
      "type": "Feature",
      "geometry": {
        "type": "Polygon",
        "coordinates": [
          [
            [
              29.9864247974,
              0.7346546537
            ],
            [
              29.9947854733,
              0.7346490161
            ],
            [
              29.9947911143,
              0.7430653065
            ],
            [
              29.9864304214,
              0.743071009
            ],
            [
              29.9864247974,
              0.7346546537
            ]
          ]
        ]
      },
      "properties": {
        "country": "Uganda",
        "country_code": "UGA",
        "species_name": "Terminalia_ivorensis",
        "genus": "Terminalia",
        "species": "ivorensis",
        "suitability_name": "Very suitable",
        "suitability_rank": 1,
        "soil_suitability": "S2",
        "soil_type": "Ferrallitic Soils",
        "soil_description": "Yellow soils - Sandy clay loams",
        "site_class": null,
        "maz": "I",
        "maz_zone": null,
        "tz": "1",
        "frost_risk": null,
        "source_layer": "SWIFT_SSMT_Uganda"
      }
    },
    {
      "type": "Feature",
      "geometry": {
        "type": "Polygon",
        "coordinates": [
          [
            [
              29.9780640562,
              0.7346602761
            ],
            [
              29.972844777,
              0.7346637782
            ],
            [
              29.9729800748,
              0.733579999
            ],
            [
              29.9724800751,
              0.7328699995
            ],
            [
              29.972370074,
              0.73215
            ],
            [
              29.9733000753,
              0.7322199998
            ],
            [
              29.9736600747,
              0.7318
            ],
            [
              29.9724400744,
              0.73151
            ],
            [
              29.9716800746,
              0.73046
            ],
            [
              29.9714300748,
              0.7304599985
            ],
            [
              29.9711800752,
              0.7310300004
            ],
            [
              29.9707500751,
              0.7304299989
            ],
            [
              29.9710400753,
              0.72766
            ],
            [
              29.9705700753,
              0.7275899995
            ],
            [
              29.970500075,
              0.7278799994
            ],
            [
              29.969970075,
              0.7282
            ],
            [
              29.9696986433,
              0.7276594561
            ],
            [
              29.969697721,
              0.726249398
            ],
            [
              29.9780585105,
              0.7262438561
            ],
            [
              29.9780640562,
              0.7346602761
            ]
          ]
        ]
      },
      "properties": {
        "country": "Uganda",
        "country_code": "UGA",
        "species_name": "Terminalia_ivorensis",
        "genus": "Terminalia",
        "species": "ivorensis",
        "suitability_name": "Very suitable",
        "suitability_rank": 1,
        "soil_suitability": "S2",
        "soil_type": "Ferrallitic Soils",
        "soil_description": "Yellow soils - Sandy clay loams",
        "site_class": null,
        "maz": "I",
        "maz_zone": null,
        "tz": "1",
        "frost_risk": null,
        "source_layer": "SWIFT_SSMT_Uganda"
      }
    },
    {
      "type": "Feature",
      "geometry": {
        "type": "Polygon",
        "coordinates": [
          [
            [
              30.1202249063,
              0.7861736307
            ],
            [
              30.110373576,
              0.7902391629
            ],
            [
              30.0947045971,
              0.793597312
            ],
            [
              30.0833080784,
              0.795040056
            ],
            [
              30.0704835291,
              0.7921813129
            ],
            [
              30.0320087635,
              0.7831263502
            ],
            [
              30.0186636639,
              0.77671337
            ],
            [
              30.0198962038,
              0.7767124829
            ],
            [
              30.0198902577,
              0.7682963891
            ],
            [
              30.0282507395,
              0.7682904274
            ],
            [
              30.0282448419,
              0.7598743975
            ],
            [
              30.0366052427,
              0.7598684858
            ],
            [
              30.0366111578,
              0.7682844489
            ],
            [
              30.0449715106,
              0.7682784544
            ],
            [
              30.0449835676,
              0.7851102495
            ],
            [
              30.0784244548,
              0.7850855775
            ],
            [
              30.0784306488,
              0.7935012094
            ],
            [
              30.0951507295,
              0.79348864
            ],
            [
              30.095144502,
              0.7850731405
            ],
            [
              30.120224076,
              0.7850543605
            ],
            [
              30.1202249063,
              0.7861736307
            ]
          ]
        ]
      },
      "properties": {
        "country": "Uganda",
        "country_code": "UGA",
        "species_name": "Terminalia_ivorensis",
        "genus": "Terminalia",
        "species": "ivorensis",
        "suitability_name": "Very suitable",
        "suitability_rank": 1,
        "soil_suitability": "S2",
        "soil_type": "Ferrallitic Soils",
        "soil_description": "Yellow soils - Sandy clay loams",
        "site_class": null,
        "maz": "II",
        "maz_zone": null,
        "tz": "1",
        "frost_risk": null,
        "source_layer": "SWIFT_SSMT_Uganda"
      }
    },
    {
      "type": "Feature",
      "geometry": {
        "type": "Polygon",
        "coordinates": [
          [
            [
              29.9780753382,
              0.7514931152
            ],
            [
              29.9780809208,
              0.7596851581
            ],
            [
              29.9699800747,
              0.7567400005
            ],
            [
              29.9702600754,
              0.7564
            ],
            [
              29.9713800756,
              0.7563100001
            ],
            [
              29.9714300752,
              0.756
            ],
            [
              29.9707900756,
              0.7558499996
            ],
            [
              29.9705700755,
              0.7552
            ],
            [
              29.9700300756,
              0.7550299992
            ],
            [
              29.9699800749,
              0.75448
            ],
            [
              29.9700300758,
              0.7541399986
            ],
            [
              29.9703400751,
              0.75371
            ],
            [
              29.9710300749,
              0.7532600004
            ],
            [
              29.9704100752,
              0.7527099991
            ],
            [
              29.9714429209,
              0.7514976654
            ],
            [
              29.9780753382,
              0.7514931152
            ]
          ]
        ]
      },
      "properties": {
        "country": "Uganda",
        "country_code": "UGA",
        "species_name": "Terminalia_ivorensis",
        "genus": "Terminalia",
        "species": "ivorensis",
        "suitability_name": "Very suitable",
        "suitability_rank": 1,
        "soil_suitability": "S2",
        "soil_type": "Ferrallitic Soils",
        "soil_description": "Yellow soils - Sandy clay loams",
        "site_class": null,
        "maz": "II",
        "maz_zone": null,
        "tz": "1",
        "frost_risk": null,
        "source_layer": "SWIFT_SSMT_Uganda"
      }
    },
    {
      "type": "Feature",
      "geometry": {
        "type": "Polygon",
        "coordinates": [
          [
            [
              32.8236393707,
              3.0542356788
            ],
            [
              32.8319790518,
              3.0541900822
            ],
            [
              32.8320245023,
              3.0625738193
            ],
            [
              32.8236847573,
              3.0626195419
            ],
            [
              32.8236393707,
              3.0542356788
            ]
          ]
        ]
      },
      "properties": {
        "country": "Uganda",
        "country_code": "UGA",
        "species_name": "Terminalia_ivorensis",
        "genus": "Terminalia",
        "species": "ivorensis",
        "suitability_name": "Very suitable",
        "suitability_rank": 1,
        "soil_suitability": "S2",
        "soil_type": "Ferrallitic Soils",
        "soil_description": "Red soils - Not differentiated; sandy loams",
        "site_class": null,
        "maz": "II",
        "maz_zone": null,
        "tz": "1",
        "frost_risk": null,
        "source_layer": "SWIFT_SSMT_Uganda"
      }
    },
    {
      "type": "Feature",
      "geometry": {
        "type": "Polygon",
        "coordinates": [
          [
            [
              32.8236393707,
              3.0542356788
            ],
            [
              32.8152995641,
              3.0542812102
            ],
            [
              32.8152092934,
              3.0375132277
            ],
            [
              32.8068694905,
              3.0375584445
            ],
            [
              32.8068246068,
              3.0291743253
            ],
            [
              32.7818046393,
              3.0293092184
            ],
            [
              32.7817208752,
              3.0135319982
            ],
            [
              32.7844585125,
              3.0102862645
            ],
            [
              32.7938911123,
              3.00219833
            ],
            [
              32.8051063365,
              2.9952917758
            ],
            [
              32.820449057,
              2.9850889746
            ],
            [
              32.8390605274,
              2.9772503474
            ],
            [
              32.8565494257,
              2.9705213759
            ],
            [
              32.8565922146,
              2.9786025749
            ],
            [
              32.8482534778,
              2.9786472311
            ],
            [
              32.8482979261,
              2.9870307349
            ],
            [
              32.8316199524,
              2.9871201097
            ],
            [
              32.8316644019,
              2.995503863
            ],
            [
              32.8400035146,
              2.9954590812
            ],
            [
              32.8400481517,
              3.003842707
            ],
            [
              32.8317089763,
              3.0038876141
            ],
            [
              32.8317536765,
              3.012271364
            ],
            [
              32.8400929138,
              3.0122263307
            ],
            [
              32.8401378019,
              3.0206099531
            ],
            [
              32.8317985006,
              3.0206551117
            ],
            [
              32.8318434506,
              3.0290388573
            ],
            [
              32.8235039612,
              3.0290840776
            ],
            [
              32.8236393707,
              3.0542356788
            ]
          ]
        ]
      },
      "properties": {
        "country": "Uganda",
        "country_code": "UGA",
        "species_name": "Terminalia_ivorensis",
        "genus": "Terminalia",
        "species": "ivorensis",
        "suitability_name": "Very suitable",
        "suitability_rank": 1,
        "soil_suitability": "S2",
        "soil_type": "Ferrallitic Soils",
        "soil_description": "Red soils - Not differentiated; sandy loams",
        "site_class": null,
        "maz": "II",
        "maz_zone": null,
        "tz": "1",
        "frost_risk": null,
        "source_layer": "SWIFT_SSMT_Uganda"
      }
    },
    {
      "type": "Feature",
      "geometry": {
        "type": "Polygon",
        "coordinates": [
          [
            [
              32.756912223,
              3.0536227164
            ],
            [
              32.7569174349,
              3.0545981285
            ],
            [
              32.7564632617,
              3.054600582
            ],
            [
              32.756912223,
              3.0536227164
            ]
          ]
        ]
      },
      "properties": {
        "country": "Uganda",
        "country_code": "UGA",
        "species_name": "Terminalia_ivorensis",
        "genus": "Terminalia",
        "species": "ivorensis",
        "suitability_name": "Very suitable",
        "suitability_rank": 1,
        "soil_suitability": "S2",
        "soil_type": "Ferrallitic Soils",
        "soil_description": "Red soils - Not differentiated; sandy loams",
        "site_class": null,
        "maz": "II",
        "maz_zone": null,
        "tz": "1",
        "frost_risk": null,
        "source_layer": "SWIFT_SSMT_Uganda"
      }
    },
    {
      "type": "Feature",
      "geometry": {
        "type": "Polygon",
        "coordinates": [
          [
            [
              32.8648700437,
              2.9670882806
            ],
            [
              32.8648863761,
              2.9701746018
            ],
            [
              32.8573458857,
              2.97021493
            ],
            [
              32.8618111964,
              2.9684968507
            ],
            [
              32.8648700437,
              2.9670882806
            ]
          ]
        ]
      },
      "properties": {
        "country": "Uganda",
        "country_code": "UGA",
        "species_name": "Terminalia_ivorensis",
        "genus": "Terminalia",
        "species": "ivorensis",
        "suitability_name": "Very suitable",
        "suitability_rank": 1,
        "soil_suitability": "S2",
        "soil_type": "Ferrallitic Soils",
        "soil_description": "Red soils - Not differentiated; sandy loams",
        "site_class": null,
        "maz": "II",
        "maz_zone": null,
        "tz": "1",
        "frost_risk": null,
        "source_layer": "SWIFT_SSMT_Uganda"
      }
    },
    {
      "type": "Feature",
      "geometry": {
        "type": "Polygon",
        "coordinates": [
          [
            [
              32.715327397,
              3.0212790909
            ],
            [
              32.7130403039,
              3.0275103172
            ],
            [
              32.7083348661,
              3.0337875868
            ],
            [
              32.6988690357,
              3.0359220216
            ],
            [
              32.6890818601,
              3.0332943419
            ],
            [
              32.682533653,
              3.0270764619
            ],
            [
              32.6768538382,
              3.0169831518
            ],
            [
              32.6738381292,
              3.0065779109
            ],
            [
              32.6738285311,
              3.0047257413
            ],
            [
              32.6899239933,
              3.0046413464
            ],
            [
              32.6899676206,
              3.0130272038
            ],
            [
              32.6983089636,
              3.0129832507
            ],
            [
              32.6983527757,
              3.0213689822
            ],
            [
              32.715327397,
              3.0212790909
            ]
          ]
        ]
      },
      "properties": {
        "country": "Uganda",
        "country_code": "UGA",
        "species_name": "Terminalia_ivorensis",
        "genus": "Terminalia",
        "species": "ivorensis",
        "suitability_name": "Very suitable",
        "suitability_rank": 1,
        "soil_suitability": "S2",
        "soil_type": "Ferrallitic Soils",
        "soil_description": "Red soils - Not differentiated; sandy loams",
        "site_class": null,
        "maz": "II",
        "maz_zone": null,
        "tz": "1",
        "frost_risk": null,
        "source_layer": "SWIFT_SSMT_Uganda"
      }
    },
    {
      "type": "Feature",
      "geometry": {
        "type": "Polygon",
        "coordinates": [
          [
            [
              32.7770320684,
              2.9790260534
            ],
            [
              32.7770485006,
              2.9795376874
            ],
            [
              32.7758921632,
              2.9849022655
            ],
            [
              32.7723467654,
              2.9864095074
            ],
            [
              32.7649395256,
              2.9855556104
            ],
            [
              32.7595940712,
              2.9826068469
            ],
            [
              32.7559973551,
              2.9742901383
            ],
            [
              32.7568330935,
              2.9641638575
            ],
            [
              32.7568033645,
              2.9539774922
            ],
            [
              32.773068308,
              2.9538924093
            ],
            [
              32.7731992234,
              2.9790463083
            ],
            [
              32.7770320684,
              2.9790260534
            ]
          ]
        ]
      },
      "properties": {
        "country": "Uganda",
        "country_code": "UGA",
        "species_name": "Terminalia_ivorensis",
        "genus": "Terminalia",
        "species": "ivorensis",
        "suitability_name": "Very suitable",
        "suitability_rank": 1,
        "soil_suitability": "S2",
        "soil_type": "Ferrallitic Soils",
        "soil_description": "Red soils - Not differentiated; sandy loams",
        "site_class": null,
        "maz": "II",
        "maz_zone": null,
        "tz": "1",
        "frost_risk": null,
        "source_layer": "SWIFT_SSMT_Uganda"
      }
    },
    {
      "type": "Feature",
      "geometry": {
        "type": "Polygon",
        "coordinates": [
          [
            [
              31.9599453745,
              2.3365431462
            ],
            [
              31.9583921335,
              2.3373368392
            ],
            [
              31.9578264758,
              2.3378066596
            ],
            [
              31.955783089,
              2.3388217521
            ],
            [
              31.9548651228,
              2.3397880388
            ],
            [
              31.9545815921,
              2.3399179057
            ],
            [
              31.9542290038,
              2.3399308076
            ],
            [
              31.9523273819,
              2.3393022301
            ],
            [
              31.9516328723,
              2.3385207866
            ],
            [
              31.9511110066,
              2.3382658209
            ],
            [
              31.947901776,
              2.3381000518
            ],
            [
              31.9462572972,
              2.3384840414
            ],
            [
              31.9454263561,
              2.3384773103
            ],
            [
              31.9440314403,
              2.3382450642
            ],
            [
              31.9424495628,
              2.3377171833
            ],
            [
              31.9416360267,
              2.3378316229
            ],
            [
              31.9409117597,
              2.339268011
            ],
            [
              31.9402211806,
              2.3398539543
            ],
            [
              31.9402596393,
              2.3410118133
            ],
            [
              31.9397585483,
              2.3420182083
            ],
            [
              31.9389391158,
              2.3420689769
            ],
            [
              31.9386468829,
              2.3417259396
            ],
            [
              31.9381036824,
              2.3415907438
            ],
            [
              31.9353778576,
              2.3428069442
            ],
            [
              31.9341993801,
              2.3437353622
            ],
            [
              31.9335203097,
              2.3448469379
            ],
            [
              31.9334804479,
              2.3451551943
            ],
            [
              31.933654495,
              2.3462011353
            ],
            [
              31.9342619817,
              2.347315234
            ],
            [
              31.9341572713,
              2.3478635872
            ],
            [
              31.9337611702,
              2.3483729529
            ],
            [
              31.9330290445,
              2.3488189297
            ],
            [
              31.9317632612,
              2.3501762082
            ],
            [
              31.9315518761,
              2.3505349514
            ],
            [
              31.9313416147,
              2.3527594947
            ],
            [
              31.930910703,
              2.3534968951
            ],
            [
              31.9302787952,
              2.3540329049
            ],
            [
              31.9294888393,
              2.3544373669
            ],
            [
              31.9293226513,
              2.3555197637
            ],
            [
              31.9290666313,
              2.3560678345
            ],
            [
              31.9283937371,
              2.3569746452
            ],
            [
              31.9275613919,
              2.3575384224
            ],
            [
              31.9273836936,
              2.3588423999
            ],
            [
              31.9266911482,
              2.3599879029
            ],
            [
              31.9257959206,
              2.360224634
            ],
            [
              31.9250211248,
              2.3607014578
            ],
            [
              31.924374057,
              2.3607945799
            ],
            [
              31.9226964526,
              2.3615583408
            ],
            [
              31.922019909,
              2.362210188
            ],
            [
              31.9206839454,
              2.362505819
            ],
            [
              31.9194404925,
              2.3638430551
            ],
            [
              31.9194039951,
              2.3534800516
            ],
            [
              31.9110565218,
              2.3535097052
            ],
            [
              31.911027119,
              2.3451131038
            ],
            [
              31.9277218621,
              2.345053958
            ],
            [
              31.9276924661,
              2.3366575664
            ],
            [
              31.9360396303,
              2.3366280257
            ],
            [
              31.9360102902,
              2.328231739
            ],
            [
              31.9527042024,
              2.3281727217
            ],
            [
              31.9527336397,
              2.3365687953
            ],
            [
              31.9599453745,
              2.3365431462
            ]
          ]
        ]
      },
      "properties": {
        "country": "Uganda",
        "country_code": "UGA",
        "species_name": "Terminalia_ivorensis",
        "genus": "Terminalia",
        "species": "ivorensis",
        "suitability_name": "Very suitable",
        "suitability_rank": 1,
        "soil_suitability": "S2",
        "soil_type": "Ferruginous Soils",
        "soil_description": "On crystalline acid rock - freely drained",
        "site_class": null,
        "maz": "II",
        "maz_zone": null,
        "tz": "1",
        "frost_risk": null,
        "source_layer": "SWIFT_SSMT_Uganda"
      }
    },
    {
      "type": "Feature",
      "geometry": {
        "type": "Polygon",
        "coordinates": [
          [
            [
              31.8942736606,
              2.3283784198
            ],
            [
              31.9026211977,
              2.3283491816
            ],
            [
              31.9026503406,
              2.3367458916
            ],
            [
              31.8943027554,
              2.3367752353
            ],
            [
              31.8942736606,
              2.3283784198
            ]
          ]
        ]
      },
      "properties": {
        "country": "Uganda",
        "country_code": "UGA",
        "species_name": "Terminalia_ivorensis",
        "genus": "Terminalia",
        "species": "ivorensis",
        "suitability_name": "Very suitable",
        "suitability_rank": 1,
        "soil_suitability": "S2",
        "soil_type": "Ferruginous Soils",
        "soil_description": "On crystalline acid rock - freely drained",
        "site_class": null,
        "maz": "II",
        "maz_zone": null,
        "tz": "1",
        "frost_risk": null,
        "source_layer": "SWIFT_SSMT_Uganda"
      }
    },
    {
      "type": "Feature",
      "geometry": {
        "type": "Polygon",
        "coordinates": [
          [
            [
              31.8942736606,
              2.3283784198
            ],
            [
              31.8859260195,
              2.3284076069
            ],
            [
              31.8858970795,
              2.3200106846
            ],
            [
              31.8942446718,
              2.3199816011
            ],
            [
              31.8942736606,
              2.3283784198
            ]
          ]
        ]
      },
      "properties": {
        "country": "Uganda",
        "country_code": "UGA",
        "species_name": "Terminalia_ivorensis",
        "genus": "Terminalia",
        "species": "ivorensis",
        "suitability_name": "Very suitable",
        "suitability_rank": 1,
        "soil_suitability": "S2",
        "soil_type": "Ferruginous Soils",
        "soil_description": "On crystalline acid rock - freely drained",
        "site_class": null,
        "maz": "II",
        "maz_zone": null,
        "tz": "1",
        "frost_risk": null,
        "source_layer": "SWIFT_SSMT_Uganda"
      }
    },
    {
      "type": "Feature",
      "geometry": {
        "type": "Polygon",
        "coordinates": [
          [
            [
              31.852223948,
              2.236153024
            ],
            [
              31.8521688547,
              2.2193583085
            ],
            [
              31.8688636244,
              2.2193030016
            ],
            [
              31.8688912128,
              2.2277001499
            ],
            [
              31.8855856582,
              2.2276444439
            ],
            [
              31.8857539526,
              2.2780260497
            ],
            [
              31.8690589371,
              2.2780830171
            ],
            [
              31.8690307223,
              2.269685876
            ],
            [
              31.8690026111,
              2.2612887325
            ],
            [
              31.8773500758,
              2.2612604837
            ],
            [
              31.8772940729,
              2.2444664049
            ],
            [
              31.860599229,
              2.2445224354
            ],
            [
              31.8605714798,
              2.2361251844
            ],
            [
              31.852223948,
              2.236153024
            ]
          ]
        ]
      },
      "properties": {
        "country": "Uganda",
        "country_code": "UGA",
        "species_name": "Terminalia_ivorensis",
        "genus": "Terminalia",
        "species": "ivorensis",
        "suitability_name": "Very suitable",
        "suitability_rank": 1,
        "soil_suitability": "S2",
        "soil_type": "Ferruginous Soils",
        "soil_description": "On crystalline acid rock - freely drained",
        "site_class": null,
        "maz": "II",
        "maz_zone": null,
        "tz": "1",
        "frost_risk": null,
        "source_layer": "SWIFT_SSMT_Uganda"
      }
    },
    {
      "type": "Feature",
      "geometry": {
        "type": "Polygon",
        "coordinates": [
          [
            [
              31.8101631824,
              2.1355168932
            ],
            [
              31.8352053628,
              2.135437685
            ],
            [
              31.8353114407,
              2.1690279966
            ],
            [
              31.8436588083,
              2.1690010865
            ],
            [
              31.8437395933,
              2.1941934945
            ],
            [
              31.8353920877,
              2.194220718
            ],
            [
              31.8355010699,
              2.2278109952
            ],
            [
              31.8271532736,
              2.2278385874
            ],
            [
              31.8269373392,
              2.160657181
            ],
            [
              31.8185898099,
              2.160683896
            ],
            [
              31.8185369538,
              2.1438883229
            ],
            [
              31.8101894105,
              2.1439147843
            ],
            [
              31.8101631824,
              2.1355168932
            ]
          ]
        ]
      },
      "properties": {
        "country": "Uganda",
        "country_code": "UGA",
        "species_name": "Terminalia_ivorensis",
        "genus": "Terminalia",
        "species": "ivorensis",
        "suitability_name": "Very suitable",
        "suitability_rank": 1,
        "soil_suitability": "S2",
        "soil_type": "Ferruginous Soils",
        "soil_description": "On crystalline acid rock - freely drained",
        "site_class": null,
        "maz": "II",
        "maz_zone": null,
        "tz": "1",
        "frost_risk": null,
        "source_layer": "SWIFT_SSMT_Uganda"
      }
    },
    {
      "type": "Feature",
      "geometry": {
        "type": "Polygon",
        "coordinates": [
          [
            [
              31.8101631824,
              2.1355168932
            ],
            [
              31.8018155827,
              2.1355432051
            ],
            [
              31.8017635245,
              2.1187472105
            ],
            [
              31.8101110344,
              2.1187211053
            ],
            [
              31.8101631824,
              2.1355168932
            ]
          ]
        ]
      },
      "properties": {
        "country": "Uganda",
        "country_code": "UGA",
        "species_name": "Terminalia_ivorensis",
        "genus": "Terminalia",
        "species": "ivorensis",
        "suitability_name": "Very suitable",
        "suitability_rank": 1,
        "soil_suitability": "S2",
        "soil_type": "Ferruginous Soils",
        "soil_description": "On crystalline acid rock - freely drained",
        "site_class": null,
        "maz": "II",
        "maz_zone": null,
        "tz": "1",
        "frost_risk": null,
        "source_layer": "SWIFT_SSMT_Uganda"
      }
    },
    {
      "type": "Feature",
      "geometry": {
        "type": "Polygon",
        "coordinates": [
          [
            [
              31.8017635245,
              2.1187472105
            ],
            [
              31.7934159109,
              2.1187732712
            ],
            [
              31.7933132082,
              2.0851808544
            ],
            [
              31.7849656694,
              2.0852064568
            ],
            [
              31.7849402944,
              2.0768082467
            ],
            [
              31.7765926966,
              2.0768337016
            ],
            [
              31.7765423427,
              2.0600370709
            ],
            [
              31.7848898532,
              2.0600118216
            ],
            [
              31.7849150226,
              2.0684100341
            ],
            [
              31.7932624747,
              2.0683846386
            ],
            [
              31.7932877897,
              2.0767827473
            ],
            [
              31.8016351824,
              2.0767572034
            ],
            [
              31.8016606453,
              2.0851552083
            ],
            [
              31.8100079778,
              2.0851295174
            ],
            [
              31.810059301,
              2.1019253146
            ],
            [
              31.8017118784,
              2.1019512121
            ],
            [
              31.8017635245,
              2.1187472105
            ]
          ]
        ]
      },
      "properties": {
        "country": "Uganda",
        "country_code": "UGA",
        "species_name": "Terminalia_ivorensis",
        "genus": "Terminalia",
        "species": "ivorensis",
        "suitability_name": "Very suitable",
        "suitability_rank": 1,
        "soil_suitability": "S2",
        "soil_type": "Ferruginous Soils",
        "soil_description": "On crystalline acid rock - freely drained",
        "site_class": null,
        "maz": "II",
        "maz_zone": null,
        "tz": "1",
        "frost_risk": null,
        "source_layer": "SWIFT_SSMT_Uganda"
      }
    },
    {
      "type": "Feature",
      "geometry": {
        "type": "Polygon",
        "coordinates": [
          [
            [
              31.7764675787,
              2.0348421162
            ],
            [
              31.7931622386,
              2.0347921934
            ],
            [
              31.7932121506,
              2.051588418
            ],
            [
              31.7848647862,
              2.0516136084
            ],
            [
              31.7848398216,
              2.0432153926
            ],
            [
              31.7764923975,
              2.0432404355
            ],
            [
              31.7764675787,
              2.0348421162
            ]
          ]
        ]
      },
      "properties": {
        "country": "Uganda",
        "country_code": "UGA",
        "species_name": "Terminalia_ivorensis",
        "genus": "Terminalia",
        "species": "ivorensis",
        "suitability_name": "Very suitable",
        "suitability_rank": 1,
        "soil_suitability": "S2",
        "soil_type": "Ferruginous Soils",
        "soil_description": "On crystalline acid rock - freely drained",
        "site_class": null,
        "maz": "II",
        "maz_zone": null,
        "tz": "1",
        "frost_risk": null,
        "source_layer": "SWIFT_SSMT_Uganda"
      }
    },
    {
      "type": "Feature",
      "geometry": {
        "type": "Polygon",
        "coordinates": [
          [
            [
              31.7764675787,
              2.0348421162
            ],
            [
              31.7597725091,
              2.0348918665
            ],
            [
              31.759747878,
              2.0264933415
            ],
            [
              31.7764428629,
              2.0264437961
            ],
            [
              31.7764675787,
              2.0348421162
            ]
          ]
        ]
      },
      "properties": {
        "country": "Uganda",
        "country_code": "UGA",
        "species_name": "Terminalia_ivorensis",
        "genus": "Terminalia",
        "species": "ivorensis",
        "suitability_name": "Very suitable",
        "suitability_rank": 1,
        "soil_suitability": "S2",
        "soil_type": "Ferruginous Soils",
        "soil_description": "On crystalline acid rock - freely drained",
        "site_class": null,
        "maz": "II",
        "maz_zone": null,
        "tz": "1",
        "frost_risk": null,
        "source_layer": "SWIFT_SSMT_Uganda"
      }
    },
    {
      "type": "Feature",
      "geometry": {
        "type": "Polygon",
        "coordinates": [
          [
            [
              31.726356687,
              2.0265919153
            ],
            [
              31.725858265,
              2.0265933812
            ],
            [
              31.7179860613,
              2.0188201336
            ],
            [
              31.7179843204,
              2.0182174141
            ],
            [
              31.7263323289,
              2.0181929801
            ],
            [
              31.726356687,
              2.0265919153
            ]
          ]
        ]
      },
      "properties": {
        "country": "Uganda",
        "country_code": "UGA",
        "species_name": "Terminalia_ivorensis",
        "genus": "Terminalia",
        "species": "ivorensis",
        "suitability_name": "Very suitable",
        "suitability_rank": 1,
        "soil_suitability": "S2",
        "soil_type": "Ferruginous Soils",
        "soil_description": "On crystalline acid rock - freely drained",
        "site_class": null,
        "maz": "II",
        "maz_zone": null,
        "tz": "1",
        "frost_risk": null,
        "source_layer": "SWIFT_SSMT_Uganda"
      }
    },
    {
      "type": "Feature",
      "geometry": {
        "type": "Polygon",
        "coordinates": [
          [
            [
              31.7347046375,
              2.0265673356
            ],
            [
              31.7346802372,
              2.018168502
            ],
            [
              31.7513757473,
              2.0181194189
            ],
            [
              31.7514002336,
              2.0265180496
            ],
            [
              31.7347046375,
              2.0265673356
            ]
          ]
        ]
      },
      "properties": {
        "country": "Uganda",
        "country_code": "UGA",
        "species_name": "Terminalia_ivorensis",
        "genus": "Terminalia",
        "species": "ivorensis",
        "suitability_name": "Very suitable",
        "suitability_rank": 1,
        "soil_suitability": "S2",
        "soil_type": "Ferruginous Soils",
        "soil_description": "On crystalline acid rock - freely drained",
        "site_class": null,
        "maz": "II",
        "maz_zone": null,
        "tz": "1",
        "frost_risk": null,
        "source_layer": "SWIFT_SSMT_Uganda"
      }
    },
    {
      "type": "Feature",
      "geometry": {
        "type": "Polygon",
        "coordinates": [
          [
            [
              32.1231505774,
              3.1557346992
            ],
            [
              32.1293170116,
              3.1527803138
            ],
            [
              32.1334660585,
              3.152461702
            ],
            [
              32.1385088592,
              3.1530326647
            ],
            [
              32.1411946265,
              3.1565954038
            ],
            [
              32.143030804,
              3.1682085363
            ],
            [
              32.1414264136,
              3.1752571417
            ],
            [
              32.139948042,
              3.1752645471
            ],
            [
              32.139906491,
              3.1668710303
            ],
            [
              32.1315561845,
              3.1669127075
            ],
            [
              32.1315148106,
              3.1585190777
            ],
            [
              32.12316446,
              3.1585605783
            ],
            [
              32.1231505774,
              3.1557346992
            ]
          ]
        ]
      },
      "properties": {
        "country": "Uganda",
        "country_code": "UGA",
        "species_name": "Terminalia_ivorensis",
        "genus": "Terminalia",
        "species": "ivorensis",
        "suitability_name": "Very suitable",
        "suitability_rank": 1,
        "soil_suitability": "S2",
        "soil_type": "Ferrallitic Soils",
        "soil_description": "Red soils - Not differentiated; sandy loams",
        "site_class": null,
        "maz": "II",
        "maz_zone": null,
        "tz": "1",
        "frost_risk": null,
        "source_layer": "SWIFT_SSMT_Uganda"
      }
    }
  ]
}
