{
  "type": "FeatureCollection",
  "features": [
    {
      "type": "Feature",
      "geometry": {
        "type": "Polygon",
        "coordinates": [
          [
            [
              33.037373817,
              3.8827525957
            ],
            [
              33.0374000199,
              3.8864254587
            ],
            [
              33.0310967529,
              3.8911787044
            ],
            [
              33.0249181307,
              3.8912231787
            ],
            [
              33.0228276812,
              3.8900600002
            ],
            [
              33.0207268471,
              3.8886050802
            ],
            [
              33.0206860517,
              3.8828724798
            ],
            [
              33.037373817,
              3.8827525957
            ]
          ]
        ]
      },
      "properties": {
        "country": "Uganda",
        "country_code": "UGA",
        "species_name": "Acacia_mearnsii",
        "genus": "Acacia",
        "species": "mearnsii",
        "suitability_name": "Moderately suitable",
        "suitability_rank": 2,
        "soil_suitability": "S4",
        "soil_type": "Lithosols",
        "soil_description": "Not differentiated",
        "site_class": null,
        "maz": "I",
        "maz_zone": null,
        "tz": "6",
        "frost_risk": null,
        "source_layer": "SWIFT_SSMT_Uganda"
      }
    },
    {
      "type": "Feature",
      "geometry": {
        "type": "Polygon",
        "coordinates": [
          [
            [
              33.0456982509,
              3.8799951622
            ],
            [
              33.0422166479,
              3.882717744
            ],
            [
              33.0123419733,
              3.8829322996
            ],
            [
              33.0122825219,
              3.8745514601
            ],
            [
              33.0289703843,
              3.8744319993
            ],
            [
              33.0289108994,
              3.8660514179
            ],
            [
              33.0372545554,
              3.8659916948
            ],
            [
              33.0373141215,
              3.8743721469
            ],
            [
              33.0456577274,
              3.8743122129
            ],
            [
              33.0456982509,
              3.8799951622
            ]
          ]
        ]
      },
      "properties": {
        "country": "Uganda",
        "country_code": "UGA",
        "species_name": "Acacia_mearnsii",
        "genus": "Acacia",
        "species": "mearnsii",
        "suitability_name": "Moderately suitable",
        "suitability_rank": 2,
        "soil_suitability": "S4",
        "soil_type": "Lithosols",
        "soil_description": "Not differentiated",
        "site_class": null,
        "maz": "I",
        "maz_zone": null,
        "tz": "5",
        "frost_risk": null,
        "source_layer": "SWIFT_SSMT_Uganda"
      }
    },
    {
      "type": "Feature",
      "geometry": {
        "type": "Polygon",
        "coordinates": [
          [
            [
              32.8949911313,
              3.808317396
            ],
            [
              32.903336279,
              3.8082598648
            ],
            [
              32.9033898728,
              3.8160902279
            ],
            [
              32.9025876808,
              3.8156
            ],
            [
              32.900727681,
              3.8150199995
            ],
            [
              32.8990176813,
              3.8147
            ],
            [
              32.8950266446,
              3.8135152544
            ],
            [
              32.8949911313,
              3.808317396
            ]
          ]
        ]
      },
      "properties": {
        "country": "Uganda",
        "country_code": "UGA",
        "species_name": "Acacia_mearnsii",
        "genus": "Acacia",
        "species": "mearnsii",
        "suitability_name": "Moderately suitable",
        "suitability_rank": 2,
        "soil_suitability": "S4",
        "soil_type": "Lithosols",
        "soil_description": "Not differentiated",
        "site_class": null,
        "maz": "II",
        "maz_zone": null,
        "tz": "5",
        "frost_risk": null,
        "source_layer": "SWIFT_SSMT_Uganda"
      }
    },
    {
      "type": "Feature",
      "geometry": {
        "type": "Polygon",
        "coordinates": [
          [
            [
              32.9451757885,
              3.8247347801
            ],
            [
              32.9452919834,
              3.8414985443
            ],
            [
              32.9442279243,
              3.841506001
            ],
            [
              32.9369147697,
              3.8368858758
            ],
            [
              32.9368890711,
              3.8331749795
            ],
            [
              32.9310988218,
              3.8332153956
            ],
            [
              32.9285326492,
              3.8315626862
            ],
            [
              32.9284863196,
              3.8248510755
            ],
            [
              32.9175388632,
              3.8249271831
            ],
            [
              32.9117715207,
              3.8213562407
            ],
            [
              32.9117387572,
              3.8165846531
            ],
            [
              32.9042615768,
              3.8166363907
            ],
            [
              32.9033898728,
              3.8160902279
            ],
            [
              32.903336279,
              3.8082598648
            ],
            [
              32.8949911313,
              3.808317396
            ],
            [
              32.8949339605,
              3.7999347413
            ],
            [
              32.9116239682,
              3.7998198529
            ],
            [
              32.9116812986,
              3.8082022542
            ],
            [
              32.9200261927,
              3.8081445625
            ],
            [
              32.9200837295,
              3.8165268339
            ],
            [
              32.9367732929,
              3.8164109543
            ],
            [
              32.9367155962,
              3.8080289384
            ],
            [
              32.9450601062,
              3.807971006
            ],
            [
              32.9451178837,
              3.8163528948
            ],
            [
              32.9451757885,
              3.8247347801
            ]
          ]
        ]
      },
      "properties": {
        "country": "Uganda",
        "country_code": "UGA",
        "species_name": "Acacia_mearnsii",
        "genus": "Acacia",
        "species": "mearnsii",
        "suitability_name": "Moderately suitable",
        "suitability_rank": 2,
        "soil_suitability": "S4",
        "soil_type": "Lithosols",
        "soil_description": "Not differentiated",
        "site_class": null,
        "maz": "I",
        "maz_zone": null,
        "tz": "5",
        "frost_risk": null,
        "source_layer": "SWIFT_SSMT_Uganda"
      }
    },
    {
      "type": "Feature",
      "geometry": {
        "type": "Polygon",
        "coordinates": [
          [
            [
              34.0372234602,
              3.824781676
            ],
            [
              34.0290369955,
              3.8248493564
            ],
            [
              34.0262426972,
              3.8235479751
            ],
            [
              34.0205643414,
              3.8241854257
            ],
            [
              34.0204338231,
              3.8081914527
            ],
            [
              34.0037804208,
              3.8083281237
            ],
            [
              34.003644819,
              3.7915996941
            ],
            [
              34.0202979059,
              3.7914636252
            ],
            [
              34.0203657888,
              3.7998275401
            ],
            [
              34.0370184298,
              3.7996908529
            ],
            [
              34.0369503881,
              3.7913272393
            ],
            [
              34.0536022678,
              3.7911905366
            ],
            [
              34.0538073194,
              3.8162804612
            ],
            [
              34.0371549659,
              3.8164180712
            ],
            [
              34.0372234602,
              3.824781676
            ]
          ]
        ]
      },
      "properties": {
        "country": "Uganda",
        "country_code": "UGA",
        "species_name": "Acacia_mearnsii",
        "genus": "Acacia",
        "species": "mearnsii",
        "suitability_name": "Moderately suitable",
        "suitability_rank": 2,
        "soil_suitability": "S4",
        "soil_type": "Lithosols",
        "soil_description": "Not differentiated",
        "site_class": null,
        "maz": "II",
        "maz_zone": null,
        "tz": "5",
        "frost_risk": null,
        "source_layer": "SWIFT_SSMT_Uganda"
      }
    },
    {
      "type": "Feature",
      "geometry": {
        "type": "Polygon",
        "coordinates": [
          [
            [
              34.0288969779,
              3.8248505132
            ],
            [
              34.028965543,
              3.8332142656
            ],
            [
              34.0206388299,
              3.8332831731
            ],
            [
              34.0205703432,
              3.8249192692
            ],
            [
              34.0288969779,
              3.8248505132
            ]
          ]
        ]
      },
      "properties": {
        "country": "Uganda",
        "country_code": "UGA",
        "species_name": "Acacia_mearnsii",
        "genus": "Acacia",
        "species": "mearnsii",
        "suitability_name": "Moderately suitable",
        "suitability_rank": 2,
        "soil_suitability": "S2",
        "soil_type": "Ferruginous Soils",
        "soil_description": "On crystalline acid rock - freely drained",
        "site_class": null,
        "maz": "III",
        "maz_zone": null,
        "tz": "5",
        "frost_risk": null,
        "source_layer": "SWIFT_SSMT_Uganda"
      }
    },
    {
      "type": "Feature",
      "geometry": {
        "type": "Polygon",
        "coordinates": [
          [
            [
              34.0205643414,
              3.8241854257
            ],
            [
              34.0205703432,
              3.8249192692
            ],
            [
              34.0156605658,
              3.8249597732
            ],
            [
              34.0159635635,
              3.824701884
            ],
            [
              34.0205643414,
              3.8241854257
            ]
          ]
        ]
      },
      "properties": {
        "country": "Uganda",
        "country_code": "UGA",
        "species_name": "Acacia_mearnsii",
        "genus": "Acacia",
        "species": "mearnsii",
        "suitability_name": "Moderately suitable",
        "suitability_rank": 2,
        "soil_suitability": "S2",
        "soil_type": "Ferruginous Soils",
        "soil_description": "On crystalline acid rock - freely drained",
        "site_class": null,
        "maz": "III",
        "maz_zone": null,
        "tz": "5",
        "frost_risk": null,
        "source_layer": "SWIFT_SSMT_Uganda"
      }
    },
    {
      "type": "Feature",
      "geometry": {
        "type": "Polygon",
        "coordinates": [
          [
            [
              33.0289108994,
              3.8660514179
            ],
            [
              33.0289703843,
              3.8744319993
            ],
            [
              33.020626518,
              3.874491771
            ],
            [
              33.0205671143,
              3.8661110597
            ],
            [
              33.0289108994,
              3.8660514179
            ]
          ]
        ]
      },
      "properties": {
        "country": "Uganda",
        "country_code": "UGA",
        "species_name": "Acacia_mearnsii",
        "genus": "Acacia",
        "species": "mearnsii",
        "suitability_name": "Moderately suitable",
        "suitability_rank": 2,
        "soil_suitability": "S4",
        "soil_type": "Lithosols",
        "soil_description": "Not differentiated",
        "site_class": null,
        "maz": "I",
        "maz_zone": null,
        "tz": "4",
        "frost_risk": null,
        "source_layer": "SWIFT_SSMT_Uganda"
      }
    },
    {
      "type": "Feature",
      "geometry": {
        "type": "Polygon",
        "coordinates": [
          [
            [
              33.020626518,
              3.874491771
            ],
            [
              33.0122825219,
              3.8745514601
            ],
            [
              33.0123419733,
              3.8829322996
            ],
            [
              33.0115296238,
              3.8829381186
            ],
            [
              33.0039642256,
              3.8782594401
            ],
            [
              33.0039383969,
              3.8746110694
            ],
            [
              33.0038791546,
              3.8662300987
            ],
            [
              33.0205671143,
              3.8661110597
            ],
            [
              33.020626518,
              3.874491771
            ]
          ]
        ]
      },
      "properties": {
        "country": "Uganda",
        "country_code": "UGA",
        "species_name": "Acacia_mearnsii",
        "genus": "Acacia",
        "species": "mearnsii",
        "suitability_name": "Moderately suitable",
        "suitability_rank": 2,
        "soil_suitability": "S4",
        "soil_type": "Lithosols",
        "soil_description": "Not differentiated",
        "site_class": null,
        "maz": "II",
        "maz_zone": null,
        "tz": "4",
        "frost_risk": null,
        "source_layer": "SWIFT_SSMT_Uganda"
      }
    },
    {
      "type": "Feature",
      "geometry": {
        "type": "Polygon",
        "coordinates": [
          [
            [
              33.0539984376,
              3.8738643544
            ],
            [
              33.0501000037,
              3.8769199996
            ],
            [
              33.0456982509,
              3.8799951622
            ],
            [
              33.0456577274,
              3.8743122129
            ],
            [
              33.0373141215,
              3.8743721469
            ],
            [
              33.0372545554,
              3.8659916948
            ],
            [
              33.0205671143,
              3.8661110597
            ],
            [
              33.0205078413,
              3.8577303449
            ],
            [
              33.0455385642,
              3.8575515658
            ],
            [
              33.0455980811,
              3.8659318911
            ],
            [
              33.0539414763,
              3.8658720051
            ],
            [
              33.0539984376,
              3.8738643544
            ]
          ]
        ]
      },
      "properties": {
        "country": "Uganda",
        "country_code": "UGA",
        "species_name": "Acacia_mearnsii",
        "genus": "Acacia",
        "species": "mearnsii",
        "suitability_name": "Moderately suitable",
        "suitability_rank": 2,
        "soil_suitability": "S4",
        "soil_type": "Lithosols",
        "soil_description": "Not differentiated",
        "site_class": null,
        "maz": "II",
        "maz_zone": null,
        "tz": "4",
        "frost_risk": null,
        "source_layer": "SWIFT_SSMT_Uganda"
      }
    },
    {
      "type": "Feature",
      "geometry": {
        "type": "Polygon",
        "coordinates": [
          [
            [
              32.9451757885,
              3.8247347801
            ],
            [
              32.9535203305,
              3.8246765111
            ],
            [
              32.9536366862,
              3.8414400198
            ],
            [
              32.9452919834,
              3.8414985443
            ],
            [
              32.9451757885,
              3.8247347801
            ]
          ]
        ]
      },
      "properties": {
        "country": "Uganda",
        "country_code": "UGA",
        "species_name": "Acacia_mearnsii",
        "genus": "Acacia",
        "species": "mearnsii",
        "suitability_name": "Moderately suitable",
        "suitability_rank": 2,
        "soil_suitability": "S4",
        "soil_type": "Lithosols",
        "soil_description": "Not differentiated",
        "site_class": null,
        "maz": "I",
        "maz_zone": null,
        "tz": "4",
        "frost_risk": null,
        "source_layer": "SWIFT_SSMT_Uganda"
      }
    },
    {
      "type": "Feature",
      "geometry": {
        "type": "Polygon",
        "coordinates": [
          [
            [
              32.9367155962,
              3.8080289384
            ],
            [
              32.9366580265,
              3.7996469209
            ],
            [
              32.9533467588,
              3.7995312312
            ],
            [
              32.9534623447,
              3.816294754
            ],
            [
              32.9451178837,
              3.8163528948
            ],
            [
              32.9450601062,
              3.807971006
            ],
            [
              32.9367155962,
              3.8080289384
            ]
          ]
        ]
      },
      "properties": {
        "country": "Uganda",
        "country_code": "UGA",
        "species_name": "Acacia_mearnsii",
        "genus": "Acacia",
        "species": "mearnsii",
        "suitability_name": "Moderately suitable",
        "suitability_rank": 2,
        "soil_suitability": "S4",
        "soil_type": "Lithosols",
        "soil_description": "Not differentiated",
        "site_class": null,
        "maz": "I",
        "maz_zone": null,
        "tz": "4",
        "frost_risk": null,
        "source_layer": "SWIFT_SSMT_Uganda"
      }
    },
    {
      "type": "Feature",
      "geometry": {
        "type": "Polygon",
        "coordinates": [
          [
            [
              32.9367155962,
              3.8080289384
            ],
            [
              32.9367732929,
              3.8164109543
            ],
            [
              32.9200837295,
              3.8165268339
            ],
            [
              32.9200261927,
              3.8081445625
            ],
            [
              32.9367155962,
              3.8080289384
            ]
          ]
        ]
      },
      "properties": {
        "country": "Uganda",
        "country_code": "UGA",
        "species_name": "Acacia_mearnsii",
        "genus": "Acacia",
        "species": "mearnsii",
        "suitability_name": "Moderately suitable",
        "suitability_rank": 2,
        "soil_suitability": "S4",
        "soil_type": "Lithosols",
        "soil_description": "Not differentiated",
        "site_class": null,
        "maz": "I",
        "maz_zone": null,
        "tz": "4",
        "frost_risk": null,
        "source_layer": "SWIFT_SSMT_Uganda"
      }
    },
    {
      "type": "Feature",
      "geometry": {
        "type": "Polygon",
        "coordinates": [
          [
            [
              32.9116239682,
              3.7998198529
            ],
            [
              32.9199687825,
              3.7997622887
            ],
            [
              32.9200261927,
              3.8081445625
            ],
            [
              32.9116812986,
              3.8082022542
            ],
            [
              32.9116239682,
              3.7998198529
            ]
          ]
        ]
      },
      "properties": {
        "country": "Uganda",
        "country_code": "UGA",
        "species_name": "Acacia_mearnsii",
        "genus": "Acacia",
        "species": "mearnsii",
        "suitability_name": "Moderately suitable",
        "suitability_rank": 2,
        "soil_suitability": "S4",
        "soil_type": "Lithosols",
        "soil_description": "Not differentiated",
        "site_class": null,
        "maz": "I",
        "maz_zone": null,
        "tz": "4",
        "frost_risk": null,
        "source_layer": "SWIFT_SSMT_Uganda"
      }
    },
    {
      "type": "Feature",
      "geometry": {
        "type": "Polygon",
        "coordinates": [
          [
            [
              32.8949339605,
              3.7999347413
            ],
            [
              32.8948769166,
              3.7915520841
            ],
            [
              32.9115667651,
              3.7914374492
            ],
            [
              32.9116239682,
              3.7998198529
            ],
            [
              32.8949339605,
              3.7999347413
            ]
          ]
        ]
      },
      "properties": {
        "country": "Uganda",
        "country_code": "UGA",
        "species_name": "Acacia_mearnsii",
        "genus": "Acacia",
        "species": "mearnsii",
        "suitability_name": "Moderately suitable",
        "suitability_rank": 2,
        "soil_suitability": "S4",
        "soil_type": "Lithosols",
        "soil_description": "Not differentiated",
        "site_class": null,
        "maz": "I",
        "maz_zone": null,
        "tz": "4",
        "frost_risk": null,
        "source_layer": "SWIFT_SSMT_Uganda"
      }
    },
    {
      "type": "Feature",
      "geometry": {
        "type": "Polygon",
        "coordinates": [
          [
            [
              32.8781298014,
              3.7832834845
            ],
            [
              32.8782434449,
              3.8000493094
            ],
            [
              32.8698979975,
              3.8001064733
            ],
            [
              32.8698411926,
              3.791723436
            ],
            [
              32.844804331,
              3.7918940688
            ],
            [
              32.84474789,
              3.7835106507
            ],
            [
              32.8781298014,
              3.7832834845
            ]
          ]
        ]
      },
      "properties": {
        "country": "Uganda",
        "country_code": "UGA",
        "species_name": "Acacia_mearnsii",
        "genus": "Acacia",
        "species": "mearnsii",
        "suitability_name": "Moderately suitable",
        "suitability_rank": 2,
        "soil_suitability": "S4",
        "soil_type": "Lithosols",
        "soil_description": "Not differentiated",
        "site_class": null,
        "maz": "I",
        "maz_zone": null,
        "tz": "4",
        "frost_risk": null,
        "source_layer": "SWIFT_SSMT_Uganda"
      }
    },
    {
      "type": "Feature",
      "geometry": {
        "type": "Polygon",
        "coordinates": [
          [
            [
              32.9620397121,
              3.8497630355
            ],
            [
              32.9575711077,
              3.8497944982
            ],
            [
              32.9536783838,
              3.8474294832
            ],
            [
              32.9536366862,
              3.8414400198
            ],
            [
              32.9535203305,
              3.8246765111
            ],
            [
              32.9451757885,
              3.8247347801
            ],
            [
              32.9451178837,
              3.8163528948
            ],
            [
              32.9534623447,
              3.816294754
            ],
            [
              32.9533467588,
              3.7995312312
            ],
            [
              32.9366580265,
              3.7996469209
            ],
            [
              32.9367155962,
              3.8080289384
            ],
            [
              32.9200261927,
              3.8081445625
            ],
            [
              32.9199687825,
              3.7997622887
            ],
            [
              32.9116239682,
              3.7998198529
            ],
            [
              32.9115667651,
              3.7914374492
            ],
            [
              32.8948769166,
              3.7915520841
            ],
            [
              32.8949339605,
              3.7999347413
            ],
            [
              32.8949911313,
              3.808317396
            ],
            [
              32.8754062241,
              3.8084520961
            ],
            [
              32.8615843065,
              3.8048673305
            ],
            [
              32.8615524229,
              3.800163558
            ],
            [
              32.844693333,
              3.8002786271
            ],
            [
              32.8281388461,
              3.7959315497
            ],
            [
              32.8281124594,
              3.7920074242
            ],
            [
              32.8280561782,
              3.7836237549
            ],
            [
              32.8197101336,
              3.7836801873
            ],
            [
              32.819598106,
              3.7669125897
            ],
            [
              32.8362897529,
              3.7668001468
            ],
            [
              32.8363458614,
              3.7751836955
            ],
            [
              32.8780731699,
              3.7749005688
            ],
            [
              32.8780166651,
              3.7665176497
            ],
            [
              32.8947065468,
              3.7664040949
            ],
            [
              32.8947632098,
              3.7747867605
            ],
            [
              32.9114527419,
              3.7746726341
            ],
            [
              32.9113959191,
              3.7662902237
            ],
            [
              32.9197404161,
              3.7662331692
            ],
            [
              32.9196836426,
              3.7578508828
            ],
            [
              32.9447161279,
              3.7576796251
            ],
            [
              32.9446592469,
              3.7492977196
            ],
            [
              32.9530030754,
              3.7492406035
            ],
            [
              32.9529462422,
              3.7408588236
            ],
            [
              32.9612898641,
              3.740801756
            ],
            [
              32.9615182766,
              3.7743283486
            ],
            [
              32.9617487425,
              3.8078549015
            ],
            [
              32.9620397121,
              3.8497630355
            ]
          ],
          [
            [
              32.8781298014,
              3.7832834845
            ],
            [
              32.84474789,
              3.7835106507
            ],
            [
              32.844804331,
              3.7918940688
            ],
            [
              32.8698411926,
              3.791723436
            ],
            [
              32.8698979975,
              3.8001064733
            ],
            [
              32.8782434449,
              3.8000493094
            ],
            [
              32.8781298014,
              3.7832834845
            ]
          ]
        ]
      },
      "properties": {
        "country": "Uganda",
        "country_code": "UGA",
        "species_name": "Acacia_mearnsii",
        "genus": "Acacia",
        "species": "mearnsii",
        "suitability_name": "Moderately suitable",
        "suitability_rank": 2,
        "soil_suitability": "S4",
        "soil_type": "Lithosols",
        "soil_description": "Not differentiated",
        "site_class": null,
        "maz": "II",
        "maz_zone": null,
        "tz": "4",
        "frost_risk": null,
        "source_layer": "SWIFT_SSMT_Uganda"
      }
    },
    {
      "type": "Feature",
      "geometry": {
        "type": "Polygon",
        "coordinates": [
          [
            [
              33.5199494115,
              3.7284264772
            ],
            [
              33.5366181088,
              3.7283018613
            ],
            [
              33.5366802813,
              3.7366742423
            ],
            [
              33.5283459248,
              3.73673673
            ],
            [
              33.5284081591,
              3.7451092485
            ],
            [
              33.5200735845,
              3.7451717985
            ],
            [
              33.5199494115,
              3.7284264772
            ]
          ]
        ]
      },
      "properties": {
        "country": "Uganda",
        "country_code": "UGA",
        "species_name": "Acacia_mearnsii",
        "genus": "Acacia",
        "species": "mearnsii",
        "suitability_name": "Moderately suitable",
        "suitability_rank": 2,
        "soil_suitability": "S4",
        "soil_type": "Lithosols",
        "soil_description": "Not differentiated",
        "site_class": null,
        "maz": "II",
        "maz_zone": null,
        "tz": "4",
        "frost_risk": null,
        "source_layer": "SWIFT_SSMT_Uganda"
      }
    },
    {
      "type": "Feature",
      "geometry": {
        "type": "Polygon",
        "coordinates": [
          [
            [
              33.5619966503,
              3.7783460631
            ],
            [
              33.5536623234,
              3.7784094909
            ],
            [
              33.5537254955,
              3.7867815747
            ],
            [
              33.5473942772,
              3.78682981
            ],
            [
              33.5453753786,
              3.7847805097
            ],
            [
              33.5453278555,
              3.778472838
            ],
            [
              33.5392069598,
              3.7785193116
            ],
            [
              33.5369761041,
              3.7762550006
            ],
            [
              33.5369303736,
              3.7701637396
            ],
            [
              33.5310190859,
              3.7702084646
            ],
            [
              33.5285770026,
              3.767729604
            ],
            [
              33.5285330487,
              3.7618542776
            ],
            [
              33.5228313724,
              3.7618972678
            ],
            [
              33.520178071,
              3.7592040646
            ],
            [
              33.5201358811,
              3.7535444543
            ],
            [
              33.5145070343,
              3.7535867473
            ],
            [
              33.5132476783,
              3.7524299999
            ],
            [
              33.5289387128,
              3.7518126805
            ],
            [
              33.5385153874,
              3.7503136987
            ],
            [
              33.551266188,
              3.7459370453
            ],
            [
              33.5611654233,
              3.7401551177
            ],
            [
              33.5706800562,
              3.730452541
            ],
            [
              33.580178539,
              3.7186102144
            ],
            [
              33.5846605642,
              3.7111968382
            ],
            [
              33.5864959694,
              3.7111830583
            ],
            [
              33.586620824,
              3.7279261362
            ],
            [
              33.5782873899,
              3.7279889523
            ],
            [
              33.5783499529,
              3.7363606293
            ],
            [
              33.5700162998,
              3.7364235081
            ],
            [
              33.5701416901,
              3.7531671349
            ],
            [
              33.5702676453,
              3.7699107518
            ],
            [
              33.5619335388,
              3.7699741174
            ],
            [
              33.5619966503,
              3.7783460631
            ]
          ]
        ]
      },
      "properties": {
        "country": "Uganda",
        "country_code": "UGA",
        "species_name": "Acacia_mearnsii",
        "genus": "Acacia",
        "species": "mearnsii",
        "suitability_name": "Moderately suitable",
        "suitability_rank": 2,
        "soil_suitability": "S2",
        "soil_type": "Ferruginous Soils",
        "soil_description": "On crystalline acid rock - freely drained",
        "site_class": null,
        "maz": "III",
        "maz_zone": null,
        "tz": "4",
        "frost_risk": null,
        "source_layer": "SWIFT_SSMT_Uganda"
      }
    },
    {
      "type": "Feature",
      "geometry": {
        "type": "Polygon",
        "coordinates": [
          [
            [
              33.5112398699,
              3.7519581601
            ],
            [
              33.5110700019,
              3.7518199996
            ],
            [
              33.5067000017,
              3.7523
            ],
            [
              33.5001700018,
              3.7527099997
            ],
            [
              33.4962000015,
              3.75332
            ],
            [
              33.4951280255,
              3.753320001
            ],
            [
              33.4950690206,
              3.7453589752
            ],
            [
              33.503404015,
              3.745296661
            ],
            [
              33.5033420141,
              3.7369237223
            ],
            [
              33.511676791,
              3.7368614696
            ],
            [
              33.5116148531,
              3.7284886688
            ],
            [
              33.5194181435,
              3.7284304437
            ],
            [
              33.5149946499,
              3.7390749736
            ],
            [
              33.5132476783,
              3.7524299999
            ],
            [
              33.5124976792,
              3.7518199997
            ],
            [
              33.5112398699,
              3.7519581601
            ]
          ]
        ]
      },
      "properties": {
        "country": "Uganda",
        "country_code": "UGA",
        "species_name": "Acacia_mearnsii",
        "genus": "Acacia",
        "species": "mearnsii",
        "suitability_name": "Moderately suitable",
        "suitability_rank": 2,
        "soil_suitability": "S2",
        "soil_type": "Ferruginous Soils",
        "soil_description": "On crystalline acid rock - freely drained",
        "site_class": null,
        "maz": "III",
        "maz_zone": null,
        "tz": "4",
        "frost_risk": null,
        "source_layer": "SWIFT_SSMT_Uganda"
      }
    },
    {
      "type": "Feature",
      "geometry": {
        "type": "Polygon",
        "coordinates": [
          [
            [
              33.5253752015,
              3.71163988
            ],
            [
              33.5240659374,
              3.7172465409
            ],
            [
              33.5199401495,
              3.7271743316
            ],
            [
              33.519825799,
              3.7116811461
            ],
            [
              33.5253752015,
              3.71163988
            ]
          ]
        ]
      },
      "properties": {
        "country": "Uganda",
        "country_code": "UGA",
        "species_name": "Acacia_mearnsii",
        "genus": "Acacia",
        "species": "mearnsii",
        "suitability_name": "Moderately suitable",
        "suitability_rank": 2,
        "soil_suitability": "S2",
        "soil_type": "Ferruginous Soils",
        "soil_description": "On crystalline acid rock - freely drained",
        "site_class": null,
        "maz": "III",
        "maz_zone": null,
        "tz": "4",
        "frost_risk": null,
        "source_layer": "SWIFT_SSMT_Uganda"
      }
    },
    {
      "type": "Feature",
      "geometry": {
        "type": "Polygon",
        "coordinates": [
          [
            [
              34.0290369955,
              3.8248493564
            ],
            [
              34.0330091807,
              3.8266992713
            ],
            [
              34.0348295796,
              3.8331656899
            ],
            [
              34.028965543,
              3.8332142656
            ],
            [
              34.0288969779,
              3.8248505132
            ],
            [
              34.0290369955,
              3.8248493564
            ]
          ]
        ]
      },
      "properties": {
        "country": "Uganda",
        "country_code": "UGA",
        "species_name": "Acacia_mearnsii",
        "genus": "Acacia",
        "species": "mearnsii",
        "suitability_name": "Moderately suitable",
        "suitability_rank": 2,
        "soil_suitability": "S2",
        "soil_type": "Ferruginous Soils",
        "soil_description": "On crystalline acid rock - freely drained",
        "site_class": null,
        "maz": "III",
        "maz_zone": null,
        "tz": "4",
        "frost_risk": null,
        "source_layer": "SWIFT_SSMT_Uganda"
      }
    },
    {
      "type": "Feature",
      "geometry": {
        "type": "Polygon",
        "coordinates": [
          [
            [
              34.0205703432,
              3.8249192692
            ],
            [
              34.0206388299,
              3.8332831731
            ],
            [
              34.0123119653,
              3.8333520008
            ],
            [
              34.0122669344,
              3.8278481823
            ],
            [
              34.0156605658,
              3.8249597732
            ],
            [
              34.0205703432,
              3.8249192692
            ]
          ]
        ]
      },
      "properties": {
        "country": "Uganda",
        "country_code": "UGA",
        "species_name": "Acacia_mearnsii",
        "genus": "Acacia",
        "species": "mearnsii",
        "suitability_name": "Moderately suitable",
        "suitability_rank": 2,
        "soil_suitability": "S2",
        "soil_type": "Ferruginous Soils",
        "soil_description": "On crystalline acid rock - freely drained",
        "site_class": null,
        "maz": "III",
        "maz_zone": null,
        "tz": "4",
        "frost_risk": null,
        "source_layer": "SWIFT_SSMT_Uganda"
      }
    },
    {
      "type": "Feature",
      "geometry": {
        "type": "Polygon",
        "coordinates": [
          [
            [
              34.127940514,
              3.7184855518
            ],
            [
              34.1226115354,
              3.7222744904
            ],
            [
              34.1123643899,
              3.7269897555
            ],
            [
              34.1113614745,
              3.7271473777
            ],
            [
              34.1113345536,
              3.723811505
            ],
            [
              34.1030103769,
              3.7238792301
            ],
            [
              34.1029430763,
              3.7155168045
            ],
            [
              34.1112671754,
              3.7154492327
            ],
            [
              34.1111999505,
              3.707086957
            ],
            [
              34.1278475371,
              3.7069518859
            ],
            [
              34.127940514,
              3.7184855518
            ]
          ]
        ]
      },
      "properties": {
        "country": "Uganda",
        "country_code": "UGA",
        "species_name": "Acacia_mearnsii",
        "genus": "Acacia",
        "species": "mearnsii",
        "suitability_name": "Moderately suitable",
        "suitability_rank": 2,
        "soil_suitability": "S2",
        "soil_type": "Ferruginous Soils",
        "soil_description": "On crystalline acid rock - freely drained",
        "site_class": null,
        "maz": "III",
        "maz_zone": null,
        "tz": "4",
        "frost_risk": null,
        "source_layer": "SWIFT_SSMT_Uganda"
      }
    },
    {
      "type": "Feature",
      "geometry": {
        "type": "Polygon",
        "coordinates": [
          [
            [
              34.0191844417,
              3.6910988967
            ],
            [
              34.0188063801,
              3.6928233982
            ],
            [
              34.0145949388,
              3.6985588282
            ],
            [
              34.0043251486,
              3.7007789195
            ],
            [
              34.0000792712,
              3.6996156651
            ],
            [
              34.002909756,
              3.6995931298
            ],
            [
              34.0028438326,
              3.6912288801
            ],
            [
              34.0191844417,
              3.6910988967
            ]
          ]
        ]
      },
      "properties": {
        "country": "Uganda",
        "country_code": "UGA",
        "species_name": "Acacia_mearnsii",
        "genus": "Acacia",
        "species": "mearnsii",
        "suitability_name": "Moderately suitable",
        "suitability_rank": 2,
        "soil_suitability": "S2",
        "soil_type": "Ferruginous Soils",
        "soil_description": "On crystalline acid rock - freely drained",
        "site_class": null,
        "maz": "III",
        "maz_zone": null,
        "tz": "4",
        "frost_risk": null,
        "source_layer": "SWIFT_SSMT_Uganda"
      }
    },
    {
      "type": "Feature",
      "geometry": {
        "type": "Polygon",
        "coordinates": [
          [
            [
              33.6442038059,
              3.6270375517
            ],
            [
              33.6442652774,
              3.6354081228
            ],
            [
              33.6359336827,
              3.6354699159
            ],
            [
              33.6359952208,
              3.6438406277
            ],
            [
              33.6276634072,
              3.6439024877
            ],
            [
              33.6275319567,
              3.6259760208
            ],
            [
              33.6337438509,
              3.6165604382
            ],
            [
              33.643586322,
              3.6032920149
            ],
            [
              33.6523301132,
              3.5989451879
            ],
            [
              33.6524737769,
              3.618605393
            ],
            [
              33.6441424762,
              3.6186669776
            ],
            [
              33.6442038059,
              3.6270375517
            ]
          ]
        ]
      },
      "properties": {
        "country": "Uganda",
        "country_code": "UGA",
        "species_name": "Acacia_mearnsii",
        "genus": "Acacia",
        "species": "mearnsii",
        "suitability_name": "Moderately suitable",
        "suitability_rank": 2,
        "soil_suitability": "S2",
        "soil_type": "Ferruginous Soils",
        "soil_description": "On crystalline acid rock - freely drained",
        "site_class": null,
        "maz": "III",
        "maz_zone": null,
        "tz": "4",
        "frost_risk": null,
        "source_layer": "SWIFT_SSMT_Uganda"
      }
    },
    {
      "type": "Feature",
      "geometry": {
        "type": "Polygon",
        "coordinates": [
          [
            [
              33.6174945166,
              3.3844622104
            ],
            [
              33.61766632,
              3.4095754171
            ],
            [
              33.6010061003,
              3.409690803
            ],
            [
              33.6009488321,
              3.401319453
            ],
            [
              33.5926185813,
              3.4013768974
            ],
            [
              33.5925615257,
              3.3930054025
            ],
            [
              33.5842312035,
              3.3930626339
            ],
            [
              33.5841743601,
              3.3846909952
            ],
            [
              33.6174945166,
              3.3844622104
            ]
          ]
        ]
      },
      "properties": {
        "country": "Uganda",
        "country_code": "UGA",
        "species_name": "Acacia_mearnsii",
        "genus": "Acacia",
        "species": "mearnsii",
        "suitability_name": "Moderately suitable",
        "suitability_rank": 2,
        "soil_suitability": "S4",
        "soil_type": "Lithosols",
        "soil_description": "Not differentiated",
        "site_class": null,
        "maz": "II",
        "maz_zone": null,
        "tz": "5",
        "frost_risk": null,
        "source_layer": "SWIFT_SSMT_Uganda"
      }
    },
    {
      "type": "Feature",
      "geometry": {
        "type": "Polygon",
        "coordinates": [
          [
            [
              33.6260538401,
              3.4178885386
            ],
            [
              33.6177238724,
              3.4179464817
            ],
            [
              33.6177815659,
              3.4263175422
            ],
            [
              33.5927905959,
              3.4264913658
            ],
            [
              33.5926757784,
              3.4097483891
            ],
            [
              33.5760147095,
              3.4098633465
            ],
            [
              33.5759576547,
              3.4014915719
            ],
            [
              33.5676269793,
              3.401548802
            ],
            [
              33.5675701365,
              3.393176884
            ],
            [
              33.5592393921,
              3.3932339008
            ],
            [
              33.5591262689,
              3.3764897751
            ],
            [
              33.5674568728,
              3.3764330393
            ],
            [
              33.5674004527,
              3.3680611135
            ],
            [
              33.5757308454,
              3.368004448
            ],
            [
              33.5756744958,
              3.3596326601
            ],
            [
              33.5840046773,
              3.3595760662
            ],
            [
              33.584061097,
              3.3679477109
            ],
            [
              33.6007211765,
              3.3678340274
            ],
            [
              33.6007778782,
              3.3762053866
            ],
            [
              33.6257671462,
              3.3760339059
            ],
            [
              33.6258242003,
              3.3844048365
            ],
            [
              33.6259387367,
              3.4011466926
            ],
            [
              33.6260538401,
              3.4178885386
            ]
          ],
          [
            [
              33.6174945166,
              3.3844622104
            ],
            [
              33.5841743601,
              3.3846909952
            ],
            [
              33.5842312035,
              3.3930626339
            ],
            [
              33.5925615257,
              3.3930054025
            ],
            [
              33.5926185813,
              3.4013768974
            ],
            [
              33.6009488321,
              3.401319453
            ],
            [
              33.6010061003,
              3.409690803
            ],
            [
              33.61766632,
              3.4095754171
            ],
            [
              33.6174945166,
              3.3844622104
            ]
          ]
        ]
      },
      "properties": {
        "country": "Uganda",
        "country_code": "UGA",
        "species_name": "Acacia_mearnsii",
        "genus": "Acacia",
        "species": "mearnsii",
        "suitability_name": "Moderately suitable",
        "suitability_rank": 2,
        "soil_suitability": "S4",
        "soil_type": "Lithosols",
        "soil_description": "Not differentiated",
        "site_class": null,
        "maz": "II",
        "maz_zone": null,
        "tz": "4",
        "frost_risk": null,
        "source_layer": "SWIFT_SSMT_Uganda"
      }
    },
    {
      "type": "Feature",
      "geometry": {
        "type": "Polygon",
        "coordinates": [
          [
            [
              34.8013398431,
              2.5573310265
            ],
            [
              34.8013906811,
              2.5656802205
            ],
            [
              34.7930888626,
              2.5657314075
            ],
            [
              34.793076471,
              2.563696519
            ],
            [
              34.8010780538,
              2.5603603861
            ],
            [
              34.801214018,
              2.5573317993
            ],
            [
              34.8013398431,
              2.5573310265
            ]
          ]
        ]
      },
      "properties": {
        "country": "Uganda",
        "country_code": "UGA",
        "species_name": "Acacia_mearnsii",
        "genus": "Acacia",
        "species": "mearnsii",
        "suitability_name": "Moderately suitable",
        "suitability_rank": 2,
        "soil_suitability": "S2",
        "soil_type": "Ferruginous Soils",
        "soil_description": "On crystalline acid rock - freely drained",
        "site_class": null,
        "maz": "III",
        "maz_zone": null,
        "tz": "4",
        "frost_risk": null,
        "source_layer": "SWIFT_SSMT_Uganda"
      }
    },
    {
      "type": "Feature",
      "geometry": {
        "type": "Polygon",
        "coordinates": [
          [
            [
              34.7931398157,
              2.5740807672
            ],
            [
              34.7848377781,
              2.5741320667
            ],
            [
              34.7847951736,
              2.5671449952
            ],
            [
              34.7881171932,
              2.5657620355
            ],
            [
              34.7930888626,
              2.5657314075
            ],
            [
              34.7931398157,
              2.5740807672
            ]
          ]
        ]
      },
      "properties": {
        "country": "Uganda",
        "country_code": "UGA",
        "species_name": "Acacia_mearnsii",
        "genus": "Acacia",
        "species": "mearnsii",
        "suitability_name": "Moderately suitable",
        "suitability_rank": 2,
        "soil_suitability": "S2",
        "soil_type": "Ferruginous Soils",
        "soil_description": "On crystalline acid rock - freely drained",
        "site_class": null,
        "maz": "III",
        "maz_zone": null,
        "tz": "4",
        "frost_risk": null,
        "source_layer": "SWIFT_SSMT_Uganda"
      }
    },
    {
      "type": "Feature",
      "geometry": {
        "type": "Polygon",
        "coordinates": [
          [
            [
              34.8013248494,
              2.554863404
            ],
            [
              34.801214018,
              2.5573317993
            ],
            [
              34.7930380779,
              2.5573820453
            ],
            [
              34.7929874571,
              2.5490326806
            ],
            [
              34.8012891701,
              2.5489818281
            ],
            [
              34.8013248494,
              2.554863404
            ]
          ]
        ]
      },
      "properties": {
        "country": "Uganda",
        "country_code": "UGA",
        "species_name": "Acacia_mearnsii",
        "genus": "Acacia",
        "species": "mearnsii",
        "suitability_name": "Moderately suitable",
        "suitability_rank": 2,
        "soil_suitability": "S4",
        "soil_type": "Lithosols",
        "soil_description": "Not differentiated",
        "site_class": null,
        "maz": "II",
        "maz_zone": null,
        "tz": "5",
        "frost_risk": null,
        "source_layer": "SWIFT_SSMT_Uganda"
      }
    },
    {
      "type": "Feature",
      "geometry": {
        "type": "Polygon",
        "coordinates": [
          [
            [
              34.8095907172,
              2.5489309223
            ],
            [
              34.8096414416,
              2.5572799532
            ],
            [
              34.8013398431,
              2.5573310265
            ],
            [
              34.8013248494,
              2.554863404
            ],
            [
              34.8015890704,
              2.5489799906
            ],
            [
              34.8095907172,
              2.5489309223
            ]
          ]
        ]
      },
      "properties": {
        "country": "Uganda",
        "country_code": "UGA",
        "species_name": "Acacia_mearnsii",
        "genus": "Acacia",
        "species": "mearnsii",
        "suitability_name": "Moderately suitable",
        "suitability_rank": 2,
        "soil_suitability": "S2",
        "soil_type": "Ferruginous Soils",
        "soil_description": "On crystalline acid rock - freely drained",
        "site_class": null,
        "maz": "III",
        "maz_zone": null,
        "tz": "4",
        "frost_risk": null,
        "source_layer": "SWIFT_SSMT_Uganda"
      }
    },
    {
      "type": "Feature",
      "geometry": {
        "type": "Polygon",
        "coordinates": [
          [
            [
              34.7928584472,
              2.5276283305
            ],
            [
              34.7929370036,
              2.5406833152
            ],
            [
              34.7763331849,
              2.5407845289
            ],
            [
              34.7762830017,
              2.5324348281
            ],
            [
              34.784584942,
              2.5323844133
            ],
            [
              34.7845348724,
              2.5240348759
            ],
            [
              34.7927232299,
              2.5239852634
            ],
            [
              34.7927432779,
              2.5273284285
            ],
            [
              34.7928584472,
              2.5276283305
            ]
          ]
        ]
      },
      "properties": {
        "country": "Uganda",
        "country_code": "UGA",
        "species_name": "Acacia_mearnsii",
        "genus": "Acacia",
        "species": "mearnsii",
        "suitability_name": "Moderately suitable",
        "suitability_rank": 2,
        "soil_suitability": "S4",
        "soil_type": "Lithosols",
        "soil_description": "Not differentiated",
        "site_class": null,
        "maz": "I",
        "maz_zone": null,
        "tz": "6",
        "frost_risk": null,
        "source_layer": "SWIFT_SSMT_Uganda"
      }
    },
    {
      "type": "Feature",
      "geometry": {
        "type": "Polygon",
        "coordinates": [
          [
            [
              34.7845348724,
              2.5240348759
            ],
            [
              34.7762329847,
              2.5240851238
            ],
            [
              34.7762830017,
              2.5324348281
            ],
            [
              34.7679808962,
              2.5324851889
            ],
            [
              34.7679697327,
              2.5306219899
            ],
            [
              34.7725655476,
              2.5246047461
            ],
            [
              34.7783770835,
              2.5157221885
            ],
            [
              34.7844849692,
              2.515685337
            ],
            [
              34.7845348724,
              2.5240348759
            ]
          ]
        ]
      },
      "properties": {
        "country": "Uganda",
        "country_code": "UGA",
        "species_name": "Acacia_mearnsii",
        "genus": "Acacia",
        "species": "mearnsii",
        "suitability_name": "Moderately suitable",
        "suitability_rank": 2,
        "soil_suitability": "S4",
        "soil_type": "Lithosols",
        "soil_description": "Not differentiated",
        "site_class": null,
        "maz": "I",
        "maz_zone": null,
        "tz": "6",
        "frost_risk": null,
        "source_layer": "SWIFT_SSMT_Uganda"
      }
    },
    {
      "type": "Feature",
      "geometry": {
        "type": "Polygon",
        "coordinates": [
          [
            [
              34.7930380779,
              2.5573820453
            ],
            [
              34.7764340489,
              2.5574839251
            ],
            [
              34.7763331849,
              2.5407845289
            ],
            [
              34.7929370036,
              2.5406833152
            ],
            [
              34.7928584472,
              2.5276283305
            ],
            [
              34.7966958897,
              2.5376206098
            ],
            [
              34.8012694104,
              2.5457186702
            ],
            [
              34.8012891701,
              2.5489818281
            ],
            [
              34.7929874571,
              2.5490326806
            ],
            [
              34.7930380779,
              2.5573820453
            ]
          ]
        ]
      },
      "properties": {
        "country": "Uganda",
        "country_code": "UGA",
        "species_name": "Acacia_mearnsii",
        "genus": "Acacia",
        "species": "mearnsii",
        "suitability_name": "Moderately suitable",
        "suitability_rank": 2,
        "soil_suitability": "S4",
        "soil_type": "Lithosols",
        "soil_description": "Not differentiated",
        "site_class": null,
        "maz": "II",
        "maz_zone": null,
        "tz": "6",
        "frost_risk": null,
        "source_layer": "SWIFT_SSMT_Uganda"
      }
    },
    {
      "type": "Feature",
      "geometry": {
        "type": "Polygon",
        "coordinates": [
          [
            [
              34.7762830017,
              2.5324348281
            ],
            [
              34.7763331849,
              2.5407845289
            ],
            [
              34.7680310275,
              2.5408350565
            ],
            [
              34.7679808962,
              2.5324851889
            ],
            [
              34.7762830017,
              2.5324348281
            ]
          ]
        ]
      },
      "properties": {
        "country": "Uganda",
        "country_code": "UGA",
        "species_name": "Acacia_mearnsii",
        "genus": "Acacia",
        "species": "mearnsii",
        "suitability_name": "Moderately suitable",
        "suitability_rank": 2,
        "soil_suitability": "S4",
        "soil_type": "Lithosols",
        "soil_description": "Not differentiated",
        "site_class": null,
        "maz": "II",
        "maz_zone": null,
        "tz": "6",
        "frost_risk": null,
        "source_layer": "SWIFT_SSMT_Uganda"
      }
    },
    {
      "type": "Feature",
      "geometry": {
        "type": "Polygon",
        "coordinates": [
          [
            [
              34.7679697327,
              2.5306219899
            ],
            [
              34.7679808962,
              2.5324851889
            ],
            [
              34.7665400133,
              2.5324939247
            ],
            [
              34.7679697327,
              2.5306219899
            ]
          ]
        ]
      },
      "properties": {
        "country": "Uganda",
        "country_code": "UGA",
        "species_name": "Acacia_mearnsii",
        "genus": "Acacia",
        "species": "mearnsii",
        "suitability_name": "Moderately suitable",
        "suitability_rank": 2,
        "soil_suitability": "S4",
        "soil_type": "Lithosols",
        "soil_description": "Not differentiated",
        "site_class": null,
        "maz": "II",
        "maz_zone": null,
        "tz": "6",
        "frost_risk": null,
        "source_layer": "SWIFT_SSMT_Uganda"
      }
    },
    {
      "type": "Feature",
      "geometry": {
        "type": "Polygon",
        "coordinates": [
          [
            [
              34.7930706563,
              2.5156334875
            ],
            [
              34.7926814989,
              2.5170125271
            ],
            [
              34.7927232299,
              2.5239852634
            ],
            [
              34.7845348724,
              2.5240348759
            ],
            [
              34.7844849692,
              2.515685337
            ],
            [
              34.7783770835,
              2.5157221885
            ],
            [
              34.7816789455,
              2.5106756216
            ],
            [
              34.7831205978,
              2.5073437035
            ],
            [
              34.79273685,
              2.507285829
            ],
            [
              34.792786639,
              2.5156352034
            ],
            [
              34.7930706563,
              2.5156334875
            ]
          ]
        ]
      },
      "properties": {
        "country": "Uganda",
        "country_code": "UGA",
        "species_name": "Acacia_mearnsii",
        "genus": "Acacia",
        "species": "mearnsii",
        "suitability_name": "Moderately suitable",
        "suitability_rank": 2,
        "soil_suitability": "S4",
        "soil_type": "Lithosols",
        "soil_description": "Not differentiated",
        "site_class": null,
        "maz": "II",
        "maz_zone": null,
        "tz": "6",
        "frost_risk": null,
        "source_layer": "SWIFT_SSMT_Uganda"
      }
    },
    {
      "type": "Feature",
      "geometry": {
        "type": "Polygon",
        "coordinates": [
          [
            [
              34.7764847288,
              2.5658336204
            ],
            [
              34.7764340489,
              2.5574839251
            ],
            [
              34.7930380779,
              2.5573820453
            ],
            [
              34.793076471,
              2.563696519
            ],
            [
              34.7881171932,
              2.5657620355
            ],
            [
              34.7764847288,
              2.5658336204
            ]
          ]
        ]
      },
      "properties": {
        "country": "Uganda",
        "country_code": "UGA",
        "species_name": "Acacia_mearnsii",
        "genus": "Acacia",
        "species": "mearnsii",
        "suitability_name": "Moderately suitable",
        "suitability_rank": 2,
        "soil_suitability": "S4",
        "soil_type": "Lithosols",
        "soil_description": "Not differentiated",
        "site_class": null,
        "maz": "II",
        "maz_zone": null,
        "tz": "5",
        "frost_risk": null,
        "source_layer": "SWIFT_SSMT_Uganda"
      }
    },
    {
      "type": "Feature",
      "geometry": {
        "type": "Polygon",
        "coordinates": [
          [
            [
              34.7764340489,
              2.5574839251
            ],
            [
              34.7681317855,
              2.5575347861
            ],
            [
              34.7680813231,
              2.5491849226
            ],
            [
              34.7680310275,
              2.5408350565
            ],
            [
              34.7763331849,
              2.5407845289
            ],
            [
              34.7764340489,
              2.5574839251
            ]
          ]
        ]
      },
      "properties": {
        "country": "Uganda",
        "country_code": "UGA",
        "species_name": "Acacia_mearnsii",
        "genus": "Acacia",
        "species": "mearnsii",
        "suitability_name": "Moderately suitable",
        "suitability_rank": 2,
        "soil_suitability": "S4",
        "soil_type": "Lithosols",
        "soil_description": "Not differentiated",
        "site_class": null,
        "maz": "II",
        "maz_zone": null,
        "tz": "5",
        "frost_risk": null,
        "source_layer": "SWIFT_SSMT_Uganda"
      }
    },
    {
      "type": "Feature",
      "geometry": {
        "type": "Polygon",
        "coordinates": [
          [
            [
              34.7680310275,
              2.5408350565
            ],
            [
              34.7601905189,
              2.540882726
            ],
            [
              34.7665400133,
              2.5324939247
            ],
            [
              34.7679808962,
              2.5324851889
            ],
            [
              34.7680310275,
              2.5408350565
            ]
          ]
        ]
      },
      "properties": {
        "country": "Uganda",
        "country_code": "UGA",
        "species_name": "Acacia_mearnsii",
        "genus": "Acacia",
        "species": "mearnsii",
        "suitability_name": "Moderately suitable",
        "suitability_rank": 2,
        "soil_suitability": "S4",
        "soil_type": "Lithosols",
        "soil_description": "Not differentiated",
        "site_class": null,
        "maz": "II",
        "maz_zone": null,
        "tz": "5",
        "frost_risk": null,
        "source_layer": "SWIFT_SSMT_Uganda"
      }
    },
    {
      "type": "Feature",
      "geometry": {
        "type": "Polygon",
        "coordinates": [
          [
            [
              34.7954309794,
              2.5072696014
            ],
            [
              34.7930706563,
              2.5156334875
            ],
            [
              34.792786639,
              2.5156352034
            ],
            [
              34.79273685,
              2.507285829
            ],
            [
              34.7954309794,
              2.5072696014
            ]
          ]
        ]
      },
      "properties": {
        "country": "Uganda",
        "country_code": "UGA",
        "species_name": "Acacia_mearnsii",
        "genus": "Acacia",
        "species": "mearnsii",
        "suitability_name": "Moderately suitable",
        "suitability_rank": 2,
        "soil_suitability": "S4",
        "soil_type": "Lithosols",
        "soil_description": "Not differentiated",
        "site_class": null,
        "maz": "II",
        "maz_zone": null,
        "tz": "5",
        "frost_risk": null,
        "source_layer": "SWIFT_SSMT_Uganda"
      }
    },
    {
      "type": "Feature",
      "geometry": {
        "type": "Polygon",
        "coordinates": [
          [
            [
              34.7844174641,
              2.5043464574
            ],
            [
              34.7844352305,
              2.5073357964
            ],
            [
              34.7831205978,
              2.5073437035
            ],
            [
              34.7844174641,
              2.5043464574
            ]
          ]
        ]
      },
      "properties": {
        "country": "Uganda",
        "country_code": "UGA",
        "species_name": "Acacia_mearnsii",
        "genus": "Acacia",
        "species": "mearnsii",
        "suitability_name": "Moderately suitable",
        "suitability_rank": 2,
        "soil_suitability": "S4",
        "soil_type": "Lithosols",
        "soil_description": "Not differentiated",
        "site_class": null,
        "maz": "II",
        "maz_zone": null,
        "tz": "5",
        "frost_risk": null,
        "source_layer": "SWIFT_SSMT_Uganda"
      }
    },
    {
      "type": "Feature",
      "geometry": {
        "type": "Polygon",
        "coordinates": [
          [
            [
              34.7431736996,
              2.549336689
            ],
            [
              34.7432744728,
              2.566037409
            ],
            [
              34.7349714958,
              2.5660882236
            ],
            [
              34.7350220771,
              2.5744387455
            ],
            [
              34.7267188822,
              2.5744896713
            ],
            [
              34.7266683544,
              2.5661389836
            ],
            [
              34.718365047,
              2.5661896917
            ],
            [
              34.7183226524,
              2.5591544911
            ],
            [
              34.7265962742,
              2.5541791565
            ],
            [
              34.7266179899,
              2.5577882944
            ],
            [
              34.7349210798,
              2.5577376984
            ],
            [
              34.7348708281,
              2.5493871717
            ],
            [
              34.7431736996,
              2.549336689
            ]
          ]
        ]
      },
      "properties": {
        "country": "Uganda",
        "country_code": "UGA",
        "species_name": "Acacia_mearnsii",
        "genus": "Acacia",
        "species": "mearnsii",
        "suitability_name": "Moderately suitable",
        "suitability_rank": 2,
        "soil_suitability": "S1",
        "soil_type": "Eutrophic Soils",
        "soil_description": "On volcanic ash",
        "site_class": null,
        "maz": "III",
        "maz_zone": null,
        "tz": "5",
        "frost_risk": null,
        "source_layer": "SWIFT_SSMT_Uganda"
      }
    },
    {
      "type": "Feature",
      "geometry": {
        "type": "Polygon",
        "coordinates": [
          [
            [
              34.7562700104,
              2.5492569512
            ],
            [
              34.7431736996,
              2.549336689
            ],
            [
              34.7431073023,
              2.5382727017
            ],
            [
              34.7461872165,
              2.5326171386
            ],
            [
              34.7596786247,
              2.5325354986
            ],
            [
              34.7597287033,
              2.5408855328
            ],
            [
              34.7601905189,
              2.540882726
            ],
            [
              34.7562700104,
              2.5492569512
            ]
          ]
        ]
      },
      "properties": {
        "country": "Uganda",
        "country_code": "UGA",
        "species_name": "Acacia_mearnsii",
        "genus": "Acacia",
        "species": "mearnsii",
        "suitability_name": "Moderately suitable",
        "suitability_rank": 2,
        "soil_suitability": "S1",
        "soil_type": "Eutrophic Soils",
        "soil_description": "On volcanic ash",
        "site_class": null,
        "maz": "III",
        "maz_zone": null,
        "tz": "5",
        "frost_risk": null,
        "source_layer": "SWIFT_SSMT_Uganda"
      }
    },
    {
      "type": "Feature",
      "geometry": {
        "type": "Polygon",
        "coordinates": [
          [
            [
              34.789789692,
              2.4906041075
            ],
            [
              34.7897039833,
              2.4921289934
            ],
            [
              34.7844174641,
              2.5043464574
            ],
            [
              34.784385659,
              2.4989862534
            ],
            [
              34.7760839262,
              2.4990360015
            ],
            [
              34.776034572,
              2.49068629
            ],
            [
              34.7594307117,
              2.4907852991
            ],
            [
              34.7593327044,
              2.474085205
            ],
            [
              34.7427283883,
              2.4741833447
            ],
            [
              34.7427971376,
              2.4859347593
            ],
            [
              34.7390577566,
              2.4810461249
            ],
            [
              34.7344245793,
              2.4739917185
            ],
            [
              34.7343773787,
              2.4658817905
            ],
            [
              34.7426797332,
              2.4658329637
            ],
            [
              34.7426312452,
              2.4574825793
            ],
            [
              34.7509333841,
              2.4574338663
            ],
            [
              34.750981924,
              2.4657840845
            ],
            [
              34.7758875025,
              2.4656371424
            ],
            [
              34.775985383,
              2.482336576
            ],
            [
              34.7842870133,
              2.4822871607
            ],
            [
              34.784336253,
              2.4906367069
            ],
            [
              34.789789692,
              2.4906041075
            ]
          ]
        ]
      },
      "properties": {
        "country": "Uganda",
        "country_code": "UGA",
        "species_name": "Acacia_mearnsii",
        "genus": "Acacia",
        "species": "mearnsii",
        "suitability_name": "Moderately suitable",
        "suitability_rank": 2,
        "soil_suitability": "S1",
        "soil_type": "Eutrophic Soils",
        "soil_description": "On volcanic ash",
        "site_class": null,
        "maz": "III",
        "maz_zone": null,
        "tz": "5",
        "frost_risk": null,
        "source_layer": "SWIFT_SSMT_Uganda"
      }
    },
    {
      "type": "Feature",
      "geometry": {
        "type": "Polygon",
        "coordinates": [
          [
            [
              34.7265962742,
              2.5541791565
            ],
            [
              34.7183226524,
              2.5591544911
            ],
            [
              34.7183147359,
              2.557838836
            ],
            [
              34.7100113179,
              2.5578893258
            ],
            [
              34.7097132213,
              2.5077831603
            ],
            [
              34.7180163266,
              2.5077336612
            ],
            [
              34.717967167,
              2.4993827919
            ],
            [
              34.7262700563,
              2.499333405
            ],
            [
              34.7262210106,
              2.4909826989
            ],
            [
              34.734523683,
              2.4909334255
            ],
            [
              34.7345727806,
              2.4992839677
            ],
            [
              34.7346220434,
              2.5076345065
            ],
            [
              34.7263192671,
              2.5076841096
            ],
            [
              34.726368642,
              2.5160348126
            ],
            [
              34.7180656502,
              2.5160845289
            ],
            [
              34.7182645906,
              2.5494879796
            ],
            [
              34.7265677915,
              2.5494376019
            ],
            [
              34.7265962742,
              2.5541791565
            ]
          ]
        ]
      },
      "properties": {
        "country": "Uganda",
        "country_code": "UGA",
        "species_name": "Acacia_mearnsii",
        "genus": "Acacia",
        "species": "mearnsii",
        "suitability_name": "Moderately suitable",
        "suitability_rank": 2,
        "soil_suitability": "S1",
        "soil_type": "Ferrisols",
        "soil_description": "Humic of high altitudes",
        "site_class": null,
        "maz": "III",
        "maz_zone": null,
        "tz": "5",
        "frost_risk": null,
        "source_layer": "SWIFT_SSMT_Uganda"
      }
    },
    {
      "type": "Feature",
      "geometry": {
        "type": "Polygon",
        "coordinates": [
          [
            [
              34.7461872165,
              2.5326171386
            ],
            [
              34.7431073023,
              2.5382727017
            ],
            [
              34.7430735863,
              2.53263596
            ],
            [
              34.7461872165,
              2.5326171386
            ]
          ]
        ]
      },
      "properties": {
        "country": "Uganda",
        "country_code": "UGA",
        "species_name": "Acacia_mearnsii",
        "genus": "Acacia",
        "species": "mearnsii",
        "suitability_name": "Moderately suitable",
        "suitability_rank": 2,
        "soil_suitability": "S1",
        "soil_type": "Ferrisols",
        "soil_description": "Humic of high altitudes",
        "site_class": null,
        "maz": "III",
        "maz_zone": null,
        "tz": "5",
        "frost_risk": null,
        "source_layer": "SWIFT_SSMT_Uganda"
      }
    },
    {
      "type": "Feature",
      "geometry": {
        "type": "Polygon",
        "coordinates": [
          [
            [
              34.7427971376,
              2.4859347593
            ],
            [
              34.742826191,
              2.4908841018
            ],
            [
              34.734523683,
              2.4909334255
            ],
            [
              34.7344245793,
              2.4739917185
            ],
            [
              34.7390577566,
              2.4810461249
            ],
            [
              34.7427971376,
              2.4859347593
            ]
          ]
        ]
      },
      "properties": {
        "country": "Uganda",
        "country_code": "UGA",
        "species_name": "Acacia_mearnsii",
        "genus": "Acacia",
        "species": "mearnsii",
        "suitability_name": "Moderately suitable",
        "suitability_rank": 2,
        "soil_suitability": "S1",
        "soil_type": "Ferrisols",
        "soil_description": "Humic of high altitudes",
        "site_class": null,
        "maz": "III",
        "maz_zone": null,
        "tz": "5",
        "frost_risk": null,
        "source_layer": "SWIFT_SSMT_Uganda"
      }
    },
    {
      "type": "Feature",
      "geometry": {
        "type": "Polygon",
        "coordinates": [
          [
            [
              34.7847951736,
              2.5671449952
            ],
            [
              34.7848377781,
              2.5741320667
            ],
            [
              34.7698756026,
              2.5742243838
            ],
            [
              34.770735274,
              2.5729981528
            ],
            [
              34.7847951736,
              2.5671449952
            ]
          ]
        ]
      },
      "properties": {
        "country": "Uganda",
        "country_code": "UGA",
        "species_name": "Acacia_mearnsii",
        "genus": "Acacia",
        "species": "mearnsii",
        "suitability_name": "Moderately suitable",
        "suitability_rank": 2,
        "soil_suitability": "S2",
        "soil_type": "Ferruginous Soils",
        "soil_description": "On crystalline acid rock - freely drained",
        "site_class": null,
        "maz": "III",
        "maz_zone": null,
        "tz": "5",
        "frost_risk": null,
        "source_layer": "SWIFT_SSMT_Uganda"
      }
    },
    {
      "type": "Feature",
      "geometry": {
        "type": "Polygon",
        "coordinates": [
          [
            [
              34.809540158,
              2.5405818899
            ],
            [
              34.8095907172,
              2.5489309223
            ],
            [
              34.8015890704,
              2.5489799906
            ],
            [
              34.8017012231,
              2.5464832303
            ],
            [
              34.8012694104,
              2.5457186702
            ],
            [
              34.8010881433,
              2.5155850181
            ],
            [
              34.801038302,
              2.507235811
            ],
            [
              34.7954309794,
              2.5072696014
            ],
            [
              34.7957988694,
              2.5059660169
            ],
            [
              34.8007034617,
              2.4988883142
            ],
            [
              34.8092898617,
              2.4988366965
            ],
            [
              34.809540158,
              2.5405818899
            ]
          ]
        ]
      },
      "properties": {
        "country": "Uganda",
        "country_code": "UGA",
        "species_name": "Acacia_mearnsii",
        "genus": "Acacia",
        "species": "mearnsii",
        "suitability_name": "Moderately suitable",
        "suitability_rank": 2,
        "soil_suitability": "S2",
        "soil_type": "Ferruginous Soils",
        "soil_description": "On crystalline acid rock - freely drained",
        "site_class": null,
        "maz": "III",
        "maz_zone": null,
        "tz": "5",
        "frost_risk": null,
        "source_layer": "SWIFT_SSMT_Uganda"
      }
    },
    {
      "type": "Feature",
      "geometry": {
        "type": "Polygon",
        "coordinates": [
          [
            [
              34.7562700104,
              2.5492569512
            ],
            [
              34.7525982056,
              2.5571002229
            ],
            [
              34.7448957019,
              2.5703109135
            ],
            [
              34.7261987946,
              2.5789644444
            ],
            [
              34.7184548873,
              2.5810343995
            ],
            [
              34.7184155231,
              2.574540545
            ],
            [
              34.7101119981,
              2.5745913648
            ],
            [
              34.7100615756,
              2.5662403469
            ],
            [
              34.7017579404,
              2.5662909475
            ],
            [
              34.7017183175,
              2.5597022897
            ],
            [
              34.7027342296,
              2.5598945597
            ],
            [
              34.717238672,
              2.559806344
            ],
            [
              34.7183226524,
              2.5591544911
            ],
            [
              34.718365047,
              2.5661896917
            ],
            [
              34.7266683544,
              2.5661389836
            ],
            [
              34.7267188822,
              2.5744896713
            ],
            [
              34.7350220771,
              2.5744387455
            ],
            [
              34.7349714958,
              2.5660882236
            ],
            [
              34.7432744728,
              2.566037409
            ],
            [
              34.7431736996,
              2.549336689
            ],
            [
              34.7562700104,
              2.5492569512
            ]
          ]
        ]
      },
      "properties": {
        "country": "Uganda",
        "country_code": "UGA",
        "species_name": "Acacia_mearnsii",
        "genus": "Acacia",
        "species": "mearnsii",
        "suitability_name": "Moderately suitable",
        "suitability_rank": 2,
        "soil_suitability": "S1",
        "soil_type": "Eutrophic Soils",
        "soil_description": "On volcanic ash",
        "site_class": null,
        "maz": "III",
        "maz_zone": null,
        "tz": "4",
        "frost_risk": null,
        "source_layer": "SWIFT_SSMT_Uganda"
      }
    },
    {
      "type": "Feature",
      "geometry": {
        "type": "Polygon",
        "coordinates": [
          [
            [
              34.7892120945,
              2.4686533325
            ],
            [
              34.7906643634,
              2.4750479567
            ],
            [
              34.789789692,
              2.4906041075
            ],
            [
              34.784336253,
              2.4906367069
            ],
            [
              34.7842870133,
              2.4822871607
            ],
            [
              34.775985383,
              2.482336576
            ],
            [
              34.7758875025,
              2.4656371424
            ],
            [
              34.7865831289,
              2.4655738952
            ],
            [
              34.7892120945,
              2.4686533325
            ]
          ]
        ]
      },
      "properties": {
        "country": "Uganda",
        "country_code": "UGA",
        "species_name": "Acacia_mearnsii",
        "genus": "Acacia",
        "species": "mearnsii",
        "suitability_name": "Moderately suitable",
        "suitability_rank": 2,
        "soil_suitability": "S1",
        "soil_type": "Eutrophic Soils",
        "soil_description": "On volcanic ash",
        "site_class": null,
        "maz": "III",
        "maz_zone": null,
        "tz": "4",
        "frost_risk": null,
        "source_layer": "SWIFT_SSMT_Uganda"
      }
    },
    {
      "type": "Feature",
      "geometry": {
        "type": "Polygon",
        "coordinates": [
          [
            [
              34.7343773787,
              2.4658817905
            ],
            [
              34.7344245793,
              2.4739917185
            ],
            [
              34.7297104907,
              2.4659092146
            ],
            [
              34.7343773787,
              2.4658817905
            ]
          ]
        ]
      },
      "properties": {
        "country": "Uganda",
        "country_code": "UGA",
        "species_name": "Acacia_mearnsii",
        "genus": "Acacia",
        "species": "mearnsii",
        "suitability_name": "Moderately suitable",
        "suitability_rank": 2,
        "soil_suitability": "S1",
        "soil_type": "Eutrophic Soils",
        "soil_description": "On volcanic ash",
        "site_class": null,
        "maz": "III",
        "maz_zone": null,
        "tz": "4",
        "frost_risk": null,
        "source_layer": "SWIFT_SSMT_Uganda"
      }
    },
    {
      "type": "Feature",
      "geometry": {
        "type": "Polygon",
        "coordinates": [
          [
            [
              34.7509333841,
              2.4574338663
            ],
            [
              34.7758388101,
              2.4572874236
            ],
            [
              34.7758875025,
              2.4656371424
            ],
            [
              34.750981924,
              2.4657840845
            ],
            [
              34.7509333841,
              2.4574338663
            ]
          ]
        ]
      },
      "properties": {
        "country": "Uganda",
        "country_code": "UGA",
        "species_name": "Acacia_mearnsii",
        "genus": "Acacia",
        "species": "mearnsii",
        "suitability_name": "Moderately suitable",
        "suitability_rank": 2,
        "soil_suitability": "S1",
        "soil_type": "Eutrophic Soils",
        "soil_description": "On volcanic ash",
        "site_class": null,
        "maz": "III",
        "maz_zone": null,
        "tz": "4",
        "frost_risk": null,
        "source_layer": "SWIFT_SSMT_Uganda"
      }
    },
    {
      "type": "Feature",
      "geometry": {
        "type": "Polygon",
        "coordinates": [
          [
            [
              34.7426312452,
              2.4574825793
            ],
            [
              34.7426797332,
              2.4658329637
            ],
            [
              34.7343773787,
              2.4658817905
            ],
            [
              34.734328941,
              2.4575312411
            ],
            [
              34.7426312452,
              2.4574825793
            ]
          ]
        ]
      },
      "properties": {
        "country": "Uganda",
        "country_code": "UGA",
        "species_name": "Acacia_mearnsii",
        "genus": "Acacia",
        "species": "mearnsii",
        "suitability_name": "Moderately suitable",
        "suitability_rank": 2,
        "soil_suitability": "S1",
        "soil_type": "Eutrophic Soils",
        "soil_description": "On volcanic ash",
        "site_class": null,
        "maz": "III",
        "maz_zone": null,
        "tz": "4",
        "frost_risk": null,
        "source_layer": "SWIFT_SSMT_Uganda"
      }
    },
    {
      "type": "Feature",
      "geometry": {
        "type": "Polygon",
        "coordinates": [
          [
            [
              34.7426312452,
              2.4574825793
            ],
            [
              34.7425829209,
              2.4491321934
            ],
            [
              34.7508850097,
              2.4490836473
            ],
            [
              34.7509333841,
              2.4574338663
            ],
            [
              34.7426312452,
              2.4574825793
            ]
          ]
        ]
      },
      "properties": {
        "country": "Uganda",
        "country_code": "UGA",
        "species_name": "Acacia_mearnsii",
        "genus": "Acacia",
        "species": "mearnsii",
        "suitability_name": "Moderately suitable",
        "suitability_rank": 2,
        "soil_suitability": "S1",
        "soil_type": "Eutrophic Soils",
        "soil_description": "On volcanic ash",
        "site_class": null,
        "maz": "III",
        "maz_zone": null,
        "tz": "4",
        "frost_risk": null,
        "source_layer": "SWIFT_SSMT_Uganda"
      }
    },
    {
      "type": "Feature",
      "geometry": {
        "type": "Polygon",
        "coordinates": [
          [
            [
              34.7183226524,
              2.5591544911
            ],
            [
              34.717238672,
              2.559806344
            ],
            [
              34.7027342296,
              2.5598945597
            ],
            [
              34.7017183175,
              2.5597022897
            ],
            [
              34.7017077351,
              2.5579397629
            ],
            [
              34.6934039878,
              2.5579901455
            ],
            [
              34.6933041752,
              2.5412874399
            ],
            [
              34.7016078172,
              2.5412373855
            ],
            [
              34.7015085566,
              2.5245350011
            ],
            [
              34.6932050191,
              2.5245847254
            ],
            [
              34.6930086734,
              2.4911792725
            ],
            [
              34.7013120039,
              2.4911302066
            ],
            [
              34.7012632757,
              2.4827790027
            ],
            [
              34.7095663909,
              2.4827300499
            ],
            [
              34.7095177765,
              2.4743790087
            ],
            [
              34.7261234115,
              2.4742812801
            ],
            [
              34.72607486,
              2.4659305666
            ],
            [
              34.7297104907,
              2.4659092146
            ],
            [
              34.7344245793,
              2.4739917185
            ],
            [
              34.734523683,
              2.4909334255
            ],
            [
              34.7262210106,
              2.4909826989
            ],
            [
              34.7262700563,
              2.499333405
            ],
            [
              34.717967167,
              2.4993827919
            ],
            [
              34.7180163266,
              2.5077336612
            ],
            [
              34.7097132213,
              2.5077831603
            ],
            [
              34.7100113179,
              2.5578893258
            ],
            [
              34.7183147359,
              2.557838836
            ],
            [
              34.7183226524,
              2.5591544911
            ]
          ]
        ]
      },
      "properties": {
        "country": "Uganda",
        "country_code": "UGA",
        "species_name": "Acacia_mearnsii",
        "genus": "Acacia",
        "species": "mearnsii",
        "suitability_name": "Moderately suitable",
        "suitability_rank": 2,
        "soil_suitability": "S1",
        "soil_type": "Ferrisols",
        "soil_description": "Humic of high altitudes",
        "site_class": null,
        "maz": "III",
        "maz_zone": null,
        "tz": "4",
        "frost_risk": null,
        "source_layer": "SWIFT_SSMT_Uganda"
      }
    },
    {
      "type": "Feature",
      "geometry": {
        "type": "Polygon",
        "coordinates": [
          [
            [
              34.7921372351,
              2.4655410164
            ],
            [
              34.7892120945,
              2.4686533325
            ],
            [
              34.7865831289,
              2.4655738952
            ],
            [
              34.7921372351,
              2.4655410164
            ]
          ]
        ]
      },
      "properties": {
        "country": "Uganda",
        "country_code": "UGA",
        "species_name": "Acacia_mearnsii",
        "genus": "Acacia",
        "species": "mearnsii",
        "suitability_name": "Moderately suitable",
        "suitability_rank": 2,
        "soil_suitability": "S2",
        "soil_type": "Ferruginous Soils",
        "soil_description": "On crystalline acid rock - freely drained",
        "site_class": null,
        "maz": "III",
        "maz_zone": null,
        "tz": "4",
        "frost_risk": null,
        "source_layer": "SWIFT_SSMT_Uganda"
      }
    },
    {
      "type": "Feature",
      "geometry": {
        "type": "Polygon",
        "coordinates": [
          [
            [
              34.7848377781,
              2.5741320667
            ],
            [
              34.7848888431,
              2.5824815911
            ],
            [
              34.7765865864,
              2.5825330045
            ],
            [
              34.776637764,
              2.5908826933
            ],
            [
              34.7611319974,
              2.5909788789
            ],
            [
              34.7637215748,
              2.583002592
            ],
            [
              34.7698756026,
              2.5742243838
            ],
            [
              34.7848377781,
              2.5741320667
            ]
          ]
        ]
      },
      "properties": {
        "country": "Uganda",
        "country_code": "UGA",
        "species_name": "Acacia_mearnsii",
        "genus": "Acacia",
        "species": "mearnsii",
        "suitability_name": "Moderately suitable",
        "suitability_rank": 2,
        "soil_suitability": "S2",
        "soil_type": "Ferruginous Soils",
        "soil_description": "On crystalline acid rock - freely drained",
        "site_class": null,
        "maz": "III",
        "maz_zone": null,
        "tz": "4",
        "frost_risk": null,
        "source_layer": "SWIFT_SSMT_Uganda"
      }
    },
    {
      "type": "Feature",
      "geometry": {
        "type": "Polygon",
        "coordinates": [
          [
            [
              34.8259916568,
              2.5154341487
            ],
            [
              34.8176906523,
              2.5154844908
            ],
            [
              34.8178414863,
              2.5405310993
            ],
            [
              34.809540158,
              2.5405818899
            ],
            [
              34.8092898617,
              2.4988366965
            ],
            [
              34.8007034617,
              2.4988883142
            ],
            [
              34.8042151998,
              2.493820704
            ],
            [
              34.8092244456,
              2.4878106195
            ],
            [
              34.8092403011,
              2.4904876518
            ],
            [
              34.8175413184,
              2.4904378624
            ],
            [
              34.8175909299,
              2.4987867413
            ],
            [
              34.8258918321,
              2.4987367339
            ],
            [
              34.8259916568,
              2.5154341487
            ]
          ]
        ]
      },
      "properties": {
        "country": "Uganda",
        "country_code": "UGA",
        "species_name": "Acacia_mearnsii",
        "genus": "Acacia",
        "species": "mearnsii",
        "suitability_name": "Moderately suitable",
        "suitability_rank": 2,
        "soil_suitability": "S2",
        "soil_type": "Ferruginous Soils",
        "soil_description": "On crystalline acid rock - freely drained",
        "site_class": null,
        "maz": "III",
        "maz_zone": null,
        "tz": "4",
        "frost_risk": null,
        "source_layer": "SWIFT_SSMT_Uganda"
      }
    },
    {
      "type": "Feature",
      "geometry": {
        "type": "Polygon",
        "coordinates": [
          [
            [
              34.3336154228,
              2.0611374069
            ],
            [
              34.339591481,
              2.0669374893
            ],
            [
              34.3336422771,
              2.0669652867
            ],
            [
              34.3336154228,
              2.0611374069
            ]
          ]
        ]
      },
      "properties": {
        "country": "Uganda",
        "country_code": "UGA",
        "species_name": "Acacia_mearnsii",
        "genus": "Acacia",
        "species": "mearnsii",
        "suitability_name": "Moderately suitable",
        "suitability_rank": 2,
        "soil_suitability": "S1",
        "soil_type": "Eutrophic Soils",
        "soil_description": "On volcanic ash",
        "site_class": null,
        "maz": "III",
        "maz_zone": null,
        "tz": "4",
        "frost_risk": null,
        "source_layer": "SWIFT_SSMT_Uganda"
      }
    },
    {
      "type": "Feature",
      "geometry": {
        "type": "Polygon",
        "coordinates": [
          [
            [
              34.8172563763,
              1.8308568987
            ],
            [
              34.8153988056,
              1.8340665642
            ],
            [
              34.8141782097,
              1.8378058419
            ],
            [
              34.8141479301,
              1.8308706166
            ],
            [
              34.8172563763,
              1.8308568987
            ]
          ]
        ]
      },
      "properties": {
        "country": "Uganda",
        "country_code": "UGA",
        "species_name": "Acacia_mearnsii",
        "genus": "Acacia",
        "species": "mearnsii",
        "suitability_name": "Moderately suitable",
        "suitability_rank": 2,
        "soil_suitability": "S1",
        "soil_type": "Eutrophic Soils",
        "soil_description": "On volcanic ash",
        "site_class": null,
        "maz": "III",
        "maz_zone": null,
        "tz": "5",
        "frost_risk": null,
        "source_layer": "SWIFT_SSMT_Uganda"
      }
    },
    {
      "type": "Feature",
      "geometry": {
        "type": "Polygon",
        "coordinates": [
          [
            [
              34.8234000856,
              1.7974338007
            ],
            [
              34.8238231247,
              1.8141299305
            ],
            [
              34.8223727539,
              1.8141362796
            ],
            [
              34.8223009065,
              1.7974385675
            ],
            [
              34.8234000856,
              1.7974338007
            ]
          ]
        ]
      },
      "properties": {
        "country": "Uganda",
        "country_code": "UGA",
        "species_name": "Acacia_mearnsii",
        "genus": "Acacia",
        "species": "mearnsii",
        "suitability_name": "Moderately suitable",
        "suitability_rank": 2,
        "soil_suitability": "S1",
        "soil_type": "Eutrophic Soils",
        "soil_description": "On volcanic ash",
        "site_class": null,
        "maz": "III",
        "maz_zone": null,
        "tz": "5",
        "frost_risk": null,
        "source_layer": "SWIFT_SSMT_Uganda"
      }
    },
    {
      "type": "Feature",
      "geometry": {
        "type": "Polygon",
        "coordinates": [
          [
            [
              34.8267000237,
              1.8642109024
            ],
            [
              34.8225922884,
              1.8642293809
            ],
            [
              34.8226294596,
              1.8725782267
            ],
            [
              34.789438353,
              1.8727278582
            ],
            [
              34.7894013351,
              1.8643783451
            ],
            [
              34.764506379,
              1.8644896632
            ],
            [
              34.7644358544,
              1.8484264869
            ],
            [
              34.776140773,
              1.8493766215
            ],
            [
              34.781033302,
              1.8485338183
            ],
            [
              34.7810663679,
              1.8560658095
            ],
            [
              34.8142578321,
              1.8559176674
            ],
            [
              34.8142157589,
              1.8463692733
            ],
            [
              34.8145760931,
              1.8480022615
            ],
            [
              34.8202151649,
              1.8574626654
            ],
            [
              34.8267000237,
              1.8642109024
            ]
          ]
        ]
      },
      "properties": {
        "country": "Uganda",
        "country_code": "UGA",
        "species_name": "Acacia_mearnsii",
        "genus": "Acacia",
        "species": "mearnsii",
        "suitability_name": "Moderately suitable",
        "suitability_rank": 2,
        "soil_suitability": "S3",
        "soil_type": "Ferruginous Soils",
        "soil_description": "On crystalline acid rock-Complex with Black clays",
        "site_class": null,
        "maz": "III",
        "maz_zone": null,
        "tz": "4",
        "frost_risk": null,
        "source_layer": "SWIFT_SSMT_Uganda"
      }
    },
    {
      "type": "Feature",
      "geometry": {
        "type": "Polygon",
        "coordinates": [
          [
            [
              34.756129829,
              1.846756504
            ],
            [
              34.7589489106,
              1.8478138915
            ],
            [
              34.7561344974,
              1.8478263314
            ],
            [
              34.756129829,
              1.846756504
            ]
          ]
        ]
      },
      "properties": {
        "country": "Uganda",
        "country_code": "UGA",
        "species_name": "Acacia_mearnsii",
        "genus": "Acacia",
        "species": "mearnsii",
        "suitability_name": "Moderately suitable",
        "suitability_rank": 2,
        "soil_suitability": "S3",
        "soil_type": "Ferruginous Soils",
        "soil_description": "On crystalline acid rock-Complex with Black clays",
        "site_class": null,
        "maz": "III",
        "maz_zone": null,
        "tz": "4",
        "frost_risk": null,
        "source_layer": "SWIFT_SSMT_Uganda"
      }
    },
    {
      "type": "Feature",
      "geometry": {
        "type": "Polygon",
        "coordinates": [
          [
            [
              34.6745320817,
              1.8147772646
            ],
            [
              34.6875778992,
              1.8106269761
            ],
            [
              34.7008186685,
              1.8146641842
            ],
            [
              34.6745320817,
              1.8147772646
            ]
          ]
        ]
      },
      "properties": {
        "country": "Uganda",
        "country_code": "UGA",
        "species_name": "Acacia_mearnsii",
        "genus": "Acacia",
        "species": "mearnsii",
        "suitability_name": "Moderately suitable",
        "suitability_rank": 2,
        "soil_suitability": "S3",
        "soil_type": "Ferruginous Soils",
        "soil_description": "On crystalline acid rock-Complex with Black clays",
        "site_class": null,
        "maz": "III",
        "maz_zone": null,
        "tz": "4",
        "frost_risk": null,
        "source_layer": "SWIFT_SSMT_Uganda"
      }
    },
    {
      "type": "Feature",
      "geometry": {
        "type": "Polygon",
        "coordinates": [
          [
            [
              34.781033302,
              1.8485338183
            ],
            [
              34.776140773,
              1.8493766215
            ],
            [
              34.7644358544,
              1.8484264869
            ],
            [
              34.764433071,
              1.8477896363
            ],
            [
              34.7589489106,
              1.8478138915
            ],
            [
              34.756129829,
              1.846756504
            ],
            [
              34.7560619255,
              1.8311259672
            ],
            [
              34.7477632643,
              1.8311622933
            ],
            [
              34.7477272617,
              1.8228119432
            ],
            [
              34.7311295204,
              1.822884152
            ],
            [
              34.7310937579,
              1.8145334694
            ],
            [
              34.7008186685,
              1.8146641842
            ],
            [
              34.6875778992,
              1.8106269761
            ],
            [
              34.6745320817,
              1.8147772646
            ],
            [
              34.6480955773,
              1.8148906023
            ],
            [
              34.647990394,
              1.7898336097
            ],
            [
              34.6562908362,
              1.7897985565
            ],
            [
              34.6562720012,
              1.7852794567
            ],
            [
              34.6645743608,
              1.7857484563
            ],
            [
              34.6646612227,
              1.8064674743
            ],
            [
              34.6895613024,
              1.8063609974
            ],
            [
              34.6895260556,
              1.7980094863
            ],
            [
              34.697825718,
              1.7979740832
            ],
            [
              34.6978610016,
              1.8063254286
            ],
            [
              34.7144599096,
              1.8062541808
            ],
            [
              34.7144252537,
              1.798069338
            ],
            [
              34.7197114171,
              1.8001707804
            ],
            [
              34.7310546243,
              1.8053510949
            ],
            [
              34.731058161,
              1.806182784
            ],
            [
              34.7328588278,
              1.8061750297
            ],
            [
              34.7393698287,
              1.8091483817
            ],
            [
              34.7393926749,
              1.814497548
            ],
            [
              34.7507370468,
              1.8144483846
            ],
            [
              34.7533671254,
              1.815679866
            ],
            [
              34.755995008,
              1.8155906719
            ],
            [
              34.7560258866,
              1.8227757823
            ],
            [
              34.7643243453,
              1.8227395831
            ],
            [
              34.7643604223,
              1.8310896018
            ],
            [
              34.7726587537,
              1.8310531998
            ],
            [
              34.7726950336,
              1.8394030511
            ],
            [
              34.7809932376,
              1.8393664431
            ],
            [
              34.781033302,
              1.8485338183
            ]
          ]
        ]
      },
      "properties": {
        "country": "Uganda",
        "country_code": "UGA",
        "species_name": "Acacia_mearnsii",
        "genus": "Acacia",
        "species": "mearnsii",
        "suitability_name": "Moderately suitable",
        "suitability_rank": 2,
        "soil_suitability": "S1",
        "soil_type": "Eutrophic Soils",
        "soil_description": "On volcanic ash",
        "site_class": null,
        "maz": "III",
        "maz_zone": null,
        "tz": "4",
        "frost_risk": null,
        "source_layer": "SWIFT_SSMT_Uganda"
      }
    },
    {
      "type": "Feature",
      "geometry": {
        "type": "Polygon",
        "coordinates": [
          [
            [
              34.8238231247,
              1.8141299305
            ],
            [
              34.8238618724,
              1.8156510858
            ],
            [
              34.8223994371,
              1.820298655
            ],
            [
              34.8223727539,
              1.8141362796
            ],
            [
              34.8238231247,
              1.8141299305
            ]
          ]
        ]
      },
      "properties": {
        "country": "Uganda",
        "country_code": "UGA",
        "species_name": "Acacia_mearnsii",
        "genus": "Acacia",
        "species": "mearnsii",
        "suitability_name": "Moderately suitable",
        "suitability_rank": 2,
        "soil_suitability": "S1",
        "soil_type": "Eutrophic Soils",
        "soil_description": "On volcanic ash",
        "site_class": null,
        "maz": "III",
        "maz_zone": null,
        "tz": "4",
        "frost_risk": null,
        "source_layer": "SWIFT_SSMT_Uganda"
      }
    },
    {
      "type": "Feature",
      "geometry": {
        "type": "Polygon",
        "coordinates": [
          [
            [
              34.8203847826,
              1.7723997242
            ],
            [
              34.8210344404,
              1.7744608082
            ],
            [
              34.8231518167,
              1.7874942449
            ],
            [
              34.8234000856,
              1.7974338007
            ],
            [
              34.8223009065,
              1.7974385675
            ],
            [
              34.8222652324,
              1.7890897091
            ],
            [
              34.7890756324,
              1.7892326643
            ],
            [
              34.7890402719,
              1.7808831368
            ],
            [
              34.7807424944,
              1.7809186168
            ],
            [
              34.7807073351,
              1.7725689216
            ],
            [
              34.7558131193,
              1.7726746412
            ],
            [
              34.7557782346,
              1.7643244467
            ],
            [
              34.7474798697,
              1.7643594471
            ],
            [
              34.7474451869,
              1.7560090846
            ],
            [
              34.7473562743,
              1.7344180644
            ],
            [
              34.7513722107,
              1.7418493406
            ],
            [
              34.7590530256,
              1.7468572644
            ],
            [
              34.7640108438,
              1.7484972103
            ],
            [
              34.7640416808,
              1.7559393781
            ],
            [
              34.7723396802,
              1.7559044701
            ],
            [
              34.7723744712,
              1.7642543349
            ],
            [
              34.7889700472,
              1.7641840779
            ],
            [
              34.7890050766,
              1.7725336074
            ],
            [
              34.8203847826,
              1.7723997242
            ]
          ]
        ]
      },
      "properties": {
        "country": "Uganda",
        "country_code": "UGA",
        "species_name": "Acacia_mearnsii",
        "genus": "Acacia",
        "species": "mearnsii",
        "suitability_name": "Moderately suitable",
        "suitability_rank": 2,
        "soil_suitability": "S1",
        "soil_type": "Eutrophic Soils",
        "soil_description": "On volcanic ash",
        "site_class": null,
        "maz": "III",
        "maz_zone": null,
        "tz": "4",
        "frost_risk": null,
        "source_layer": "SWIFT_SSMT_Uganda"
      }
    },
    {
      "type": "Feature",
      "geometry": {
        "type": "Polygon",
        "coordinates": [
          [
            [
              34.7475435156,
              1.730957156
            ],
            [
              34.7473498569,
              1.7328493998
            ],
            [
              34.7473421269,
              1.7309579892
            ],
            [
              34.7475435156,
              1.730957156
            ]
          ]
        ]
      },
      "properties": {
        "country": "Uganda",
        "country_code": "UGA",
        "species_name": "Acacia_mearnsii",
        "genus": "Acacia",
        "species": "mearnsii",
        "suitability_name": "Moderately suitable",
        "suitability_rank": 2,
        "soil_suitability": "S1",
        "soil_type": "Eutrophic Soils",
        "soil_description": "On volcanic ash",
        "site_class": null,
        "maz": "III",
        "maz_zone": null,
        "tz": "4",
        "frost_risk": null,
        "source_layer": "SWIFT_SSMT_Uganda"
      }
    },
    {
      "type": "Feature",
      "geometry": {
        "type": "Polygon",
        "coordinates": [
          [
            [
              34.763848291,
              1.7087306437
            ],
            [
              34.7547711585,
              1.7142265302
            ],
            [
              34.7389759295,
              1.7142912226
            ],
            [
              34.7389422707,
              1.7059406855
            ],
            [
              34.7306438252,
              1.705974455
            ],
            [
              34.7306774492,
              1.7143251578
            ],
            [
              34.7140799957,
              1.7143929215
            ],
            [
              34.7140464419,
              1.7060418898
            ],
            [
              34.6931299661,
              1.7061266659
            ],
            [
              34.6888896954,
              1.6996059437
            ],
            [
              34.686337885,
              1.6978024291
            ],
            [
              34.7057141506,
              1.6977243544
            ],
            [
              34.7056809606,
              1.6893731555
            ],
            [
              34.7222785313,
              1.6893064521
            ],
            [
              34.7223117918,
              1.6976573224
            ],
            [
              34.7472070213,
              1.6975565078
            ],
            [
              34.7472405515,
              1.7059068811
            ],
            [
              34.7638366177,
              1.7058391643
            ],
            [
              34.763848291,
              1.7087306437
            ]
          ]
        ]
      },
      "properties": {
        "country": "Uganda",
        "country_code": "UGA",
        "species_name": "Acacia_mearnsii",
        "genus": "Acacia",
        "species": "mearnsii",
        "suitability_name": "Moderately suitable",
        "suitability_rank": 2,
        "soil_suitability": "S1",
        "soil_type": "Eutrophic Soils",
        "soil_description": "On volcanic ash",
        "site_class": null,
        "maz": "III",
        "maz_zone": null,
        "tz": "4",
        "frost_risk": null,
        "source_layer": "SWIFT_SSMT_Uganda"
      }
    },
    {
      "type": "Feature",
      "geometry": {
        "type": "Polygon",
        "coordinates": [
          [
            [
              34.7938715767,
              1.3717336654
            ],
            [
              34.80636,
              1.3832499996
            ],
            [
              34.8065,
              1.3838300004
            ],
            [
              34.8062299996,
              1.3878500003
            ],
            [
              34.8049399995,
              1.39229
            ],
            [
              34.8030936372,
              1.3967513387
            ],
            [
              34.7958888071,
              1.3967755524
            ],
            [
              34.7958337591,
              1.3800767063
            ],
            [
              34.779241491,
              1.3801317197
            ],
            [
              34.7792142715,
              1.3717819618
            ],
            [
              34.7938715767,
              1.3717336654
            ]
          ]
        ]
      },
      "properties": {
        "country": "Uganda",
        "country_code": "UGA",
        "species_name": "Acacia_mearnsii",
        "genus": "Acacia",
        "species": "mearnsii",
        "suitability_name": "Moderately suitable",
        "suitability_rank": 2,
        "soil_suitability": "S3",
        "soil_type": "Ferruginous Soils",
        "soil_description": "On crystalline acid rock-Complex with Black clays",
        "site_class": null,
        "maz": "III",
        "maz_zone": null,
        "tz": "4",
        "frost_risk": null,
        "source_layer": "SWIFT_SSMT_Uganda"
      }
    },
    {
      "type": "Feature",
      "geometry": {
        "type": "Polygon",
        "coordinates": [
          [
            [
              34.7791872185,
              1.3634322036
            ],
            [
              34.7792142715,
              1.3717819618
            ],
            [
              34.7543247161,
              1.3718637682
            ],
            [
              34.7542977464,
              1.363513512
            ],
            [
              34.7460009254,
              1.3635405576
            ],
            [
              34.7459741496,
              1.3551901344
            ],
            [
              34.7625675699,
              1.3551363453
            ],
            [
              34.7625944024,
              1.3634864374
            ],
            [
              34.7791872185,
              1.3634322036
            ]
          ]
        ]
      },
      "properties": {
        "country": "Uganda",
        "country_code": "UGA",
        "species_name": "Acacia_mearnsii",
        "genus": "Acacia",
        "species": "mearnsii",
        "suitability_name": "Moderately suitable",
        "suitability_rank": 2,
        "soil_suitability": "S3",
        "soil_type": "Ferruginous Soils",
        "soil_description": "On crystalline acid rock-Complex with Black clays",
        "site_class": null,
        "maz": "III",
        "maz_zone": null,
        "tz": "4",
        "frost_risk": null,
        "source_layer": "SWIFT_SSMT_Uganda"
      }
    },
    {
      "type": "Feature",
      "geometry": {
        "type": "Polygon",
        "coordinates": [
          [
            [
              34.8288851042,
              1.2812765659
            ],
            [
              34.8289200006,
              1.2825900002
            ],
            [
              34.8286700004,
              1.285300001
            ],
            [
              34.8285599995,
              1.2861500003
            ],
            [
              34.8283800009,
              1.2865099994
            ],
            [
              34.8283799996,
              1.2873100001
            ],
            [
              34.828560001,
              1.2877900008
            ],
            [
              34.8284300008,
              1.2891300001
            ],
            [
              34.8285400002,
              1.292
            ],
            [
              34.8282700005,
              1.293740001
            ],
            [
              34.8285300002,
              1.2950099999
            ],
            [
              34.8282200013,
              1.29661
            ],
            [
              34.8291400002,
              1.2995500008
            ],
            [
              34.82976,
              1.3010600003
            ],
            [
              34.8297,
              1.3019499996
            ],
            [
              34.8300700004,
              1.3036299991
            ],
            [
              34.8299700005,
              1.3043300001
            ],
            [
              34.8293900008,
              1.3060699999
            ],
            [
              34.8290700005,
              1.3097299997
            ],
            [
              34.8286400003,
              1.3105
            ],
            [
              34.8275099996,
              1.3117
            ],
            [
              34.8258100001,
              1.3139199996
            ],
            [
              34.8253700007,
              1.3146900003
            ],
            [
              34.8235,
              1.3164099996
            ],
            [
              34.8205800002,
              1.3198400002
            ],
            [
              34.8167400001,
              1.3258899998
            ],
            [
              34.8149100006,
              1.3278800002
            ],
            [
              34.8133,
              1.33004
            ],
            [
              34.8109700003,
              1.3325299995
            ],
            [
              34.809950001,
              1.3340899999
            ],
            [
              34.8087200004,
              1.3354400004
            ],
            [
              34.80742,
              1.337700001
            ],
            [
              34.8056599997,
              1.3399099992
            ],
            [
              34.8039200007,
              1.343
            ],
            [
              34.8022699995,
              1.3451600002
            ],
            [
              34.7981200006,
              1.3519500005
            ],
            [
              34.7957534179,
              1.3553357236
            ],
            [
              34.795725651,
              1.3466790033
            ],
            [
              34.7874297117,
              1.3467058569
            ],
            [
              34.7874031262,
              1.3383562618
            ],
            [
              34.7791070486,
              1.3383829219
            ],
            [
              34.7790806562,
              1.3300331589
            ],
            [
              34.7790529733,
              1.3212180496
            ],
            [
              34.7833114357,
              1.3193651916
            ],
            [
              34.8047761617,
              1.3077362348
            ],
            [
              34.8150448547,
              1.2949576002
            ],
            [
              34.8229693168,
              1.286040264
            ],
            [
              34.8288851042,
              1.2812765659
            ]
          ]
        ]
      },
      "properties": {
        "country": "Uganda",
        "country_code": "UGA",
        "species_name": "Acacia_mearnsii",
        "genus": "Acacia",
        "species": "mearnsii",
        "suitability_name": "Moderately suitable",
        "suitability_rank": 2,
        "soil_suitability": "S3",
        "soil_type": "Ferruginous Soils",
        "soil_description": "On crystalline acid rock-Complex with Black clays",
        "site_class": null,
        "maz": "III",
        "maz_zone": null,
        "tz": "4",
        "frost_risk": null,
        "source_layer": "SWIFT_SSMT_Uganda"
      }
    },
    {
      "type": "Feature",
      "geometry": {
        "type": "Polygon",
        "coordinates": [
          [
            [
              34.8288851042,
              1.2812765659
            ],
            [
              34.8229693168,
              1.286040264
            ],
            [
              34.8150448547,
              1.2949576002
            ],
            [
              34.8047761617,
              1.3077362348
            ],
            [
              34.7833114357,
              1.3193651916
            ],
            [
              34.7790529733,
              1.3212180496
            ],
            [
              34.7790024713,
              1.3049838645
            ],
            [
              34.7707063373,
              1.3050098312
            ],
            [
              34.7706076602,
              1.2726562342
            ],
            [
              34.772523396,
              1.2716042413
            ],
            [
              34.7789005385,
              1.2715847895
            ],
            [
              34.7788874431,
              1.2672300743
            ],
            [
              34.7866689952,
              1.261547723
            ],
            [
              34.792967789,
              1.2548426931
            ],
            [
              34.7954420182,
              1.2548352267
            ],
            [
              34.7954342277,
              1.2522172265
            ],
            [
              34.798119284,
              1.2493590775
            ],
            [
              34.8001555716,
              1.2464715771
            ],
            [
              34.803712682,
              1.2464609048
            ],
            [
              34.8036978632,
              1.2414486119
            ],
            [
              34.8078925924,
              1.2365622943
            ],
            [
              34.8083800004,
              1.2376299993
            ],
            [
              34.8114199996,
              1.2407599997
            ],
            [
              34.8106800002,
              1.2428199994
            ],
            [
              34.8133100008,
              1.2484199991
            ],
            [
              34.8150299994,
              1.2484199995
            ],
            [
              34.8165,
              1.2500599999
            ],
            [
              34.8173400008,
              1.2504300003
            ],
            [
              34.8178700004,
              1.2503
            ],
            [
              34.8183900004,
              1.2505899997
            ],
            [
              34.8183900001,
              1.2511900007
            ],
            [
              34.8177700005,
              1.2521700001
            ],
            [
              34.8181400002,
              1.2547200002
            ],
            [
              34.8177700005,
              1.2556400002
            ],
            [
              34.8179200006,
              1.2564
            ],
            [
              34.8182700003,
              1.2569
            ],
            [
              34.8182099997,
              1.2577299993
            ],
            [
              34.8189500001,
              1.2584399996
            ],
            [
              34.8189599995,
              1.2607
            ],
            [
              34.8198500002,
              1.2628899999
            ],
            [
              34.8209299999,
              1.2633500003
            ],
            [
              34.8225500007,
              1.2637800001
            ],
            [
              34.8234500003,
              1.2642800002
            ],
            [
              34.82484,
              1.2645199997
            ],
            [
              34.825260001,
              1.2656100002
            ],
            [
              34.8262499996,
              1.2661300002
            ],
            [
              34.8268899999,
              1.26615
            ],
            [
              34.8275700001,
              1.2669100002
            ],
            [
              34.8284299997,
              1.2672699993
            ],
            [
              34.8286500004,
              1.2681300006
            ],
            [
              34.8292900003,
              1.2681299999
            ],
            [
              34.8296900004,
              1.2684799999
            ],
            [
              34.8302499999,
              1.2686400001
            ],
            [
              34.8307799998,
              1.2692200001
            ],
            [
              34.8305599998,
              1.2700900002
            ],
            [
              34.8306200006,
              1.2703899996
            ],
            [
              34.8313700006,
              1.2707100001
            ],
            [
              34.8314800003,
              1.2710299999
            ],
            [
              34.8311300009,
              1.2713799995
            ],
            [
              34.8310599995,
              1.2718199999
            ],
            [
              34.83043,
              1.2723599996
            ],
            [
              34.8304200001,
              1.27285
            ],
            [
              34.8300000012,
              1.2739399995
            ],
            [
              34.8293499999,
              1.2743
            ],
            [
              34.829,
              1.2748899998
            ],
            [
              34.8293,
              1.2762700001
            ],
            [
              34.8291899998,
              1.2765900002
            ],
            [
              34.8292,
              1.2795199998
            ],
            [
              34.8289100001,
              1.2805199998
            ],
            [
              34.8288851042,
              1.2812765659
            ]
          ]
        ]
      },
      "properties": {
        "country": "Uganda",
        "country_code": "UGA",
        "species_name": "Acacia_mearnsii",
        "genus": "Acacia",
        "species": "mearnsii",
        "suitability_name": "Moderately suitable",
        "suitability_rank": 2,
        "soil_suitability": "S1",
        "soil_type": "Eutrophic Soils",
        "soil_description": "On volcanic ash",
        "site_class": null,
        "maz": "III",
        "maz_zone": null,
        "tz": "4",
        "frost_risk": null,
        "source_layer": "SWIFT_SSMT_Uganda"
      }
    },
    {
      "type": "Feature",
      "geometry": {
        "type": "Polygon",
        "coordinates": [
          [
            [
              34.772523396,
              1.2716042413
            ],
            [
              34.7706076602,
              1.2726562342
            ],
            [
              34.7706045108,
              1.2716100912
            ],
            [
              34.772523396,
              1.2716042413
            ]
          ]
        ]
      },
      "properties": {
        "country": "Uganda",
        "country_code": "UGA",
        "species_name": "Acacia_mearnsii",
        "genus": "Acacia",
        "species": "mearnsii",
        "suitability_name": "Moderately suitable",
        "suitability_rank": 2,
        "soil_suitability": "S1",
        "soil_type": "Ferrallitic Soils",
        "soil_description": "Humic ferrallitic - Not differentiated",
        "site_class": null,
        "maz": "III",
        "maz_zone": null,
        "tz": "4",
        "frost_risk": null,
        "source_layer": "SWIFT_SSMT_Uganda"
      }
    },
    {
      "type": "Feature",
      "geometry": {
        "type": "Polygon",
        "coordinates": [
          [
            [
              34.792967789,
              1.2548426931
            ],
            [
              34.7866689952,
              1.261547723
            ],
            [
              34.7788874431,
              1.2672300743
            ],
            [
              34.7788505636,
              1.2548852445
            ],
            [
              34.792967789,
              1.2548426931
            ]
          ]
        ]
      },
      "properties": {
        "country": "Uganda",
        "country_code": "UGA",
        "species_name": "Acacia_mearnsii",
        "genus": "Acacia",
        "species": "mearnsii",
        "suitability_name": "Moderately suitable",
        "suitability_rank": 2,
        "soil_suitability": "S1",
        "soil_type": "Ferrallitic Soils",
        "soil_description": "Humic ferrallitic - Not differentiated",
        "site_class": null,
        "maz": "III",
        "maz_zone": null,
        "tz": "4",
        "frost_risk": null,
        "source_layer": "SWIFT_SSMT_Uganda"
      }
    },
    {
      "type": "Feature",
      "geometry": {
        "type": "Polygon",
        "coordinates": [
          [
            [
              34.8001555716,
              1.2464715771
            ],
            [
              34.798119284,
              1.2493590775
            ],
            [
              34.7954342277,
              1.2522172265
            ],
            [
              34.7954172276,
              1.2464857858
            ],
            [
              34.8001555716,
              1.2464715771
            ]
          ]
        ]
      },
      "properties": {
        "country": "Uganda",
        "country_code": "UGA",
        "species_name": "Acacia_mearnsii",
        "genus": "Acacia",
        "species": "mearnsii",
        "suitability_name": "Moderately suitable",
        "suitability_rank": 2,
        "soil_suitability": "S1",
        "soil_type": "Ferrallitic Soils",
        "soil_description": "Humic ferrallitic - Not differentiated",
        "site_class": null,
        "maz": "III",
        "maz_zone": null,
        "tz": "4",
        "frost_risk": null,
        "source_layer": "SWIFT_SSMT_Uganda"
      }
    },
    {
      "type": "Feature",
      "geometry": {
        "type": "Polygon",
        "coordinates": [
          [
            [
              34.8078925924,
              1.2365622943
            ],
            [
              34.8036978632,
              1.2414486119
            ],
            [
              34.8036638722,
              1.2298742997
            ],
            [
              34.8051800002,
              1.2306199995
            ],
            [
              34.8078925924,
              1.2365622943
            ]
          ]
        ]
      },
      "properties": {
        "country": "Uganda",
        "country_code": "UGA",
        "species_name": "Acacia_mearnsii",
        "genus": "Acacia",
        "species": "mearnsii",
        "suitability_name": "Moderately suitable",
        "suitability_rank": 2,
        "soil_suitability": "S1",
        "soil_type": "Ferrallitic Soils",
        "soil_description": "Humic ferrallitic - Not differentiated",
        "site_class": null,
        "maz": "III",
        "maz_zone": null,
        "tz": "4",
        "frost_risk": null,
        "source_layer": "SWIFT_SSMT_Uganda"
      }
    },
    {
      "type": "Feature",
      "geometry": {
        "type": "Polygon",
        "coordinates": [
          [
            [
              30.0216001016,
              0.1370882835
            ],
            [
              30.0279886772,
              0.1370874698
            ],
            [
              30.0279909231,
              0.1539195625
            ],
            [
              30.0363506264,
              0.1539183637
            ],
            [
              30.0363521971,
              0.1646389564
            ],
            [
              30.0258512968,
              0.1625850209
            ],
            [
              30.0257549999,
              0.1561122527
            ],
            [
              30.0246856558,
              0.1500168478
            ],
            [
              30.0239725096,
              0.1439213828
            ],
            [
              30.0225471587,
              0.1385431273
            ],
            [
              30.0216001016,
              0.1370882835
            ]
          ]
        ]
      },
      "properties": {
        "country": "Uganda",
        "country_code": "UGA",
        "species_name": "Acacia_mearnsii",
        "genus": "Acacia",
        "species": "mearnsii",
        "suitability_name": "Moderately suitable",
        "suitability_rank": 2,
        "soil_suitability": "S4",
        "soil_type": "Lithosols",
        "soil_description": "Not differentiated",
        "site_class": null,
        "maz": "I",
        "maz_zone": null,
        "tz": "4",
        "frost_risk": null,
        "source_layer": "SWIFT_SSMT_Uganda"
      }
    },
    {
      "type": "Feature",
      "geometry": {
        "type": "Polygon",
        "coordinates": [
          [
            [
              30.0726222892,
              0.2380700683
            ],
            [
              30.0781635379,
              0.2380688231
            ],
            [
              30.0781654386,
              0.2464844725
            ],
            [
              30.0760225804,
              0.2464849706
            ],
            [
              30.0726463828,
              0.2383327767
            ],
            [
              30.0726222892,
              0.2380700683
            ]
          ]
        ]
      },
      "properties": {
        "country": "Uganda",
        "country_code": "UGA",
        "species_name": "Acacia_mearnsii",
        "genus": "Acacia",
        "species": "mearnsii",
        "suitability_name": "Moderately suitable",
        "suitability_rank": 2,
        "soil_suitability": "S4",
        "soil_type": "Lithosols",
        "soil_description": "Not differentiated",
        "site_class": null,
        "maz": "I",
        "maz_zone": null,
        "tz": "4",
        "frost_risk": null,
        "source_layer": "SWIFT_SSMT_Uganda"
      }
    },
    {
      "type": "Feature",
      "geometry": {
        "type": "Polygon",
        "coordinates": [
          [
            [
              30.2122096366,
              0.8262131512
            ],
            [
              30.2122171219,
              0.8354714748
            ],
            [
              30.1871394729,
              0.8354920522
            ],
            [
              30.1871320391,
              0.8262249411
            ],
            [
              30.2037861334,
              0.8279161637
            ],
            [
              30.2122096366,
              0.8262131512
            ]
          ]
        ]
      },
      "properties": {
        "country": "Uganda",
        "country_code": "UGA",
        "species_name": "Acacia_mearnsii",
        "genus": "Acacia",
        "species": "mearnsii",
        "suitability_name": "Moderately suitable",
        "suitability_rank": 2,
        "soil_suitability": "S4",
        "soil_type": "Lithosols",
        "soil_description": "Not differentiated",
        "site_class": null,
        "maz": "I",
        "maz_zone": null,
        "tz": "4",
        "frost_risk": null,
        "source_layer": "SWIFT_SSMT_Uganda"
      }
    },
    {
      "type": "Feature",
      "geometry": {
        "type": "Polygon",
        "coordinates": [
          [
            [
              30.1534555515,
              0.4275851378
            ],
            [
              30.1507353472,
              0.4282087005
            ],
            [
              30.1536815482,
              0.4178117907
            ],
            [
              30.153742052,
              0.4147674589
            ],
            [
              30.1618092897,
              0.4147642147
            ],
            [
              30.1618126666,
              0.4231791874
            ],
            [
              30.1534537632,
              0.4231826165
            ],
            [
              30.1534555515,
              0.4275851378
            ]
          ]
        ]
      },
      "properties": {
        "country": "Uganda",
        "country_code": "UGA",
        "species_name": "Acacia_mearnsii",
        "genus": "Acacia",
        "species": "mearnsii",
        "suitability_name": "Moderately suitable",
        "suitability_rank": 2,
        "soil_suitability": "S4",
        "soil_type": "Lithosols",
        "soil_description": "Not differentiated",
        "site_class": null,
        "maz": "I",
        "maz_zone": null,
        "tz": "4",
        "frost_risk": null,
        "source_layer": "SWIFT_SSMT_Uganda"
      }
    },
    {
      "type": "Feature",
      "geometry": {
        "type": "Polygon",
        "coordinates": [
          [
            [
              30.5213046508,
              0.6438417591
            ],
            [
              30.5213090007,
              0.6501435957
            ],
            [
              30.5296650574,
              0.650137716
            ],
            [
              30.5296829442,
              0.6753730731
            ],
            [
              30.5547507868,
              0.6753546598
            ],
            [
              30.5547569442,
              0.6837662161
            ],
            [
              30.5631127532,
              0.6837599726
            ],
            [
              30.5631190011,
              0.6921714517
            ],
            [
              30.57147475,
              0.692165116
            ],
            [
              30.5714875035,
              0.7089879181
            ],
            [
              30.5798432038,
              0.7089814142
            ],
            [
              30.579849711,
              0.717392738
            ],
            [
              30.5882053513,
              0.7173861418
            ],
            [
              30.5882119493,
              0.7257973869
            ],
            [
              30.5965675279,
              0.7257906982
            ],
            [
              30.596574219,
              0.7342018653
            ],
            [
              30.5934037371,
              0.7342044355
            ],
            [
              30.5860447671,
              0.7239150522
            ],
            [
              30.5703733822,
              0.7138933239
            ],
            [
              30.5504227309,
              0.6943179
            ],
            [
              30.5295235649,
              0.6756979133
            ],
            [
              30.5171677119,
              0.6556373954
            ],
            [
              30.517445972,
              0.6485096601
            ],
            [
              30.5213046508,
              0.6438417591
            ]
          ]
        ]
      },
      "properties": {
        "country": "Uganda",
        "country_code": "UGA",
        "species_name": "Acacia_mearnsii",
        "genus": "Acacia",
        "species": "mearnsii",
        "suitability_name": "Moderately suitable",
        "suitability_rank": 2,
        "soil_suitability": "S4",
        "soil_type": "Lithosols",
        "soil_description": "Not differentiated",
        "site_class": null,
        "maz": "I",
        "maz_zone": null,
        "tz": "4",
        "frost_risk": null,
        "source_layer": "SWIFT_SSMT_Uganda"
      }
    },
    {
      "type": "Feature",
      "geometry": {
        "type": "Polygon",
        "coordinates": [
          [
            [
              30.4462412213,
              0.8313542222
            ],
            [
              30.4462446299,
              0.8352716722
            ],
            [
              30.4378874794,
              0.8352790494
            ],
            [
              30.4379022652,
              0.8521042581
            ],
            [
              30.4462594516,
              0.8520967329
            ],
            [
              30.4462745687,
              0.8689217921
            ],
            [
              30.4379173456,
              0.8689294653
            ],
            [
              30.4379249967,
              0.8773420695
            ],
            [
              30.4212102919,
              0.8773575088
            ],
            [
              30.421202679,
              0.868944758
            ],
            [
              30.4044877182,
              0.8689599753
            ],
            [
              30.4044802147,
              0.8605470762
            ],
            [
              30.3980501803,
              0.8605528537
            ],
            [
              30.3961200694,
              0.8576441217
            ],
            [
              30.3961078907,
              0.8437286373
            ],
            [
              30.3877502823,
              0.8437359806
            ],
            [
              30.387743033,
              0.8353229331
            ],
            [
              30.3793853692,
              0.8353301848
            ],
            [
              30.3793711247,
              0.8185039438
            ],
            [
              30.3710134245,
              0.8185110313
            ],
            [
              30.3710064279,
              0.810097838
            ],
            [
              30.3626486721,
              0.8101048358
            ],
            [
              30.3626349298,
              0.7932783011
            ],
            [
              30.3709926508,
              0.7932714479
            ],
            [
              30.3709791648,
              0.7764450569
            ],
            [
              30.3626214753,
              0.7764517638
            ],
            [
              30.3626148572,
              0.7680384951
            ],
            [
              30.3542571132,
              0.7680451126
            ],
            [
              30.3542505828,
              0.7596317714
            ],
            [
              30.3458927834,
              0.7596383007
            ],
            [
              30.3458992972,
              0.7680517151
            ],
            [
              30.3375414095,
              0.7680582999
            ],
            [
              30.3375546203,
              0.784885272
            ],
            [
              30.3189367303,
              0.7849002028
            ],
            [
              30.3124773013,
              0.7809245897
            ],
            [
              30.3124738379,
              0.7764916598
            ],
            [
              30.3028526797,
              0.7764992455
            ],
            [
              30.2957551117,
              0.7735638079
            ],
            [
              30.2957509002,
              0.7680909812
            ],
            [
              30.2825474376,
              0.768101221
            ],
            [
              30.2790330911,
              0.766647692
            ],
            [
              30.2790278156,
              0.759689952
            ],
            [
              30.2623108671,
              0.7597027035
            ],
            [
              30.2623045854,
              0.7512885756
            ],
            [
              30.2539460218,
              0.7512948558
            ],
            [
              30.2539398251,
              0.7428806577
            ],
            [
              30.2455812081,
              0.7428868515
            ],
            [
              30.2455873885,
              0.7513011214
            ],
            [
              30.2194453263,
              0.7513206104
            ],
            [
              30.209065392,
              0.7458156651
            ],
            [
              30.199797763,
              0.7343504007
            ],
            [
              30.1940933127,
              0.7253919103
            ],
            [
              30.1940860687,
              0.7149953001
            ],
            [
              30.1976421956,
              0.707464247
            ],
            [
              30.2090843229,
              0.7055578148
            ],
            [
              30.2299844806,
              0.7165369754
            ],
            [
              30.2475596722,
              0.7260840576
            ],
            [
              30.2689335516,
              0.7361059023
            ],
            [
              30.2960015611,
              0.7418213079
            ],
            [
              30.3069218362,
              0.7418130982
            ],
            [
              30.326377501,
              0.7274601398
            ],
            [
              30.3549211677,
              0.7101912641
            ],
            [
              30.3591333187,
              0.722656428
            ],
            [
              30.3724412989,
              0.7422411869
            ],
            [
              30.3786331087,
              0.7680439087
            ],
            [
              30.3833982493,
              0.7900241507
            ],
            [
              30.3933834749,
              0.8086543946
            ],
            [
              30.4057387448,
              0.822503148
            ],
            [
              30.4209356159,
              0.8282247913
            ],
            [
              30.4380279632,
              0.8301214337
            ],
            [
              30.4462412213,
              0.8313542222
            ]
          ]
        ]
      },
      "properties": {
        "country": "Uganda",
        "country_code": "UGA",
        "species_name": "Acacia_mearnsii",
        "genus": "Acacia",
        "species": "mearnsii",
        "suitability_name": "Moderately suitable",
        "suitability_rank": 2,
        "soil_suitability": "S4",
        "soil_type": "Lithosols",
        "soil_description": "Not differentiated",
        "site_class": null,
        "maz": "I",
        "maz_zone": null,
        "tz": "4",
        "frost_risk": null,
        "source_layer": "SWIFT_SSMT_Uganda"
      }
    },
    {
      "type": "Feature",
      "geometry": {
        "type": "Polygon",
        "coordinates": [
          [
            [
              30.0758927511,
              -0.3257804303
            ],
            [
              30.0745858519,
              -0.3243460152
            ],
            [
              30.0705552458,
              -0.3151654949
            ],
            [
              30.0698244492,
              -0.316868207
            ],
            [
              30.069827113,
              -0.3257822939
            ],
            [
              30.0758927511,
              -0.3257804303
            ]
          ]
        ]
      },
      "properties": {
        "country": "Uganda",
        "country_code": "UGA",
        "species_name": "Acacia_mearnsii",
        "genus": "Acacia",
        "species": "mearnsii",
        "suitability_name": "Moderately suitable",
        "suitability_rank": 2,
        "soil_suitability": "S4",
        "soil_type": "Lithosols",
        "soil_description": "Not differentiated",
        "site_class": null,
        "maz": "I",
        "maz_zone": null,
        "tz": "4",
        "frost_risk": null,
        "source_layer": "SWIFT_SSMT_Uganda"
      }
    },
    {
      "type": "Feature",
      "geometry": {
        "type": "Polygon",
        "coordinates": [
          [
            [
              30.0949106845,
              -0.342788315
            ],
            [
              30.0881239518,
              -0.3386834996
            ],
            [
              30.0824237854,
              -0.3329486423
            ],
            [
              30.0781873606,
              -0.328298918
            ],
            [
              30.0781918372,
              -0.342611019
            ],
            [
              30.0865512634,
              -0.3426083098
            ],
            [
              30.0865539926,
              -0.3510238903
            ],
            [
              30.090448777,
              -0.3510225945
            ],
            [
              30.0949125284,
              -0.3484806917
            ],
            [
              30.0949106845,
              -0.342788315
            ]
          ]
        ]
      },
      "properties": {
        "country": "Uganda",
        "country_code": "UGA",
        "species_name": "Acacia_mearnsii",
        "genus": "Acacia",
        "species": "mearnsii",
        "suitability_name": "Moderately suitable",
        "suitability_rank": 2,
        "soil_suitability": "S4",
        "soil_type": "Lithosols",
        "soil_description": "Not differentiated",
        "site_class": null,
        "maz": "I",
        "maz_zone": null,
        "tz": "4",
        "frost_risk": null,
        "source_layer": "SWIFT_SSMT_Uganda"
      }
    },
    {
      "type": "Feature",
      "geometry": {
        "type": "Polygon",
        "coordinates": [
          [
            [
              30.094902289,
              -0.3155803571
            ],
            [
              30.0916155124,
              -0.311978827
            ],
            [
              30.0827373796,
              -0.3036517849
            ],
            [
              30.0771707772,
              -0.3021388902
            ],
            [
              30.0719068674,
              -0.3071382424
            ],
            [
              30.0705552458,
              -0.3151654949
            ],
            [
              30.0745858519,
              -0.3243460152
            ],
            [
              30.0758927511,
              -0.3257804303
            ],
            [
              30.0781865929,
              -0.3257797244
            ],
            [
              30.0781873606,
              -0.328298918
            ],
            [
              30.0824237854,
              -0.3329486423
            ],
            [
              30.0881239518,
              -0.3386834996
            ],
            [
              30.0949106845,
              -0.342788315
            ],
            [
              30.0949052279,
              -0.3253643973
            ],
            [
              30.0940962628,
              -0.3247509566
            ],
            [
              30.0940786734,
              -0.3245162046
            ],
            [
              30.0931417288,
              -0.3234520681
            ],
            [
              30.0933890487,
              -0.3222999391
            ],
            [
              30.094021392,
              -0.3215719304
            ],
            [
              30.0949039817,
              -0.3212525386
            ],
            [
              30.094902289,
              -0.3155803571
            ]
          ]
        ]
      },
      "properties": {
        "country": "Uganda",
        "country_code": "UGA",
        "species_name": "Acacia_mearnsii",
        "genus": "Acacia",
        "species": "mearnsii",
        "suitability_name": "Moderately suitable",
        "suitability_rank": 2,
        "soil_suitability": "S4",
        "soil_type": "Podsolic Soils",
        "soil_description": "Not differentiated",
        "site_class": null,
        "maz": "I",
        "maz_zone": null,
        "tz": "4",
        "frost_risk": null,
        "source_layer": "SWIFT_SSMT_Uganda"
      }
    },
    {
      "type": "Feature",
      "geometry": {
        "type": "Polygon",
        "coordinates": [
          [
            [
              30.1367053986,
              -0.3393956025
            ],
            [
              30.1265948102,
              -0.3341799661
            ],
            [
              30.1199856194,
              -0.3341820845
            ],
            [
              30.1199883113,
              -0.3425973974
            ],
            [
              30.1283474068,
              -0.3425946505
            ],
            [
              30.1283501713,
              -0.3510098958
            ],
            [
              30.1367092071,
              -0.3510070746
            ],
            [
              30.1367053986,
              -0.3393956025
            ]
          ]
        ]
      },
      "properties": {
        "country": "Uganda",
        "country_code": "UGA",
        "species_name": "Acacia_mearnsii",
        "genus": "Acacia",
        "species": "mearnsii",
        "suitability_name": "Moderately suitable",
        "suitability_rank": 2,
        "soil_suitability": "S4",
        "soil_type": "Podsolic Soils",
        "soil_description": "Not differentiated",
        "site_class": null,
        "maz": "I",
        "maz_zone": null,
        "tz": "4",
        "frost_risk": null,
        "source_layer": "SWIFT_SSMT_Uganda"
      }
    },
    {
      "type": "Feature",
      "geometry": {
        "type": "Polygon",
        "coordinates": [
          [
            [
              30.1367053986,
              -0.3393956025
            ],
            [
              30.1367037291,
              -0.3341767188
            ],
            [
              30.1265948102,
              -0.3341799661
            ],
            [
              30.1367053986,
              -0.3393956025
            ]
          ]
        ]
      },
      "properties": {
        "country": "Uganda",
        "country_code": "UGA",
        "species_name": "Acacia_mearnsii",
        "genus": "Acacia",
        "species": "mearnsii",
        "suitability_name": "Moderately suitable",
        "suitability_rank": 2,
        "soil_suitability": "S4",
        "soil_type": "Lithosols",
        "soil_description": "Not differentiated",
        "site_class": null,
        "maz": "I",
        "maz_zone": null,
        "tz": "4",
        "frost_risk": null,
        "source_layer": "SWIFT_SSMT_Uganda"
      }
    },
    {
      "type": "Feature",
      "geometry": {
        "type": "Polygon",
        "coordinates": [
          [
            [
              30.1116344441,
              -0.3586236575
            ],
            [
              30.1116318997,
              -0.3510155166
            ],
            [
              30.1046343282,
              -0.3510178595
            ],
            [
              30.1116344441,
              -0.3586236575
            ]
          ]
        ]
      },
      "properties": {
        "country": "Uganda",
        "country_code": "UGA",
        "species_name": "Acacia_mearnsii",
        "genus": "Acacia",
        "species": "mearnsii",
        "suitability_name": "Moderately suitable",
        "suitability_rank": 2,
        "soil_suitability": "S4",
        "soil_type": "Podsolic Soils",
        "soil_description": "Not differentiated",
        "site_class": null,
        "maz": "I",
        "maz_zone": null,
        "tz": "4",
        "frost_risk": null,
        "source_layer": "SWIFT_SSMT_Uganda"
      }
    },
    {
      "type": "Feature",
      "geometry": {
        "type": "Polygon",
        "coordinates": [
          [
            [
              30.1199962364,
              -0.36625755
            ],
            [
              30.1199938946,
              -0.3594280217
            ],
            [
              30.1123771715,
              -0.3594306411
            ],
            [
              30.11460373,
              -0.3618498187
            ],
            [
              30.1178736984,
              -0.3645226355
            ],
            [
              30.1199962364,
              -0.36625755
            ]
          ]
        ]
      },
      "properties": {
        "country": "Uganda",
        "country_code": "UGA",
        "species_name": "Acacia_mearnsii",
        "genus": "Acacia",
        "species": "mearnsii",
        "suitability_name": "Moderately suitable",
        "suitability_rank": 2,
        "soil_suitability": "S4",
        "soil_type": "Podsolic Soils",
        "soil_description": "Not differentiated",
        "site_class": null,
        "maz": "I",
        "maz_zone": null,
        "tz": "4",
        "frost_risk": null,
        "source_layer": "SWIFT_SSMT_Uganda"
      }
    },
    {
      "type": "Feature",
      "geometry": {
        "type": "Polygon",
        "coordinates": [
          [
            [
              31.3229820053,
              -0.4597791885
            ],
            [
              31.2979383043,
              -0.459794439
            ],
            [
              31.2979485582,
              -0.4766024911
            ],
            [
              31.2896004538,
              -0.4766077403
            ],
            [
              31.2896057088,
              -0.485011858
            ],
            [
              31.3063018459,
              -0.485001165
            ],
            [
              31.3063126719,
              -0.5018090297
            ],
            [
              31.3146606232,
              -0.5018034817
            ],
            [
              31.3146551539,
              -0.4933996422
            ],
            [
              31.3230030026,
              -0.4933941774
            ],
            [
              31.3229976144,
              -0.4849904303
            ],
            [
              31.3396930116,
              -0.484979655
            ],
            [
              31.3396984212,
              -0.493383214
            ],
            [
              31.3480459915,
              -0.4933777181
            ],
            [
              31.3480515033,
              -0.5017811833
            ],
            [
              31.3563989911,
              -0.5017755816
            ],
            [
              31.3563774601,
              -0.4681620922
            ],
            [
              31.3480300136,
              -0.4681673185
            ],
            [
              31.3480352467,
              -0.4765707848
            ],
            [
              31.3313400538,
              -0.4765813938
            ],
            [
              31.3313348412,
              -0.4681777399
            ],
            [
              31.3229871157,
              -0.4681829368
            ],
            [
              31.3229820053,
              -0.4597791885
            ]
          ]
        ]
      },
      "properties": {
        "country": "Uganda",
        "country_code": "UGA",
        "species_name": "Acacia_mearnsii",
        "genus": "Acacia",
        "species": "mearnsii",
        "suitability_name": "Moderately suitable",
        "suitability_rank": 2,
        "soil_suitability": "S2",
        "soil_type": "Ferrallitic Soils",
        "soil_description": "Yellow soils - Sandy clay loams",
        "site_class": null,
        "maz": "III",
        "maz_zone": null,
        "tz": "4",
        "frost_risk": null,
        "source_layer": "SWIFT_SSMT_Uganda"
      }
    },
    {
      "type": "Feature",
      "geometry": {
        "type": "Polygon",
        "coordinates": [
          [
            [
              31.4148344719,
              -0.5101387861
            ],
            [
              31.4148287808,
              -0.5017360757
            ],
            [
              31.4064819506,
              -0.5017417512
            ],
            [
              31.4064858451,
              -0.5075179575
            ],
            [
              31.4073371112,
              -0.5101439701
            ],
            [
              31.4148344719,
              -0.5101387861
            ]
          ]
        ]
      },
      "properties": {
        "country": "Uganda",
        "country_code": "UGA",
        "species_name": "Acacia_mearnsii",
        "genus": "Acacia",
        "species": "mearnsii",
        "suitability_name": "Moderately suitable",
        "suitability_rank": 2,
        "soil_suitability": "S3",
        "soil_type": "Ferrallitic Soils",
        "soil_description": "Yellow soils - Sandy loams",
        "site_class": null,
        "maz": "III",
        "maz_zone": null,
        "tz": "4",
        "frost_risk": null,
        "source_layer": "SWIFT_SSMT_Uganda"
      }
    },
    {
      "type": "Feature",
      "geometry": {
        "type": "Polygon",
        "coordinates": [
          [
            [
              31.4073371112,
              -0.5101439701
            ],
            [
              31.4064858451,
              -0.5075179575
            ],
            [
              31.406487631,
              -0.5101445566
            ],
            [
              31.4073371112,
              -0.5101439701
            ]
          ]
        ]
      },
      "properties": {
        "country": "Uganda",
        "country_code": "UGA",
        "species_name": "Acacia_mearnsii",
        "genus": "Acacia",
        "species": "mearnsii",
        "suitability_name": "Moderately suitable",
        "suitability_rank": 2,
        "soil_suitability": "S2",
        "soil_type": "Ferrallitic Soils",
        "soil_description": "Yellow soils - Sandy clay loams",
        "site_class": null,
        "maz": "III",
        "maz_zone": null,
        "tz": "4",
        "frost_risk": null,
        "source_layer": "SWIFT_SSMT_Uganda"
      }
    },
    {
      "type": "Feature",
      "geometry": {
        "type": "Polygon",
        "coordinates": [
          [
            [
              30.6966746715,
              -0.5021851875
            ],
            [
              30.6799660019,
              -0.5021946905
            ],
            [
              30.6799804867,
              -0.5274258644
            ],
            [
              30.688334893,
              -0.5274208794
            ],
            [
              30.6883398901,
              -0.5358311898
            ],
            [
              30.7050484887,
              -0.5358210265
            ],
            [
              30.70504347,
              -0.5274108751
            ],
            [
              30.7133976396,
              -0.5274058565
            ],
            [
              30.713392688,
              -0.5189957845
            ],
            [
              30.7050385295,
              -0.5190007233
            ],
            [
              30.705033669,
              -0.5105905721
            ],
            [
              30.6966794423,
              -0.5105954195
            ],
            [
              30.6966746715,
              -0.5021851875
            ]
          ]
        ]
      },
      "properties": {
        "country": "Uganda",
        "country_code": "UGA",
        "species_name": "Acacia_mearnsii",
        "genus": "Acacia",
        "species": "mearnsii",
        "suitability_name": "Moderately suitable",
        "suitability_rank": 2,
        "soil_suitability": "S3",
        "soil_type": "Ferrallitic Soils",
        "soil_description": "Yellow soils - Sandy loams",
        "site_class": null,
        "maz": "III",
        "maz_zone": null,
        "tz": "4",
        "frost_risk": null,
        "source_layer": "SWIFT_SSMT_Uganda"
      }
    },
    {
      "type": "Feature",
      "geometry": {
        "type": "Polygon",
        "coordinates": [
          [
            [
              30.7301318053,
              -0.5694453354
            ],
            [
              30.730110792,
              -0.5358056958
            ],
            [
              30.7134026704,
              -0.5358159283
            ],
            [
              30.7134235892,
              -0.5694562097
            ],
            [
              30.7301318053,
              -0.5694453354
            ]
          ]
        ]
      },
      "properties": {
        "country": "Uganda",
        "country_code": "UGA",
        "species_name": "Acacia_mearnsii",
        "genus": "Acacia",
        "species": "mearnsii",
        "suitability_name": "Moderately suitable",
        "suitability_rank": 2,
        "soil_suitability": "S3",
        "soil_type": "Ferrallitic Soils",
        "soil_description": "Yellow soils - Sandy loams",
        "site_class": null,
        "maz": "III",
        "maz_zone": null,
        "tz": "4",
        "frost_risk": null,
        "source_layer": "SWIFT_SSMT_Uganda"
      }
    },
    {
      "type": "Feature",
      "geometry": {
        "type": "Polygon",
        "coordinates": [
          [
            [
              31.3063182246,
              -0.5102129615
            ],
            [
              31.2979701698,
              -0.5102185914
            ],
            [
              31.2979758037,
              -0.5186226162
            ],
            [
              31.2729310573,
              -0.5186397177
            ],
            [
              31.2729254558,
              -0.5102354167
            ],
            [
              31.2395312242,
              -0.5102576981
            ],
            [
              31.239553998,
              -0.5438763709
            ],
            [
              31.2312051675,
              -0.5438822795
            ],
            [
              31.2312110762,
              -0.5522870384
            ],
            [
              31.2395599183,
              -0.552281038
            ],
            [
              31.2395720309,
              -0.5690903731
            ],
            [
              31.2479208053,
              -0.5690841787
            ],
            [
              31.2479146914,
              -0.5606796025
            ],
            [
              31.2562633632,
              -0.5606734882
            ],
            [
              31.2562455333,
              -0.5354600342
            ],
            [
              31.2645940787,
              -0.5354541835
            ],
            [
              31.2645883059,
              -0.5270497897
            ],
            [
              31.2729367483,
              -0.5270440193
            ],
            [
              31.2729425332,
              -0.5354483206
            ],
            [
              31.2812908956,
              -0.5354424463
            ],
            [
              31.2812851004,
              -0.527038237
            ],
            [
              31.306329605,
              -0.5270208249
            ],
            [
              31.3063182246,
              -0.5102129615
            ]
          ]
        ]
      },
      "properties": {
        "country": "Uganda",
        "country_code": "UGA",
        "species_name": "Acacia_mearnsii",
        "genus": "Acacia",
        "species": "mearnsii",
        "suitability_name": "Moderately suitable",
        "suitability_rank": 2,
        "soil_suitability": "S2",
        "soil_type": "Ferrallitic Soils",
        "soil_description": "Yellow soils - Sandy clay loams",
        "site_class": null,
        "maz": "III",
        "maz_zone": null,
        "tz": "4",
        "frost_risk": null,
        "source_layer": "SWIFT_SSMT_Uganda"
      }
    },
    {
      "type": "Feature",
      "geometry": {
        "type": "Polygon",
        "coordinates": [
          [
            [
              30.8387163741,
              -0.5525557731
            ],
            [
              30.8303633825,
              -0.5525612082
            ],
            [
              30.8303688171,
              -0.5609701392
            ],
            [
              30.788602576,
              -0.5609975514
            ],
            [
              30.7885972003,
              -0.5525882093
            ],
            [
              30.7718901574,
              -0.5525989275
            ],
            [
              30.7718955095,
              -0.5610084332
            ],
            [
              30.7635418548,
              -0.5610138544
            ],
            [
              30.7635472764,
              -0.5694234408
            ],
            [
              30.7719009423,
              -0.5694179368
            ],
            [
              30.7719064565,
              -0.5778274419
            ],
            [
              30.7886135713,
              -0.5778162337
            ],
            [
              30.7886248907,
              -0.5946349168
            ],
            [
              30.8053317303,
              -0.5946233332
            ],
            [
              30.8053260046,
              -0.5862141548
            ],
            [
              30.8220324926,
              -0.5862026845
            ],
            [
              30.8220382435,
              -0.5946116977
            ],
            [
              30.847097398,
              -0.5945941496
            ],
            [
              30.847103268,
              -0.6030029147
            ],
            [
              30.8554561678,
              -0.6029969563
            ],
            [
              30.8554805258,
              -0.6366316762
            ],
            [
              30.8638333959,
              -0.6366253739
            ],
            [
              30.863839706,
              -0.6450339699
            ],
            [
              30.8888978574,
              -0.6450147274
            ],
            [
              30.8889174089,
              -0.6702397602
            ],
            [
              30.8972700009,
              -0.6702330664
            ],
            [
              30.8972633865,
              -0.6618248066
            ],
            [
              30.9139682922,
              -0.661811545
            ],
            [
              30.913955258,
              -0.6449953608
            ],
            [
              30.9223075576,
              -0.6449888782
            ],
            [
              30.9222948327,
              -0.6281728614
            ],
            [
              30.9139425602,
              -0.628179175
            ],
            [
              30.9139064786,
              -0.57773061
            ],
            [
              30.9055541983,
              -0.5777364049
            ],
            [
              30.9055484903,
              -0.5693282249
            ],
            [
              30.8971961384,
              -0.5693339224
            ],
            [
              30.8971905261,
              -0.5609256589
            ],
            [
              30.8721330071,
              -0.5609424282
            ],
            [
              30.8721385836,
              -0.569350944
            ],
            [
              30.8637858989,
              -0.5693565938
            ],
            [
              30.8637915461,
              -0.5777651918
            ],
            [
              30.8554387665,
              -0.5777709127
            ],
            [
              30.8554331314,
              -0.5693622306
            ],
            [
              30.8387273491,
              -0.5693734696
            ],
            [
              30.8387163741,
              -0.5525557731
            ]
          ],
          [
            [
              30.8805326325,
              -0.6282042962
            ],
            [
              30.8721799425,
              -0.6282105432
            ],
            [
              30.8721737846,
              -0.6198020301
            ],
            [
              30.8805264613,
              -0.6197958676
            ],
            [
              30.8805326325,
              -0.6282042962
            ]
          ]
        ]
      },
      "properties": {
        "country": "Uganda",
        "country_code": "UGA",
        "species_name": "Acacia_mearnsii",
        "genus": "Acacia",
        "species": "mearnsii",
        "suitability_name": "Moderately suitable",
        "suitability_rank": 2,
        "soil_suitability": "S3",
        "soil_type": "Ferrallitic Soils",
        "soil_description": "Yellow soils - Sandy loams",
        "site_class": null,
        "maz": "III",
        "maz_zone": null,
        "tz": "4",
        "frost_risk": null,
        "source_layer": "SWIFT_SSMT_Uganda"
      }
    },
    {
      "type": "Feature",
      "geometry": {
        "type": "Polygon",
        "coordinates": [
          [
            [
              31.3314227718,
              -0.5942325182
            ],
            [
              31.3397705738,
              -0.5942259102
            ],
            [
              31.3397640489,
              -0.5858223536
            ],
            [
              31.3481117448,
              -0.5858158273
            ],
            [
              31.3481053012,
              -0.5774123639
            ],
            [
              31.3648003885,
              -0.5773994603
            ],
            [
              31.3647940136,
              -0.5689961859
            ],
            [
              31.3397512807,
              -0.5690152405
            ],
            [
              31.3397576184,
              -0.5774187977
            ],
            [
              31.331409843,
              -0.5774252183
            ],
            [
              31.3314227718,
              -0.5942325182
            ]
          ]
        ]
      },
      "properties": {
        "country": "Uganda",
        "country_code": "UGA",
        "species_name": "Acacia_mearnsii",
        "genus": "Acacia",
        "species": "mearnsii",
        "suitability_name": "Moderately suitable",
        "suitability_rank": 2,
        "soil_suitability": "S2",
        "soil_type": "Ferrallitic Soils",
        "soil_description": "Yellow soils - Sandy clay loams",
        "site_class": null,
        "maz": "III",
        "maz_zone": null,
        "tz": "4",
        "frost_risk": null,
        "source_layer": "SWIFT_SSMT_Uganda"
      }
    },
    {
      "type": "Feature",
      "geometry": {
        "type": "Polygon",
        "coordinates": [
          [
            [
              31.3314709486,
              -0.6530580572
            ],
            [
              31.3314637883,
              -0.6446544102
            ],
            [
              31.3231158167,
              -0.6446615648
            ],
            [
              31.3231017999,
              -0.6278540812
            ],
            [
              31.3314497454,
              -0.6278471137
            ],
            [
              31.3314293769,
              -0.6026361677
            ],
            [
              31.3230814705,
              -0.6026428561
            ],
            [
              31.3230949314,
              -0.6194503404
            ],
            [
              31.3147469068,
              -0.6194572026
            ],
            [
              31.3147607113,
              -0.6362648715
            ],
            [
              31.2897160044,
              -0.6362859345
            ],
            [
              31.2897230049,
              -0.6446900469
            ],
            [
              31.2813745716,
              -0.6446971333
            ],
            [
              31.2813816499,
              -0.6531013376
            ],
            [
              31.2730331122,
              -0.653108503
            ],
            [
              31.2730402679,
              -0.661512799
            ],
            [
              31.2697389086,
              -0.6615156655
            ],
            [
              31.2702844037,
              -0.6625507575
            ],
            [
              31.2808233336,
              -0.6747632735
            ],
            [
              31.2834225757,
              -0.6783121463
            ],
            [
              31.2873662728,
              -0.6783086246
            ],
            [
              31.2877954337,
              -0.6768141555
            ],
            [
              31.2889555233,
              -0.6759205337
            ],
            [
              31.2898270305,
              -0.6754562494
            ],
            [
              31.2908808668,
              -0.6752556161
            ],
            [
              31.2919351241,
              -0.6759308146
            ],
            [
              31.2937106996,
              -0.6765975573
            ],
            [
              31.2948348581,
              -0.6772188951
            ],
            [
              31.2958415317,
              -0.6778079525
            ],
            [
              31.2963374224,
              -0.678300601
            ],
            [
              31.2997988335,
              -0.6782975003
            ],
            [
              31.2998942668,
              -0.6768631383
            ],
            [
              31.3014902504,
              -0.6745871197
            ],
            [
              31.3018657878,
              -0.6742082034
            ],
            [
              31.3022966284,
              -0.6740138867
            ],
            [
              31.3036669804,
              -0.6746049444
            ],
            [
              31.3050356481,
              -0.6762646424
            ],
            [
              31.3056683291,
              -0.6764883629
            ],
            [
              31.3086270848,
              -0.6769915241
            ],
            [
              31.3104794386,
              -0.6769538746
            ],
            [
              31.3147947716,
              -0.6759497029
            ],
            [
              31.3147821111,
              -0.6614763731
            ],
            [
              31.3231302029,
              -0.6614690456
            ],
            [
              31.3231229632,
              -0.6530653049
            ],
            [
              31.3314709486,
              -0.6530580572
            ]
          ]
        ]
      },
      "properties": {
        "country": "Uganda",
        "country_code": "UGA",
        "species_name": "Acacia_mearnsii",
        "genus": "Acacia",
        "species": "mearnsii",
        "suitability_name": "Moderately suitable",
        "suitability_rank": 2,
        "soil_suitability": "S2",
        "soil_type": "Ferrallitic Soils",
        "soil_description": "Yellow soils - Sandy clay loams",
        "site_class": null,
        "maz": "III",
        "maz_zone": null,
        "tz": "4",
        "frost_risk": null,
        "source_layer": "SWIFT_SSMT_Uganda"
      }
    },
    {
      "type": "Feature",
      "geometry": {
        "type": "Polygon",
        "coordinates": [
          [
            [
              30.8304671466,
              -0.6957739743
            ],
            [
              30.8304601877,
              -0.6871040677
            ],
            [
              30.838813389,
              -0.6870973098
            ],
            [
              30.8388001097,
              -0.6702796214
            ],
            [
              30.8137403473,
              -0.6702993604
            ],
            [
              30.8137274818,
              -0.6534811759
            ],
            [
              30.8053740916,
              -0.6534875628
            ],
            [
              30.8053677961,
              -0.6450783878
            ],
            [
              30.8220744661,
              -0.645065765
            ],
            [
              30.8220620638,
              -0.6282477437
            ],
            [
              30.7970020169,
              -0.6282661636
            ],
            [
              30.797008137,
              -0.6366754209
            ],
            [
              30.788654611,
              -0.6366816163
            ],
            [
              30.7886607986,
              -0.6450909551
            ],
            [
              30.7719534771,
              -0.6451034668
            ],
            [
              30.7719660404,
              -0.6619224709
            ],
            [
              30.7803197691,
              -0.6619160581
            ],
            [
              30.7803326856,
              -0.6787348963
            ],
            [
              30.7886863613,
              -0.6787283072
            ],
            [
              30.788692955,
              -0.6871376451
            ],
            [
              30.8137535401,
              -0.6871175425
            ],
            [
              30.8137602585,
              -0.6955266328
            ],
            [
              30.8137670594,
              -0.703935724
            ],
            [
              30.8198405095,
              -0.7039307123
            ],
            [
              30.8231631107,
              -0.7015608077
            ],
            [
              30.8304671466,
              -0.6957739743
            ]
          ]
        ]
      },
      "properties": {
        "country": "Uganda",
        "country_code": "UGA",
        "species_name": "Acacia_mearnsii",
        "genus": "Acacia",
        "species": "mearnsii",
        "suitability_name": "Moderately suitable",
        "suitability_rank": 2,
        "soil_suitability": "S3",
        "soil_type": "Ferrallitic Soils",
        "soil_description": "Yellow soils - Sandy loams",
        "site_class": null,
        "maz": "III",
        "maz_zone": null,
        "tz": "4",
        "frost_risk": null,
        "source_layer": "SWIFT_SSMT_Uganda"
      }
    },
    {
      "type": "Feature",
      "geometry": {
        "type": "Polygon",
        "coordinates": [
          [
            [
              30.8304737658,
              -0.703921919
            ],
            [
              30.8304671466,
              -0.6957739743
            ],
            [
              30.8231631107,
              -0.7015608077
            ],
            [
              30.8198405095,
              -0.7039307123
            ],
            [
              30.8304737658,
              -0.703921919
            ]
          ]
        ]
      },
      "properties": {
        "country": "Uganda",
        "country_code": "UGA",
        "species_name": "Acacia_mearnsii",
        "genus": "Acacia",
        "species": "mearnsii",
        "suitability_name": "Moderately suitable",
        "suitability_rank": 2,
        "soil_suitability": "S2",
        "soil_type": "Ferrallitic Soils",
        "soil_description": "Yellow soils - Sandy clay loams",
        "site_class": null,
        "maz": "III",
        "maz_zone": null,
        "tz": "4",
        "frost_risk": null,
        "source_layer": "SWIFT_SSMT_Uganda"
      }
    },
    {
      "type": "Feature",
      "geometry": {
        "type": "Polygon",
        "coordinates": [
          [
            [
              31.1812338081,
              -0.7005342509
            ],
            [
              31.1812217389,
              -0.6868075934
            ],
            [
              31.1895713311,
              -0.6868002193
            ],
            [
              31.1895497408,
              -0.6615845972
            ],
            [
              31.2062485698,
              -0.6615703498
            ],
            [
              31.2062345689,
              -0.6447602946
            ],
            [
              31.2145838207,
              -0.6447533317
            ],
            [
              31.2145634561,
              -0.6195385187
            ],
            [
              31.2062142446,
              -0.6195452096
            ],
            [
              31.2061760274,
              -0.5691150297
            ],
            [
              31.1978268001,
              -0.5691211636
            ],
            [
              31.197832932,
              -0.5775262843
            ],
            [
              31.1811341857,
              -0.5775386965
            ],
            [
              31.1811403833,
              -0.5859439994
            ],
            [
              31.1727908628,
              -0.585950277
            ],
            [
              31.172797137,
              -0.5943556684
            ],
            [
              31.1811466701,
              -0.5943493002
            ],
            [
              31.1811595127,
              -0.6111599019
            ],
            [
              31.1644603074,
              -0.6111729854
            ],
            [
              31.1644289969,
              -0.569145579
            ],
            [
              31.1477295582,
              -0.5691577137
            ],
            [
              31.1477356173,
              -0.577563375
            ],
            [
              31.1393857537,
              -0.577569513
            ],
            [
              31.1393981148,
              -0.5943810134
            ],
            [
              31.1310481355,
              -0.5943873181
            ],
            [
              31.1310608264,
              -0.6111989946
            ],
            [
              31.1227107345,
              -0.6112054645
            ],
            [
              31.1227439419,
              -0.6532350969
            ],
            [
              31.1143936948,
              -0.6532419985
            ],
            [
              31.1144075679,
              -0.6700540261
            ],
            [
              31.1311080291,
              -0.6700398543
            ],
            [
              31.1311151267,
              -0.6784456902
            ],
            [
              31.1394652389,
              -0.6784384936
            ],
            [
              31.1394724392,
              -0.6868442397
            ],
            [
              31.1561724263,
              -0.6868296248
            ],
            [
              31.1561776665,
              -0.6928589683
            ],
            [
              31.1622495591,
              -0.6952298
            ],
            [
              31.16452962,
              -0.6952277731
            ],
            [
              31.1645304032,
              -0.6961203705
            ],
            [
              31.1798928287,
              -0.7017738963
            ],
            [
              31.1812338081,
              -0.7005342509
            ]
          ]
        ]
      },
      "properties": {
        "country": "Uganda",
        "country_code": "UGA",
        "species_name": "Acacia_mearnsii",
        "genus": "Acacia",
        "species": "mearnsii",
        "suitability_name": "Moderately suitable",
        "suitability_rank": 2,
        "soil_suitability": "S2",
        "soil_type": "Ferrallitic Soils",
        "soil_description": "Yellow soils - Sandy clay loams",
        "site_class": null,
        "maz": "III",
        "maz_zone": null,
        "tz": "4",
        "frost_risk": null,
        "source_layer": "SWIFT_SSMT_Uganda"
      }
    },
    {
      "type": "Feature",
      "geometry": {
        "type": "Polygon",
        "coordinates": [
          [
            [
              29.7022097844,
              -0.8646692107
            ],
            [
              29.702203857,
              -0.8562507723
            ],
            [
              29.6938408001,
              -0.8562567008
            ],
            [
              29.6938467087,
              -0.8646751973
            ],
            [
              29.7022097844,
              -0.8646692107
            ]
          ]
        ]
      },
      "properties": {
        "country": "Uganda",
        "country_code": "UGA",
        "species_name": "Acacia_mearnsii",
        "genus": "Acacia",
        "species": "mearnsii",
        "suitability_name": "Moderately suitable",
        "suitability_rank": 2,
        "soil_suitability": "S4",
        "soil_type": "Lithosols",
        "soil_description": "Not differentiated",
        "site_class": null,
        "maz": "I",
        "maz_zone": null,
        "tz": "4",
        "frost_risk": null,
        "source_layer": "SWIFT_SSMT_Uganda"
      }
    },
    {
      "type": "Feature",
      "geometry": {
        "type": "Polygon",
        "coordinates": [
          [
            [
              30.2624467623,
              -0.923124826
            ],
            [
              30.2624391203,
              -0.9147107069
            ],
            [
              30.2540802143,
              -0.9147183543
            ],
            [
              30.2540878362,
              -0.9231325435
            ],
            [
              30.2624467623,
              -0.923124826
            ]
          ]
        ]
      },
      "properties": {
        "country": "Uganda",
        "country_code": "UGA",
        "species_name": "Acacia_mearnsii",
        "genus": "Acacia",
        "species": "mearnsii",
        "suitability_name": "Moderately suitable",
        "suitability_rank": 2,
        "soil_suitability": "S1",
        "soil_type": "Ferrallitic Soils",
        "soil_description": "Red soils - Not differentiated; sandy clay loams",
        "site_class": null,
        "maz": "III",
        "maz_zone": null,
        "tz": "4",
        "frost_risk": null,
        "source_layer": "SWIFT_SSMT_Uganda"
      }
    },
    {
      "type": "Feature",
      "geometry": {
        "type": "Polygon",
        "coordinates": [
          [
            [
              30.4380091265,
              -0.9650212044
            ],
            [
              30.4379840885,
              -0.9397834081
            ],
            [
              30.429626631,
              -0.9397916878
            ],
            [
              30.4296432088,
              -0.9566170337
            ],
            [
              30.4212856369,
              -0.9566254418
            ],
            [
              30.4212940153,
              -0.9650381874
            ],
            [
              30.4380091265,
              -0.9650212044
            ]
          ]
        ]
      },
      "properties": {
        "country": "Uganda",
        "country_code": "UGA",
        "species_name": "Acacia_mearnsii",
        "genus": "Acacia",
        "species": "mearnsii",
        "suitability_name": "Moderately suitable",
        "suitability_rank": 2,
        "soil_suitability": "S3",
        "soil_type": "Ferrallitic Soils",
        "soil_description": "Yellow soils - Sandy loams",
        "site_class": null,
        "maz": "III",
        "maz_zone": null,
        "tz": "4",
        "frost_risk": null,
        "source_layer": "SWIFT_SSMT_Uganda"
      }
    },
    {
      "type": "Feature",
      "geometry": {
        "type": "Polygon",
        "coordinates": [
          [
            [
              29.8861953025,
              -0.881367041
            ],
            [
              29.8861888495,
              -0.8729499313
            ],
            [
              29.8778270722,
              -0.8729563875
            ],
            [
              29.8778335078,
              -0.8813735596
            ],
            [
              29.8861953025,
              -0.881367041
            ]
          ]
        ]
      },
      "properties": {
        "country": "Uganda",
        "country_code": "UGA",
        "species_name": "Acacia_mearnsii",
        "genus": "Acacia",
        "species": "mearnsii",
        "suitability_name": "Moderately suitable",
        "suitability_rank": 2,
        "soil_suitability": "S4",
        "soil_type": "Lithosols",
        "soil_description": "Not differentiated",
        "site_class": null,
        "maz": "II",
        "maz_zone": null,
        "tz": "4",
        "frost_risk": null,
        "source_layer": "SWIFT_SSMT_Uganda"
      }
    },
    {
      "type": "Feature",
      "geometry": {
        "type": "Polygon",
        "coordinates": [
          [
            [
              29.8945635706,
              -0.8897775503
            ],
            [
              29.8945570361,
              -0.8813605038
            ],
            [
              29.8861953025,
              -0.881367041
            ],
            [
              29.8862018185,
              -0.8897841509
            ],
            [
              29.8945635706,
              -0.8897775503
            ]
          ]
        ]
      },
      "properties": {
        "country": "Uganda",
        "country_code": "UGA",
        "species_name": "Acacia_mearnsii",
        "genus": "Acacia",
        "species": "mearnsii",
        "suitability_name": "Moderately suitable",
        "suitability_rank": 2,
        "soil_suitability": "S4",
        "soil_type": "Lithosols",
        "soil_description": "Not differentiated",
        "site_class": null,
        "maz": "II",
        "maz_zone": null,
        "tz": "4",
        "frost_risk": null,
        "source_layer": "SWIFT_SSMT_Uganda"
      }
    },
    {
      "type": "Feature",
      "geometry": {
        "type": "Polygon",
        "coordinates": [
          [
            [
              29.8862083966,
              -0.8982012592
            ],
            [
              29.8862018185,
              -0.8897841509
            ],
            [
              29.8778400044,
              -0.889790731
            ],
            [
              29.8778465629,
              -0.8982079026
            ],
            [
              29.8862083966,
              -0.8982012592
            ]
          ]
        ]
      },
      "properties": {
        "country": "Uganda",
        "country_code": "UGA",
        "species_name": "Acacia_mearnsii",
        "genus": "Acacia",
        "species": "mearnsii",
        "suitability_name": "Moderately suitable",
        "suitability_rank": 2,
        "soil_suitability": "S4",
        "soil_type": "Lithosols",
        "soil_description": "Not differentiated",
        "site_class": null,
        "maz": "II",
        "maz_zone": null,
        "tz": "4",
        "frost_risk": null,
        "source_layer": "SWIFT_SSMT_Uganda"
      }
    },
    {
      "type": "Feature",
      "geometry": {
        "type": "Polygon",
        "coordinates": [
          [
            [
              30.8390053407,
              -0.8955897353
            ],
            [
              30.8389811779,
              -0.8720917659
            ],
            [
              30.8139202397,
              -0.8721174484
            ],
            [
              30.8139460375,
              -0.8973446916
            ],
            [
              30.8350821656,
              -0.8973224166
            ],
            [
              30.8390053407,
              -0.8955897353
            ]
          ]
        ]
      },
      "properties": {
        "country": "Uganda",
        "country_code": "UGA",
        "species_name": "Acacia_mearnsii",
        "genus": "Acacia",
        "species": "mearnsii",
        "suitability_name": "Moderately suitable",
        "suitability_rank": 2,
        "soil_suitability": "S3",
        "soil_type": "Ferrallitic Soils",
        "soil_description": "Yellow soils - Sandy loams",
        "site_class": null,
        "maz": "III",
        "maz_zone": null,
        "tz": "4",
        "frost_risk": null,
        "source_layer": "SWIFT_SSMT_Uganda"
      }
    },
    {
      "type": "Feature",
      "geometry": {
        "type": "Polygon",
        "coordinates": [
          [
            [
              30.8390071436,
              -0.8973182671
            ],
            [
              30.8390053407,
              -0.8955897353
            ],
            [
              30.8350821656,
              -0.8973224166
            ],
            [
              30.8390071436,
              -0.8973182671
            ]
          ]
        ]
      },
      "properties": {
        "country": "Uganda",
        "country_code": "UGA",
        "species_name": "Acacia_mearnsii",
        "genus": "Acacia",
        "species": "mearnsii",
        "suitability_name": "Moderately suitable",
        "suitability_rank": 2,
        "soil_suitability": "S1",
        "soil_type": "Ferrallitic Soils",
        "soil_description": "Red soils - Not differentiated; sandy clay loams",
        "site_class": null,
        "maz": "III",
        "maz_zone": null,
        "tz": "4",
        "frost_risk": null,
        "source_layer": "SWIFT_SSMT_Uganda"
      }
    },
    {
      "type": "Feature",
      "geometry": {
        "type": "Polygon",
        "coordinates": [
          [
            [
              31.1395049564,
              -0.7235905721
            ],
            [
              31.1312621313,
              -0.7183078193
            ],
            [
              31.1179107795,
              -0.7066806635
            ],
            [
              31.1078318386,
              -0.7078834528
            ],
            [
              31.098349409,
              -0.7132640335
            ],
            [
              31.0943839749,
              -0.7156639911
            ],
            [
              31.099248969,
              -0.7246043543
            ],
            [
              31.100442172,
              -0.732661424
            ],
            [
              31.1063845985,
              -0.7466829938
            ],
            [
              31.1132068448,
              -0.7502579094
            ],
            [
              31.1238854233,
              -0.7562166035
            ],
            [
              31.1295211539,
              -0.7591955948
            ],
            [
              31.1363450101,
              -0.7645608786
            ],
            [
              31.136351909,
              -0.7717233547
            ],
            [
              31.1304309786,
              -0.7803838848
            ],
            [
              31.1233227173,
              -0.7875535165
            ],
            [
              31.1171080113,
              -0.7989005835
            ],
            [
              31.1159310834,
              -0.8078551051
            ],
            [
              31.1191998759,
              -0.8153128435
            ],
            [
              31.1319518796,
              -0.8188809288
            ],
            [
              31.1417368915,
              -0.8203629209
            ],
            [
              31.1630837929,
              -0.8218327154
            ],
            [
              31.1850267792,
              -0.826882702
            ],
            [
              31.2022286619,
              -0.8343246675
            ],
            [
              31.210831588,
              -0.8399851462
            ],
            [
              31.2188493817,
              -0.852807846
            ],
            [
              31.2221193847,
              -0.8611595381
            ],
            [
              31.2237731104,
              -0.8716763579
            ],
            [
              31.2565507327,
              -0.8716391423
            ],
            [
              31.2565227824,
              -0.8464257322
            ],
            [
              31.2481736056,
              -0.8464349636
            ],
            [
              31.2481465299,
              -0.8212212747
            ],
            [
              31.2397973146,
              -0.8212302143
            ],
            [
              31.2397797529,
              -0.8044209024
            ],
            [
              31.2564780226,
              -0.8044033732
            ],
            [
              31.2564693443,
              -0.7959988992
            ],
            [
              31.2731672161,
              -0.7959814852
            ],
            [
              31.2731585945,
              -0.7875771953
            ],
            [
              31.2815073774,
              -0.7875685547
            ],
            [
              31.2814988311,
              -0.7791643567
            ],
            [
              31.2898475049,
              -0.779155792
            ],
            [
              31.2898647211,
              -0.7959640029
            ],
            [
              31.3149102891,
              -0.7959376536
            ],
            [
              31.314890683,
              -0.7768789986
            ],
            [
              31.3112488465,
              -0.7733384543
            ],
            [
              31.2979018214,
              -0.7644008753
            ],
            [
              31.282182575,
              -0.7545701573
            ],
            [
              31.2673521551,
              -0.7444397193
            ],
            [
              31.2590419879,
              -0.7334074074
            ],
            [
              31.2391676398,
              -0.7182081734
            ],
            [
              31.2326518282,
              -0.7241822595
            ],
            [
              31.2276186914,
              -0.7307518364
            ],
            [
              31.2175403401,
              -0.7310597944
            ],
            [
              31.2018226379,
              -0.7239127733
            ],
            [
              31.1911497062,
              -0.7227290697
            ],
            [
              31.1843353584,
              -0.7269132644
            ],
            [
              31.1837488256,
              -0.7337774424
            ],
            [
              31.1849396254,
              -0.7391478464
            ],
            [
              31.183462733,
              -0.7448192068
            ],
            [
              31.1812733366,
              -0.7437198408
            ],
            [
              31.1812751527,
              -0.7456446661
            ],
            [
              31.156225522,
              -0.7456685853
            ],
            [
              31.1562136014,
              -0.7328700394
            ],
            [
              31.1484669173,
              -0.7293340935
            ],
            [
              31.1477354752,
              -0.7288653335
            ],
            [
              31.1395097702,
              -0.728872965
            ],
            [
              31.1395049564,
              -0.7235905721
            ]
          ]
        ]
      },
      "properties": {
        "country": "Uganda",
        "country_code": "UGA",
        "species_name": "Acacia_mearnsii",
        "genus": "Acacia",
        "species": "mearnsii",
        "suitability_name": "Moderately suitable",
        "suitability_rank": 2,
        "soil_suitability": "S2",
        "soil_type": "Ferrallitic Soils",
        "soil_description": "Yellow soils - Sandy clay loams",
        "site_class": null,
        "maz": "III",
        "maz_zone": null,
        "tz": "4",
        "frost_risk": null,
        "source_layer": "SWIFT_SSMT_Uganda"
      }
    },
    {
      "type": "Feature",
      "geometry": {
        "type": "Polygon",
        "coordinates": [
          [
            [
              31.0530879097,
              -0.8201559867
            ],
            [
              31.0548585291,
              -0.811797094
            ],
            [
              31.0604819162,
              -0.8016435878
            ],
            [
              31.0747050858,
              -0.7929740058
            ],
            [
              31.0856664114,
              -0.784009438
            ],
            [
              31.0871399057,
              -0.7747558746
            ],
            [
              31.0871330612,
              -0.7675929542
            ],
            [
              31.0820880148,
              -0.7625240408
            ],
            [
              31.0740300884,
              -0.7616779753
            ],
            [
              31.0560050248,
              -0.7712044404
            ],
            [
              31.0423748986,
              -0.7804701436
            ],
            [
              31.0210486965,
              -0.8034737004
            ],
            [
              31.0112790853,
              -0.8190045211
            ],
            [
              30.9988393809,
              -0.8330459869
            ],
            [
              30.9961867986,
              -0.8488686127
            ],
            [
              31.0030179455,
              -0.8596069991
            ],
            [
              31.0107315366,
              -0.8634791257
            ],
            [
              31.0350451139,
              -0.8628562368
            ],
            [
              31.0516444686,
              -0.8580629545
            ],
            [
              31.0735810289,
              -0.8538610225
            ],
            [
              31.0907719012,
              -0.8484704484
            ],
            [
              31.0978806996,
              -0.8418969366
            ],
            [
              31.0999449241,
              -0.8311505336
            ],
            [
              31.0966780693,
              -0.8257818223
            ],
            [
              31.0880750966,
              -0.8210154752
            ],
            [
              31.078290951,
              -0.8210255488
            ],
            [
              31.0676196216,
              -0.8234242114
            ],
            [
              31.0572443407,
              -0.8255241365
            ],
            [
              31.0530879097,
              -0.8201559867
            ]
          ]
        ]
      },
      "properties": {
        "country": "Uganda",
        "country_code": "UGA",
        "species_name": "Acacia_mearnsii",
        "genus": "Acacia",
        "species": "mearnsii",
        "suitability_name": "Moderately suitable",
        "suitability_rank": 2,
        "soil_suitability": "S1",
        "soil_type": "Ferrallitic Soils",
        "soil_description": "Red soils - Not differentiated; sandy clay loams",
        "site_class": null,
        "maz": "III",
        "maz_zone": null,
        "tz": "4",
        "frost_risk": null,
        "source_layer": "SWIFT_SSMT_Uganda"
      }
    },
    {
      "type": "Feature",
      "geometry": {
        "type": "Polygon",
        "coordinates": [
          [
            [
              30.9560437866,
              -0.9812692106
            ],
            [
              30.9643963517,
              -0.9812592422
            ],
            [
              30.9644063077,
              -0.9896668075
            ],
            [
              30.9727588084,
              -0.9896567318
            ],
            [
              30.9727672613,
              -0.9967247576
            ],
            [
              31.0004338259,
              -0.9968498348
            ],
            [
              31.0041077079,
              -0.9967199999
            ],
            [
              31.0050882295,
              -0.9968925718
            ],
            [
              31.012927707,
              -0.9966299997
            ],
            [
              31.0145286883,
              -0.9967669822
            ],
            [
              31.0145200338,
              -0.9896060422
            ],
            [
              31.0228720216,
              -0.9895958413
            ],
            [
              31.0228619195,
              -0.9811888793
            ],
            [
              31.0145099532,
              -0.9811989942
            ],
            [
              31.014490049,
              -0.964384895
            ],
            [
              31.006138038,
              -0.9643948158
            ],
            [
              31.0061185187,
              -0.947580542
            ],
            [
              30.9894143194,
              -0.9475999762
            ],
            [
              30.9893952226,
              -0.9307853545
            ],
            [
              30.9977473256,
              -0.9307758204
            ],
            [
              30.9977378864,
              -0.9223685946
            ],
            [
              31.0060898842,
              -0.9223591266
            ],
            [
              31.0061088881,
              -0.9391734034
            ],
            [
              31.0144608396,
              -0.9391637427
            ],
            [
              31.0144704898,
              -0.9475707937
            ],
            [
              31.0395258875,
              -0.9475414304
            ],
            [
              31.0395356845,
              -0.9559482211
            ],
            [
              31.0478873302,
              -0.9559383049
            ],
            [
              31.0478677828,
              -0.9391248985
            ],
            [
              31.056219302,
              -0.9391151367
            ],
            [
              31.0562096389,
              -0.9307085212
            ],
            [
              31.0645610514,
              -0.9306988276
            ],
            [
              31.0645514554,
              -0.9222922974
            ],
            [
              31.1063071108,
              -0.9222439743
            ],
            [
              31.1062879866,
              -0.9054317948
            ],
            [
              31.1146388156,
              -0.9054222485
            ],
            [
              31.1146293669,
              -0.8970162469
            ],
            [
              31.139681267,
              -0.8969877592
            ],
            [
              31.1396907735,
              -0.9053934944
            ],
            [
              31.1313402097,
              -0.9054030983
            ],
            [
              31.1313497847,
              -0.9138089223
            ],
            [
              31.1229991132,
              -0.9138185957
            ],
            [
              31.123008758,
              -0.9222245082
            ],
            [
              31.1146579786,
              -0.9222342509
            ],
            [
              31.114667692,
              -0.9306402509
            ],
            [
              31.106316804,
              -0.9306500642
            ],
            [
              31.1063265865,
              -0.9390561514
            ],
            [
              31.0896245085,
              -0.9390758943
            ],
            [
              31.089644256,
              -0.955888423
            ],
            [
              31.0812930455,
              -0.9558984395
            ],
            [
              31.0813030312,
              -0.9643047911
            ],
            [
              31.0729517119,
              -0.9643148758
            ],
            [
              31.0729719042,
              -0.981127754
            ],
            [
              31.0813232641,
              -0.9811174937
            ],
            [
              31.0813335104,
              -0.9895238448
            ],
            [
              31.089684804,
              -0.9895134745
            ],
            [
              31.0896745352,
              -0.9811072128
            ],
            [
              31.1063768162,
              -0.9810865873
            ],
            [
              31.1063665946,
              -0.9726805013
            ],
            [
              31.1147175818,
              -0.9726702457
            ],
            [
              31.1147074284,
              -0.964264248
            ],
            [
              31.1230583068,
              -0.9642540612
            ],
            [
              31.123048221,
              -0.9558481509
            ],
            [
              31.1313989907,
              -0.9558380314
            ],
            [
              31.1313790432,
              -0.9390263891
            ],
            [
              31.1397296854,
              -0.9390164287
            ],
            [
              31.1397198251,
              -0.930610696
            ],
            [
              31.1564208022,
              -0.9305908932
            ],
            [
              31.1564307031,
              -0.9389964472
            ],
            [
              31.1480802384,
              -0.9390064487
            ],
            [
              31.1481002667,
              -0.9558177332
            ],
            [
              31.1397496732,
              -0.9558278928
            ],
            [
              31.1397700158,
              -0.9726393554
            ],
            [
              31.1481206503,
              -0.9726290172
            ],
            [
              31.1481104143,
              -0.9642233747
            ],
            [
              31.1731617216,
              -0.964192506
            ],
            [
              31.173151513,
              -0.9557871332
            ],
            [
              31.181501749,
              -0.9557768916
            ],
            [
              31.1814916114,
              -0.9473716085
            ],
            [
              31.1898417375,
              -0.9473614385
            ],
            [
              31.1898316686,
              -0.9389562445
            ],
            [
              31.1981816857,
              -0.9389461447
            ],
            [
              31.1981716867,
              -0.9305410407
            ],
            [
              31.2065215948,
              -0.9305310106
            ],
            [
              31.2065116652,
              -0.9221259969
            ],
            [
              31.2232111709,
              -0.9221060601
            ],
            [
              31.2231818102,
              -0.8968915614
            ],
            [
              31.2148321602,
              -0.8969012663
            ],
            [
              31.2148036698,
              -0.8716864916
            ],
            [
              31.2237731104,
              -0.8716763579
            ],
            [
              31.2221193847,
              -0.8611595381
            ],
            [
              31.2188493817,
              -0.852807846
            ],
            [
              31.210831588,
              -0.8399851462
            ],
            [
              31.2022286619,
              -0.8343246675
            ],
            [
              31.1850267792,
              -0.826882702
            ],
            [
              31.1630837929,
              -0.8218327154
            ],
            [
              31.1417368915,
              -0.8203629209
            ],
            [
              31.1319518796,
              -0.8188809288
            ],
            [
              31.1191998759,
              -0.8153128435
            ],
            [
              31.1159310834,
              -0.8078551051
            ],
            [
              31.1171080113,
              -0.7989005835
            ],
            [
              31.1233227173,
              -0.7875535165
            ],
            [
              31.1304309786,
              -0.7803838848
            ],
            [
              31.136351909,
              -0.7717233547
            ],
            [
              31.1363450101,
              -0.7645608786
            ],
            [
              31.1295211539,
              -0.7591955948
            ],
            [
              31.1238854233,
              -0.7562166035
            ],
            [
              31.1132068448,
              -0.7502579094
            ],
            [
              31.1063845985,
              -0.7466829938
            ],
            [
              31.100442172,
              -0.732661424
            ],
            [
              31.099248969,
              -0.7246043543
            ],
            [
              31.0943839749,
              -0.7156639911
            ],
            [
              31.0863935546,
              -0.7205155629
            ],
            [
              31.0893996849,
              -0.7205128441
            ],
            [
              31.0894148763,
              -0.7373253962
            ],
            [
              31.0727132979,
              -0.7373408338
            ],
            [
              31.0727054377,
              -0.7286544964
            ],
            [
              31.0643561909,
              -0.7305053625
            ],
            [
              31.0643623783,
              -0.7373485286
            ],
            [
              31.0560113712,
              -0.7373562075
            ],
            [
              31.0560190354,
              -0.7457628349
            ],
            [
              31.0476679253,
              -0.7457705864
            ],
            [
              31.0476756605,
              -0.7541773004
            ],
            [
              31.0393244481,
              -0.7541851232
            ],
            [
              31.039332254,
              -0.7625919227
            ],
            [
              31.0059264776,
              -0.7626233998
            ],
            [
              31.0059343041,
              -0.7710305471
            ],
            [
              30.9760849,
              -0.7710587591
            ],
            [
              30.9741685985,
              -0.7718792694
            ],
            [
              30.972527621,
              -0.7716348245
            ],
            [
              30.9725349371,
              -0.7794695988
            ],
            [
              30.9641829036,
              -0.7794775341
            ],
            [
              30.9641988219,
              -0.7962926857
            ],
            [
              30.9725508877,
              -0.7962845808
            ],
            [
              30.9725589917,
              -0.8046920699
            ],
            [
              30.9558547387,
              -0.8047084355
            ],
            [
              30.9558628939,
              -0.8131160968
            ],
            [
              30.9475106225,
              -0.8131243386
            ],
            [
              30.9475188449,
              -0.8215320842
            ],
            [
              30.939166472,
              -0.8215403944
            ],
            [
              30.9391747612,
              -0.8299482252
            ],
            [
              30.9391831349,
              -0.8383560541
            ],
            [
              30.9308306424,
              -0.8383645163
            ],
            [
              30.9308390823,
              -0.8467724302
            ],
            [
              30.9224864881,
              -0.8467809597
            ],
            [
              30.9224780665,
              -0.8383729619
            ],
            [
              30.9141254056,
              -0.8383813874
            ],
            [
              30.9141338098,
              -0.8467894716
            ],
            [
              30.9057810485,
              -0.846797965
            ],
            [
              30.9057895182,
              -0.8552061317
            ],
            [
              30.8974366547,
              -0.8552146908
            ],
            [
              30.8974282016,
              -0.8468064399
            ],
            [
              30.8890752721,
              -0.8468148972
            ],
            [
              30.8890837067,
              -0.8552232321
            ],
            [
              30.8723775617,
              -0.8552402604
            ],
            [
              30.8723946077,
              -0.8720572641
            ],
            [
              30.8640413745,
              -0.8720659171
            ],
            [
              30.8640500028,
              -0.8804745029
            ],
            [
              30.8556966678,
              -0.8804832209
            ],
            [
              30.8557050472,
              -0.8885902627
            ],
            [
              30.8619933802,
              -0.8871112074
            ],
            [
              30.8722730567,
              -0.8904918815
            ],
            [
              30.8743509261,
              -0.8922808777
            ],
            [
              30.8758378534,
              -0.8961602186
            ],
            [
              30.8761442157,
              -0.9054143894
            ],
            [
              30.875265358,
              -0.9155654396
            ],
            [
              30.8711256007,
              -0.9269142385
            ],
            [
              30.8688427713,
              -0.9309207625
            ],
            [
              30.8808101655,
              -0.9309075061
            ],
            [
              30.8807829211,
              -0.9056822595
            ],
            [
              30.8891360629,
              -0.9056732341
            ],
            [
              30.889127129,
              -0.8972649016
            ],
            [
              30.8807740051,
              -0.8972738441
            ],
            [
              30.8807564244,
              -0.88045701
            ],
            [
              30.8891095097,
              -0.8804482351
            ],
            [
              30.889100825,
              -0.8720399019
            ],
            [
              30.9141595271,
              -0.8720137177
            ],
            [
              30.914177091,
              -0.8888298808
            ],
            [
              30.92252986,
              -0.8888209461
            ],
            [
              30.9225387873,
              -0.8972289423
            ],
            [
              30.914185998,
              -0.8972379607
            ],
            [
              30.9142040656,
              -0.9140541206
            ],
            [
              30.9225568925,
              -0.9140449321
            ],
            [
              30.9225660713,
              -0.9224529267
            ],
            [
              30.9309188341,
              -0.9224436353
            ],
            [
              30.9309281172,
              -0.9308515443
            ],
            [
              30.9225753351,
              -0.9308609205
            ],
            [
              30.9225941125,
              -0.9476769066
            ],
            [
              30.9309469346,
              -0.9476673617
            ],
            [
              30.9309660894,
              -0.964483177
            ],
            [
              30.9226132273,
              -0.9644928914
            ],
            [
              30.9226229101,
              -0.9729008831
            ],
            [
              30.9309757933,
              -0.9728910839
            ],
            [
              30.9309855815,
              -0.9812989892
            ],
            [
              30.9476911365,
              -0.9812791575
            ],
            [
              30.9477010503,
              -0.9896868928
            ],
            [
              30.956053721,
              -0.9896768605
            ],
            [
              30.9560437866,
              -0.9812692106
            ]
          ],
          [
            [
              31.0530879097,
              -0.8201559867
            ],
            [
              31.0572443407,
              -0.8255241365
            ],
            [
              31.0676196216,
              -0.8234242114
            ],
            [
              31.078290951,
              -0.8210255488
            ],
            [
              31.0880750966,
              -0.8210154752
            ],
            [
              31.0966780693,
              -0.8257818223
            ],
            [
              31.0999449241,
              -0.8311505336
            ],
            [
              31.0978806996,
              -0.8418969366
            ],
            [
              31.0907719012,
              -0.8484704484
            ],
            [
              31.0735810289,
              -0.8538610225
            ],
            [
              31.0516444686,
              -0.8580629545
            ],
            [
              31.0350451139,
              -0.8628562368
            ],
            [
              31.0107315366,
              -0.8634791257
            ],
            [
              31.0030179455,
              -0.8596069991
            ],
            [
              30.9961867986,
              -0.8488686127
            ],
            [
              30.9988393809,
              -0.8330459869
            ],
            [
              31.0112790853,
              -0.8190045211
            ],
            [
              31.0210486965,
              -0.8034737004
            ],
            [
              31.0423748986,
              -0.7804701436
            ],
            [
              31.0560050248,
              -0.7712044404
            ],
            [
              31.0740300884,
              -0.7616779753
            ],
            [
              31.0820880148,
              -0.7625240408
            ],
            [
              31.0871330612,
              -0.7675929542
            ],
            [
              31.0871399057,
              -0.7747558746
            ],
            [
              31.0856664114,
              -0.784009438
            ],
            [
              31.0747050858,
              -0.7929740058
            ],
            [
              31.0604819162,
              -0.8016435878
            ],
            [
              31.0548585291,
              -0.811797094
            ],
            [
              31.0530879097,
              -0.8201559867
            ]
          ],
          [
            [
              30.9811012265,
              -0.9812392433
            ],
            [
              30.9643963517,
              -0.9812592422
            ],
            [
              30.964357378,
              -0.947628977
            ],
            [
              30.9727097765,
              -0.94761933
            ],
            [
              30.9727194129,
              -0.9560268117
            ],
            [
              30.9810717469,
              -0.9560170588
            ],
            [
              30.9810814886,
              -0.9644244538
            ],
            [
              30.9727291345,
              -0.9644342917
            ],
            [
              30.9727389405,
              -0.9728417728
            ],
            [
              30.9810913148,
              -0.9728318481
            ],
            [
              30.9811012265,
              -0.9812392433
            ]
          ]
        ]
      },
      "properties": {
        "country": "Uganda",
        "country_code": "UGA",
        "species_name": "Acacia_mearnsii",
        "genus": "Acacia",
        "species": "mearnsii",
        "suitability_name": "Moderately suitable",
        "suitability_rank": 2,
        "soil_suitability": "S3",
        "soil_type": "Ferrallitic Soils",
        "soil_description": "Yellow soils - Sandy loams",
        "site_class": null,
        "maz": "III",
        "maz_zone": null,
        "tz": "4",
        "frost_risk": null,
        "source_layer": "SWIFT_SSMT_Uganda"
      }
    },
    {
      "type": "Feature",
      "geometry": {
        "type": "Polygon",
        "coordinates": [
          [
            [
              30.838867724,
              -0.752005743
            ],
            [
              30.8350644734,
              -0.747228654
            ],
            [
              30.8214188878,
              -0.7436580215
            ],
            [
              30.8101501312,
              -0.7451606196
            ],
            [
              30.804225172,
              -0.7529282798
            ],
            [
              30.8042264489,
              -0.7543987147
            ],
            [
              30.8054560112,
              -0.7543976316
            ],
            [
              30.8054633678,
              -0.7628068005
            ],
            [
              30.8305238765,
              -0.7627843875
            ],
            [
              30.8305164716,
              -0.7543754645
            ],
            [
              30.8388697944,
              -0.7543680438
            ],
            [
              30.838867724,
              -0.752005743
            ]
          ]
        ]
      },
      "properties": {
        "country": "Uganda",
        "country_code": "UGA",
        "species_name": "Acacia_mearnsii",
        "genus": "Acacia",
        "species": "mearnsii",
        "suitability_name": "Moderately suitable",
        "suitability_rank": 2,
        "soil_suitability": "S3",
        "soil_type": "Ferrallitic Soils",
        "soil_description": "Yellow soils - Sandy loams",
        "site_class": null,
        "maz": "III",
        "maz_zone": null,
        "tz": "4",
        "frost_risk": null,
        "source_layer": "SWIFT_SSMT_Uganda"
      }
    },
    {
      "type": "Feature",
      "geometry": {
        "type": "Polygon",
        "coordinates": [
          [
            [
              30.8473550407,
              -0.8919020776
            ],
            [
              30.8538839013,
              -0.8890186069
            ],
            [
              30.8544168965,
              -0.8888932439
            ],
            [
              30.8473519246,
              -0.8889006707
            ],
            [
              30.8473550407,
              -0.8919020776
            ]
          ]
        ]
      },
      "properties": {
        "country": "Uganda",
        "country_code": "UGA",
        "species_name": "Acacia_mearnsii",
        "genus": "Acacia",
        "species": "mearnsii",
        "suitability_name": "Moderately suitable",
        "suitability_rank": 2,
        "soil_suitability": "S3",
        "soil_type": "Ferrallitic Soils",
        "soil_description": "Yellow soils - Sandy loams",
        "site_class": null,
        "maz": "III",
        "maz_zone": null,
        "tz": "4",
        "frost_risk": null,
        "source_layer": "SWIFT_SSMT_Uganda"
      }
    },
    {
      "type": "Feature",
      "geometry": {
        "type": "Polygon",
        "coordinates": [
          [
            [
              31.1314487832,
              -0.996564044
            ],
            [
              31.1314399493,
              -0.989461311
            ],
            [
              31.1397907139,
              -0.9894508149
            ],
            [
              31.1397700158,
              -0.9726393554
            ],
            [
              31.1230684822,
              -0.9726599697
            ],
            [
              31.1230890966,
              -0.9894717862
            ],
            [
              31.1147381561,
              -0.9894822398
            ],
            [
              31.114746965,
              -0.9965937927
            ],
            [
              31.1314487832,
              -0.996564044
            ]
          ]
        ]
      },
      "properties": {
        "country": "Uganda",
        "country_code": "UGA",
        "species_name": "Acacia_mearnsii",
        "genus": "Acacia",
        "species": "mearnsii",
        "suitability_name": "Moderately suitable",
        "suitability_rank": 2,
        "soil_suitability": "S3",
        "soil_type": "Ferrallitic Soils",
        "soil_description": "Yellow soils - Sandy loams",
        "site_class": null,
        "maz": "III",
        "maz_zone": null,
        "tz": "4",
        "frost_risk": null,
        "source_layer": "SWIFT_SSMT_Uganda"
      }
    },
    {
      "type": "Feature",
      "geometry": {
        "type": "Polygon",
        "coordinates": [
          [
            [
              30.8472012189,
              -0.7291343326
            ],
            [
              30.8471941108,
              -0.7207255747
            ],
            [
              30.8388409338,
              -0.7207326795
            ],
            [
              30.8388339234,
              -0.7123238378
            ],
            [
              30.8304806779,
              -0.7123308453
            ],
            [
              30.8304876728,
              -0.7207397697
            ],
            [
              30.8221343307,
              -0.7207468442
            ],
            [
              30.8221413912,
              -0.7291558509
            ],
            [
              30.8137879517,
              -0.729162993
            ],
            [
              30.8137950799,
              -0.7375720818
            ],
            [
              30.7887342242,
              -0.7375936595
            ],
            [
              30.788741386,
              -0.7460029939
            ],
            [
              30.7803875885,
              -0.7460102374
            ],
            [
              30.780394817,
              -0.7544196531
            ],
            [
              30.7720409234,
              -0.7544269617
            ],
            [
              30.7720482154,
              -0.7628364577
            ],
            [
              30.7553401526,
              -0.7628511885
            ],
            [
              30.755347494,
              -0.7712608482
            ],
            [
              30.738639077,
              -0.7712756757
            ],
            [
              30.7386464659,
              -0.7796854957
            ],
            [
              30.7470007317,
              -0.7796780094
            ],
            [
              30.7470082157,
              -0.7880877479
            ],
            [
              30.763716538,
              -0.7880725637
            ],
            [
              30.763731818,
              -0.8048917166
            ],
            [
              30.7720858908,
              -0.804883937
            ],
            [
              30.7720936686,
              -0.813293431
            ],
            [
              30.7804476792,
              -0.8132855516
            ],
            [
              30.7804398839,
              -0.8048761389
            ],
            [
              30.7887937952,
              -0.8048683242
            ],
            [
              30.7887860643,
              -0.796458993
            ],
            [
              30.7804321703,
              -0.7964667262
            ],
            [
              30.7804245376,
              -0.7880573117
            ],
            [
              30.7720705781,
              -0.7880649472
            ],
            [
              30.772055589,
              -0.7712459545
            ],
            [
              30.7887633595,
              -0.7712309955
            ],
            [
              30.7887559537,
              -0.7628216623
            ],
            [
              30.7971097018,
              -0.7628142401
            ],
            [
              30.7971023606,
              -0.7544049885
            ],
            [
              30.8042264489,
              -0.7543987147
            ],
            [
              30.804225172,
              -0.7529282798
            ],
            [
              30.8101501312,
              -0.7451606196
            ],
            [
              30.8214188878,
              -0.7436580215
            ],
            [
              30.8350644734,
              -0.747228654
            ],
            [
              30.838867724,
              -0.752005743
            ],
            [
              30.8388551993,
              -0.7375503628
            ],
            [
              30.8472084077,
              -0.7375430914
            ],
            [
              30.8472012189,
              -0.7291343326
            ]
          ]
        ]
      },
      "properties": {
        "country": "Uganda",
        "country_code": "UGA",
        "species_name": "Acacia_mearnsii",
        "genus": "Acacia",
        "species": "mearnsii",
        "suitability_name": "Moderately suitable",
        "suitability_rank": 2,
        "soil_suitability": "S2",
        "soil_type": "Ferrallitic Soils",
        "soil_description": "Yellow soils - Sandy clay loams",
        "site_class": null,
        "maz": "III",
        "maz_zone": null,
        "tz": "4",
        "frost_risk": null,
        "source_layer": "SWIFT_SSMT_Uganda"
      }
    },
    {
      "type": "Feature",
      "geometry": {
        "type": "Polygon",
        "coordinates": [
          [
            [
              30.863914579,
              -0.7375285015
            ],
            [
              30.8639073577,
              -0.7291199098
            ],
            [
              30.8555543301,
              -0.7291271291
            ],
            [
              30.8555615355,
              -0.7375358049
            ],
            [
              30.863914579,
              -0.7375285015
            ]
          ]
        ]
      },
      "properties": {
        "country": "Uganda",
        "country_code": "UGA",
        "species_name": "Acacia_mearnsii",
        "genus": "Acacia",
        "species": "mearnsii",
        "suitability_name": "Moderately suitable",
        "suitability_rank": 2,
        "soil_suitability": "S2",
        "soil_type": "Ferrallitic Soils",
        "soil_description": "Yellow soils - Sandy clay loams",
        "site_class": null,
        "maz": "III",
        "maz_zone": null,
        "tz": "4",
        "frost_risk": null,
        "source_layer": "SWIFT_SSMT_Uganda"
      }
    },
    {
      "type": "Feature",
      "geometry": {
        "type": "Polygon",
        "coordinates": [
          [
            [
              30.8688427713,
              -0.9309207625
            ],
            [
              30.8711256007,
              -0.9269142385
            ],
            [
              30.875265358,
              -0.9155654396
            ],
            [
              30.8761442157,
              -0.9054143894
            ],
            [
              30.8758378534,
              -0.8961602186
            ],
            [
              30.8743509261,
              -0.8922808777
            ],
            [
              30.8722730567,
              -0.8904918815
            ],
            [
              30.8619933802,
              -0.8871112074
            ],
            [
              30.8557050472,
              -0.8885902627
            ],
            [
              30.8557053606,
              -0.8888918881
            ],
            [
              30.8544168965,
              -0.8888932439
            ],
            [
              30.8538839013,
              -0.8890186069
            ],
            [
              30.8473550407,
              -0.8919020776
            ],
            [
              30.8473606815,
              -0.8973094211
            ],
            [
              30.8390071436,
              -0.8973182671
            ],
            [
              30.8390159633,
              -0.9057270995
            ],
            [
              30.8557229949,
              -0.905709222
            ],
            [
              30.8557319356,
              -0.9141178876
            ],
            [
              30.8640853461,
              -0.9141088368
            ],
            [
              30.8641035154,
              -0.9309260002
            ],
            [
              30.8688427713,
              -0.9309207625
            ]
          ]
        ]
      },
      "properties": {
        "country": "Uganda",
        "country_code": "UGA",
        "species_name": "Acacia_mearnsii",
        "genus": "Acacia",
        "species": "mearnsii",
        "suitability_name": "Moderately suitable",
        "suitability_rank": 2,
        "soil_suitability": "S1",
        "soil_type": "Ferrallitic Soils",
        "soil_description": "Red soils - Not differentiated; sandy clay loams",
        "site_class": null,
        "maz": "III",
        "maz_zone": null,
        "tz": "4",
        "frost_risk": null,
        "source_layer": "SWIFT_SSMT_Uganda"
      }
    },
    {
      "type": "Feature",
      "geometry": {
        "type": "Polygon",
        "coordinates": [
          [
            [
              31.323152478,
              -0.6866802638
            ],
            [
              31.3315005197,
              -0.686672643
            ],
            [
              31.3314929884,
              -0.678268996
            ],
            [
              31.3237147625,
              -0.6782760109
            ],
            [
              31.3231450337,
              -0.6783588988
            ],
            [
              31.323152478,
              -0.6866802638
            ]
          ]
        ]
      },
      "properties": {
        "country": "Uganda",
        "country_code": "UGA",
        "species_name": "Acacia_mearnsii",
        "genus": "Acacia",
        "species": "mearnsii",
        "suitability_name": "Moderately suitable",
        "suitability_rank": 2,
        "soil_suitability": "S2",
        "soil_type": "Ferrallitic Soils",
        "soil_description": "Yellow soils - Sandy clay loams",
        "site_class": null,
        "maz": "III",
        "maz_zone": null,
        "tz": "4",
        "frost_risk": null,
        "source_layer": "SWIFT_SSMT_Uganda"
      }
    },
    {
      "type": "Feature",
      "geometry": {
        "type": "Polygon",
        "coordinates": [
          [
            [
              31.3148119375,
              -0.6950917026
            ],
            [
              31.3231600872,
              -0.6950840028
            ],
            [
              31.323152478,
              -0.6866802638
            ],
            [
              31.3148043422,
              -0.6866878708
            ],
            [
              31.3148119375,
              -0.6950917026
            ]
          ]
        ]
      },
      "properties": {
        "country": "Uganda",
        "country_code": "UGA",
        "species_name": "Acacia_mearnsii",
        "genus": "Acacia",
        "species": "mearnsii",
        "suitability_name": "Moderately suitable",
        "suitability_rank": 2,
        "soil_suitability": "S2",
        "soil_type": "Ferrallitic Soils",
        "soil_description": "Yellow soils - Sandy clay loams",
        "site_class": null,
        "maz": "III",
        "maz_zone": null,
        "tz": "4",
        "frost_risk": null,
        "source_layer": "SWIFT_SSMT_Uganda"
      }
    },
    {
      "type": "Feature",
      "geometry": {
        "type": "Polygon",
        "coordinates": [
          [
            [
              30.2791649718,
              -0.9237276562
            ],
            [
              30.2791644048,
              -0.9231093325
            ],
            [
              30.2783197904,
              -0.9231101175
            ],
            [
              30.2791649718,
              -0.9237276562
            ]
          ]
        ]
      },
      "properties": {
        "country": "Uganda",
        "country_code": "UGA",
        "species_name": "Acacia_mearnsii",
        "genus": "Acacia",
        "species": "mearnsii",
        "suitability_name": "Moderately suitable",
        "suitability_rank": 2,
        "soil_suitability": "S3",
        "soil_type": "Ferrallitic Soils",
        "soil_description": "Yellow soils - Sandy loams",
        "site_class": null,
        "maz": "III",
        "maz_zone": null,
        "tz": "4",
        "frost_risk": null,
        "source_layer": "SWIFT_SSMT_Uganda"
      }
    },
    {
      "type": "Feature",
      "geometry": {
        "type": "Polygon",
        "coordinates": [
          [
            [
              30.3794722838,
              -0.9314278279
            ],
            [
              30.3711143339,
              -0.9314358951
            ],
            [
              30.3711304859,
              -0.9482622697
            ],
            [
              30.3794884752,
              -0.9482540576
            ],
            [
              30.3794722838,
              -0.9314278279
            ]
          ]
        ]
      },
      "properties": {
        "country": "Uganda",
        "country_code": "UGA",
        "species_name": "Acacia_mearnsii",
        "genus": "Acacia",
        "species": "mearnsii",
        "suitability_name": "Moderately suitable",
        "suitability_rank": 2,
        "soil_suitability": "S3",
        "soil_type": "Ferrallitic Soils",
        "soil_description": "Yellow soils - Sandy loams",
        "site_class": null,
        "maz": "III",
        "maz_zone": null,
        "tz": "4",
        "frost_risk": null,
        "source_layer": "SWIFT_SSMT_Uganda"
      }
    },
    {
      "type": "Feature",
      "geometry": {
        "type": "Polygon",
        "coordinates": [
          [
            [
              30.2875872602,
              -0.9904127991
            ],
            [
              30.2959460673,
              -0.990404435
            ],
            [
              30.2959214234,
              -0.9651629354
            ],
            [
              30.2875626779,
              -0.9651710875
            ],
            [
              30.2875546259,
              -0.956757182
            ],
            [
              30.2959133503,
              -0.9567491009
            ],
            [
              30.2958974161,
              -0.9399214316
            ],
            [
              30.2875387315,
              -0.9399293698
            ],
            [
              30.2875308909,
              -0.9315154631
            ],
            [
              30.2856550949,
              -0.9315172256
            ],
            [
              30.2869832548,
              -0.9331851942
            ],
            [
              30.2843238111,
              -0.9454354765
            ],
            [
              30.2763155603,
              -0.9502227592
            ],
            [
              30.2708312754,
              -0.9507538046
            ],
            [
              30.2708449768,
              -0.9651873277
            ],
            [
              30.2541269946,
              -0.9652034872
            ],
            [
              30.2541190225,
              -0.9567892996
            ],
            [
              30.237244198,
              -0.9568053851
            ],
            [
              30.2232026331,
              -0.9613266535
            ],
            [
              30.2206882605,
              -0.9631822485
            ],
            [
              30.2206901927,
              -0.9652355582
            ],
            [
              30.2290494964,
              -0.9652275713
            ],
            [
              30.2290574761,
              -0.9736419686
            ],
            [
              30.279211965,
              -0.973593193
            ],
            [
              30.2792201391,
              -0.982007168
            ],
            [
              30.287578995,
              -0.9819988956
            ],
            [
              30.2875872602,
              -0.9904127991
            ]
          ]
        ]
      },
      "properties": {
        "country": "Uganda",
        "country_code": "UGA",
        "species_name": "Acacia_mearnsii",
        "genus": "Acacia",
        "species": "mearnsii",
        "suitability_name": "Moderately suitable",
        "suitability_rank": 2,
        "soil_suitability": "S3",
        "soil_type": "Ferrallitic Soils",
        "soil_description": "Yellow soils - Sandy loams",
        "site_class": null,
        "maz": "III",
        "maz_zone": null,
        "tz": "4",
        "frost_risk": null,
        "source_layer": "SWIFT_SSMT_Uganda"
      }
    },
    {
      "type": "Feature",
      "geometry": {
        "type": "Polygon",
        "coordinates": [
          [
            [
              30.3878629137,
              -0.9650719069
            ],
            [
              30.3878463919,
              -0.9482458254
            ],
            [
              30.3794884752,
              -0.9482540576
            ],
            [
              30.3795049569,
              -0.9650802844
            ],
            [
              30.3878629137,
              -0.9650719069
            ]
          ]
        ]
      },
      "properties": {
        "country": "Uganda",
        "country_code": "UGA",
        "species_name": "Acacia_mearnsii",
        "genus": "Acacia",
        "species": "mearnsii",
        "suitability_name": "Moderately suitable",
        "suitability_rank": 2,
        "soil_suitability": "S3",
        "soil_type": "Ferrallitic Soils",
        "soil_description": "Yellow soils - Sandy loams",
        "site_class": null,
        "maz": "III",
        "maz_zone": null,
        "tz": "4",
        "frost_risk": null,
        "source_layer": "SWIFT_SSMT_Uganda"
      }
    },
    {
      "type": "Feature",
      "geometry": {
        "type": "Polygon",
        "coordinates": [
          [
            [
              30.3461144571,
              -1.0071806048
            ],
            [
              30.3461230838,
              -1.0155940053
            ],
            [
              30.3628397567,
              -1.0155765238
            ],
            [
              30.3628484975,
              -1.0239897797
            ],
            [
              30.3795649255,
              -1.0239720662
            ],
            [
              30.3795737819,
              -1.0323851749
            ],
            [
              30.3962899639,
              -1.032367227
            ],
            [
              30.3962989366,
              -1.0407801896
            ],
            [
              30.4130148706,
              -1.0407620076
            ],
            [
              30.4130058532,
              -1.0323491922
            ],
            [
              30.4046479442,
              -1.0323582206
            ],
            [
              30.4046390218,
              -1.0239453309
            ],
            [
              30.3962810632,
              -1.0239542638
            ],
            [
              30.3962634808,
              -1.0071283365
            ],
            [
              30.4046213966,
              -1.0071195506
            ],
            [
              30.4045955064,
              -0.9818808748
            ],
            [
              30.3962376525,
              -0.981889441
            ],
            [
              30.3962207987,
              -0.9650635071
            ],
            [
              30.3878629137,
              -0.9650719069
            ],
            [
              30.3878882417,
              -0.9903110253
            ],
            [
              30.3711721303,
              -0.990328199
            ],
            [
              30.3711806763,
              -0.9987413832
            ],
            [
              30.3795387892,
              -0.9987327344
            ],
            [
              30.3795561408,
              -1.0155589559
            ],
            [
              30.3711979854,
              -1.0155677506
            ],
            [
              30.3711892938,
              -1.0071545677
            ],
            [
              30.3461144571,
              -1.0071806048
            ]
          ]
        ]
      },
      "properties": {
        "country": "Uganda",
        "country_code": "UGA",
        "species_name": "Acacia_mearnsii",
        "genus": "Acacia",
        "species": "mearnsii",
        "suitability_name": "Moderately suitable",
        "suitability_rank": 2,
        "soil_suitability": "S3",
        "soil_type": "Ferrallitic Soils",
        "soil_description": "Yellow soils - Sandy loams",
        "site_class": null,
        "maz": "III",
        "maz_zone": null,
        "tz": "4",
        "frost_risk": null,
        "source_layer": "SWIFT_SSMT_Uganda"
      }
    },
    {
      "type": "Feature",
      "geometry": {
        "type": "Polygon",
        "coordinates": [
          [
            [
              30.3127775053,
              -1.0991443981
            ],
            [
              30.3127689396,
              -1.0913518799
            ],
            [
              30.3044100089,
              -1.0913611445
            ],
            [
              30.304400852,
              -1.0829473903
            ],
            [
              30.2876828243,
              -1.0829657056
            ],
            [
              30.2877011171,
              -1.0997935007
            ],
            [
              30.2793419502,
              -1.0998027662
            ],
            [
              30.2793327923,
              -1.0913887986
            ],
            [
              30.2709735783,
              -1.0913979699
            ],
            [
              30.2709555193,
              -1.0745698909
            ],
            [
              30.2625962813,
              -1.0745788972
            ],
            [
              30.2625873805,
              -1.0661647869
            ],
            [
              30.2542280953,
              -1.0661737009
            ],
            [
              30.254219286,
              -1.0577595189
            ],
            [
              30.2375005517,
              -1.0577771379
            ],
            [
              30.237483232,
              -1.0409484925
            ],
            [
              30.2458425895,
              -1.0409398344
            ],
            [
              30.2458255043,
              -1.0241113273
            ],
            [
              30.2374661905,
              -1.0241198448
            ],
            [
              30.2374494262,
              -1.0072911957
            ],
            [
              30.2123711993,
              -1.0073162007
            ],
            [
              30.2123629846,
              -0.9989016664
            ],
            [
              30.2040034588,
              -0.9989098895
            ],
            [
              30.2039833242,
              -0.9779215388
            ],
            [
              30.1899918848,
              -0.9930260289
            ],
            [
              30.1796136265,
              -1.0031938515
            ],
            [
              30.1736894327,
              -1.0154487636
            ],
            [
              30.1686577978,
              -1.0297942388
            ],
            [
              30.1665929046,
              -1.0426430302
            ],
            [
              30.1695824555,
              -1.0638519685
            ],
            [
              30.1746464238,
              -1.0814734824
            ],
            [
              30.1841594181,
              -1.0958037234
            ],
            [
              30.1981250609,
              -1.1104275701
            ],
            [
              30.2304880203,
              -1.1208480941
            ],
            [
              30.2625382151,
              -1.1175262399
            ],
            [
              30.287457968,
              -1.1082377665
            ],
            [
              30.3044218499,
              -1.1021452849
            ],
            [
              30.3044192366,
              -1.0997749
            ],
            [
              30.3110425323,
              -1.0997675041
            ],
            [
              30.3127775053,
              -1.0991443981
            ]
          ]
        ]
      },
      "properties": {
        "country": "Uganda",
        "country_code": "UGA",
        "species_name": "Acacia_mearnsii",
        "genus": "Acacia",
        "species": "mearnsii",
        "suitability_name": "Moderately suitable",
        "suitability_rank": 2,
        "soil_suitability": "S3",
        "soil_type": "Ferrallitic Soils",
        "soil_description": "Yellow soils - Sandy loams",
        "site_class": null,
        "maz": "III",
        "maz_zone": null,
        "tz": "4",
        "frost_risk": null,
        "source_layer": "SWIFT_SSMT_Uganda"
      }
    },
    {
      "type": "Feature",
      "geometry": {
        "type": "Polygon",
        "coordinates": [
          [
            [
              30.287595594,
              -0.9988267029
            ],
            [
              30.2875872602,
              -0.9904127991
            ],
            [
              30.2792283817,
              -0.9904211432
            ],
            [
              30.2792366954,
              -0.9988351169
            ],
            [
              30.287595594,
              -0.9988267029
            ]
          ]
        ]
      },
      "properties": {
        "country": "Uganda",
        "country_code": "UGA",
        "species_name": "Acacia_mearnsii",
        "genus": "Acacia",
        "species": "mearnsii",
        "suitability_name": "Moderately suitable",
        "suitability_rank": 2,
        "soil_suitability": "S3",
        "soil_type": "Ferrallitic Soils",
        "soil_description": "Yellow soils - Sandy loams",
        "site_class": null,
        "maz": "III",
        "maz_zone": null,
        "tz": "4",
        "frost_risk": null,
        "source_layer": "SWIFT_SSMT_Uganda"
      }
    },
    {
      "type": "Feature",
      "geometry": {
        "type": "Polygon",
        "coordinates": [
          [
            [
              30.3461144571,
              -1.0071806048
            ],
            [
              30.346105903,
              -0.9987672027
            ],
            [
              30.3210304835,
              -0.9987928306
            ],
            [
              30.3210389741,
              -1.0072064477
            ],
            [
              30.2959628502,
              -1.0072320981
            ],
            [
              30.295954423,
              -0.9988182659
            ],
            [
              30.287595594,
              -0.9988267029
            ],
            [
              30.287604,
              -1.0072406052
            ],
            [
              30.2792450794,
              -1.0072490908
            ],
            [
              30.2792535345,
              -1.0156630642
            ],
            [
              30.2876124765,
              -1.0156545068
            ],
            [
              30.2876210226,
              -1.0240684087
            ],
            [
              30.3210561691,
              -1.0240336818
            ],
            [
              30.321047536,
              -1.015620065
            ],
            [
              30.3377646392,
              -1.0156027138
            ],
            [
              30.3377560346,
              -1.0071892401
            ],
            [
              30.3461144571,
              -1.0071806048
            ]
          ]
        ]
      },
      "properties": {
        "country": "Uganda",
        "country_code": "UGA",
        "species_name": "Acacia_mearnsii",
        "genus": "Acacia",
        "species": "mearnsii",
        "suitability_name": "Moderately suitable",
        "suitability_rank": 2,
        "soil_suitability": "S3",
        "soil_type": "Ferrallitic Soils",
        "soil_description": "Yellow soils - Sandy loams",
        "site_class": null,
        "maz": "III",
        "maz_zone": null,
        "tz": "4",
        "frost_risk": null,
        "source_layer": "SWIFT_SSMT_Uganda"
      }
    },
    {
      "type": "Feature",
      "geometry": {
        "type": "Polygon",
        "coordinates": [
          [
            [
              30.2457137045,
              -0.9063117206
            ],
            [
              30.2373546784,
              -0.9063192586
            ],
            [
              30.2373621917,
              -0.9147335893
            ],
            [
              30.2457212377,
              -0.9147259814
            ],
            [
              30.2457137045,
              -0.9063117206
            ]
          ]
        ]
      },
      "properties": {
        "country": "Uganda",
        "country_code": "UGA",
        "species_name": "Acacia_mearnsii",
        "genus": "Acacia",
        "species": "mearnsii",
        "suitability_name": "Moderately suitable",
        "suitability_rank": 2,
        "soil_suitability": "S1",
        "soil_type": "Ferrallitic Soils",
        "soil_description": "Red soils - Not differentiated; sandy clay loams",
        "site_class": null,
        "maz": "III",
        "maz_zone": null,
        "tz": "4",
        "frost_risk": null,
        "source_layer": "SWIFT_SSMT_Uganda"
      }
    },
    {
      "type": "Feature",
      "geometry": {
        "type": "Polygon",
        "coordinates": [
          [
            [
              30.2373621917,
              -0.9147335893
            ],
            [
              30.2290030764,
              -0.914741178
            ],
            [
              30.2290106397,
              -0.9231555776
            ],
            [
              30.2290182721,
              -0.9315699773
            ],
            [
              30.2206590482,
              -0.9315776856
            ],
            [
              30.2206882605,
              -0.9631822485
            ],
            [
              30.2232026331,
              -0.9613266535
            ],
            [
              30.237244198,
              -0.9568053851
            ],
            [
              30.2290415867,
              -0.9568131734
            ],
            [
              30.2290259745,
              -0.9399843773
            ],
            [
              30.262462256,
              -0.9399530645
            ],
            [
              30.2624701068,
              -0.9483671832
            ],
            [
              30.2708290228,
              -0.9483592341
            ],
            [
              30.2708312754,
              -0.9507538046
            ],
            [
              30.2763155603,
              -0.9502227592
            ],
            [
              30.2843238111,
              -0.9454354765
            ],
            [
              30.2869832548,
              -0.9331851942
            ],
            [
              30.2856550949,
              -0.9315172256
            ],
            [
              30.2791721555,
              -0.9315233107
            ],
            [
              30.2791649718,
              -0.9237276562
            ],
            [
              30.2783197904,
              -0.9231101175
            ],
            [
              30.2624467623,
              -0.923124826
            ],
            [
              30.2624544734,
              -0.9315389461
            ],
            [
              30.2540955278,
              -0.9315467329
            ],
            [
              30.2540878362,
              -0.9231325435
            ],
            [
              30.2373697751,
              -0.9231479202
            ],
            [
              30.2373621917,
              -0.9147335893
            ]
          ]
        ]
      },
      "properties": {
        "country": "Uganda",
        "country_code": "UGA",
        "species_name": "Acacia_mearnsii",
        "genus": "Acacia",
        "species": "mearnsii",
        "suitability_name": "Moderately suitable",
        "suitability_rank": 2,
        "soil_suitability": "S1",
        "soil_type": "Ferrallitic Soils",
        "soil_description": "Red soils - Not differentiated; sandy clay loams",
        "site_class": null,
        "maz": "III",
        "maz_zone": null,
        "tz": "4",
        "frost_risk": null,
        "source_layer": "SWIFT_SSMT_Uganda"
      }
    },
    {
      "type": "Feature",
      "geometry": {
        "type": "Polygon",
        "coordinates": [
          [
            [
              30.2206514352,
              -0.9231632164
            ],
            [
              30.2206438911,
              -0.9147487473
            ],
            [
              30.2039253148,
              -0.9147638264
            ],
            [
              30.2039328196,
              -0.9231784347
            ],
            [
              30.2206514352,
              -0.9231632164
            ]
          ]
        ]
      },
      "properties": {
        "country": "Uganda",
        "country_code": "UGA",
        "species_name": "Acacia_mearnsii",
        "genus": "Acacia",
        "species": "mearnsii",
        "suitability_name": "Moderately suitable",
        "suitability_rank": 2,
        "soil_suitability": "S1",
        "soil_type": "Ferrallitic Soils",
        "soil_description": "Red soils - Not differentiated; sandy clay loams",
        "site_class": null,
        "maz": "III",
        "maz_zone": null,
        "tz": "4",
        "frost_risk": null,
        "source_layer": "SWIFT_SSMT_Uganda"
      }
    },
    {
      "type": "Feature",
      "geometry": {
        "type": "Polygon",
        "coordinates": [
          [
            [
              30.2039328196,
              -0.9231784347
            ],
            [
              30.1454155079,
              -0.9232310768
            ],
            [
              30.1454081397,
              -0.914815988
            ],
            [
              30.128688337,
              -0.9148307156
            ],
            [
              30.1286956658,
              -0.9232459392
            ],
            [
              30.1370556203,
              -0.9232385173
            ],
            [
              30.1370630371,
              -0.9316536729
            ],
            [
              30.1454229441,
              -0.9316461641
            ],
            [
              30.1454304484,
              -0.9400612515
            ],
            [
              30.1621500992,
              -0.9400460373
            ],
            [
              30.1621577103,
              -0.9484609885
            ],
            [
              30.1788771304,
              -0.9484455567
            ],
            [
              30.1788618959,
              -0.9316159282
            ],
            [
              30.1955809627,
              -0.9316006914
            ],
            [
              30.1956040367,
              -0.9568447191
            ],
            [
              30.187244477,
              -0.9568525555
            ],
            [
              30.1872601616,
              -0.973682043
            ],
            [
              30.1789004923,
              -0.9736899944
            ],
            [
              30.1789084166,
              -0.9821048066
            ],
            [
              30.1705486588,
              -0.9821128074
            ],
            [
              30.1705566303,
              -0.9905276863
            ],
            [
              30.178916409,
              -0.9905196181
            ],
            [
              30.1789244692,
              -0.998934429
            ],
            [
              30.1705646696,
              -0.9989425663
            ],
            [
              30.1705891967,
              -1.0241872011
            ],
            [
              30.1622292642,
              -1.0241955224
            ],
            [
              30.1622459125,
              -1.0410254133
            ],
            [
              30.1538858679,
              -1.0410338495
            ],
            [
              30.1538942704,
              -1.049448862
            ],
            [
              30.1455341372,
              -1.0494573429
            ],
            [
              30.1455425856,
              -1.0578724234
            ],
            [
              30.1539027421,
              -1.0578638749
            ],
            [
              30.1539198875,
              -1.074693898
            ],
            [
              30.162280021,
              -1.0746851893
            ],
            [
              30.1622887177,
              -1.0831001317
            ],
            [
              30.1706488065,
              -1.0830913319
            ],
            [
              30.1706575948,
              -1.0915062057
            ],
            [
              30.1622974829,
              -1.0915150745
            ],
            [
              30.1623063157,
              -1.0999300159
            ],
            [
              30.1706664509,
              -1.099921079
            ],
            [
              30.1706753756,
              -1.1083359518
            ],
            [
              30.1790354647,
              -1.1083269231
            ],
            [
              30.1790444818,
              -1.1167417262
            ],
            [
              30.1874045275,
              -1.1167326061
            ],
            [
              30.1874136347,
              -1.1251473394
            ],
            [
              30.2041335691,
              -1.125128888
            ],
            [
              30.2041427926,
              -1.1335434841
            ],
            [
              30.2125026812,
              -1.1335341523
            ],
            [
              30.2125499556,
              -1.1756067761
            ],
            [
              30.2292697699,
              -1.175587345
            ],
            [
              30.2292601276,
              -1.1671729607
            ],
            [
              30.2459796135,
              -1.1671535697
            ],
            [
              30.2459893066,
              -1.1755678144
            ],
            [
              30.237629572,
              -1.1755775919
            ],
            [
              30.2376491164,
              -1.1924062198
            ],
            [
              30.2292892627,
              -1.1924161113
            ],
            [
              30.2293290801,
              -1.2260736384
            ],
            [
              30.2209690546,
              -1.2260837839
            ],
            [
              30.220989328,
              -1.2429126829
            ],
            [
              30.2354535901,
              -1.2428948717
            ],
            [
              30.2369300592,
              -1.2418199996
            ],
            [
              30.2377067614,
              -1.2407149461
            ],
            [
              30.2376890364,
              -1.2260634673
            ],
            [
              30.2460489234,
              -1.226053268
            ],
            [
              30.2460388129,
              -1.2176390274
            ],
            [
              30.2534275727,
              -1.2176300547
            ],
            [
              30.2543975143,
              -1.2167216349
            ],
            [
              30.2543885365,
              -1.2092147018
            ],
            [
              30.262748232,
              -1.2092045928
            ],
            [
              30.26273821,
              -1.2007904909
            ],
            [
              30.2710978089,
              -1.2007804254
            ],
            [
              30.2710878322,
              -1.1923663945
            ],
            [
              30.2794473363,
              -1.1923563747
            ],
            [
              30.2794374033,
              -1.1839424131
            ],
            [
              30.2710779255,
              -1.1839523622
            ],
            [
              30.2710680881,
              -1.1755383296
            ],
            [
              30.2877869248,
              -1.1755185473
            ],
            [
              30.2877771084,
              -1.1671046556
            ],
            [
              30.287757687,
              -1.1502768711
            ],
            [
              30.2961169253,
              -1.1502671551
            ],
            [
              30.2961072968,
              -1.1418533322
            ],
            [
              30.2960977381,
              -1.1334395089
            ],
            [
              30.3128159069,
              -1.1334202908
            ],
            [
              30.3128063717,
              -1.1250066096
            ],
            [
              30.3211653247,
              -1.1249970362
            ],
            [
              30.3211558367,
              -1.1165834261
            ],
            [
              30.3044379055,
              -1.1166024068
            ],
            [
              30.3044473458,
              -1.1250161599
            ],
            [
              30.29608825,
              -1.1250256851
            ],
            [
              30.2960694869,
              -1.108198037
            ],
            [
              30.3044285361,
              -1.1081886541
            ],
            [
              30.3044218499,
              -1.1021452849
            ],
            [
              30.287457968,
              -1.1082377665
            ],
            [
              30.2625382151,
              -1.1175262399
            ],
            [
              30.2304880203,
              -1.1208480941
            ],
            [
              30.1981250609,
              -1.1104275701
            ],
            [
              30.1841594181,
              -1.0958037234
            ],
            [
              30.1746464238,
              -1.0814734824
            ],
            [
              30.1695824555,
              -1.0638519685
            ],
            [
              30.1665929046,
              -1.0426430302
            ],
            [
              30.1686577978,
              -1.0297942388
            ],
            [
              30.1736894327,
              -1.0154487636
            ],
            [
              30.1796136265,
              -1.0031938515
            ],
            [
              30.1899918848,
              -0.9930260289
            ],
            [
              30.2039833242,
              -0.9779215388
            ],
            [
              30.2039328196,
              -0.9231784347
            ]
          ]
        ]
      },
      "properties": {
        "country": "Uganda",
        "country_code": "UGA",
        "species_name": "Acacia_mearnsii",
        "genus": "Acacia",
        "species": "mearnsii",
        "suitability_name": "Moderately suitable",
        "suitability_rank": 2,
        "soil_suitability": "S1",
        "soil_type": "Ferrallitic Soils",
        "soil_description": "Red soils - Not differentiated; sandy clay loams",
        "site_class": null,
        "maz": "III",
        "maz_zone": null,
        "tz": "4",
        "frost_risk": null,
        "source_layer": "SWIFT_SSMT_Uganda"
      }
    },
    {
      "type": "Feature",
      "geometry": {
        "type": "Polygon",
        "coordinates": [
          [
            [
              30.3110425323,
              -1.0997675041
            ],
            [
              30.3127781915,
              -1.0997655631
            ],
            [
              30.3127775053,
              -1.0991443981
            ],
            [
              30.3110425323,
              -1.0997675041
            ]
          ]
        ]
      },
      "properties": {
        "country": "Uganda",
        "country_code": "UGA",
        "species_name": "Acacia_mearnsii",
        "genus": "Acacia",
        "species": "mearnsii",
        "suitability_name": "Moderately suitable",
        "suitability_rank": 2,
        "soil_suitability": "S1",
        "soil_type": "Ferrallitic Soils",
        "soil_description": "Red soils - Not differentiated; sandy clay loams",
        "site_class": null,
        "maz": "III",
        "maz_zone": null,
        "tz": "4",
        "frost_risk": null,
        "source_layer": "SWIFT_SSMT_Uganda"
      }
    },
    {
      "type": "Feature",
      "geometry": {
        "type": "Polygon",
        "coordinates": [
          [
            [
              30.0785060811,
              -0.8896275484
            ],
            [
              30.0450643113,
              -0.8896555059
            ],
            [
              30.0450574381,
              -0.8812396135
            ],
            [
              30.05341796,
              -0.8812327195
            ],
            [
              30.0534111334,
              -0.8728168926
            ],
            [
              30.0868524912,
              -0.8727893888
            ],
            [
              30.0868593919,
              -0.8812049506
            ],
            [
              30.095219584,
              -0.8811979613
            ],
            [
              30.0952265708,
              -0.8896134551
            ],
            [
              30.1035867155,
              -0.88960638
            ],
            [
              30.103593787,
              -0.8980218074
            ],
            [
              30.0867904589,
              -0.8980361428
            ],
            [
              30.0921783131,
              -0.9006819357
            ],
            [
              30.102885492,
              -0.9053362164
            ],
            [
              30.103017468,
              -0.9042054897
            ],
            [
              30.1033930758,
              -0.9039959119
            ],
            [
              30.1038307585,
              -0.9039982451
            ],
            [
              30.1050091488,
              -0.9045106678
            ],
            [
              30.105962029,
              -0.9046307284
            ],
            [
              30.1068838902,
              -0.9043848844
            ],
            [
              30.1073898943,
              -0.9037352305
            ],
            [
              30.1091704529,
              -0.9032226186
            ],
            [
              30.1107042387,
              -0.9030950724
            ],
            [
              30.1110687934,
              -0.9028335492
            ],
            [
              30.1116582424,
              -0.9028673151
            ],
            [
              30.1119475464,
              -0.90266047
            ],
            [
              30.112396546,
              -0.9027698681
            ],
            [
              30.1127989096,
              -0.903216089
            ],
            [
              30.1132869481,
              -0.903398308
            ],
            [
              30.114602944,
              -0.9025547327
            ],
            [
              30.1159751736,
              -0.9024790478
            ],
            [
              30.1169390906,
              -0.9027882405
            ],
            [
              30.1175320491,
              -0.9025847839
            ],
            [
              30.1181992236,
              -0.9027112217
            ],
            [
              30.1191675784,
              -0.902403982
            ],
            [
              30.1203176222,
              -0.902364845
            ],
            [
              30.1203139157,
              -0.8980074664
            ],
            [
              30.1488484165,
              -0.897982813
            ],
            [
              30.1488761361,
              -0.8967495533
            ],
            [
              30.1341469153,
              -0.8876796633
            ],
            [
              30.1018408429,
              -0.8719315348
            ],
            [
              30.0837862502,
              -0.8619073044
            ],
            [
              30.0823508311,
              -0.8485228904
            ],
            [
              30.0899410444,
              -0.8379996212
            ],
            [
              30.1060857758,
              -0.8355965265
            ],
            [
              30.1231777668,
              -0.8303244544
            ],
            [
              30.138369562,
              -0.8245759608
            ],
            [
              30.1393089133,
              -0.8111903553
            ],
            [
              30.1302817861,
              -0.8054609829
            ],
            [
              30.1193569033,
              -0.8021231439
            ],
            [
              30.1003509164,
              -0.7882742888
            ],
            [
              30.0870433379,
              -0.7739426127
            ],
            [
              30.0770591707,
              -0.7581739719
            ],
            [
              30.0714228458,
              -0.7381510403
            ],
            [
              30.0700310877,
              -0.7381520084
            ],
            [
              30.0700368972,
              -0.7465677092
            ],
            [
              30.0616767815,
              -0.746573583
            ],
            [
              30.0616885665,
              -0.7634051161
            ],
            [
              30.0449680759,
              -0.7634170791
            ],
            [
              30.0450048061,
              -0.8139124608
            ],
            [
              30.0366443621,
              -0.8139188122
            ],
            [
              30.0366570928,
              -0.8307507336
            ],
            [
              30.0282965492,
              -0.830757198
            ],
            [
              30.028302995,
              -0.8391732243
            ],
            [
              30.0032209209,
              -0.8391927069
            ],
            [
              30.0032273786,
              -0.847608927
            ],
            [
              29.9948665399,
              -0.8476154503
            ],
            [
              29.9948730428,
              -0.8560317356
            ],
            [
              29.9697900895,
              -0.8560513884
            ],
            [
              29.9697966023,
              -0.8644678671
            ],
            [
              29.9614354716,
              -0.8644744452
            ],
            [
              29.9614420294,
              -0.8728909865
            ],
            [
              29.9279967991,
              -0.8729173711
            ],
            [
              29.928009956,
              -0.889750963
            ],
            [
              29.9196484542,
              -0.8897576386
            ],
            [
              29.9196551071,
              -0.8981744964
            ],
            [
              29.8945701674,
              -0.8981945969
            ],
            [
              29.8945768264,
              -0.9066116429
            ],
            [
              29.9029385547,
              -0.9066048998
            ],
            [
              29.9029432264,
              -0.9124476445
            ],
            [
              29.907531478,
              -0.9150181409
            ],
            [
              29.9196686024,
              -0.9150082107
            ],
            [
              29.9196754439,
              -0.9234250682
            ],
            [
              29.9363985402,
              -0.9234111916
            ],
            [
              29.9364047578,
              -0.9309508177
            ],
            [
              29.9372522701,
              -0.9312912362
            ],
            [
              29.9390896878,
              -0.9318256661
            ],
            [
              29.9447669572,
              -0.9318208907
            ],
            [
              29.9447599935,
              -0.9234042236
            ],
            [
              29.9531213843,
              -0.9233972361
            ],
            [
              29.9531283675,
              -0.9318138383
            ],
            [
              29.9614897142,
              -0.931806768
            ],
            [
              29.9614951954,
              -0.9383423454
            ],
            [
              29.9618383821,
              -0.9384421584
            ],
            [
              29.9647264251,
              -0.9402205448
            ],
            [
              29.9782193226,
              -0.9402089761
            ],
            [
              29.9782264143,
              -0.9485333639
            ],
            [
              29.9783756485,
              -0.9486252561
            ],
            [
              29.9865876886,
              -0.9486181252
            ],
            [
              29.9865921429,
              -0.9537939134
            ],
            [
              29.9915185956,
              -0.9570301483
            ],
            [
              29.9949560945,
              -0.9570271258
            ],
            [
              29.9949783033,
              -0.9822759631
            ],
            [
              30.0033394526,
              -0.9822684028
            ],
            [
              30.0033319647,
              -0.9738521894
            ],
            [
              30.0116930285,
              -0.9738446735
            ],
            [
              30.0116855841,
              -0.9654285248
            ],
            [
              30.0200465624,
              -0.9654210538
            ],
            [
              30.0200540273,
              -0.9738371379
            ],
            [
              30.0284149618,
              -0.9738295807
            ],
            [
              30.0284225125,
              -0.9822455994
            ],
            [
              30.0535049868,
              -0.9822226064
            ],
            [
              30.0535126652,
              -0.9906384272
            ],
            [
              30.0618733804,
              -0.9906306544
            ],
            [
              30.0618811458,
              -0.999046409
            ],
            [
              30.0535204088,
              -0.9990542473
            ],
            [
              30.0535282183,
              -1.0074700669
            ],
            [
              30.0535360938,
              -1.0158858867
            ],
            [
              30.0618968725,
              -1.0158779163
            ],
            [
              30.0619048346,
              -1.0242936691
            ],
            [
              30.0702655696,
              -1.0242856104
            ],
            [
              30.0702899161,
              -1.0495326663
            ],
            [
              30.0744670141,
              -1.0495285332
            ],
            [
              30.0748564797,
              -1.0455488027
            ],
            [
              30.0794711653,
              -1.0290512623
            ],
            [
              30.0790972311,
              -1.0104073745
            ],
            [
              30.0719611714,
              -0.9975065331
            ],
            [
              30.0612583609,
              -0.9792305632
            ],
            [
              30.04949815,
              -0.9731459551
            ],
            [
              30.0352428349,
              -0.9652706295
            ],
            [
              30.0231222139,
              -0.954524641
            ],
            [
              30.0209777702,
              -0.946279592
            ],
            [
              30.020611072,
              -0.9340887707
            ],
            [
              30.0234531195,
              -0.9251222555
            ],
            [
              30.0334247831,
              -0.9226037693
            ],
            [
              30.0434027566,
              -0.9276149609
            ],
            [
              30.05729702,
              -0.9304713027
            ],
            [
              30.0658392528,
              -0.9229343284
            ],
            [
              30.0676122691,
              -0.9136105567
            ],
            [
              30.0629732902,
              -0.9035751733
            ],
            [
              30.0604745489,
              -0.8971233995
            ],
            [
              30.064388204,
              -0.8917418724
            ],
            [
              30.0761433585,
              -0.892807628
            ],
            [
              30.0785096922,
              -0.8939696835
            ],
            [
              30.0785060811,
              -0.8896275484
            ]
          ],
          [
            [
              29.9280301628,
              -0.915001346
            ],
            [
              29.9280233641,
              -0.9065845512
            ],
            [
              29.9363848414,
              -0.9065777306
            ],
            [
              29.9363780869,
              -0.8981609996
            ],
            [
              29.9531008156,
              -0.8981474261
            ],
            [
              29.9531144648,
              -0.9149806331
            ],
            [
              29.9280301628,
              -0.915001346
            ]
          ],
          [
            [
              30.0367037042,
              -0.8896624482
            ],
            [
              30.0450643113,
              -0.8896555059
            ],
            [
              30.0450712484,
              -0.8980713985
            ],
            [
              30.0367106235,
              -0.8980784051
            ],
            [
              30.0367037042,
              -0.8896624482
            ]
          ]
        ]
      },
      "properties": {
        "country": "Uganda",
        "country_code": "UGA",
        "species_name": "Acacia_mearnsii",
        "genus": "Acacia",
        "species": "mearnsii",
        "suitability_name": "Moderately suitable",
        "suitability_rank": 2,
        "soil_suitability": "S4",
        "soil_type": "Lithosols",
        "soil_description": "Not differentiated",
        "site_class": null,
        "maz": "II",
        "maz_zone": null,
        "tz": "4",
        "frost_risk": null,
        "source_layer": "SWIFT_SSMT_Uganda"
      }
    },
    {
      "type": "Feature",
      "geometry": {
        "type": "Polygon",
        "coordinates": [
          [
            [
              30.0607287344,
              -0.426774518
            ],
            [
              30.0639487383,
              -0.4099417052
            ],
            [
              30.0614962738,
              -0.4099426516
            ],
            [
              30.061499506,
              -0.4183584298
            ],
            [
              30.053139808,
              -0.4183617122
            ],
            [
              30.0531430966,
              -0.4267775555
            ],
            [
              30.0607287344,
              -0.426774518
            ]
          ]
        ]
      },
      "properties": {
        "country": "Uganda",
        "country_code": "UGA",
        "species_name": "Acacia_mearnsii",
        "genus": "Acacia",
        "species": "mearnsii",
        "suitability_name": "Moderately suitable",
        "suitability_rank": 2,
        "soil_suitability": "S4",
        "soil_type": "Lithosols",
        "soil_description": "Not differentiated",
        "site_class": null,
        "maz": "I",
        "maz_zone": null,
        "tz": "4",
        "frost_risk": null,
        "source_layer": "SWIFT_SSMT_Uganda"
      }
    },
    {
      "type": "Feature",
      "geometry": {
        "type": "Polygon",
        "coordinates": [
          [
            [
              30.0531537305,
              -0.4529240346
            ],
            [
              30.0534452835,
              -0.452024964
            ],
            [
              30.0531533549,
              -0.4520250868
            ],
            [
              30.0531537305,
              -0.4529240346
            ]
          ]
        ]
      },
      "properties": {
        "country": "Uganda",
        "country_code": "UGA",
        "species_name": "Acacia_mearnsii",
        "genus": "Acacia",
        "species": "mearnsii",
        "suitability_name": "Moderately suitable",
        "suitability_rank": 2,
        "soil_suitability": "S4",
        "soil_type": "Lithosols",
        "soil_description": "Not differentiated",
        "site_class": null,
        "maz": "I",
        "maz_zone": null,
        "tz": "4",
        "frost_risk": null,
        "source_layer": "SWIFT_SSMT_Uganda"
      }
    },
    {
      "type": "Feature",
      "geometry": {
        "type": "Polygon",
        "coordinates": [
          [
            [
              30.0448023462,
              -0.472648748
            ],
            [
              30.0469581941,
              -0.4688594959
            ],
            [
              30.0448007018,
              -0.468860442
            ],
            [
              30.0448023462,
              -0.472648748
            ]
          ]
        ]
      },
      "properties": {
        "country": "Uganda",
        "country_code": "UGA",
        "species_name": "Acacia_mearnsii",
        "genus": "Acacia",
        "species": "mearnsii",
        "suitability_name": "Moderately suitable",
        "suitability_rank": 2,
        "soil_suitability": "S4",
        "soil_type": "Lithosols",
        "soil_description": "Not differentiated",
        "site_class": null,
        "maz": "I",
        "maz_zone": null,
        "tz": "4",
        "frost_risk": null,
        "source_layer": "SWIFT_SSMT_Uganda"
      }
    },
    {
      "type": "Feature",
      "geometry": {
        "type": "Polygon",
        "coordinates": [
          [
            [
              29.9946710341,
              -0.5360661739
            ],
            [
              30.023843304,
              -0.5094889986
            ],
            [
              30.0421688791,
              -0.4772775258
            ],
            [
              30.0197244914,
              -0.4772874918
            ],
            [
              30.0197281979,
              -0.4857035973
            ],
            [
              30.0197319685,
              -0.4941197015
            ],
            [
              30.0113718579,
              -0.4941235246
            ],
            [
              30.0113795734,
              -0.510955863
            ],
            [
              30.0030193766,
              -0.5109598069
            ],
            [
              30.0030233199,
              -0.5193760401
            ],
            [
              29.9946630475,
              -0.5193800373
            ],
            [
              29.9946710341,
              -0.5360661739
            ]
          ]
        ]
      },
      "properties": {
        "country": "Uganda",
        "country_code": "UGA",
        "species_name": "Acacia_mearnsii",
        "genus": "Acacia",
        "species": "mearnsii",
        "suitability_name": "Moderately suitable",
        "suitability_rank": 2,
        "soil_suitability": "S4",
        "soil_type": "Lithosols",
        "soil_description": "Not differentiated",
        "site_class": null,
        "maz": "I",
        "maz_zone": null,
        "tz": "4",
        "frost_risk": null,
        "source_layer": "SWIFT_SSMT_Uganda"
      }
    },
    {
      "type": "Feature",
      "geometry": {
        "type": "Polygon",
        "coordinates": [
          [
            [
              29.9863143907,
              -0.5436796027
            ],
            [
              29.9945101889,
              -0.5362127134
            ],
            [
              29.9863107466,
              -0.5362167496
            ],
            [
              29.9863143907,
              -0.5436796027
            ]
          ]
        ]
      },
      "properties": {
        "country": "Uganda",
        "country_code": "UGA",
        "species_name": "Acacia_mearnsii",
        "genus": "Acacia",
        "species": "mearnsii",
        "suitability_name": "Moderately suitable",
        "suitability_rank": 2,
        "soil_suitability": "S4",
        "soil_type": "Lithosols",
        "soil_description": "Not differentiated",
        "site_class": null,
        "maz": "I",
        "maz_zone": null,
        "tz": "4",
        "frost_risk": null,
        "source_layer": "SWIFT_SSMT_Uganda"
      }
    },
    {
      "type": "Feature",
      "geometry": {
        "type": "Polygon",
        "coordinates": [
          [
            [
              29.8778465629,
              -0.8982079026
            ],
            [
              29.8778400044,
              -0.889790731
            ],
            [
              29.8778335078,
              -0.8813735596
            ],
            [
              29.8778270722,
              -0.8729563875
            ],
            [
              29.8861888495,
              -0.8729499313
            ],
            [
              29.8861953025,
              -0.881367041
            ],
            [
              29.8945570361,
              -0.8813605038
            ],
            [
              29.8945635706,
              -0.8897775503
            ],
            [
              29.8945701674,
              -0.8981945969
            ],
            [
              29.9196551071,
              -0.8981744964
            ],
            [
              29.9196484542,
              -0.8897576386
            ],
            [
              29.928009956,
              -0.889750963
            ],
            [
              29.9279967991,
              -0.8729173711
            ],
            [
              29.9614420294,
              -0.8728909865
            ],
            [
              29.9614354716,
              -0.8644744452
            ],
            [
              29.9697966023,
              -0.8644678671
            ],
            [
              29.9697900895,
              -0.8560513884
            ],
            [
              29.9948730428,
              -0.8560317356
            ],
            [
              29.9948665399,
              -0.8476154503
            ],
            [
              30.0032273786,
              -0.847608927
            ],
            [
              30.0032209209,
              -0.8391927069
            ],
            [
              30.028302995,
              -0.8391732243
            ],
            [
              30.0282965492,
              -0.830757198
            ],
            [
              30.0366570928,
              -0.8307507336
            ],
            [
              30.0366443621,
              -0.8139188122
            ],
            [
              30.0450048061,
              -0.8139124608
            ],
            [
              30.0449680759,
              -0.7634170791
            ],
            [
              30.0616885665,
              -0.7634051161
            ],
            [
              30.0616767815,
              -0.746573583
            ],
            [
              30.0700368972,
              -0.7465677092
            ],
            [
              30.0700310877,
              -0.7381520084
            ],
            [
              30.0714228458,
              -0.7381510403
            ],
            [
              30.0655144488,
              -0.7168296543
            ],
            [
              30.0619451933,
              -0.7054779922
            ],
            [
              30.0554109987,
              -0.698908871
            ],
            [
              30.0500602847,
              -0.6863630032
            ],
            [
              30.0387808468,
              -0.6857726413
            ],
            [
              30.0304710138,
              -0.6875707493
            ],
            [
              30.0102960616,
              -0.7019262805
            ],
            [
              30.0008017455,
              -0.7085062097
            ],
            [
              29.9901223502,
              -0.7186727467
            ],
            [
              29.985382008,
              -0.7324212447
            ],
            [
              29.9895457038,
              -0.744370901
            ],
            [
              29.9984605417,
              -0.7587076293
            ],
            [
              30.0085595272,
              -0.7682623591
            ],
            [
              30.0121286797,
              -0.7784191987
            ],
            [
              30.01214156,
              -0.7963474922
            ],
            [
              30.0032443585,
              -0.8071111042
            ],
            [
              29.9949386111,
              -0.8148863279
            ],
            [
              29.9670366412,
              -0.8167000344
            ],
            [
              29.9569402988,
              -0.8119264071
            ],
            [
              29.9385260359,
              -0.7987916283
            ],
            [
              29.9308031693,
              -0.7922229861
            ],
            [
              29.9201159062,
              -0.7916329274
            ],
            [
              29.9088364927,
              -0.7934339133
            ],
            [
              29.8945862308,
              -0.7922486346
            ],
            [
              29.8880518793,
              -0.7874718111
            ],
            [
              29.8838883951,
              -0.7767164832
            ],
            [
              29.8904105772,
              -0.7635631219
            ],
            [
              29.9058394324,
              -0.7515992877
            ],
            [
              29.9271962569,
              -0.7258856912
            ],
            [
              29.9378725627,
              -0.7097421456
            ],
            [
              29.9461697527,
              -0.6864286206
            ],
            [
              29.9420027487,
              -0.6679041001
            ],
            [
              29.941399574,
              -0.6517679403
            ],
            [
              29.9443594203,
              -0.6368250146
            ],
            [
              29.9550379218,
              -0.6230730987
            ],
            [
              29.9585901061,
              -0.6051418975
            ],
            [
              29.9581738346,
              -0.5867299941
            ],
            [
              29.9528940297,
              -0.5867328047
            ],
            [
              29.9528984778,
              -0.5951494223
            ],
            [
              29.9445377168,
              -0.5951539253
            ],
            [
              29.9445422149,
              -0.6035706066
            ],
            [
              29.9361813776,
              -0.6035751605
            ],
            [
              29.9361859269,
              -0.6119919045
            ],
            [
              29.9278250134,
              -0.6119965089
            ],
            [
              29.9278296126,
              -0.6204133162
            ],
            [
              29.9361905393,
              -0.6204086483
            ],
            [
              29.936195214,
              -0.628825392
            ],
            [
              29.9278342739,
              -0.6288301234
            ],
            [
              29.9278389991,
              -0.6372469295
            ],
            [
              29.9194779832,
              -0.6372517106
            ],
            [
              29.9194875939,
              -0.6540854492
            ],
            [
              29.9111264866,
              -0.6540903418
            ],
            [
              29.9111313715,
              -0.662507274
            ],
            [
              29.91114133,
              -0.6793411365
            ],
            [
              29.9195024788,
              -0.6793360544
            ],
            [
              29.9195127158,
              -0.6961697894
            ],
            [
              29.9111515373,
              -0.6961749977
            ],
            [
              29.9111567353,
              -0.7045919278
            ],
            [
              29.9027954798,
              -0.7045971838
            ],
            [
              29.9028007251,
              -0.7130141759
            ],
            [
              29.8944393919,
              -0.7130194802
            ],
            [
              29.894444684,
              -0.7214365341
            ],
            [
              29.8860832748,
              -0.7214418853
            ],
            [
              29.8860886134,
              -0.7298590027
            ],
            [
              29.8777271254,
              -0.7298644005
            ],
            [
              29.8777325111,
              -0.7382815784
            ],
            [
              29.8526476335,
              -0.738297864
            ],
            [
              29.8526584929,
              -0.7551325915
            ],
            [
              29.8442967129,
              -0.7551381112
            ],
            [
              29.8443134133,
              -0.7803903848
            ],
            [
              29.8359515229,
              -0.780396073
            ],
            [
              29.8359745778,
              -0.8140660112
            ],
            [
              29.8276125587,
              -0.8140719271
            ],
            [
              29.8276067207,
              -0.8056543814
            ],
            [
              29.8192446586,
              -0.8056602184
            ],
            [
              29.8192331986,
              -0.7888250044
            ],
            [
              29.80250896,
              -0.788836385
            ],
            [
              29.8025203513,
              -0.8056718418
            ],
            [
              29.7941581083,
              -0.8056776274
            ],
            [
              29.7941638774,
              -0.814095415
            ],
            [
              29.7858015558,
              -0.814101244
            ],
            [
              29.7858132386,
              -0.830936939
            ],
            [
              29.7774508231,
              -0.8309428702
            ],
            [
              29.7774567363,
              -0.8393607775
            ],
            [
              29.7440064094,
              -0.8393845643
            ],
            [
              29.7440123109,
              -0.84780271
            ],
            [
              29.727286757,
              -0.847814613
            ],
            [
              29.727290699,
              -0.8534250688
            ],
            [
              29.7323388761,
              -0.8521946511
            ],
            [
              29.73982101,
              -0.8521892991
            ],
            [
              29.7530083054,
              -0.8586354926
            ],
            [
              29.7608499612,
              -0.8632921926
            ],
            [
              29.7690489323,
              -0.8693831224
            ],
            [
              29.7754638591,
              -0.8718888673
            ],
            [
              29.7850823793,
              -0.8704471586
            ],
            [
              29.7929165416,
              -0.865061783
            ],
            [
              29.7993260836,
              -0.8603947832
            ],
            [
              29.8082271433,
              -0.852498306
            ],
            [
              29.8192593195,
              -0.8356346751
            ],
            [
              29.8274480276,
              -0.828097615
            ],
            [
              29.8356435581,
              -0.8302434546
            ],
            [
              29.8463505971,
              -0.8567735417
            ],
            [
              29.8474284448,
              -0.8689657817
            ],
            [
              29.8467197778,
              -0.8813976472
            ],
            [
              29.8527477523,
              -0.8813930005
            ],
            [
              29.8527535514,
              -0.8889755348
            ],
            [
              29.8537678244,
              -0.8898095682
            ],
            [
              29.8611161907,
              -0.8898038349
            ],
            [
              29.8611197659,
              -0.8944269208
            ],
            [
              29.8731904827,
              -0.9001331957
            ],
            [
              29.8874454835,
              -0.9063376978
            ],
            [
              29.8988484967,
              -0.9101536165
            ],
            [
              29.9029432264,
              -0.9124476445
            ],
            [
              29.9029385547,
              -0.9066048998
            ],
            [
              29.8945768264,
              -0.9066116429
            ],
            [
              29.8945701674,
              -0.8981945969
            ],
            [
              29.8778465629,
              -0.8982079026
            ]
          ]
        ]
      },
      "properties": {
        "country": "Uganda",
        "country_code": "UGA",
        "species_name": "Acacia_mearnsii",
        "genus": "Acacia",
        "species": "mearnsii",
        "suitability_name": "Moderately suitable",
        "suitability_rank": 2,
        "soil_suitability": "S4",
        "soil_type": "Lithosols",
        "soil_description": "Not differentiated",
        "site_class": null,
        "maz": "I",
        "maz_zone": null,
        "tz": "4",
        "frost_risk": null,
        "source_layer": "SWIFT_SSMT_Uganda"
      }
    },
    {
      "type": "Feature",
      "geometry": {
        "type": "Polygon",
        "coordinates": [
          [
            [
              29.9364047578,
              -0.9309508177
            ],
            [
              29.9363985402,
              -0.9234111916
            ],
            [
              29.9196754439,
              -0.9234250682
            ],
            [
              29.9196686024,
              -0.9150082107
            ],
            [
              29.907531478,
              -0.9150181409
            ],
            [
              29.9090966218,
              -0.9158949834
            ],
            [
              29.9212161772,
              -0.9248499414
            ],
            [
              29.9364047578,
              -0.9309508177
            ]
          ]
        ]
      },
      "properties": {
        "country": "Uganda",
        "country_code": "UGA",
        "species_name": "Acacia_mearnsii",
        "genus": "Acacia",
        "species": "mearnsii",
        "suitability_name": "Moderately suitable",
        "suitability_rank": 2,
        "soil_suitability": "S4",
        "soil_type": "Lithosols",
        "soil_description": "Not differentiated",
        "site_class": null,
        "maz": "I",
        "maz_zone": null,
        "tz": "4",
        "frost_risk": null,
        "source_layer": "SWIFT_SSMT_Uganda"
      }
    },
    {
      "type": "Feature",
      "geometry": {
        "type": "Polygon",
        "coordinates": [
          [
            [
              29.9614951954,
              -0.9383423454
            ],
            [
              29.9614897142,
              -0.931806768
            ],
            [
              29.9531283675,
              -0.9318138383
            ],
            [
              29.9531213843,
              -0.9233972361
            ],
            [
              29.9447599935,
              -0.9234042236
            ],
            [
              29.9447669572,
              -0.9318208907
            ],
            [
              29.9390896878,
              -0.9318256661
            ],
            [
              29.9614951954,
              -0.9383423454
            ]
          ]
        ]
      },
      "properties": {
        "country": "Uganda",
        "country_code": "UGA",
        "species_name": "Acacia_mearnsii",
        "genus": "Acacia",
        "species": "mearnsii",
        "suitability_name": "Moderately suitable",
        "suitability_rank": 2,
        "soil_suitability": "S4",
        "soil_type": "Lithosols",
        "soil_description": "Not differentiated",
        "site_class": null,
        "maz": "I",
        "maz_zone": null,
        "tz": "4",
        "frost_risk": null,
        "source_layer": "SWIFT_SSMT_Uganda"
      }
    },
    {
      "type": "Feature",
      "geometry": {
        "type": "Polygon",
        "coordinates": [
          [
            [
              29.9782264143,
              -0.9485333639
            ],
            [
              29.9782193226,
              -0.9402089761
            ],
            [
              29.9647264251,
              -0.9402205448
            ],
            [
              29.9782264143,
              -0.9485333639
            ]
          ]
        ]
      },
      "properties": {
        "country": "Uganda",
        "country_code": "UGA",
        "species_name": "Acacia_mearnsii",
        "genus": "Acacia",
        "species": "mearnsii",
        "suitability_name": "Moderately suitable",
        "suitability_rank": 2,
        "soil_suitability": "S4",
        "soil_type": "Lithosols",
        "soil_description": "Not differentiated",
        "site_class": null,
        "maz": "I",
        "maz_zone": null,
        "tz": "4",
        "frost_risk": null,
        "source_layer": "SWIFT_SSMT_Uganda"
      }
    },
    {
      "type": "Feature",
      "geometry": {
        "type": "Polygon",
        "coordinates": [
          [
            [
              29.9865921429,
              -0.9537939134
            ],
            [
              29.9865876886,
              -0.9486181252
            ],
            [
              29.9783756485,
              -0.9486252561
            ],
            [
              29.9839360624,
              -0.9520490947
            ],
            [
              29.9865921429,
              -0.9537939134
            ]
          ]
        ]
      },
      "properties": {
        "country": "Uganda",
        "country_code": "UGA",
        "species_name": "Acacia_mearnsii",
        "genus": "Acacia",
        "species": "mearnsii",
        "suitability_name": "Moderately suitable",
        "suitability_rank": 2,
        "soil_suitability": "S4",
        "soil_type": "Lithosols",
        "soil_description": "Not differentiated",
        "site_class": null,
        "maz": "I",
        "maz_zone": null,
        "tz": "4",
        "frost_risk": null,
        "source_layer": "SWIFT_SSMT_Uganda"
      }
    },
    {
      "type": "Feature",
      "geometry": {
        "type": "Polygon",
        "coordinates": [
          [
            [
              30.0284225125,
              -0.9822455994
            ],
            [
              30.0284149618,
              -0.9738295807
            ],
            [
              30.0200540273,
              -0.9738371379
            ],
            [
              30.0200465624,
              -0.9654210538
            ],
            [
              30.0116855841,
              -0.9654285248
            ],
            [
              30.0116930285,
              -0.9738446735
            ],
            [
              30.0033319647,
              -0.9738521894
            ],
            [
              30.0033394526,
              -0.9822684028
            ],
            [
              29.9949783033,
              -0.9822759631
            ],
            [
              29.9949560945,
              -0.9570271258
            ],
            [
              29.9915185956,
              -0.9570301483
            ],
            [
              29.9932031317,
              -0.9581367276
            ],
            [
              29.9928515954,
              -0.9635156192
            ],
            [
              29.9850225166,
              -0.9724869091
            ],
            [
              29.9657914842,
              -0.9785998628
            ],
            [
              29.9531704082,
              -0.9809583789
            ],
            [
              29.9531940687,
              -1.0075632413
            ],
            [
              29.9782784736,
              -1.007540239
            ],
            [
              29.9782708559,
              -0.9991238327
            ],
            [
              30.0117157481,
              -0.9990931195
            ],
            [
              30.011700537,
              -0.9822608234
            ],
            [
              30.0284225125,
              -0.9822455994
            ]
          ]
        ]
      },
      "properties": {
        "country": "Uganda",
        "country_code": "UGA",
        "species_name": "Acacia_mearnsii",
        "genus": "Acacia",
        "species": "mearnsii",
        "suitability_name": "Moderately suitable",
        "suitability_rank": 2,
        "soil_suitability": "S4",
        "soil_type": "Lithosols",
        "soil_description": "Not differentiated",
        "site_class": null,
        "maz": "I",
        "maz_zone": null,
        "tz": "4",
        "frost_risk": null,
        "source_layer": "SWIFT_SSMT_Uganda"
      }
    },
    {
      "type": "Feature",
      "geometry": {
        "type": "Polygon",
        "coordinates": [
          [
            [
              30.0535360938,
              -1.0158858867
            ],
            [
              30.0535282183,
              -1.0074700669
            ],
            [
              30.045167395,
              -1.0074779502
            ],
            [
              30.045183168,
              -1.0243097201
            ],
            [
              30.0535440343,
              -1.0243017059
            ],
            [
              30.0535360938,
              -1.0158858867
            ]
          ]
        ]
      },
      "properties": {
        "country": "Uganda",
        "country_code": "UGA",
        "species_name": "Acacia_mearnsii",
        "genus": "Acacia",
        "species": "mearnsii",
        "suitability_name": "Moderately suitable",
        "suitability_rank": 2,
        "soil_suitability": "S4",
        "soil_type": "Lithosols",
        "soil_description": "Not differentiated",
        "site_class": null,
        "maz": "I",
        "maz_zone": null,
        "tz": "4",
        "frost_risk": null,
        "source_layer": "SWIFT_SSMT_Uganda"
      }
    },
    {
      "type": "Feature",
      "geometry": {
        "type": "Polygon",
        "coordinates": [
          [
            [
              30.2207772558,
              -0.2584189055
            ],
            [
              30.222164756,
              -0.2399205421
            ],
            [
              30.2221631996,
              -0.2331751187
            ],
            [
              30.2202622665,
              -0.2331755564
            ],
            [
              30.2202642147,
              -0.2415900496
            ],
            [
              30.211905942,
              -0.2415920432
            ],
            [
              30.2119079543,
              -0.2500066058
            ],
            [
              30.2202662317,
              -0.250004543
            ],
            [
              30.2202683184,
              -0.2584190358
            ],
            [
              30.2207772558,
              -0.2584189055
            ]
          ]
        ]
      },
      "properties": {
        "country": "Uganda",
        "country_code": "UGA",
        "species_name": "Acacia_mearnsii",
        "genus": "Acacia",
        "species": "mearnsii",
        "suitability_name": "Moderately suitable",
        "suitability_rank": 2,
        "soil_suitability": "S4",
        "soil_type": "Lithosols",
        "soil_description": "Not differentiated",
        "site_class": null,
        "maz": "I",
        "maz_zone": null,
        "tz": "4",
        "frost_risk": null,
        "source_layer": "SWIFT_SSMT_Uganda"
      }
    },
    {
      "type": "Feature",
      "geometry": {
        "type": "Polygon",
        "coordinates": [
          [
            [
              30.0535204088,
              -0.9990542473
            ],
            [
              30.0618811458,
              -0.999046409
            ],
            [
              30.0618733804,
              -0.9906306544
            ],
            [
              30.0535126652,
              -0.9906384272
            ],
            [
              30.0535204088,
              -0.9990542473
            ]
          ]
        ]
      },
      "properties": {
        "country": "Uganda",
        "country_code": "UGA",
        "species_name": "Acacia_mearnsii",
        "genus": "Acacia",
        "species": "mearnsii",
        "suitability_name": "Moderately suitable",
        "suitability_rank": 2,
        "soil_suitability": "S4",
        "soil_type": "Lithosols",
        "soil_description": "Not differentiated",
        "site_class": null,
        "maz": "II",
        "maz_zone": null,
        "tz": "5",
        "frost_risk": null,
        "source_layer": "SWIFT_SSMT_Uganda"
      }
    },
    {
      "type": "Feature",
      "geometry": {
        "type": "Polygon",
        "coordinates": [
          [
            [
              29.8527535514,
              -0.8889755348
            ],
            [
              29.8527477523,
              -0.8813930005
            ],
            [
              29.8467197778,
              -0.8813976472
            ],
            [
              29.8465773306,
              -0.8838968124
            ],
            [
              29.8527535514,
              -0.8889755348
            ]
          ]
        ]
      },
      "properties": {
        "country": "Uganda",
        "country_code": "UGA",
        "species_name": "Acacia_mearnsii",
        "genus": "Acacia",
        "species": "mearnsii",
        "suitability_name": "Moderately suitable",
        "suitability_rank": 2,
        "soil_suitability": "S4",
        "soil_type": "Lithosols",
        "soil_description": "Not differentiated",
        "site_class": null,
        "maz": "I",
        "maz_zone": null,
        "tz": "5",
        "frost_risk": null,
        "source_layer": "SWIFT_SSMT_Uganda"
      }
    },
    {
      "type": "Feature",
      "geometry": {
        "type": "Polygon",
        "coordinates": [
          [
            [
              29.8611197659,
              -0.8944269208
            ],
            [
              29.8611161907,
              -0.8898038349
            ],
            [
              29.8537678244,
              -0.8898095682
            ],
            [
              29.8570342301,
              -0.8924955073
            ],
            [
              29.8611197659,
              -0.8944269208
            ]
          ]
        ]
      },
      "properties": {
        "country": "Uganda",
        "country_code": "UGA",
        "species_name": "Acacia_mearnsii",
        "genus": "Acacia",
        "species": "mearnsii",
        "suitability_name": "Moderately suitable",
        "suitability_rank": 2,
        "soil_suitability": "S4",
        "soil_type": "Lithosols",
        "soil_description": "Not differentiated",
        "site_class": null,
        "maz": "I",
        "maz_zone": null,
        "tz": "5",
        "frost_risk": null,
        "source_layer": "SWIFT_SSMT_Uganda"
      }
    },
    {
      "type": "Feature",
      "geometry": {
        "type": "Polygon",
        "coordinates": [
          [
            [
              30.011700537,
              -0.9822608234
            ],
            [
              30.0117157481,
              -0.9990931195
            ],
            [
              29.9782708559,
              -0.9991238327
            ],
            [
              29.9782784736,
              -1.007540239
            ],
            [
              29.9531940687,
              -1.0075632413
            ],
            [
              29.9531704082,
              -0.9809583789
            ],
            [
              29.9459331164,
              -0.9823108098
            ],
            [
              29.9459411151,
              -0.9913950182
            ],
            [
              29.9397747422,
              -1.0009629253
            ],
            [
              29.9307566881,
              -1.0086210272
            ],
            [
              29.9293372766,
              -1.0148379214
            ],
            [
              29.929341591,
              -1.0196191558
            ],
            [
              29.9340972186,
              -1.0258303753
            ],
            [
              29.9421717119,
              -1.0253447882
            ],
            [
              29.9592691729,
              -1.0229383601
            ],
            [
              29.9725634441,
              -1.0171887227
            ],
            [
              29.9901344781,
              -1.0138256884
            ],
            [
              30.0077127146,
              -1.018590182
            ],
            [
              30.028141828,
              -1.0247859577
            ],
            [
              30.0490501796,
              -1.0357616148
            ],
            [
              30.0628342322,
              -1.0467437198
            ],
            [
              30.0699747927,
              -1.0634688472
            ],
            [
              30.0718869382,
              -1.075896514
            ],
            [
              30.0744670141,
              -1.0495285332
            ],
            [
              30.0702899161,
              -1.0495326663
            ],
            [
              30.0702655696,
              -1.0242856104
            ],
            [
              30.0619048346,
              -1.0242936691
            ],
            [
              30.0618968725,
              -1.0158779163
            ],
            [
              30.0535360938,
              -1.0158858867
            ],
            [
              30.0535440343,
              -1.0243017059
            ],
            [
              30.045183168,
              -1.0243097201
            ],
            [
              30.045167395,
              -1.0074779502
            ],
            [
              30.0535282183,
              -1.0074700669
            ],
            [
              30.0535204088,
              -0.9990542473
            ],
            [
              30.0535126652,
              -0.9906384272
            ],
            [
              30.0535049868,
              -0.9822226064
            ],
            [
              30.011700537,
              -0.9822608234
            ]
          ]
        ]
      },
      "properties": {
        "country": "Uganda",
        "country_code": "UGA",
        "species_name": "Acacia_mearnsii",
        "genus": "Acacia",
        "species": "mearnsii",
        "suitability_name": "Moderately suitable",
        "suitability_rank": 2,
        "soil_suitability": "S4",
        "soil_type": "Lithosols",
        "soil_description": "Not differentiated",
        "site_class": null,
        "maz": "I",
        "maz_zone": null,
        "tz": "5",
        "frost_risk": null,
        "source_layer": "SWIFT_SSMT_Uganda"
      }
    }
  ]
}
