{
  "type": "FeatureCollection",
  "features": [
    {
      "type": "Feature",
      "geometry": {
        "type": "Polygon",
        "coordinates": [
          [
            [
              35.3386300313,
              1.6506558529
            ],
            [
              35.338614715,
              1.6589963357
            ],
            [
              35.3303077718,
              1.6589808313
            ],
            [
              35.3303231218,
              1.6506404265
            ],
            [
              35.3386300313,
              1.6506558529
            ]
          ]
        ]
      },
      "properties": {
        "country": "Kenya",
        "country_code": "KEN",
        "species_name": "Eucalyptus_nitens",
        "genus": "Eucalyptus",
        "species": "nitens",
        "suitability_name": "Moderately suitable",
        "suitability_rank": 2,
        "soil_suitability": "S3",
        "soil_type": "M12",
        "soil_description": null,
        "site_class": "6-II-M12",
        "maz": "II",
        "maz_zone": "Sub-humid",
        "tz": null,
        "frost_risk": "Rare",
        "source_layer": "KCFP_SSMT_Kenya"
      }
    },
    {
      "type": "Feature",
      "geometry": {
        "type": "Polygon",
        "coordinates": [
          [
            [
              35.3968338981,
              1.642397437
            ],
            [
              35.396803782,
              1.6591039589
            ],
            [
              35.3884908272,
              1.6590886893
            ],
            [
              35.3884755967,
              1.6674540741
            ],
            [
              35.3801626846,
              1.6674386922
            ],
            [
              35.3801779482,
              1.6590733838
            ],
            [
              35.3718707788,
              1.6590580555
            ],
            [
              35.3718859567,
              1.6507172613
            ],
            [
              35.3801987558,
              1.6507325238
            ],
            [
              35.3802138667,
              1.642367182
            ],
            [
              35.3968338981,
              1.642397437
            ]
          ]
        ]
      },
      "properties": {
        "country": "Kenya",
        "country_code": "KEN",
        "species_name": "Eucalyptus_nitens",
        "genus": "Eucalyptus",
        "species": "nitens",
        "suitability_name": "Moderately suitable",
        "suitability_rank": 2,
        "soil_suitability": "S3",
        "soil_type": "M12",
        "soil_description": null,
        "site_class": "7-I-M12",
        "maz": "I",
        "maz_zone": "Humid",
        "tz": null,
        "frost_risk": "Occasional",
        "source_layer": "KCFP_SSMT_Kenya"
      }
    },
    {
      "type": "Feature",
      "geometry": {
        "type": "Polygon",
        "coordinates": [
          [
            [
              35.3968338981,
              1.642397437
            ],
            [
              35.3802138667,
              1.642367182
            ],
            [
              35.3801987558,
              1.6507325238
            ],
            [
              35.3718859567,
              1.6507172613
            ],
            [
              35.3718707788,
              1.6590580555
            ],
            [
              35.3718803701,
              1.6506928122
            ],
            [
              35.3801931366,
              1.6507080745
            ],
            [
              35.3802082473,
              1.6423427652
            ],
            [
              35.3968338981,
              1.642397437
            ]
          ]
        ]
      },
      "properties": {
        "country": "Kenya",
        "country_code": "KEN",
        "species_name": "Eucalyptus_nitens",
        "genus": "Eucalyptus",
        "species": "nitens",
        "suitability_name": "Moderately suitable",
        "suitability_rank": 2,
        "soil_suitability": "S3",
        "soil_type": "M12",
        "soil_description": null,
        "site_class": "7-II-M12",
        "maz": "II",
        "maz_zone": "Sub-humid",
        "tz": null,
        "frost_risk": "Occasional",
        "source_layer": "KCFP_SSMT_Kenya"
      }
    },
    {
      "type": "Feature",
      "geometry": {
        "type": "Polygon",
        "coordinates": [
          [
            [
              35.4049933502,
              1.7260682145
            ],
            [
              35.4049991099,
              1.7260682255
            ],
            [
              35.4049833857,
              1.7344090287
            ],
            [
              35.404977625,
              1.7344090186
            ],
            [
              35.4049933502,
              1.7260682145
            ]
          ]
        ]
      },
      "properties": {
        "country": "Kenya",
        "country_code": "KEN",
        "species_name": "Eucalyptus_nitens",
        "genus": "Eucalyptus",
        "species": "nitens",
        "suitability_name": "Moderately suitable",
        "suitability_rank": 2,
        "soil_suitability": "S3",
        "soil_type": "M12",
        "soil_description": null,
        "site_class": "6-II-M12",
        "maz": "II",
        "maz_zone": "Sub-humid",
        "tz": null,
        "frost_risk": "Rare",
        "source_layer": "KCFP_SSMT_Kenya"
      }
    },
    {
      "type": "Feature",
      "geometry": {
        "type": "Polygon",
        "coordinates": [
          [
            [
              35.4216668491,
              1.7010026463
            ],
            [
              35.413359281,
              1.7009871089
            ],
            [
              35.413343774,
              1.7093527534
            ],
            [
              35.4050304228,
              1.7093370934
            ],
            [
              35.4050148036,
              1.7177026603
            ],
            [
              35.3966957655,
              1.7176868766
            ],
            [
              35.3883883051,
              1.7176463818
            ],
            [
              35.3884039479,
              1.7093056653
            ],
            [
              35.3883982529,
              1.7093056545
            ],
            [
              35.3883982991,
              1.7092809905
            ],
            [
              35.3800908726,
              1.7092652324
            ],
            [
              35.3801064746,
              1.7009245604
            ],
            [
              35.380100812,
              1.7009245506
            ],
            [
              35.3801008579,
              1.7008999175
            ],
            [
              35.3717935117,
              1.7008842025
            ],
            [
              35.3718554346,
              1.6674477894
            ],
            [
              35.3884812487,
              1.6674785888
            ],
            [
              35.3884964785,
              1.6591131706
            ],
            [
              35.3968094649,
              1.6591284396
            ],
            [
              35.3967789984,
              1.6758594292
            ],
            [
              35.3884659421,
              1.6758440053
            ],
            [
              35.388450558,
              1.6842094218
            ],
            [
              35.3967636504,
              1.6842249228
            ],
            [
              35.3967482258,
              1.6925904146
            ],
            [
              35.4216822435,
              1.6926369245
            ],
            [
              35.4216668491,
              1.7010026463
            ]
          ]
        ]
      },
      "properties": {
        "country": "Kenya",
        "country_code": "KEN",
        "species_name": "Eucalyptus_nitens",
        "genus": "Eucalyptus",
        "species": "nitens",
        "suitability_name": "Moderately suitable",
        "suitability_rank": 2,
        "soil_suitability": "S3",
        "soil_type": "M12",
        "soil_description": null,
        "site_class": "6-II-M12",
        "maz": "II",
        "maz_zone": "Sub-humid",
        "tz": null,
        "frost_risk": "Rare",
        "source_layer": "KCFP_SSMT_Kenya"
      }
    },
    {
      "type": "Feature",
      "geometry": {
        "type": "Polygon",
        "coordinates": [
          [
            [
              35.3386355794,
              1.6506314253
            ],
            [
              35.3386508173,
              1.6422909091
            ],
            [
              35.3469632726,
              1.6423062337
            ],
            [
              35.3469480682,
              1.6506468268
            ],
            [
              35.3386355794,
              1.6506314253
            ]
          ]
        ]
      },
      "properties": {
        "country": "Kenya",
        "country_code": "KEN",
        "species_name": "Eucalyptus_nitens",
        "genus": "Eucalyptus",
        "species": "nitens",
        "suitability_name": "Moderately suitable",
        "suitability_rank": 2,
        "soil_suitability": "S3",
        "soil_type": "M12",
        "soil_description": null,
        "site_class": "6-II-M12",
        "maz": "II",
        "maz_zone": "Sub-humid",
        "tz": null,
        "frost_risk": "Rare",
        "source_layer": "KCFP_SSMT_Kenya"
      }
    },
    {
      "type": "Feature",
      "geometry": {
        "type": "Polygon",
        "coordinates": [
          [
            [
              35.3968094649,
              1.6591284396
            ],
            [
              35.3884964785,
              1.6591131706
            ],
            [
              35.3884812487,
              1.6674785888
            ],
            [
              35.3718554346,
              1.6674477894
            ],
            [
              35.3718707788,
              1.6590580555
            ],
            [
              35.3801779482,
              1.6590733838
            ],
            [
              35.3801626846,
              1.6674386922
            ],
            [
              35.3884755967,
              1.6674540741
            ],
            [
              35.3884908272,
              1.6590886893
            ],
            [
              35.396803782,
              1.6591039589
            ],
            [
              35.3968338981,
              1.642397437
            ],
            [
              35.3968094649,
              1.6591284396
            ]
          ]
        ]
      },
      "properties": {
        "country": "Kenya",
        "country_code": "KEN",
        "species_name": "Eucalyptus_nitens",
        "genus": "Eucalyptus",
        "species": "nitens",
        "suitability_name": "Moderately suitable",
        "suitability_rank": 2,
        "soil_suitability": "S3",
        "soil_type": "M12",
        "soil_description": null,
        "site_class": "6-I-M12",
        "maz": "I",
        "maz_zone": "Humid",
        "tz": null,
        "frost_risk": "Rare",
        "source_layer": "KCFP_SSMT_Kenya"
      }
    },
    {
      "type": "Feature",
      "geometry": {
        "type": "Polygon",
        "coordinates": [
          [
            [
              35.3718707788,
              1.6590580555
            ],
            [
              35.3718554346,
              1.6674477894
            ],
            [
              35.3718498035,
              1.667447779
            ],
            [
              35.3718498485,
              1.6674232761
            ],
            [
              35.3635426881,
              1.6674078335
            ],
            [
              35.3635884156,
              1.6423367763
            ],
            [
              35.3719011022,
              1.6423519969
            ],
            [
              35.3719393513,
              1.6210340279
            ],
            [
              35.3808268831,
              1.6084112022
            ],
            [
              35.3802786165,
              1.6060280823
            ],
            [
              35.380317491,
              1.5838097615
            ],
            [
              35.3886300957,
              1.5838243715
            ],
            [
              35.3885566309,
              1.625651491
            ],
            [
              35.380243858,
              1.6256364941
            ],
            [
              35.3802289008,
              1.6340018385
            ],
            [
              35.405167551,
              1.6340469539
            ],
            [
              35.4051526627,
              1.6423881223
            ],
            [
              35.4051469041,
              1.642388111
            ],
            [
              35.4051167692,
              1.6591436648
            ],
            [
              35.3968094649,
              1.6591284396
            ],
            [
              35.3968338981,
              1.642397437
            ],
            [
              35.3802082473,
              1.6423427652
            ],
            [
              35.3801931366,
              1.6507080745
            ],
            [
              35.3718803701,
              1.6506928122
            ],
            [
              35.3718707788,
              1.6590580555
            ]
          ]
        ]
      },
      "properties": {
        "country": "Kenya",
        "country_code": "KEN",
        "species_name": "Eucalyptus_nitens",
        "genus": "Eucalyptus",
        "species": "nitens",
        "suitability_name": "Moderately suitable",
        "suitability_rank": 2,
        "soil_suitability": "S3",
        "soil_type": "M12",
        "soil_description": null,
        "site_class": "6-II-M12",
        "maz": "II",
        "maz_zone": "Sub-humid",
        "tz": null,
        "frost_risk": "Rare",
        "source_layer": "KCFP_SSMT_Kenya"
      }
    },
    {
      "type": "Feature",
      "geometry": {
        "type": "Polygon",
        "coordinates": [
          [
            [
              35.4889931655,
              1.1656566612
            ],
            [
              35.4889827531,
              1.174023002
            ],
            [
              35.4806706891,
              1.1740124718
            ],
            [
              35.480681126,
              1.1656462061
            ],
            [
              35.4889931655,
              1.1656566612
            ]
          ]
        ]
      },
      "properties": {
        "country": "Kenya",
        "country_code": "KEN",
        "species_name": "Eucalyptus_nitens",
        "genus": "Eucalyptus",
        "species": "nitens",
        "suitability_name": "Moderately suitable",
        "suitability_rank": 2,
        "soil_suitability": "S3",
        "soil_type": "M12",
        "soil_description": null,
        "site_class": "7-I-M12",
        "maz": "I",
        "maz_zone": "Humid",
        "tz": null,
        "frost_risk": "Occasional",
        "source_layer": "KCFP_SSMT_Kenya"
      }
    },
    {
      "type": "Feature",
      "geometry": {
        "type": "Polygon",
        "coordinates": [
          [
            [
              35.5463899433,
              1.2912311545
            ],
            [
              35.5303924,
              1.2912092065
            ],
            [
              35.5303810047,
              1.2995759106
            ],
            [
              35.5220681808,
              1.2995643916
            ],
            [
              35.5220909501,
              1.2828311302
            ],
            [
              35.4888406111,
              1.2827853778
            ],
            [
              35.4888602215,
              1.2683352746
            ],
            [
              35.5165307245,
              1.2738162224
            ],
            [
              35.531007429,
              1.2292251934
            ],
            [
              35.5374868807,
              1.2159178899
            ],
            [
              35.5388042683,
              1.2159195911
            ],
            [
              35.5387935623,
              1.2242863759
            ],
            [
              35.5471062961,
              1.2242971756
            ],
            [
              35.5470955415,
              1.2326640326
            ],
            [
              35.5530219215,
              1.2326717678
            ],
            [
              35.5569765029,
              1.2629257453
            ],
            [
              35.5452645117,
              1.2783636251
            ],
            [
              35.5452392865,
              1.288354317
            ],
            [
              35.5463899433,
              1.2912311545
            ]
          ]
        ]
      },
      "properties": {
        "country": "Kenya",
        "country_code": "KEN",
        "species_name": "Eucalyptus_nitens",
        "genus": "Eucalyptus",
        "species": "nitens",
        "suitability_name": "Moderately suitable",
        "suitability_rank": 2,
        "soil_suitability": "S3",
        "soil_type": "M12",
        "soil_description": null,
        "site_class": "8-I-M12",
        "maz": "I",
        "maz_zone": "Humid",
        "tz": null,
        "frost_risk": "Frequent",
        "source_layer": "KCFP_SSMT_Kenya"
      }
    },
    {
      "type": "Feature",
      "geometry": {
        "type": "Polygon",
        "coordinates": [
          [
            [
              35.4287411885,
              1.2325067583
            ],
            [
              35.4159456009,
              1.2574458916
            ],
            [
              35.4141395533,
              1.2994123368
            ],
            [
              35.4140082525,
              1.2994121481
            ],
            [
              35.4140317257,
              1.2826808484
            ],
            [
              35.4057200055,
              1.2826690998
            ],
            [
              35.40570828,
              1.2910346732
            ],
            [
              35.3973966092,
              1.2910228198
            ],
            [
              35.3974431602,
              1.2575608283
            ],
            [
              35.4057547242,
              1.2575723754
            ],
            [
              35.4057661446,
              1.2492067984
            ],
            [
              35.4140777586,
              1.2492182423
            ],
            [
              35.4140890766,
              1.2408525889
            ],
            [
              35.4224007406,
              1.2408639282
            ],
            [
              35.4224119556,
              1.2324981977
            ],
            [
              35.4287411885,
              1.2325067583
            ]
          ]
        ]
      },
      "properties": {
        "country": "Kenya",
        "country_code": "KEN",
        "species_name": "Eucalyptus_nitens",
        "genus": "Eucalyptus",
        "species": "nitens",
        "suitability_name": "Moderately suitable",
        "suitability_rank": 2,
        "soil_suitability": "S3",
        "soil_type": "M12",
        "soil_description": null,
        "site_class": "8-I-M12",
        "maz": "I",
        "maz_zone": "Humid",
        "tz": null,
        "frost_risk": "Frequent",
        "source_layer": "KCFP_SSMT_Kenya"
      }
    },
    {
      "type": "Feature",
      "geometry": {
        "type": "Polygon",
        "coordinates": [
          [
            [
              35.480681126,
              1.1656462061
            ],
            [
              35.4806706891,
              1.1740124718
            ],
            [
              35.4889827531,
              1.174023002
            ],
            [
              35.4889931655,
              1.1656566612
            ],
            [
              35.4973052795,
              1.1656670917
            ],
            [
              35.4972948917,
              1.1740335074
            ],
            [
              35.5034271685,
              1.1740412428
            ],
            [
              35.4860894666,
              1.2292172733
            ],
            [
              35.4752682395,
              1.2429287384
            ],
            [
              35.4680830438,
              1.2429272649
            ],
            [
              35.4609408723,
              1.2292125039
            ],
            [
              35.476313593,
              1.1838064837
            ],
            [
              35.4691369387,
              1.1819891255
            ],
            [
              35.4502428246,
              1.1947005608
            ],
            [
              35.4367643572,
              1.1965146367
            ],
            [
              35.4322637,
              1.2001464201
            ],
            [
              35.4307351049,
              1.2239018756
            ],
            [
              35.4307458233,
              1.2157778208
            ],
            [
              35.4224341606,
              1.2157667348
            ],
            [
              35.4224451488,
              1.2074010034
            ],
            [
              35.4141335874,
              1.2073899692
            ],
            [
              35.4141661705,
              1.1822929969
            ],
            [
              35.4224776577,
              1.1823038018
            ],
            [
              35.4224883412,
              1.173938067
            ],
            [
              35.4307998796,
              1.1739487715
            ],
            [
              35.4308104636,
              1.1655829589
            ],
            [
              35.4391220523,
              1.1655935625
            ],
            [
              35.4391325362,
              1.1572276741
            ],
            [
              35.4474441762,
              1.1572381753
            ],
            [
              35.4474545604,
              1.1488722104
            ],
            [
              35.4391429446,
              1.1488617851
            ],
            [
              35.4391532774,
              1.1404958946
            ],
            [
              35.4474648692,
              1.1405062449
            ],
            [
              35.4474751026,
              1.1321402788
            ],
            [
              35.4557867459,
              1.1321505292
            ],
            [
              35.4557968803,
              1.1237844868
            ],
            [
              35.4724203452,
              1.123804765
            ],
            [
              35.4724102581,
              1.1321709593
            ],
            [
              35.4890340697,
              1.1321912921
            ],
            [
              35.4889931655,
              1.1656566612
            ],
            [
              35.480681126,
              1.1656462061
            ]
          ]
        ]
      },
      "properties": {
        "country": "Kenya",
        "country_code": "KEN",
        "species_name": "Eucalyptus_nitens",
        "genus": "Eucalyptus",
        "species": "nitens",
        "suitability_name": "Moderately suitable",
        "suitability_rank": 2,
        "soil_suitability": "S3",
        "soil_type": "M12",
        "soil_description": null,
        "site_class": "8-I-M12",
        "maz": "I",
        "maz_zone": "Humid",
        "tz": null,
        "frost_risk": "Frequent",
        "source_layer": "KCFP_SSMT_Kenya"
      }
    },
    {
      "type": "Feature",
      "geometry": {
        "type": "Polygon",
        "coordinates": [
          [
            [
              35.5277332434,
              1.1489716605
            ],
            [
              35.5305748358,
              1.1489751391
            ],
            [
              35.5305948997,
              1.1322417081
            ],
            [
              35.5389072873,
              1.1322517196
            ],
            [
              35.5389171851,
              1.1238849292
            ],
            [
              35.5472296225,
              1.123894843
            ],
            [
              35.5472394235,
              1.1155279783
            ],
            [
              35.5555519107,
              1.1155377956
            ],
            [
              35.5555421341,
              1.123904734
            ],
            [
              35.5638547179,
              1.1239145994
            ],
            [
              35.5638349903,
              1.1406486215
            ],
            [
              35.555522359,
              1.1406386091
            ],
            [
              35.5555022924,
              1.157372481
            ],
            [
              35.547189686,
              1.1573622963
            ],
            [
              35.5471628536,
              1.1793146754
            ],
            [
              35.5277332434,
              1.1489716605
            ]
          ]
        ]
      },
      "properties": {
        "country": "Kenya",
        "country_code": "KEN",
        "species_name": "Eucalyptus_nitens",
        "genus": "Eucalyptus",
        "species": "nitens",
        "suitability_name": "Moderately suitable",
        "suitability_rank": 2,
        "soil_suitability": "S3",
        "soil_type": "M12",
        "soil_description": null,
        "site_class": "8-I-M12",
        "maz": "I",
        "maz_zone": "Humid",
        "tz": null,
        "frost_risk": "Frequent",
        "source_layer": "KCFP_SSMT_Kenya"
      }
    },
    {
      "type": "Feature",
      "geometry": {
        "type": "Polygon",
        "coordinates": [
          [
            [
              35.5060547225,
              1.1656780444
            ],
            [
              35.5056157416,
              1.1670752925
            ],
            [
              35.5056174679,
              1.1656774977
            ],
            [
              35.5060547225,
              1.1656780444
            ]
          ]
        ]
      },
      "properties": {
        "country": "Kenya",
        "country_code": "KEN",
        "species_name": "Eucalyptus_nitens",
        "genus": "Eucalyptus",
        "species": "nitens",
        "suitability_name": "Moderately suitable",
        "suitability_rank": 2,
        "soil_suitability": "S3",
        "soil_type": "M12",
        "soil_description": null,
        "site_class": "8-I-M12",
        "maz": "I",
        "maz_zone": "Humid",
        "tz": null,
        "frost_risk": "Frequent",
        "source_layer": "KCFP_SSMT_Kenya"
      }
    },
    {
      "type": "Feature",
      "geometry": {
        "type": "Polygon",
        "coordinates": [
          [
            [
              35.5181954138,
              1.1489599647
            ],
            [
              35.5168416867,
              1.1492087104
            ],
            [
              35.5139450099,
              1.1532126272
            ],
            [
              35.513950186,
              1.1489547473
            ],
            [
              35.5181954138,
              1.1489599647
            ]
          ]
        ]
      },
      "properties": {
        "country": "Kenya",
        "country_code": "KEN",
        "species_name": "Eucalyptus_nitens",
        "genus": "Eucalyptus",
        "species": "nitens",
        "suitability_name": "Moderately suitable",
        "suitability_rank": 2,
        "soil_suitability": "S3",
        "soil_type": "M12",
        "soil_description": null,
        "site_class": "8-I-M12",
        "maz": "I",
        "maz_zone": "Humid",
        "tz": null,
        "frost_risk": "Frequent",
        "source_layer": "KCFP_SSMT_Kenya"
      }
    },
    {
      "type": "Feature",
      "geometry": {
        "type": "Polygon",
        "coordinates": [
          [
            [
              35.4890835235,
              1.0903595678
            ],
            [
              35.4890737817,
              1.0987259138
            ],
            [
              35.4973857059,
              1.0987357452
            ],
            [
              35.4973660453,
              1.1154685862
            ],
            [
              35.4807421787,
              1.1154485993
            ],
            [
              35.4807716968,
              1.0903497882
            ],
            [
              35.4890835235,
              1.0903595678
            ]
          ]
        ]
      },
      "properties": {
        "country": "Kenya",
        "country_code": "KEN",
        "species_name": "Eucalyptus_nitens",
        "genus": "Eucalyptus",
        "species": "nitens",
        "suitability_name": "Moderately suitable",
        "suitability_rank": 2,
        "soil_suitability": "S3",
        "soil_type": "M12",
        "soil_description": null,
        "site_class": "8-I-M12",
        "maz": "I",
        "maz_zone": "Humid",
        "tz": null,
        "frost_risk": "Frequent",
        "source_layer": "KCFP_SSMT_Kenya"
      }
    },
    {
      "type": "Feature",
      "geometry": {
        "type": "Polygon",
        "coordinates": [
          [
            [
              35.4974146392,
              1.073636481
            ],
            [
              35.4974050691,
              1.0820029029
            ],
            [
              35.4890931907,
              1.0819932212
            ],
            [
              35.4891027834,
              1.0736268741
            ],
            [
              35.4974146392,
              1.073636481
            ]
          ]
        ]
      },
      "properties": {
        "country": "Kenya",
        "country_code": "KEN",
        "species_name": "Eucalyptus_nitens",
        "genus": "Eucalyptus",
        "species": "nitens",
        "suitability_name": "Moderately suitable",
        "suitability_rank": 2,
        "soil_suitability": "S3",
        "soil_type": "M12",
        "soil_description": null,
        "site_class": "8-I-M12",
        "maz": "I",
        "maz_zone": "Humid",
        "tz": null,
        "frost_risk": "Frequent",
        "source_layer": "KCFP_SSMT_Kenya"
      }
    },
    {
      "type": "Feature",
      "geometry": {
        "type": "Polygon",
        "coordinates": [
          [
            [
              35.4974146392,
              1.073636481
            ],
            [
              35.4974335565,
              1.0569036354
            ],
            [
              35.505745442,
              1.0569130702
            ],
            [
              35.505754767,
              1.0485465719
            ],
            [
              35.5140667046,
              1.0485559098
            ],
            [
              35.5140385737,
              1.0736556266
            ],
            [
              35.4974146392,
              1.073636481
            ]
          ]
        ]
      },
      "properties": {
        "country": "Kenya",
        "country_code": "KEN",
        "species_name": "Eucalyptus_nitens",
        "genus": "Eucalyptus",
        "species": "nitens",
        "suitability_name": "Moderately suitable",
        "suitability_rank": 2,
        "soil_suitability": "S3",
        "soil_type": "M12",
        "soil_description": null,
        "site_class": "8-I-M12",
        "maz": "I",
        "maz_zone": "Humid",
        "tz": null,
        "frost_risk": "Frequent",
        "source_layer": "KCFP_SSMT_Kenya"
      }
    },
    {
      "type": "Feature",
      "geometry": {
        "type": "Polygon",
        "coordinates": [
          [
            [
              35.4056845673,
              1.307788937
            ],
            [
              35.405690325,
              1.3077889453
            ],
            [
              35.4056784045,
              1.3161313981
            ],
            [
              35.4056726458,
              1.3161313888
            ],
            [
              35.4056845673,
              1.307788937
            ]
          ]
        ]
      },
      "properties": {
        "country": "Kenya",
        "country_code": "KEN",
        "species_name": "Eucalyptus_nitens",
        "genus": "Eucalyptus",
        "species": "nitens",
        "suitability_name": "Moderately suitable",
        "suitability_rank": 2,
        "soil_suitability": "S3",
        "soil_type": "M12",
        "soil_description": null,
        "site_class": "7-II-M12",
        "maz": "II",
        "maz_zone": "Sub-humid",
        "tz": null,
        "frost_risk": "Occasional",
        "source_layer": "KCFP_SSMT_Kenya"
      }
    },
    {
      "type": "Feature",
      "geometry": {
        "type": "Polygon",
        "coordinates": [
          [
            [
              35.5530865415,
              1.3079741541
            ],
            [
              35.5386824615,
              1.3079541797
            ],
            [
              35.5386709473,
              1.3163209565
            ],
            [
              35.5303642344,
              1.3163093256
            ],
            [
              35.5303872126,
              1.2995990095
            ],
            [
              35.5497475025,
              1.2996257306
            ],
            [
              35.5530865415,
              1.3079741541
            ]
          ]
        ]
      },
      "properties": {
        "country": "Kenya",
        "country_code": "KEN",
        "species_name": "Eucalyptus_nitens",
        "genus": "Eucalyptus",
        "species": "nitens",
        "suitability_name": "Moderately suitable",
        "suitability_rank": 2,
        "soil_suitability": "S3",
        "soil_type": "M12",
        "soil_description": null,
        "site_class": "7-II-M12",
        "maz": "II",
        "maz_zone": "Sub-humid",
        "tz": null,
        "frost_risk": "Occasional",
        "source_layer": "KCFP_SSMT_Kenya"
      }
    },
    {
      "type": "Feature",
      "geometry": {
        "type": "Polygon",
        "coordinates": [
          [
            [
              35.5220566535,
              1.3079541426
            ],
            [
              35.5220628606,
              1.3079541521
            ],
            [
              35.5220513241,
              1.3162976573
            ],
            [
              35.522045117,
              1.3162976495
            ],
            [
              35.5220566535,
              1.3079541426
            ]
          ]
        ]
      },
      "properties": {
        "country": "Kenya",
        "country_code": "KEN",
        "species_name": "Eucalyptus_nitens",
        "genus": "Eucalyptus",
        "species": "nitens",
        "suitability_name": "Moderately suitable",
        "suitability_rank": 2,
        "soil_suitability": "S3",
        "soil_type": "M12",
        "soil_description": null,
        "site_class": "7-II-M12",
        "maz": "II",
        "maz_zone": "Sub-humid",
        "tz": null,
        "frost_risk": "Occasional",
        "source_layer": "KCFP_SSMT_Kenya"
      }
    },
    {
      "type": "Feature",
      "geometry": {
        "type": "Polygon",
        "coordinates": [
          [
            [
              35.5054577333,
              1.2931046376
            ],
            [
              35.5054603422,
              1.2911978559
            ],
            [
              35.5137730236,
              1.2912093555
            ],
            [
              35.5137500827,
              1.3079194088
            ],
            [
              35.5137554307,
              1.2995528452
            ],
            [
              35.5059841886,
              1.299542026
            ],
            [
              35.5065938341,
              1.2937945876
            ],
            [
              35.5054577333,
              1.2931046376
            ]
          ]
        ]
      },
      "properties": {
        "country": "Kenya",
        "country_code": "KEN",
        "species_name": "Eucalyptus_nitens",
        "genus": "Eucalyptus",
        "species": "nitens",
        "suitability_name": "Moderately suitable",
        "suitability_rank": 2,
        "soil_suitability": "S3",
        "soil_type": "M12",
        "soil_description": null,
        "site_class": "7-II-M12",
        "maz": "II",
        "maz_zone": "Sub-humid",
        "tz": null,
        "frost_risk": "Occasional",
        "source_layer": "KCFP_SSMT_Kenya"
      }
    },
    {
      "type": "Feature",
      "geometry": {
        "type": "Polygon",
        "coordinates": [
          [
            [
              35.4805335398,
              1.2832997375
            ],
            [
              35.4805274923,
              1.2833000425
            ],
            [
              35.4805281808,
              1.2827968967
            ],
            [
              35.4805335398,
              1.2832997375
            ]
          ]
        ]
      },
      "properties": {
        "country": "Kenya",
        "country_code": "KEN",
        "species_name": "Eucalyptus_nitens",
        "genus": "Eucalyptus",
        "species": "nitens",
        "suitability_name": "Moderately suitable",
        "suitability_rank": 2,
        "soil_suitability": "S3",
        "soil_type": "M12",
        "soil_description": null,
        "site_class": "7-II-M12",
        "maz": "II",
        "maz_zone": "Sub-humid",
        "tz": null,
        "frost_risk": "Occasional",
        "source_layer": "KCFP_SSMT_Kenya"
      }
    },
    {
      "type": "Feature",
      "geometry": {
        "type": "Polygon",
        "coordinates": [
          [
            [
              35.4639096212,
              1.2827507869
            ],
            [
              35.4639210514,
              1.2744076718
            ],
            [
              35.4722333072,
              1.2744191568
            ],
            [
              35.4722219028,
              1.2827623471
            ],
            [
              35.4639096212,
              1.2827507869
            ]
          ]
        ]
      },
      "properties": {
        "country": "Kenya",
        "country_code": "KEN",
        "species_name": "Eucalyptus_nitens",
        "genus": "Eucalyptus",
        "species": "nitens",
        "suitability_name": "Moderately suitable",
        "suitability_rank": 2,
        "soil_suitability": "S3",
        "soil_type": "M12",
        "soil_description": null,
        "site_class": "7-II-M12",
        "maz": "II",
        "maz_zone": "Sub-humid",
        "tz": null,
        "frost_risk": "Occasional",
        "source_layer": "KCFP_SSMT_Kenya"
      }
    },
    {
      "type": "Feature",
      "geometry": {
        "type": "Polygon",
        "coordinates": [
          [
            [
              35.3831435738,
              1.224102166
            ],
            [
              35.3891827677,
              1.2241103675
            ],
            [
              35.3891658297,
              1.2324758164
            ],
            [
              35.3808601911,
              1.232441628
            ],
            [
              35.380866228,
              1.2279672205
            ],
            [
              35.3831435738,
              1.224102166
            ]
          ]
        ]
      },
      "properties": {
        "country": "Kenya",
        "country_code": "KEN",
        "species_name": "Eucalyptus_nitens",
        "genus": "Eucalyptus",
        "species": "nitens",
        "suitability_name": "Moderately suitable",
        "suitability_rank": 2,
        "soil_suitability": "S3",
        "soil_type": "M12",
        "soil_description": null,
        "site_class": "7-II-M12",
        "maz": "II",
        "maz_zone": "Sub-humid",
        "tz": null,
        "frost_risk": "Occasional",
        "source_layer": "KCFP_SSMT_Kenya"
      }
    },
    {
      "type": "Feature",
      "geometry": {
        "type": "Polygon",
        "coordinates": [
          [
            [
              35.5497475025,
              1.2996257306
            ],
            [
              35.5303872126,
              1.2995990095
            ],
            [
              35.5303642344,
              1.3163093256
            ],
            [
              35.5220513241,
              1.3162976573
            ],
            [
              35.5220628606,
              1.3079541521
            ],
            [
              35.5220566535,
              1.3079541426
            ],
            [
              35.5220566853,
              1.3079310209
            ],
            [
              35.5137500827,
              1.3079194088
            ],
            [
              35.5137730236,
              1.2912093555
            ],
            [
              35.5054603422,
              1.2911978559
            ],
            [
              35.5054577333,
              1.2931046376
            ],
            [
              35.4886408206,
              1.2828918239
            ],
            [
              35.4805335398,
              1.2832997375
            ],
            [
              35.4805281808,
              1.2827968967
            ],
            [
              35.4805282123,
              1.2827738709
            ],
            [
              35.4722219028,
              1.2827623471
            ],
            [
              35.4722333072,
              1.2744191568
            ],
            [
              35.4639210514,
              1.2744076718
            ],
            [
              35.4639096212,
              1.2827507869
            ],
            [
              35.4574571093,
              1.2827417936
            ],
            [
              35.4608131321,
              1.275619647
            ],
            [
              35.4752189791,
              1.2656331735
            ],
            [
              35.4888602215,
              1.2683352746
            ],
            [
              35.4888406111,
              1.2827853778
            ],
            [
              35.5220909501,
              1.2828311302
            ],
            [
              35.5220681808,
              1.2995643916
            ],
            [
              35.5303810047,
              1.2995759106
            ],
            [
              35.5303924,
              1.2912092065
            ],
            [
              35.5463899433,
              1.2912311545
            ],
            [
              35.5497475025,
              1.2996257306
            ]
          ]
        ]
      },
      "properties": {
        "country": "Kenya",
        "country_code": "KEN",
        "species_name": "Eucalyptus_nitens",
        "genus": "Eucalyptus",
        "species": "nitens",
        "suitability_name": "Moderately suitable",
        "suitability_rank": 2,
        "soil_suitability": "S3",
        "soil_type": "M12",
        "soil_description": null,
        "site_class": "7-I-M12",
        "maz": "I",
        "maz_zone": "Humid",
        "tz": null,
        "frost_risk": "Occasional",
        "source_layer": "KCFP_SSMT_Kenya"
      }
    },
    {
      "type": "Feature",
      "geometry": {
        "type": "Polygon",
        "coordinates": [
          [
            [
              35.4140266628,
              1.3020339904
            ],
            [
              35.4086808566,
              1.3161357563
            ],
            [
              35.4056784045,
              1.3161313981
            ],
            [
              35.405690325,
              1.3077889453
            ],
            [
              35.4056845673,
              1.307788937
            ],
            [
              35.4024357405,
              1.3077611282
            ],
            [
              35.4023435483,
              1.3074791868
            ],
            [
              35.3973768517,
              1.304965391
            ],
            [
              35.3973847803,
              1.2993883157
            ],
            [
              35.3890731578,
              1.299376358
            ],
            [
              35.3890850148,
              1.2910109381
            ],
            [
              35.3828931808,
              1.2910020697
            ],
            [
              35.3807778894,
              1.2878932556
            ],
            [
              35.3807970322,
              1.2742683446
            ],
            [
              35.3724856459,
              1.2742565651
            ],
            [
              35.3724973253,
              1.2658912987
            ],
            [
              35.3808086858,
              1.2659030018
            ],
            [
              35.3808202293,
              1.2575605822
            ],
            [
              35.3808258926,
              1.2575605902
            ],
            [
              35.3808488456,
              1.2408069744
            ],
            [
              35.3891545418,
              1.2408184114
            ],
            [
              35.3891658297,
              1.2324758164
            ],
            [
              35.3891827677,
              1.2241103675
            ],
            [
              35.3831435738,
              1.224102166
            ],
            [
              35.385492332,
              1.2201158599
            ],
            [
              35.3801340449,
              1.2092177024
            ],
            [
              35.3397001172,
              1.2164735325
            ],
            [
              35.3775650507,
              1.1601807592
            ],
            [
              35.3928556228,
              1.1547344254
            ],
            [
              35.3955312407,
              1.160183395
            ],
            [
              35.3856245677,
              1.1701709472
            ],
            [
              35.3855955482,
              1.1792518419
            ],
            [
              35.3981777681,
              1.1801620299
            ],
            [
              35.4225180828,
              1.1464744204
            ],
            [
              35.4243583352,
              1.128312062
            ],
            [
              35.4369468118,
              1.1228644251
            ],
            [
              35.4549440426,
              1.1101517271
            ],
            [
              35.4658183388,
              1.0682858117
            ],
            [
              35.4667901374,
              1.0364998371
            ],
            [
              35.4488611283,
              1.0219695976
            ],
            [
              35.4668942888,
              0.9973576395
            ],
            [
              35.4704877141,
              0.9732109742
            ],
            [
              35.472589111,
              0.9732131896
            ],
            [
              35.4725626683,
              0.9983117973
            ],
            [
              35.4891857653,
              0.9983297264
            ],
            [
              35.489194613,
              0.989963374
            ],
            [
              35.5058179663,
              0.9899810692
            ],
            [
              35.5058266982,
              0.9816145677
            ],
            [
              35.5141384655,
              0.9816233086
            ],
            [
              35.5141297543,
              0.9899898855
            ],
            [
              35.5224416162,
              0.9899986809
            ],
            [
              35.5224151018,
              1.0150986317
            ],
            [
              35.5307271006,
              1.0151076287
            ],
            [
              35.5307243751,
              1.0234743589
            ],
            [
              35.5307243514,
              1.0234963864
            ],
            [
              35.5390302073,
              1.0235054302
            ],
            [
              35.5389937236,
              1.0569505862
            ],
            [
              35.5389999949,
              1.0569505932
            ],
            [
              35.538990659,
              1.0653395773
            ],
            [
              35.5556090154,
              1.0653583413
            ],
            [
              35.5555808044,
              1.090436977
            ],
            [
              35.5555871395,
              1.0904369843
            ],
            [
              35.5555871141,
              1.0904592697
            ],
            [
              35.56389327,
              1.090468835
            ],
            [
              35.5638837601,
              1.098813563
            ],
            [
              35.5638901276,
              1.0988135704
            ],
            [
              35.5638804938,
              1.1072029331
            ],
            [
              35.5721931352,
              1.1072126294
            ],
            [
              35.5721834773,
              1.1155797477
            ],
            [
              35.5804962157,
              1.1155894937
            ],
            [
              35.5804569514,
              1.1490582518
            ],
            [
              35.5721441189,
              1.1490482134
            ],
            [
              35.5721340972,
              1.1574153288
            ],
            [
              35.5638213124,
              1.1574051928
            ],
            [
              35.5638111935,
              1.1657722344
            ],
            [
              35.5554984573,
              1.1657620005
            ],
            [
              35.5554360626,
              1.2159637947
            ],
            [
              35.5635341034,
              1.2159741939
            ],
            [
              35.5525718166,
              1.2292287229
            ],
            [
              35.5530219215,
              1.2326717678
            ],
            [
              35.5470955415,
              1.2326640326
            ],
            [
              35.5471062961,
              1.2242971756
            ],
            [
              35.5387935623,
              1.2242863759
            ],
            [
              35.5388042683,
              1.2159195911
            ],
            [
              35.5374868807,
              1.2159178899
            ],
            [
              35.5517898168,
              1.1865407514
            ],
            [
              35.5471628536,
              1.1793146754
            ],
            [
              35.547189686,
              1.1573622963
            ],
            [
              35.5555022924,
              1.157372481
            ],
            [
              35.555522359,
              1.1406386091
            ],
            [
              35.5638349903,
              1.1406486215
            ],
            [
              35.5638547179,
              1.1239145994
            ],
            [
              35.5555421341,
              1.123904734
            ],
            [
              35.5555519107,
              1.1155377956
            ],
            [
              35.5472394235,
              1.1155279783
            ],
            [
              35.5472296225,
              1.123894843
            ],
            [
              35.5389171851,
              1.1238849292
            ],
            [
              35.5389072873,
              1.1322517196
            ],
            [
              35.5305948997,
              1.1322417081
            ],
            [
              35.5305748358,
              1.1489751391
            ],
            [
              35.5277332434,
              1.1489716605
            ],
            [
              35.5267224217,
              1.1473931077
            ],
            [
              35.5181954138,
              1.1489599647
            ],
            [
              35.513950186,
              1.1489547473
            ],
            [
              35.5139450099,
              1.1532126272
            ],
            [
              35.5069206664,
              1.1629217788
            ],
            [
              35.5060547225,
              1.1656780444
            ],
            [
              35.5056174679,
              1.1656774977
            ],
            [
              35.5056157416,
              1.1670752925
            ],
            [
              35.5034271685,
              1.1740412428
            ],
            [
              35.4972948917,
              1.1740335074
            ],
            [
              35.4973052795,
              1.1656670917
            ],
            [
              35.4889931655,
              1.1656566612
            ],
            [
              35.4890340697,
              1.1321912921
            ],
            [
              35.4724102581,
              1.1321709593
            ],
            [
              35.4724203452,
              1.123804765
            ],
            [
              35.4557968803,
              1.1237844868
            ],
            [
              35.4557867459,
              1.1321505292
            ],
            [
              35.4474751026,
              1.1321402788
            ],
            [
              35.4474648692,
              1.1405062449
            ],
            [
              35.4391532774,
              1.1404958946
            ],
            [
              35.4391429446,
              1.1488617851
            ],
            [
              35.4474545604,
              1.1488722104
            ],
            [
              35.4474441762,
              1.1572381753
            ],
            [
              35.4391325362,
              1.1572276741
            ],
            [
              35.4391220523,
              1.1655935625
            ],
            [
              35.4308104636,
              1.1655829589
            ],
            [
              35.4307998796,
              1.1739487715
            ],
            [
              35.4224883412,
              1.173938067
            ],
            [
              35.4224776577,
              1.1823038018
            ],
            [
              35.4141661705,
              1.1822929969
            ],
            [
              35.4141335874,
              1.2073899692
            ],
            [
              35.4224451488,
              1.2074010034
            ],
            [
              35.4224341606,
              1.2157667348
            ],
            [
              35.4307458233,
              1.2157778208
            ],
            [
              35.4307351049,
              1.2239018756
            ],
            [
              35.430387842,
              1.2292972003
            ],
            [
              35.4287411885,
              1.2325067583
            ],
            [
              35.4224119556,
              1.2324981977
            ],
            [
              35.4224007406,
              1.2408639282
            ],
            [
              35.4140890766,
              1.2408525889
            ],
            [
              35.4140777586,
              1.2492182423
            ],
            [
              35.4057661446,
              1.2492067984
            ],
            [
              35.4057547242,
              1.2575723754
            ],
            [
              35.3974431602,
              1.2575608283
            ],
            [
              35.3973966092,
              1.2910228198
            ],
            [
              35.40570828,
              1.2910346732
            ],
            [
              35.4057200055,
              1.2826690998
            ],
            [
              35.4140317257,
              1.2826808484
            ],
            [
              35.4140082525,
              1.2994121481
            ],
            [
              35.4141395533,
              1.2994123368
            ],
            [
              35.4140266628,
              1.3020339904
            ]
          ],
          [
            [
              35.4807716968,
              1.0903497882
            ],
            [
              35.4807421787,
              1.1154485993
            ],
            [
              35.4973660453,
              1.1154685862
            ],
            [
              35.4973857059,
              1.0987357452
            ],
            [
              35.4890737817,
              1.0987259138
            ],
            [
              35.4890835235,
              1.0903595678
            ],
            [
              35.4807716968,
              1.0903497882
            ]
          ],
          [
            [
              35.4891027834,
              1.0736268741
            ],
            [
              35.4890931907,
              1.0819932212
            ],
            [
              35.4974050691,
              1.0820029029
            ],
            [
              35.4974146392,
              1.073636481
            ],
            [
              35.5140385737,
              1.0736556266
            ],
            [
              35.5140667046,
              1.0485559098
            ],
            [
              35.505754767,
              1.0485465719
            ],
            [
              35.505745442,
              1.0569130702
            ],
            [
              35.4974335565,
              1.0569036354
            ],
            [
              35.4974146392,
              1.073636481
            ],
            [
              35.4891027834,
              1.0736268741
            ]
          ]
        ]
      },
      "properties": {
        "country": "Kenya",
        "country_code": "KEN",
        "species_name": "Eucalyptus_nitens",
        "genus": "Eucalyptus",
        "species": "nitens",
        "suitability_name": "Moderately suitable",
        "suitability_rank": 2,
        "soil_suitability": "S3",
        "soil_type": "M12",
        "soil_description": null,
        "site_class": "7-I-M12",
        "maz": "I",
        "maz_zone": "Humid",
        "tz": null,
        "frost_risk": "Occasional",
        "source_layer": "KCFP_SSMT_Kenya"
      }
    },
    {
      "type": "Feature",
      "geometry": {
        "type": "Polygon",
        "coordinates": [
          [
            [
              35.455579476,
              1.2914116526
            ],
            [
              35.4526832275,
              1.2928726008
            ],
            [
              35.4555859819,
              1.2867126187
            ],
            [
              35.455579476,
              1.2914116526
            ]
          ]
        ]
      },
      "properties": {
        "country": "Kenya",
        "country_code": "KEN",
        "species_name": "Eucalyptus_nitens",
        "genus": "Eucalyptus",
        "species": "nitens",
        "suitability_name": "Moderately suitable",
        "suitability_rank": 2,
        "soil_suitability": "S3",
        "soil_type": "M12",
        "soil_description": null,
        "site_class": "7-I-M12",
        "maz": "I",
        "maz_zone": "Humid",
        "tz": null,
        "frost_risk": "Occasional",
        "source_layer": "KCFP_SSMT_Kenya"
      }
    },
    {
      "type": "Feature",
      "geometry": {
        "type": "Polygon",
        "coordinates": [
          [
            [
              35.380866228,
              1.2279672205
            ],
            [
              35.3808601911,
              1.232441628
            ],
            [
              35.3759250159,
              1.2324348657
            ],
            [
              35.3800889698,
              1.2292863513
            ],
            [
              35.380866228,
              1.2279672205
            ]
          ]
        ]
      },
      "properties": {
        "country": "Kenya",
        "country_code": "KEN",
        "species_name": "Eucalyptus_nitens",
        "genus": "Eucalyptus",
        "species": "nitens",
        "suitability_name": "Moderately suitable",
        "suitability_rank": 2,
        "soil_suitability": "S3",
        "soil_type": "M12",
        "soil_description": null,
        "site_class": "7-I-M12",
        "maz": "I",
        "maz_zone": "Humid",
        "tz": null,
        "frost_risk": "Occasional",
        "source_layer": "KCFP_SSMT_Kenya"
      }
    },
    {
      "type": "Feature",
      "geometry": {
        "type": "Polygon",
        "coordinates": [
          [
            [
              35.3808488456,
              1.2408069744
            ],
            [
              35.3808258926,
              1.2575605902
            ],
            [
              35.3808202293,
              1.2575605822
            ],
            [
              35.3808431833,
              1.2408069657
            ],
            [
              35.3808488456,
              1.2408069744
            ]
          ]
        ]
      },
      "properties": {
        "country": "Kenya",
        "country_code": "KEN",
        "species_name": "Eucalyptus_nitens",
        "genus": "Eucalyptus",
        "species": "nitens",
        "suitability_name": "Moderately suitable",
        "suitability_rank": 2,
        "soil_suitability": "S3",
        "soil_type": "M12",
        "soil_description": null,
        "site_class": "7-II-M12",
        "maz": "II",
        "maz_zone": "Sub-humid",
        "tz": null,
        "frost_risk": "Occasional",
        "source_layer": "KCFP_SSMT_Kenya"
      }
    },
    {
      "type": "Feature",
      "geometry": {
        "type": "Polygon",
        "coordinates": [
          [
            [
              35.5637429009,
              1.2157217308
            ],
            [
              35.5635341034,
              1.2159741939
            ],
            [
              35.5554360626,
              1.2159637947
            ],
            [
              35.5554984573,
              1.1657620005
            ],
            [
              35.5638111935,
              1.1657722344
            ],
            [
              35.5638213124,
              1.1574051928
            ],
            [
              35.5721340972,
              1.1574153288
            ],
            [
              35.5721441189,
              1.1490482134
            ],
            [
              35.5804569514,
              1.1490582518
            ],
            [
              35.5804962157,
              1.1155894937
            ],
            [
              35.5721834773,
              1.1155797477
            ],
            [
              35.5721931352,
              1.1072126294
            ],
            [
              35.5638804938,
              1.1072029331
            ],
            [
              35.5638901276,
              1.0988135704
            ],
            [
              35.5721963469,
              1.0988231858
            ],
            [
              35.5721867619,
              1.1071902721
            ],
            [
              35.5804994455,
              1.1071999438
            ],
            [
              35.5804898111,
              1.1155671027
            ],
            [
              35.5888025888,
              1.1155768249
            ],
            [
              35.5887929053,
              1.1239440561
            ],
            [
              35.5971057798,
              1.1239538275
            ],
            [
              35.597086243,
              1.1406884338
            ],
            [
              35.6053992372,
              1.1406983267
            ],
            [
              35.605369463,
              1.1658004495
            ],
            [
              35.5970563962,
              1.1657903398
            ],
            [
              35.5970361381,
              1.1825249393
            ],
            [
              35.580410122,
              1.1825043528
            ],
            [
              35.5804203371,
              1.1741371995
            ],
            [
              35.5637946617,
              1.1741166586
            ],
            [
              35.5637843972,
              1.1824836673
            ],
            [
              35.5720972232,
              1.182494023
            ],
            [
              35.5720869116,
              1.1908611026
            ],
            [
              35.5637740598,
              1.1908506737
            ],
            [
              35.5637429009,
              1.2157217308
            ]
          ]
        ]
      },
      "properties": {
        "country": "Kenya",
        "country_code": "KEN",
        "species_name": "Eucalyptus_nitens",
        "genus": "Eucalyptus",
        "species": "nitens",
        "suitability_name": "Moderately suitable",
        "suitability_rank": 2,
        "soil_suitability": "S3",
        "soil_type": "M12",
        "soil_description": null,
        "site_class": "7-II-M12",
        "maz": "II",
        "maz_zone": "Sub-humid",
        "tz": null,
        "frost_risk": "Occasional",
        "source_layer": "KCFP_SSMT_Kenya"
      }
    },
    {
      "type": "Feature",
      "geometry": {
        "type": "Polygon",
        "coordinates": [
          [
            [
              35.5555871395,
              1.0904369843
            ],
            [
              35.5638932962,
              1.0904465495
            ],
            [
              35.56389327,
              1.090468835
            ],
            [
              35.5555871141,
              1.0904592697
            ],
            [
              35.5555871395,
              1.0904369843
            ]
          ]
        ]
      },
      "properties": {
        "country": "Kenya",
        "country_code": "KEN",
        "species_name": "Eucalyptus_nitens",
        "genus": "Eucalyptus",
        "species": "nitens",
        "suitability_name": "Moderately suitable",
        "suitability_rank": 2,
        "soil_suitability": "S3",
        "soil_type": "M12",
        "soil_description": null,
        "site_class": "7-II-M12",
        "maz": "II",
        "maz_zone": "Sub-humid",
        "tz": null,
        "frost_risk": "Occasional",
        "source_layer": "KCFP_SSMT_Kenya"
      }
    },
    {
      "type": "Feature",
      "geometry": {
        "type": "Polygon",
        "coordinates": [
          [
            [
              35.5389999949,
              1.0569505932
            ],
            [
              35.5556183058,
              1.0569692103
            ],
            [
              35.5556090154,
              1.0653583413
            ],
            [
              35.538990659,
              1.0653395773
            ],
            [
              35.5389999949,
              1.0569505932
            ]
          ]
        ]
      },
      "properties": {
        "country": "Kenya",
        "country_code": "KEN",
        "species_name": "Eucalyptus_nitens",
        "genus": "Eucalyptus",
        "species": "nitens",
        "suitability_name": "Moderately suitable",
        "suitability_rank": 2,
        "soil_suitability": "S3",
        "soil_type": "M12",
        "soil_description": null,
        "site_class": "7-II-M12",
        "maz": "II",
        "maz_zone": "Sub-humid",
        "tz": null,
        "frost_risk": "Occasional",
        "source_layer": "KCFP_SSMT_Kenya"
      }
    },
    {
      "type": "Feature",
      "geometry": {
        "type": "Polygon",
        "coordinates": [
          [
            [
              35.5307243751,
              1.0234743589
            ],
            [
              35.53903023,
              1.0234834017
            ],
            [
              35.5390302073,
              1.0235054302
            ],
            [
              35.5307243514,
              1.0234963864
            ],
            [
              35.5307243751,
              1.0234743589
            ]
          ]
        ]
      },
      "properties": {
        "country": "Kenya",
        "country_code": "KEN",
        "species_name": "Eucalyptus_nitens",
        "genus": "Eucalyptus",
        "species": "nitens",
        "suitability_name": "Moderately suitable",
        "suitability_rank": 2,
        "soil_suitability": "S3",
        "soil_type": "M12",
        "soil_description": null,
        "site_class": "7-II-M12",
        "maz": "II",
        "maz_zone": "Sub-humid",
        "tz": null,
        "frost_risk": "Occasional",
        "source_layer": "KCFP_SSMT_Kenya"
      }
    },
    {
      "type": "Feature",
      "geometry": {
        "type": "Polygon",
        "coordinates": [
          [
            [
              35.5220396487,
              1.324687472
            ],
            [
              35.5220161396,
              1.3414207911
            ],
            [
              35.5137032187,
              1.3414088726
            ],
            [
              35.5137267836,
              1.3246757032
            ],
            [
              35.5220396487,
              1.324687472
            ]
          ]
        ]
      },
      "properties": {
        "country": "Kenya",
        "country_code": "KEN",
        "species_name": "Eucalyptus_nitens",
        "genus": "Eucalyptus",
        "species": "nitens",
        "suitability_name": "Moderately suitable",
        "suitability_rank": 2,
        "soil_suitability": "S3",
        "soil_type": "M12",
        "soil_description": null,
        "site_class": "6-I-M12",
        "maz": "I",
        "maz_zone": "Humid",
        "tz": null,
        "frost_risk": "Rare",
        "source_layer": "KCFP_SSMT_Kenya"
      }
    },
    {
      "type": "Feature",
      "geometry": {
        "type": "Polygon",
        "coordinates": [
          [
            [
              35.4056784045,
              1.3161313981
            ],
            [
              35.4056761959,
              1.3176711649
            ],
            [
              35.4024433044,
              1.3077842587
            ],
            [
              35.4056845673,
              1.307788937
            ],
            [
              35.4056726458,
              1.3161313888
            ],
            [
              35.4056784045,
              1.3161313981
            ]
          ]
        ]
      },
      "properties": {
        "country": "Kenya",
        "country_code": "KEN",
        "species_name": "Eucalyptus_nitens",
        "genus": "Eucalyptus",
        "species": "nitens",
        "suitability_name": "Moderately suitable",
        "suitability_rank": 2,
        "soil_suitability": "S3",
        "soil_type": "M12",
        "soil_description": null,
        "site_class": "6-II-M12",
        "maz": "II",
        "maz_zone": "Sub-humid",
        "tz": null,
        "frost_risk": "Rare",
        "source_layer": "KCFP_SSMT_Kenya"
      }
    },
    {
      "type": "Feature",
      "geometry": {
        "type": "Polygon",
        "coordinates": [
          [
            [
              35.521985284,
              1.3587442759
            ],
            [
              35.5197788032,
              1.3664942027
            ],
            [
              35.5053482766,
              1.3664730947
            ],
            [
              35.5053603125,
              1.3581299353
            ],
            [
              35.5054373158,
              1.3079308816
            ],
            [
              35.5050943436,
              1.3079304004
            ],
            [
              35.5059841886,
              1.299542026
            ],
            [
              35.5137554307,
              1.2995528452
            ],
            [
              35.5137500827,
              1.3079194088
            ],
            [
              35.5137500516,
              1.3079425311
            ],
            [
              35.5220566535,
              1.3079541426
            ],
            [
              35.522045117,
              1.3162976495
            ],
            [
              35.5220513241,
              1.3162976573
            ],
            [
              35.5303642023,
              1.3163324809
            ],
            [
              35.5303642344,
              1.3163093256
            ],
            [
              35.5386709473,
              1.3163209565
            ],
            [
              35.5386824615,
              1.3079541797
            ],
            [
              35.5530865415,
              1.3079741541
            ],
            [
              35.5532682572,
              1.3084284918
            ],
            [
              35.5397599578,
              1.3238652537
            ],
            [
              35.5316567318,
              1.3247713313
            ],
            [
              35.5245408649,
              1.3497678199
            ],
            [
              35.5219981007,
              1.3497641573
            ],
            [
              35.521985284,
              1.3587442759
            ]
          ],
          [
            [
              35.5220396487,
              1.324687472
            ],
            [
              35.5137267836,
              1.3246757032
            ],
            [
              35.5137032187,
              1.3414088726
            ],
            [
              35.5220161396,
              1.3414207911
            ],
            [
              35.5220396487,
              1.324687472
            ]
          ]
        ]
      },
      "properties": {
        "country": "Kenya",
        "country_code": "KEN",
        "species_name": "Eucalyptus_nitens",
        "genus": "Eucalyptus",
        "species": "nitens",
        "suitability_name": "Moderately suitable",
        "suitability_rank": 2,
        "soil_suitability": "S3",
        "soil_type": "M12",
        "soil_description": null,
        "site_class": "6-II-M12",
        "maz": "II",
        "maz_zone": "Sub-humid",
        "tz": null,
        "frost_risk": "Rare",
        "source_layer": "KCFP_SSMT_Kenya"
      }
    },
    {
      "type": "Feature",
      "geometry": {
        "type": "Polygon",
        "coordinates": [
          [
            [
              35.4805274923,
              1.2833000425
            ],
            [
              35.4706775362,
              1.2837955986
            ],
            [
              35.4555854311,
              1.2914086495
            ],
            [
              35.4555919503,
              1.2866999527
            ],
            [
              35.4574462676,
              1.2827648028
            ],
            [
              35.4639096212,
              1.2827507869
            ],
            [
              35.4722219028,
              1.2827623471
            ],
            [
              35.4722218713,
              1.2827853709
            ],
            [
              35.4805281808,
              1.2827968967
            ],
            [
              35.4805274923,
              1.2833000425
            ]
          ]
        ]
      },
      "properties": {
        "country": "Kenya",
        "country_code": "KEN",
        "species_name": "Eucalyptus_nitens",
        "genus": "Eucalyptus",
        "species": "nitens",
        "suitability_name": "Moderately suitable",
        "suitability_rank": 2,
        "soil_suitability": "S3",
        "soil_type": "M12",
        "soil_description": null,
        "site_class": "6-II-M12",
        "maz": "II",
        "maz_zone": "Sub-humid",
        "tz": null,
        "frost_risk": "Rare",
        "source_layer": "KCFP_SSMT_Kenya"
      }
    },
    {
      "type": "Feature",
      "geometry": {
        "type": "Polygon",
        "coordinates": [
          [
            [
              35.3808601911,
              1.232441628
            ],
            [
              35.3891658297,
              1.2324758164
            ],
            [
              35.3808601594,
              1.2324644572
            ],
            [
              35.3808601911,
              1.232441628
            ]
          ]
        ]
      },
      "properties": {
        "country": "Kenya",
        "country_code": "KEN",
        "species_name": "Eucalyptus_nitens",
        "genus": "Eucalyptus",
        "species": "nitens",
        "suitability_name": "Moderately suitable",
        "suitability_rank": 2,
        "soil_suitability": "S3",
        "soil_type": "M12",
        "soil_description": null,
        "site_class": "6-II-M12",
        "maz": "II",
        "maz_zone": "Sub-humid",
        "tz": null,
        "frost_risk": "Rare",
        "source_layer": "KCFP_SSMT_Kenya"
      }
    },
    {
      "type": "Feature",
      "geometry": {
        "type": "Polygon",
        "coordinates": [
          [
            [
              35.4086808566,
              1.3161357563
            ],
            [
              35.4067980723,
              1.3211021792
            ],
            [
              35.4056761959,
              1.3176711649
            ],
            [
              35.4056784045,
              1.3161313981
            ],
            [
              35.4086808566,
              1.3161357563
            ]
          ]
        ]
      },
      "properties": {
        "country": "Kenya",
        "country_code": "KEN",
        "species_name": "Eucalyptus_nitens",
        "genus": "Eucalyptus",
        "species": "nitens",
        "suitability_name": "Moderately suitable",
        "suitability_rank": 2,
        "soil_suitability": "S3",
        "soil_type": "M12",
        "soil_description": null,
        "site_class": "6-I-M12",
        "maz": "I",
        "maz_zone": "Humid",
        "tz": null,
        "frost_risk": "Rare",
        "source_layer": "KCFP_SSMT_Kenya"
      }
    },
    {
      "type": "Feature",
      "geometry": {
        "type": "Polygon",
        "coordinates": [
          [
            [
              35.5303642344,
              1.3163093256
            ],
            [
              35.5303642023,
              1.3163324809
            ],
            [
              35.5220513241,
              1.3162976573
            ],
            [
              35.5303642344,
              1.3163093256
            ]
          ]
        ]
      },
      "properties": {
        "country": "Kenya",
        "country_code": "KEN",
        "species_name": "Eucalyptus_nitens",
        "genus": "Eucalyptus",
        "species": "nitens",
        "suitability_name": "Moderately suitable",
        "suitability_rank": 2,
        "soil_suitability": "S3",
        "soil_type": "M12",
        "soil_description": null,
        "site_class": "6-I-M12",
        "maz": "I",
        "maz_zone": "Humid",
        "tz": null,
        "frost_risk": "Rare",
        "source_layer": "KCFP_SSMT_Kenya"
      }
    },
    {
      "type": "Feature",
      "geometry": {
        "type": "Polygon",
        "coordinates": [
          [
            [
              35.5137500827,
              1.3079194088
            ],
            [
              35.5220566853,
              1.3079310209
            ],
            [
              35.5220566535,
              1.3079541426
            ],
            [
              35.5137500516,
              1.3079425311
            ],
            [
              35.5137500827,
              1.3079194088
            ]
          ]
        ]
      },
      "properties": {
        "country": "Kenya",
        "country_code": "KEN",
        "species_name": "Eucalyptus_nitens",
        "genus": "Eucalyptus",
        "species": "nitens",
        "suitability_name": "Moderately suitable",
        "suitability_rank": 2,
        "soil_suitability": "S3",
        "soil_type": "M12",
        "soil_description": null,
        "site_class": "6-I-M12",
        "maz": "I",
        "maz_zone": "Humid",
        "tz": null,
        "frost_risk": "Rare",
        "source_layer": "KCFP_SSMT_Kenya"
      }
    },
    {
      "type": "Feature",
      "geometry": {
        "type": "Polygon",
        "coordinates": [
          [
            [
              35.4024357405,
              1.3077611282
            ],
            [
              35.4056845673,
              1.307788937
            ],
            [
              35.4024433044,
              1.3077842587
            ],
            [
              35.4024357405,
              1.3077611282
            ]
          ]
        ]
      },
      "properties": {
        "country": "Kenya",
        "country_code": "KEN",
        "species_name": "Eucalyptus_nitens",
        "genus": "Eucalyptus",
        "species": "nitens",
        "suitability_name": "Moderately suitable",
        "suitability_rank": 2,
        "soil_suitability": "S3",
        "soil_type": "M12",
        "soil_description": null,
        "site_class": "6-I-M12",
        "maz": "I",
        "maz_zone": "Humid",
        "tz": null,
        "frost_risk": "Rare",
        "source_layer": "KCFP_SSMT_Kenya"
      }
    },
    {
      "type": "Feature",
      "geometry": {
        "type": "Polygon",
        "coordinates": [
          [
            [
              35.3828931808,
              1.2910020697
            ],
            [
              35.3890850148,
              1.2910109381
            ],
            [
              35.3890731578,
              1.299376358
            ],
            [
              35.3973847803,
              1.2993883157
            ],
            [
              35.3973768517,
              1.304965391
            ],
            [
              35.389776651,
              1.3011187031
            ],
            [
              35.3828931808,
              1.2910020697
            ]
          ]
        ]
      },
      "properties": {
        "country": "Kenya",
        "country_code": "KEN",
        "species_name": "Eucalyptus_nitens",
        "genus": "Eucalyptus",
        "species": "nitens",
        "suitability_name": "Moderately suitable",
        "suitability_rank": 2,
        "soil_suitability": "S3",
        "soil_type": "M12",
        "soil_description": null,
        "site_class": "6-I-M12",
        "maz": "I",
        "maz_zone": "Humid",
        "tz": null,
        "frost_risk": "Rare",
        "source_layer": "KCFP_SSMT_Kenya"
      }
    },
    {
      "type": "Feature",
      "geometry": {
        "type": "Polygon",
        "coordinates": [
          [
            [
              35.4555854311,
              1.2914086495
            ],
            [
              35.455579476,
              1.2914116526
            ],
            [
              35.4555859819,
              1.2867126187
            ],
            [
              35.4555919503,
              1.2866999527
            ],
            [
              35.4555854311,
              1.2914086495
            ]
          ]
        ]
      },
      "properties": {
        "country": "Kenya",
        "country_code": "KEN",
        "species_name": "Eucalyptus_nitens",
        "genus": "Eucalyptus",
        "species": "nitens",
        "suitability_name": "Moderately suitable",
        "suitability_rank": 2,
        "soil_suitability": "S3",
        "soil_type": "M12",
        "soil_description": null,
        "site_class": "6-I-M12",
        "maz": "I",
        "maz_zone": "Humid",
        "tz": null,
        "frost_risk": "Rare",
        "source_layer": "KCFP_SSMT_Kenya"
      }
    },
    {
      "type": "Feature",
      "geometry": {
        "type": "Polygon",
        "coordinates": [
          [
            [
              35.3808202293,
              1.2575605822
            ],
            [
              35.3808086858,
              1.2659030018
            ],
            [
              35.3724973253,
              1.2658912987
            ],
            [
              35.3724856459,
              1.2742565651
            ],
            [
              35.3807970322,
              1.2742683446
            ],
            [
              35.3807778894,
              1.2878932556
            ],
            [
              35.3724892366,
              1.2757116683
            ],
            [
              35.3724912438,
              1.2742795618
            ],
            [
              35.3715138434,
              1.2742781756
            ],
            [
              35.3656128621,
              1.2656058235
            ],
            [
              35.3716183899,
              1.2575477091
            ],
            [
              35.3808202293,
              1.2575605822
            ]
          ]
        ]
      },
      "properties": {
        "country": "Kenya",
        "country_code": "KEN",
        "species_name": "Eucalyptus_nitens",
        "genus": "Eucalyptus",
        "species": "nitens",
        "suitability_name": "Moderately suitable",
        "suitability_rank": 2,
        "soil_suitability": "S3",
        "soil_type": "M12",
        "soil_description": null,
        "site_class": "6-I-M12",
        "maz": "I",
        "maz_zone": "Humid",
        "tz": null,
        "frost_risk": "Rare",
        "source_layer": "KCFP_SSMT_Kenya"
      }
    },
    {
      "type": "Feature",
      "geometry": {
        "type": "Polygon",
        "coordinates": [
          [
            [
              35.4722219028,
              1.2827623471
            ],
            [
              35.4805282123,
              1.2827738709
            ],
            [
              35.4805281808,
              1.2827968967
            ],
            [
              35.4722218713,
              1.2827853709
            ],
            [
              35.4722219028,
              1.2827623471
            ]
          ]
        ]
      },
      "properties": {
        "country": "Kenya",
        "country_code": "KEN",
        "species_name": "Eucalyptus_nitens",
        "genus": "Eucalyptus",
        "species": "nitens",
        "suitability_name": "Moderately suitable",
        "suitability_rank": 2,
        "soil_suitability": "S3",
        "soil_type": "M12",
        "soil_description": null,
        "site_class": "6-I-M12",
        "maz": "I",
        "maz_zone": "Humid",
        "tz": null,
        "frost_risk": "Rare",
        "source_layer": "KCFP_SSMT_Kenya"
      }
    },
    {
      "type": "Feature",
      "geometry": {
        "type": "Polygon",
        "coordinates": [
          [
            [
              35.4639096212,
              1.2827507869
            ],
            [
              35.4574462676,
              1.2827648028
            ],
            [
              35.4574571093,
              1.2827417936
            ],
            [
              35.4639096212,
              1.2827507869
            ]
          ]
        ]
      },
      "properties": {
        "country": "Kenya",
        "country_code": "KEN",
        "species_name": "Eucalyptus_nitens",
        "genus": "Eucalyptus",
        "species": "nitens",
        "suitability_name": "Moderately suitable",
        "suitability_rank": 2,
        "soil_suitability": "S3",
        "soil_type": "M12",
        "soil_description": null,
        "site_class": "6-I-M12",
        "maz": "I",
        "maz_zone": "Humid",
        "tz": null,
        "frost_risk": "Rare",
        "source_layer": "KCFP_SSMT_Kenya"
      }
    },
    {
      "type": "Feature",
      "geometry": {
        "type": "Polygon",
        "coordinates": [
          [
            [
              35.3891658297,
              1.2324758164
            ],
            [
              35.3891545418,
              1.2408184114
            ],
            [
              35.3808488456,
              1.2408069744
            ],
            [
              35.3808601594,
              1.2324644572
            ],
            [
              35.3891658297,
              1.2324758164
            ]
          ]
        ]
      },
      "properties": {
        "country": "Kenya",
        "country_code": "KEN",
        "species_name": "Eucalyptus_nitens",
        "genus": "Eucalyptus",
        "species": "nitens",
        "suitability_name": "Moderately suitable",
        "suitability_rank": 2,
        "soil_suitability": "S3",
        "soil_type": "M12",
        "soil_description": null,
        "site_class": "6-I-M12",
        "maz": "I",
        "maz_zone": "Humid",
        "tz": null,
        "frost_risk": "Rare",
        "source_layer": "KCFP_SSMT_Kenya"
      }
    },
    {
      "type": "Feature",
      "geometry": {
        "type": "Polygon",
        "coordinates": [
          [
            [
              35.3808601911,
              1.232441628
            ],
            [
              35.3808601594,
              1.2324644572
            ],
            [
              35.3758948793,
              1.2324576526
            ],
            [
              35.3759250159,
              1.2324348657
            ],
            [
              35.3808601911,
              1.232441628
            ]
          ]
        ]
      },
      "properties": {
        "country": "Kenya",
        "country_code": "KEN",
        "species_name": "Eucalyptus_nitens",
        "genus": "Eucalyptus",
        "species": "nitens",
        "suitability_name": "Moderately suitable",
        "suitability_rank": 2,
        "soil_suitability": "S3",
        "soil_type": "M12",
        "soil_description": null,
        "site_class": "6-I-M12",
        "maz": "I",
        "maz_zone": "Humid",
        "tz": null,
        "frost_risk": "Rare",
        "source_layer": "KCFP_SSMT_Kenya"
      }
    },
    {
      "type": "Feature",
      "geometry": {
        "type": "Polygon",
        "coordinates": [
          [
            [
              35.56389327,
              1.090468835
            ],
            [
              35.5638996366,
              1.0904688424
            ],
            [
              35.5638901276,
              1.0988135704
            ],
            [
              35.5638837601,
              1.098813563
            ],
            [
              35.56389327,
              1.090468835
            ]
          ]
        ]
      },
      "properties": {
        "country": "Kenya",
        "country_code": "KEN",
        "species_name": "Eucalyptus_nitens",
        "genus": "Eucalyptus",
        "species": "nitens",
        "suitability_name": "Moderately suitable",
        "suitability_rank": 2,
        "soil_suitability": "S3",
        "soil_type": "M12",
        "soil_description": null,
        "site_class": "6-I-M12",
        "maz": "I",
        "maz_zone": "Humid",
        "tz": null,
        "frost_risk": "Rare",
        "source_layer": "KCFP_SSMT_Kenya"
      }
    },
    {
      "type": "Feature",
      "geometry": {
        "type": "Polygon",
        "coordinates": [
          [
            [
              35.5556090154,
              1.0653583413
            ],
            [
              35.5556153505,
              1.0653583494
            ],
            [
              35.5555871395,
              1.0904369843
            ],
            [
              35.5555808044,
              1.090436977
            ],
            [
              35.5556090154,
              1.0653583413
            ]
          ]
        ]
      },
      "properties": {
        "country": "Kenya",
        "country_code": "KEN",
        "species_name": "Eucalyptus_nitens",
        "genus": "Eucalyptus",
        "species": "nitens",
        "suitability_name": "Moderately suitable",
        "suitability_rank": 2,
        "soil_suitability": "S3",
        "soil_type": "M12",
        "soil_description": null,
        "site_class": "6-I-M12",
        "maz": "I",
        "maz_zone": "Humid",
        "tz": null,
        "frost_risk": "Rare",
        "source_layer": "KCFP_SSMT_Kenya"
      }
    },
    {
      "type": "Feature",
      "geometry": {
        "type": "Polygon",
        "coordinates": [
          [
            [
              35.5390302073,
              1.0235054302
            ],
            [
              35.5390274609,
              1.0318722656
            ],
            [
              35.5473396812,
              1.0318813676
            ],
            [
              35.5473214721,
              1.0486151726
            ],
            [
              35.5390092073,
              1.0486059221
            ],
            [
              35.5389999949,
              1.0569505932
            ],
            [
              35.5389937236,
              1.0569505862
            ],
            [
              35.5390302073,
              1.0235054302
            ]
          ]
        ]
      },
      "properties": {
        "country": "Kenya",
        "country_code": "KEN",
        "species_name": "Eucalyptus_nitens",
        "genus": "Eucalyptus",
        "species": "nitens",
        "suitability_name": "Moderately suitable",
        "suitability_rank": 2,
        "soil_suitability": "S3",
        "soil_type": "M12",
        "soil_description": null,
        "site_class": "6-I-M12",
        "maz": "I",
        "maz_zone": "Humid",
        "tz": null,
        "frost_risk": "Rare",
        "source_layer": "KCFP_SSMT_Kenya"
      }
    },
    {
      "type": "Feature",
      "geometry": {
        "type": "Polygon",
        "coordinates": [
          [
            [
              35.5141529583,
              0.973566542
            ],
            [
              35.5141446178,
              0.9816451813
            ],
            [
              35.5224564914,
              0.9816539026
            ],
            [
              35.5224390361,
              0.9983872689
            ],
            [
              35.5307510242,
              0.9983961178
            ],
            [
              35.5307243751,
              1.0234743589
            ],
            [
              35.5307271006,
              1.0151076287
            ],
            [
              35.5224151018,
              1.0150986317
            ],
            [
              35.5224416162,
              0.9899986809
            ],
            [
              35.5141297543,
              0.9899898855
            ],
            [
              35.5141384655,
              0.9816233086
            ],
            [
              35.5058266982,
              0.9816145677
            ],
            [
              35.5058179663,
              0.9899810692
            ],
            [
              35.489194613,
              0.989963374
            ],
            [
              35.4891857653,
              0.9983297264
            ],
            [
              35.4725626683,
              0.9983117973
            ],
            [
              35.472589111,
              0.9732131896
            ],
            [
              35.4704877141,
              0.9732109742
            ],
            [
              35.4705434082,
              0.9728366925
            ],
            [
              35.4759390886,
              0.9673871455
            ],
            [
              35.4809120516,
              0.9679615369
            ],
            [
              35.4808978655,
              0.9816100892
            ],
            [
              35.4975210934,
              0.9816276767
            ],
            [
              35.497529771,
              0.9732612168
            ],
            [
              35.5133842317,
              0.9732777712
            ],
            [
              35.5141529583,
              0.973566542
            ]
          ]
        ]
      },
      "properties": {
        "country": "Kenya",
        "country_code": "KEN",
        "species_name": "Eucalyptus_nitens",
        "genus": "Eucalyptus",
        "species": "nitens",
        "suitability_name": "Moderately suitable",
        "suitability_rank": 2,
        "soil_suitability": "S3",
        "soil_type": "M12",
        "soil_description": null,
        "site_class": "6-I-M12",
        "maz": "I",
        "maz_zone": "Humid",
        "tz": null,
        "frost_risk": "Rare",
        "source_layer": "KCFP_SSMT_Kenya"
      }
    },
    {
      "type": "Feature",
      "geometry": {
        "type": "Polygon",
        "coordinates": [
          [
            [
              35.3715138434,
              1.2742781756
            ],
            [
              35.3724912438,
              1.2742795618
            ],
            [
              35.3724892366,
              1.2757116683
            ],
            [
              35.3715138434,
              1.2742781756
            ]
          ]
        ]
      },
      "properties": {
        "country": "Kenya",
        "country_code": "KEN",
        "species_name": "Eucalyptus_nitens",
        "genus": "Eucalyptus",
        "species": "nitens",
        "suitability_name": "Moderately suitable",
        "suitability_rank": 2,
        "soil_suitability": "S3",
        "soil_type": "M12",
        "soil_description": null,
        "site_class": "6-II-M12",
        "maz": "II",
        "maz_zone": "Sub-humid",
        "tz": null,
        "frost_risk": "Rare",
        "source_layer": "KCFP_SSMT_Kenya"
      }
    },
    {
      "type": "Feature",
      "geometry": {
        "type": "Polygon",
        "coordinates": [
          [
            [
              35.3808488456,
              1.2408069744
            ],
            [
              35.3808431833,
              1.2408069657
            ],
            [
              35.3808202293,
              1.2575605822
            ],
            [
              35.3716183899,
              1.2575477091
            ],
            [
              35.3791453983,
              1.2474477984
            ],
            [
              35.3728854336,
              1.2347331791
            ],
            [
              35.3758948793,
              1.2324576526
            ],
            [
              35.3808601594,
              1.2324644572
            ],
            [
              35.3808488456,
              1.2408069744
            ]
          ]
        ]
      },
      "properties": {
        "country": "Kenya",
        "country_code": "KEN",
        "species_name": "Eucalyptus_nitens",
        "genus": "Eucalyptus",
        "species": "nitens",
        "suitability_name": "Moderately suitable",
        "suitability_rank": 2,
        "soil_suitability": "S3",
        "soil_type": "M12",
        "soil_description": null,
        "site_class": "6-II-M12",
        "maz": "II",
        "maz_zone": "Sub-humid",
        "tz": null,
        "frost_risk": "Rare",
        "source_layer": "KCFP_SSMT_Kenya"
      }
    },
    {
      "type": "Feature",
      "geometry": {
        "type": "Polygon",
        "coordinates": [
          [
            [
              35.5969841975,
              1.2243842329
            ],
            [
              35.5969743273,
              1.2321771081
            ],
            [
              35.594802017,
              1.2292351236
            ],
            [
              35.5936147822,
              1.2243799216
            ],
            [
              35.5969841975,
              1.2243842329
            ]
          ]
        ]
      },
      "properties": {
        "country": "Kenya",
        "country_code": "KEN",
        "species_name": "Eucalyptus_nitens",
        "genus": "Eucalyptus",
        "species": "nitens",
        "suitability_name": "Moderately suitable",
        "suitability_rank": 2,
        "soil_suitability": "S3",
        "soil_type": "M12",
        "soil_description": null,
        "site_class": "6-II-M12",
        "maz": "II",
        "maz_zone": "Sub-humid",
        "tz": null,
        "frost_risk": "Rare",
        "source_layer": "KCFP_SSMT_Kenya"
      }
    },
    {
      "type": "Feature",
      "geometry": {
        "type": "Polygon",
        "coordinates": [
          [
            [
              35.6047081168,
              1.2160039201
            ],
            [
              35.5969947237,
              1.2160169035
            ],
            [
              35.5927382953,
              1.2160114937
            ],
            [
              35.5984855113,
              1.1938120942
            ],
            [
              35.5886235178,
              1.1856364527
            ],
            [
              35.5637429009,
              1.2157217308
            ],
            [
              35.5637740598,
              1.1908506737
            ],
            [
              35.5720869116,
              1.1908611026
            ],
            [
              35.5720972232,
              1.182494023
            ],
            [
              35.5637843972,
              1.1824836673
            ],
            [
              35.5637946617,
              1.1741166586
            ],
            [
              35.5804203371,
              1.1741371995
            ],
            [
              35.580410122,
              1.1825043528
            ],
            [
              35.5970361381,
              1.1825249393
            ],
            [
              35.5970563962,
              1.1657903398
            ],
            [
              35.605369463,
              1.1658004495
            ],
            [
              35.6053992372,
              1.1406983267
            ],
            [
              35.597086243,
              1.1406884338
            ],
            [
              35.5971057798,
              1.1239538275
            ],
            [
              35.5887929053,
              1.1239440561
            ],
            [
              35.5888025888,
              1.1155768249
            ],
            [
              35.5804898111,
              1.1155671027
            ],
            [
              35.5804994455,
              1.1071999438
            ],
            [
              35.5721867619,
              1.1071902721
            ],
            [
              35.5721963469,
              1.0988231858
            ],
            [
              35.5638901276,
              1.0988135704
            ],
            [
              35.5638996366,
              1.0904688424
            ],
            [
              35.56389327,
              1.090468835
            ],
            [
              35.5638932962,
              1.0904465495
            ],
            [
              35.5555871395,
              1.0904369843
            ],
            [
              35.5556153505,
              1.0653583494
            ],
            [
              35.5556090154,
              1.0653583413
            ],
            [
              35.5556183058,
              1.0569692103
            ],
            [
              35.5389999949,
              1.0569505932
            ],
            [
              35.5390092073,
              1.0486059221
            ],
            [
              35.5473214721,
              1.0486151726
            ],
            [
              35.5473396812,
              1.0318813676
            ],
            [
              35.5390274609,
              1.0318722656
            ],
            [
              35.5390302073,
              1.0235054302
            ],
            [
              35.53903023,
              1.0234834017
            ],
            [
              35.5307243751,
              1.0234743589
            ],
            [
              35.5307510242,
              0.9983961178
            ],
            [
              35.5224390361,
              0.9983872689
            ],
            [
              35.5224564914,
              0.9816539026
            ],
            [
              35.5141446178,
              0.9816451813
            ],
            [
              35.5141529583,
              0.973566542
            ],
            [
              35.538788398,
              0.9828208515
            ],
            [
              35.5576877644,
              0.9673785901
            ],
            [
              35.5666717839,
              0.9673775275
            ],
            [
              35.572335987,
              0.9687598008
            ],
            [
              35.5723143313,
              0.9900510143
            ],
            [
              35.5806267061,
              0.9900596635
            ],
            [
              35.5806093976,
              1.0067939955
            ],
            [
              35.5889218859,
              1.0068027704
            ],
            [
              35.5888683218,
              1.0570283488
            ],
            [
              35.5805621339,
              1.0570191441
            ],
            [
              35.5805529348,
              1.0653863379
            ],
            [
              35.5888591449,
              1.0653956164
            ],
            [
              35.5888499212,
              1.0737406605
            ],
            [
              35.5971626564,
              1.0737499953
            ],
            [
              35.5971533585,
              1.0821173021
            ],
            [
              35.6025240972,
              1.082123368
            ],
            [
              35.6032097732,
              1.0992584288
            ],
            [
              35.6094586857,
              1.1146996851
            ],
            [
              35.6092705103,
              1.1938132107
            ],
            [
              35.6064280696,
              1.2076387053
            ],
            [
              35.6053183981,
              1.20763731
            ],
            [
              35.6053116366,
              1.2130686707
            ],
            [
              35.6047081168,
              1.2160039201
            ]
          ]
        ]
      },
      "properties": {
        "country": "Kenya",
        "country_code": "KEN",
        "species_name": "Eucalyptus_nitens",
        "genus": "Eucalyptus",
        "species": "nitens",
        "suitability_name": "Moderately suitable",
        "suitability_rank": 2,
        "soil_suitability": "S3",
        "soil_type": "M12",
        "soil_description": null,
        "site_class": "6-II-M12",
        "maz": "II",
        "maz_zone": "Sub-humid",
        "tz": null,
        "frost_risk": "Rare",
        "source_layer": "KCFP_SSMT_Kenya"
      }
    },
    {
      "type": "Feature",
      "geometry": {
        "type": "Polygon",
        "coordinates": [
          [
            [
              35.5133842317,
              0.9732777712
            ],
            [
              35.497529771,
              0.9732612168
            ],
            [
              35.4975210934,
              0.9816276767
            ],
            [
              35.4808978655,
              0.9816100892
            ],
            [
              35.4809120516,
              0.9679615369
            ],
            [
              35.5073657641,
              0.9710169387
            ],
            [
              35.5133842317,
              0.9732777712
            ]
          ]
        ]
      },
      "properties": {
        "country": "Kenya",
        "country_code": "KEN",
        "species_name": "Eucalyptus_nitens",
        "genus": "Eucalyptus",
        "species": "nitens",
        "suitability_name": "Moderately suitable",
        "suitability_rank": 2,
        "soil_suitability": "S3",
        "soil_type": "M12",
        "soil_description": null,
        "site_class": "6-II-M12",
        "maz": "II",
        "maz_zone": "Sub-humid",
        "tz": null,
        "frost_risk": "Rare",
        "source_layer": "KCFP_SSMT_Kenya"
      }
    },
    {
      "type": "Feature",
      "geometry": {
        "type": "Polygon",
        "coordinates": [
          [
            [
              35.4064117095,
              0.6208775316
            ],
            [
              35.3994085965,
              0.6227668853
            ],
            [
              35.3980982979,
              0.625742354
            ],
            [
              35.3981066193,
              0.61343628
            ],
            [
              35.4064167061,
              0.6134419115
            ],
            [
              35.4064117095,
              0.6208775316
            ]
          ]
        ]
      },
      "properties": {
        "country": "Kenya",
        "country_code": "KEN",
        "species_name": "Eucalyptus_nitens",
        "genus": "Eucalyptus",
        "species": "nitens",
        "suitability_name": "Moderately suitable",
        "suitability_rank": 2,
        "soil_suitability": "S3",
        "soil_type": "L24",
        "soil_description": null,
        "site_class": "6-II-L24",
        "maz": "II",
        "maz_zone": "Sub-humid",
        "tz": null,
        "frost_risk": "Rare",
        "source_layer": "KCFP_SSMT_Kenya"
      }
    },
    {
      "type": "Feature",
      "geometry": {
        "type": "Polygon",
        "coordinates": [
          [
            [
              35.42655407,
              0.5236876917
            ],
            [
              35.439903312,
              0.582699279
            ],
            [
              35.4398098313,
              0.63364642
            ],
            [
              35.4396439195,
              0.6341114037
            ],
            [
              35.4396407034,
              0.6301962039
            ],
            [
              35.4154296992,
              0.6301589561
            ],
            [
              35.4182654751,
              0.6272990443
            ],
            [
              35.4147211933,
              0.6219065416
            ],
            [
              35.4147268683,
              0.6134475301
            ],
            [
              35.4230371083,
              0.6134531358
            ],
            [
              35.4230480798,
              0.5967215397
            ],
            [
              35.4147378669,
              0.5967160869
            ],
            [
              35.414748016,
              0.5715986301
            ],
            [
              35.4064437048,
              0.5715933984
            ],
            [
              35.4064488732,
              0.5632277841
            ],
            [
              35.4147531725,
              0.5632329392
            ],
            [
              35.4147582529,
              0.5548672472
            ],
            [
              35.4064539653,
              0.5548621687
            ],
            [
              35.4064589693,
              0.5465167427
            ],
            [
              35.4064532118,
              0.5465167401
            ],
            [
              35.3981432657,
              0.5464915334
            ],
            [
              35.3981756473,
              0.4891931666
            ],
            [
              35.422162799,
              0.4754906026
            ],
            [
              35.4257761829,
              0.4673243997
            ],
            [
              35.4087023212,
              0.4609551838
            ],
            [
              35.3898707403,
              0.4799465838
            ],
            [
              35.3898752917,
              0.4711973447
            ],
            [
              35.3981850766,
              0.4712016794
            ],
            [
              35.3981976384,
              0.4461050569
            ],
            [
              35.3898878823,
              0.4461009522
            ],
            [
              35.389890713,
              0.4402617971
            ],
            [
              35.4205032963,
              0.4309719084
            ],
            [
              35.3898976843,
              0.4255396514
            ],
            [
              35.3899025831,
              0.4148796296
            ],
            [
              35.4088866616,
              0.4101152658
            ],
            [
              35.4404773536,
              0.385718183
            ],
            [
              35.4449974016,
              0.3802943853
            ],
            [
              35.4467997119,
              0.3821094833
            ],
            [
              35.4583446569,
              0.4174446291
            ],
            [
              35.444677346,
              0.4591739176
            ],
            [
              35.4473468234,
              0.4718782287
            ],
            [
              35.4599013733,
              0.4845862131
            ],
            [
              35.449975457,
              0.5009113657
            ],
            [
              35.4400473404,
              0.5127054386
            ],
            [
              35.4364744533,
              0.509983133
            ],
            [
              35.4319916752,
              0.5009077364
            ],
            [
              35.4094914399,
              0.5173359673
            ],
            [
              35.4139622965,
              0.5291372206
            ],
            [
              35.42655407,
              0.5236876917
            ]
          ]
        ]
      },
      "properties": {
        "country": "Kenya",
        "country_code": "KEN",
        "species_name": "Eucalyptus_nitens",
        "genus": "Eucalyptus",
        "species": "nitens",
        "suitability_name": "Moderately suitable",
        "suitability_rank": 2,
        "soil_suitability": "S3",
        "soil_type": "L24",
        "soil_description": null,
        "site_class": "6-II-L24",
        "maz": "II",
        "maz_zone": "Sub-humid",
        "tz": null,
        "frost_risk": "Rare",
        "source_layer": "KCFP_SSMT_Kenya"
      }
    },
    {
      "type": "Feature",
      "geometry": {
        "type": "Polygon",
        "coordinates": [
          [
            [
              35.4810734763,
              0.7891848232
            ],
            [
              35.4810677555,
              0.8030477218
            ],
            [
              35.4810617146,
              0.8030415544
            ],
            [
              35.4810734763,
              0.7891848232
            ]
          ]
        ]
      },
      "properties": {
        "country": "Kenya",
        "country_code": "KEN",
        "species_name": "Eucalyptus_nitens",
        "genus": "Eucalyptus",
        "species": "nitens",
        "suitability_name": "Moderately suitable",
        "suitability_rank": 2,
        "soil_suitability": "S1",
        "soil_type": "Uh3",
        "soil_description": null,
        "site_class": "6-III-Uh3",
        "maz": "III",
        "maz_zone": "Semi-humid",
        "tz": null,
        "frost_risk": "Rare",
        "source_layer": "KCFP_SSMT_Kenya"
      }
    },
    {
      "type": "Feature",
      "geometry": {
        "type": "Polygon",
        "coordinates": [
          [
            [
              35.4727747175,
              0.781707855
            ],
            [
              35.4727745397,
              0.7819206985
            ],
            [
              35.4727685429,
              0.7819002964
            ],
            [
              35.4727686718,
              0.7817460542
            ],
            [
              35.4727747175,
              0.781707855
            ]
          ]
        ]
      },
      "properties": {
        "country": "Kenya",
        "country_code": "KEN",
        "species_name": "Eucalyptus_nitens",
        "genus": "Eucalyptus",
        "species": "nitens",
        "suitability_name": "Moderately suitable",
        "suitability_rank": 2,
        "soil_suitability": "S1",
        "soil_type": "Uh3",
        "soil_description": null,
        "site_class": "6-III-Uh3",
        "maz": "III",
        "maz_zone": "Semi-humid",
        "tz": null,
        "frost_risk": "Rare",
        "source_layer": "KCFP_SSMT_Kenya"
      }
    },
    {
      "type": "Feature",
      "geometry": {
        "type": "Polygon",
        "coordinates": [
          [
            [
              35.4562324542,
              0.6720381307
            ],
            [
              35.456238404,
              0.6720381351
            ],
            [
              35.4562323439,
              0.6803835284
            ],
            [
              35.4562263949,
              0.680383524
            ],
            [
              35.4562324542,
              0.6720381307
            ]
          ]
        ]
      },
      "properties": {
        "country": "Kenya",
        "country_code": "KEN",
        "species_name": "Eucalyptus_nitens",
        "genus": "Eucalyptus",
        "species": "nitens",
        "suitability_name": "Moderately suitable",
        "suitability_rank": 2,
        "soil_suitability": "S1",
        "soil_type": "Uh3",
        "soil_description": null,
        "site_class": "6-III-Uh3",
        "maz": "III",
        "maz_zone": "Semi-humid",
        "tz": null,
        "frost_risk": "Rare",
        "source_layer": "KCFP_SSMT_Kenya"
      }
    },
    {
      "type": "Feature",
      "geometry": {
        "type": "Polygon",
        "coordinates": [
          [
            [
              35.4396439195,
              0.6341114037
            ],
            [
              35.4396408775,
              0.6385416142
            ],
            [
              35.4396380222,
              0.6341279294
            ],
            [
              35.4396439195,
              0.6341114037
            ]
          ]
        ]
      },
      "properties": {
        "country": "Kenya",
        "country_code": "KEN",
        "species_name": "Eucalyptus_nitens",
        "genus": "Eucalyptus",
        "species": "nitens",
        "suitability_name": "Moderately suitable",
        "suitability_rank": 2,
        "soil_suitability": "S1",
        "soil_type": "Uh3",
        "soil_description": null,
        "site_class": "6-III-Uh3",
        "maz": "III",
        "maz_zone": "Semi-humid",
        "tz": null,
        "frost_risk": "Rare",
        "source_layer": "KCFP_SSMT_Kenya"
      }
    },
    {
      "type": "Feature",
      "geometry": {
        "type": "Polygon",
        "coordinates": [
          [
            [
              36.3127716922,
              0.1367191617
            ],
            [
              36.3127697184,
              0.1534464034
            ],
            [
              36.3044620528,
              0.1534453505
            ],
            [
              36.3044630698,
              0.1450911333
            ],
            [
              36.2961462171,
              0.1450714736
            ],
            [
              36.3044538538,
              0.1450724712
            ],
            [
              36.3044548136,
              0.1367182225
            ],
            [
              36.3127716922,
              0.1367191617
            ]
          ]
        ]
      },
      "properties": {
        "country": "Kenya",
        "country_code": "KEN",
        "species_name": "Eucalyptus_nitens",
        "genus": "Eucalyptus",
        "species": "nitens",
        "suitability_name": "Moderately suitable",
        "suitability_rank": 2,
        "soil_suitability": "S1",
        "soil_type": "R3",
        "soil_description": null,
        "site_class": "7-III-R3",
        "maz": "III",
        "maz_zone": "Semi-humid",
        "tz": null,
        "frost_risk": "Occasional",
        "source_layer": "KCFP_SSMT_Kenya"
      }
    },
    {
      "type": "Feature",
      "geometry": {
        "type": "Polygon",
        "coordinates": [
          [
            [
              36.3210969548,
              0.1450931228
            ],
            [
              36.3210979118,
              0.136720099
            ],
            [
              36.3294149367,
              0.1367210315
            ],
            [
              36.3294139826,
              0.1450941134
            ],
            [
              36.3210969548,
              0.1450931228
            ]
          ]
        ]
      },
      "properties": {
        "country": "Kenya",
        "country_code": "KEN",
        "species_name": "Eucalyptus_nitens",
        "genus": "Eucalyptus",
        "species": "nitens",
        "suitability_name": "Moderately suitable",
        "suitability_rank": 2,
        "soil_suitability": "S1",
        "soil_type": "R3",
        "soil_description": null,
        "site_class": "6-III-R3",
        "maz": "III",
        "maz_zone": "Semi-humid",
        "tz": null,
        "frost_risk": "Rare",
        "source_layer": "KCFP_SSMT_Kenya"
      }
    },
    {
      "type": "Feature",
      "geometry": {
        "type": "Polygon",
        "coordinates": [
          [
            [
              36.3293817505,
              0.2788011338
            ],
            [
              36.3293871079,
              0.2539250852
            ],
            [
              36.3127530647,
              0.2539216126
            ],
            [
              36.3127564116,
              0.2371757454
            ],
            [
              36.3044394849,
              0.2371741161
            ],
            [
              36.3044410781,
              0.2288012399
            ],
            [
              36.2878074073,
              0.2287980809
            ],
            [
              36.2878058061,
              0.2371708425
            ],
            [
              36.2794890517,
              0.2371691972
            ],
            [
              36.2794856653,
              0.253914603
            ],
            [
              36.2462191881,
              0.2539075074
            ],
            [
              36.2462155267,
              0.2706524438
            ],
            [
              36.2378990414,
              0.2706505386
            ],
            [
              36.2378971168,
              0.2790229477
            ],
            [
              36.2295806861,
              0.2790209777
            ],
            [
              36.229570151,
              0.3208827255
            ],
            [
              36.2129374015,
              0.3208781739
            ],
            [
              36.2129396393,
              0.3125059434
            ],
            [
              36.1963071397,
              0.3125014832
            ],
            [
              36.1963135359,
              0.28738515
            ],
            [
              36.2046297371,
              0.2873872035
            ],
            [
              36.2046341427,
              0.2686717607
            ],
            [
              36.2098230669,
              0.262271855
            ],
            [
              36.2129518235,
              0.2622725573
            ],
            [
              36.2129526727,
              0.2584118283
            ],
            [
              36.2129615417,
              0.2584008888
            ],
            [
              36.2129606859,
              0.2622916688
            ],
            [
              36.2212770207,
              0.2622935319
            ],
            [
              36.2212751442,
              0.2706658544
            ],
            [
              36.2295915427,
              0.2706677721
            ],
            [
              36.2295952265,
              0.2539230066
            ],
            [
              36.2165943398,
              0.2539201931
            ],
            [
              36.231140233,
              0.2359788924
            ],
            [
              36.2407233667,
              0.2204166061
            ],
            [
              36.2462258114,
              0.220417633
            ],
            [
              36.246227321,
              0.2120451642
            ],
            [
              36.2545438293,
              0.2120466523
            ],
            [
              36.2545452752,
              0.2036741246
            ],
            [
              36.2628618374,
              0.2036755497
            ],
            [
              36.2628645471,
              0.1869303759
            ],
            [
              36.2711811592,
              0.1869316808
            ],
            [
              36.2711835216,
              0.170948354
            ],
            [
              36.2711926151,
              0.1709335862
            ],
            [
              36.2711889253,
              0.1953231792
            ],
            [
              36.2628722769,
              0.1953218167
            ],
            [
              36.2628708933,
              0.2036944357
            ],
            [
              36.2711875441,
              0.2036958566
            ],
            [
              36.2711846097,
              0.2204412111
            ],
            [
              36.2795013283,
              0.2204427433
            ],
            [
              36.2795094117,
              0.1702063311
            ],
            [
              36.27164109,
              0.1702052122
            ],
            [
              36.2768073738,
              0.1618145068
            ],
            [
              36.2795014364,
              0.16181487
            ],
            [
              36.279502012,
              0.1574380164
            ],
            [
              36.2795111368,
              0.1574231951
            ],
            [
              36.2795105568,
              0.1618335951
            ],
            [
              36.2961441099,
              0.1618358367
            ],
            [
              36.2961451906,
              0.1534629847
            ],
            [
              36.3044620528,
              0.1534453505
            ],
            [
              36.3127697184,
              0.1534464034
            ],
            [
              36.3127716922,
              0.1367191617
            ],
            [
              36.3127799838,
              0.1450921291
            ],
            [
              36.3210969548,
              0.1450931228
            ],
            [
              36.3210959408,
              0.1534661474
            ],
            [
              36.3377300595,
              0.1534682397
            ],
            [
              36.3377329129,
              0.1283488241
            ],
            [
              36.3460500473,
              0.1283496949
            ],
            [
              36.3460508837,
              0.1199765
            ],
            [
              36.3543680719,
              0.1199773106
            ],
            [
              36.354367239,
              0.128350563
            ],
            [
              36.362684486,
              0.1283514284
            ],
            [
              36.3626853162,
              0.1199781204
            ],
            [
              36.3710026174,
              0.1199789259
            ],
            [
              36.3710033901,
              0.1116055616
            ],
            [
              36.3793207438,
              0.1116063094
            ],
            [
              36.3793221157,
              0.0948594675
            ],
            [
              36.3876395216,
              0.0948601002
            ],
            [
              36.3876401213,
              0.0864866228
            ],
            [
              36.3959575816,
              0.0864871986
            ],
            [
              36.3959581241,
              0.0781136654
            ],
            [
              36.4042756371,
              0.0781141847
            ],
            [
              36.4042750955,
              0.0864877725
            ],
            [
              36.4125926644,
              0.0864883456
            ],
            [
              36.4125932043,
              0.0781147015
            ],
            [
              36.4209108283,
              0.0781152165
            ],
            [
              36.4209117395,
              0.0613678187
            ],
            [
              36.4292294143,
              0.061368222
            ],
            [
              36.4292301052,
              0.0446207131
            ],
            [
              36.4375478315,
              0.0446210054
            ],
            [
              36.4375483034,
              0.0278733876
            ],
            [
              36.4458660835,
              0.0278735696
            ],
            [
              36.4458662369,
              0.0194997055
            ],
            [
              36.4541840698,
              0.0194998324
            ],
            [
              36.4541841696,
              0.0111259138
            ],
            [
              36.4625020562,
              0.0111259869
            ],
            [
              36.4625021009,
              0.002752014
            ],
            [
              36.4708200422,
              0.0027520318
            ],
            [
              36.4708200321,
              -0.0056219944
            ],
            [
              36.4791380271,
              -0.0056220315
            ],
            [
              36.4791379644,
              -0.0139961126
            ],
            [
              36.4874560131,
              -0.0139962016
            ],
            [
              36.4874557281,
              -0.0307444704
            ],
            [
              36.4957738303,
              -0.0307446672
            ],
            [
              36.4957736085,
              -0.0391188566
            ],
            [
              36.5124099754,
              -0.039119355
            ],
            [
              36.5124097022,
              -0.0474936492
            ],
            [
              36.520727965,
              -0.0474939503
            ],
            [
              36.5207272626,
              -0.0642426466
            ],
            [
              36.5262834792,
              -0.0642429179
            ],
            [
              36.5249869917,
              -0.0565355206
            ],
            [
              36.5247872594,
              -0.0251456633
            ],
            [
              36.5385856941,
              -0.0174617299
            ],
            [
              36.540319523,
              -0.0011468638
            ],
            [
              36.5239494174,
              0.0351592774
            ],
            [
              36.5139831655,
              0.0469199224
            ],
            [
              36.474247051,
              0.0676826177
            ],
            [
              36.4669389331,
              0.0913183951
            ],
            [
              36.4370953775,
              0.1166296714
            ],
            [
              36.4369641576,
              0.1510621137
            ],
            [
              36.4219547053,
              0.1702072859
            ],
            [
              36.4208922302,
              0.1702071437
            ],
            [
              36.4208920484,
              0.1715627238
            ],
            [
              36.4170348258,
              0.1764826555
            ],
            [
              36.4176388752,
              0.1785803488
            ],
            [
              36.4125734667,
              0.1785796322
            ],
            [
              36.4125710138,
              0.1953268536
            ],
            [
              36.4208886438,
              0.1953281407
            ],
            [
              36.4208885284,
              0.1960893979
            ],
            [
              36.4186949762,
              0.2118244469
            ],
            [
              36.4125672128,
              0.2187599457
            ],
            [
              36.4125683411,
              0.2120740747
            ],
            [
              36.4042507566,
              0.2120726718
            ],
            [
              36.4042493333,
              0.2204462259
            ],
            [
              36.3959317993,
              0.2204447639
            ],
            [
              36.3959298532,
              0.2313703502
            ],
            [
              36.3870457816,
              0.2354064584
            ],
            [
              36.3789118378,
              0.2455619115
            ],
            [
              36.3709748705,
              0.2455603414
            ],
            [
              36.3709732058,
              0.2539336717
            ],
            [
              36.3626558731,
              0.2539319649
            ],
            [
              36.3626541471,
              0.2623052406
            ],
            [
              36.3543368669,
              0.2623034721
            ],
            [
              36.3543361743,
              0.2655789498
            ],
            [
              36.3328183933,
              0.2715326154
            ],
            [
              36.3293817505,
              0.2788011338
            ]
          ],
          [
            [
              36.2545464819,
              0.2455558101
            ],
            [
              36.254548162,
              0.2371832502
            ],
            [
              36.2628647733,
              0.2371849098
            ],
            [
              36.2628663902,
              0.2288122921
            ],
            [
              36.2379167443,
              0.2288074738
            ],
            [
              36.2379134225,
              0.2455523573
            ],
            [
              36.2545464819,
              0.2455558101
            ]
          ],
          [
            [
              36.2129548596,
              0.2874084594
            ],
            [
              36.2046385676,
              0.2874064118
            ],
            [
              36.204636501,
              0.2957786157
            ],
            [
              36.2129528001,
              0.2957807229
            ],
            [
              36.2129548596,
              0.2874084594
            ]
          ]
        ]
      },
      "properties": {
        "country": "Kenya",
        "country_code": "KEN",
        "species_name": "Eucalyptus_nitens",
        "genus": "Eucalyptus",
        "species": "nitens",
        "suitability_name": "Moderately suitable",
        "suitability_rank": 2,
        "soil_suitability": "S1",
        "soil_type": "R3",
        "soil_description": null,
        "site_class": "6-III-R3",
        "maz": "III",
        "maz_zone": "Semi-humid",
        "tz": null,
        "frost_risk": "Rare",
        "source_layer": "KCFP_SSMT_Kenya"
      }
    },
    {
      "type": "Feature",
      "geometry": {
        "type": "Polygon",
        "coordinates": [
          [
            [
              36.3213497536,
              0.2957883744
            ],
            [
              36.3210605767,
              0.2963999551
            ],
            [
              36.3210607245,
              0.2957883032
            ],
            [
              36.3213497536,
              0.2957883744
            ]
          ]
        ]
      },
      "properties": {
        "country": "Kenya",
        "country_code": "KEN",
        "species_name": "Eucalyptus_nitens",
        "genus": "Eucalyptus",
        "species": "nitens",
        "suitability_name": "Moderately suitable",
        "suitability_rank": 2,
        "soil_suitability": "S1",
        "soil_type": "R3",
        "soil_description": null,
        "site_class": "6-III-R3",
        "maz": "III",
        "maz_zone": "Semi-humid",
        "tz": null,
        "frost_risk": "Rare",
        "source_layer": "KCFP_SSMT_Kenya"
      }
    },
    {
      "type": "Feature",
      "geometry": {
        "type": "Polygon",
        "coordinates": [
          [
            [
              36.2878295543,
              0.1439126146
            ],
            [
              36.2878283882,
              0.1534619239
            ],
            [
              36.2819505636,
              0.1534611723
            ],
            [
              36.2871167292,
              0.1450703848
            ],
            [
              36.2878202625,
              0.1450704688
            ],
            [
              36.2878203981,
              0.1439274867
            ],
            [
              36.2878295543,
              0.1439126146
            ]
          ]
        ]
      },
      "properties": {
        "country": "Kenya",
        "country_code": "KEN",
        "species_name": "Eucalyptus_nitens",
        "genus": "Eucalyptus",
        "species": "nitens",
        "suitability_name": "Moderately suitable",
        "suitability_rank": 2,
        "soil_suitability": "S1",
        "soil_type": "R3",
        "soil_description": null,
        "site_class": "6-III-R3",
        "maz": "III",
        "maz_zone": "Semi-humid",
        "tz": null,
        "frost_risk": "Rare",
        "source_layer": "KCFP_SSMT_Kenya"
      }
    },
    {
      "type": "Feature",
      "geometry": {
        "type": "Polygon",
        "coordinates": [
          [
            [
              36.3044548136,
              0.1367182225
            ],
            [
              36.3044538538,
              0.1450724712
            ],
            [
              36.2961462171,
              0.1450714736
            ],
            [
              36.2961471799,
              0.1367172814
            ],
            [
              36.3044548136,
              0.1367182225
            ]
          ]
        ]
      },
      "properties": {
        "country": "Kenya",
        "country_code": "KEN",
        "species_name": "Eucalyptus_nitens",
        "genus": "Eucalyptus",
        "species": "nitens",
        "suitability_name": "Moderately suitable",
        "suitability_rank": 2,
        "soil_suitability": "S1",
        "soil_type": "R3",
        "soil_description": null,
        "site_class": "6-III-R3",
        "maz": "III",
        "maz_zone": "Semi-humid",
        "tz": null,
        "frost_risk": "Rare",
        "source_layer": "KCFP_SSMT_Kenya"
      }
    },
    {
      "type": "Feature",
      "geometry": {
        "type": "Polygon",
        "coordinates": [
          [
            [
              36.2212702426,
              -0.2913898814
            ],
            [
              36.2212705152,
              -0.2902798804
            ],
            [
              36.212954161,
              -0.2902778185
            ],
            [
              36.2129581449,
              -0.2735332911
            ],
            [
              36.2046418618,
              -0.2735313433
            ],
            [
              36.2046474104,
              -0.2484147311
            ],
            [
              36.1963312031,
              -0.2484129561
            ],
            [
              36.1963329391,
              -0.2400408113
            ],
            [
              36.1880167963,
              -0.240039091
            ],
            [
              36.1880184778,
              -0.2316670061
            ],
            [
              36.1797024006,
              -0.2316653409
            ],
            [
              36.1796952892,
              -0.2232933143
            ],
            [
              36.1796936583,
              -0.2316825469
            ],
            [
              36.188009704,
              -0.2316842122
            ],
            [
              36.1880062821,
              -0.2484283168
            ],
            [
              36.1963223967,
              -0.2484300972
            ],
            [
              36.196320601,
              -0.2568022092
            ],
            [
              36.2046367813,
              -0.2568040442
            ],
            [
              36.2046310552,
              -0.2819205601
            ],
            [
              36.212947311,
              -0.2819225677
            ],
            [
              36.212944483,
              -0.2935674449
            ],
            [
              36.2172879681,
              -0.2928973082
            ],
            [
              36.2212702426,
              -0.2913898814
            ]
          ]
        ]
      },
      "properties": {
        "country": "Kenya",
        "country_code": "KEN",
        "species_name": "Eucalyptus_nitens",
        "genus": "Eucalyptus",
        "species": "nitens",
        "suitability_name": "Moderately suitable",
        "suitability_rank": 2,
        "soil_suitability": "S1",
        "soil_type": "R3",
        "soil_description": null,
        "site_class": "6-III-R3",
        "maz": "III",
        "maz_zone": "Semi-humid",
        "tz": null,
        "frost_risk": "Rare",
        "source_layer": "KCFP_SSMT_Kenya"
      }
    },
    {
      "type": "Feature",
      "geometry": {
        "type": "Polygon",
        "coordinates": [
          [
            [
              35.4445778544,
              0.2660432741
            ],
            [
              35.4418071993,
              0.2841427971
            ],
            [
              35.4236957562,
              0.3086346427
            ],
            [
              35.4147355008,
              0.297660496
            ],
            [
              35.4065663329,
              0.3014770011
            ],
            [
              35.4065709199,
              0.2871623743
            ],
            [
              35.3982612325,
              0.2871597373
            ],
            [
              35.3982623983,
              0.2834181962
            ],
            [
              35.4220835335,
              0.2632770735
            ],
            [
              35.4418924358,
              0.2633213997
            ],
            [
              35.4445778544,
              0.2660432741
            ]
          ]
        ]
      },
      "properties": {
        "country": "Kenya",
        "country_code": "KEN",
        "species_name": "Eucalyptus_nitens",
        "genus": "Eucalyptus",
        "species": "nitens",
        "suitability_name": "Moderately suitable",
        "suitability_rank": 2,
        "soil_suitability": "S3",
        "soil_type": "L24",
        "soil_description": null,
        "site_class": "6-II-L24",
        "maz": "II",
        "maz_zone": "Sub-humid",
        "tz": null,
        "frost_risk": "Rare",
        "source_layer": "KCFP_SSMT_Kenya"
      }
    },
    {
      "type": "Feature",
      "geometry": {
        "type": "Polygon",
        "coordinates": [
          [
            [
              35.3635896548,
              0.2369573327
            ],
            [
              35.3682012044,
              0.230568642
            ],
            [
              35.3726857182,
              0.2323889752
            ],
            [
              35.3764466761,
              0.2369607279
            ],
            [
              35.3635896548,
              0.2369573327
            ]
          ]
        ]
      },
      "properties": {
        "country": "Kenya",
        "country_code": "KEN",
        "species_name": "Eucalyptus_nitens",
        "genus": "Eucalyptus",
        "species": "nitens",
        "suitability_name": "Moderately suitable",
        "suitability_rank": 2,
        "soil_suitability": "S3",
        "soil_type": "L24",
        "soil_description": null,
        "site_class": "6-II-L24",
        "maz": "II",
        "maz_zone": "Sub-humid",
        "tz": null,
        "frost_risk": "Rare",
        "source_layer": "KCFP_SSMT_Kenya"
      }
    },
    {
      "type": "Feature",
      "geometry": {
        "type": "Polygon",
        "coordinates": [
          [
            [
              36.5290346374,
              -0.0801389061
            ],
            [
              36.529035495,
              -0.0642609092
            ],
            [
              36.5262864834,
              -0.0642607752
            ],
            [
              36.5289122678,
              -0.0798714366
            ],
            [
              36.5290346374,
              -0.0801389061
            ]
          ]
        ]
      },
      "properties": {
        "country": "Kenya",
        "country_code": "KEN",
        "species_name": "Eucalyptus_nitens",
        "genus": "Eucalyptus",
        "species": "nitens",
        "suitability_name": "Moderately suitable",
        "suitability_rank": 2,
        "soil_suitability": "S3",
        "soil_type": "R6",
        "soil_description": null,
        "site_class": "7-II-R6",
        "maz": "II",
        "maz_zone": "Sub-humid",
        "tz": null,
        "frost_risk": "Occasional",
        "source_layer": "KCFP_SSMT_Kenya"
      }
    },
    {
      "type": "Feature",
      "geometry": {
        "type": "Polygon",
        "coordinates": [
          [
            [
              36.570624376,
              -0.1148697803
            ],
            [
              36.5706244063,
              -0.1145107001
            ],
            [
              36.5623058482,
              -0.1145099887
            ],
            [
              36.5623071602,
              -0.0977608325
            ],
            [
              36.5539886583,
              -0.0977602232
            ],
            [
              36.5539892386,
              -0.0893856972
            ],
            [
              36.5373523947,
              -0.0893845763
            ],
            [
              36.5373529267,
              -0.0810101561
            ],
            [
              36.5294330205,
              -0.0810096705
            ],
            [
              36.5361115493,
              -0.0956074792
            ],
            [
              36.537843204,
              -0.0990568306
            ],
            [
              36.5552347894,
              -0.1088747173
            ],
            [
              36.5607788421,
              -0.1156971909
            ],
            [
              36.570624376,
              -0.1148697803
            ]
          ]
        ]
      },
      "properties": {
        "country": "Kenya",
        "country_code": "KEN",
        "species_name": "Eucalyptus_nitens",
        "genus": "Eucalyptus",
        "species": "nitens",
        "suitability_name": "Moderately suitable",
        "suitability_rank": 2,
        "soil_suitability": "S3",
        "soil_type": "R6",
        "soil_description": null,
        "site_class": "7-II-R6",
        "maz": "II",
        "maz_zone": "Sub-humid",
        "tz": null,
        "frost_risk": "Occasional",
        "source_layer": "KCFP_SSMT_Kenya"
      }
    },
    {
      "type": "Feature",
      "geometry": {
        "type": "Polygon",
        "coordinates": [
          [
            [
              36.5706346216,
              -0.1148689188
            ],
            [
              36.5706346542,
              -0.1144930367
            ],
            [
              36.5623160637,
              -0.1144923246
            ],
            [
              36.5623179537,
              -0.0893684942
            ],
            [
              36.5539994223,
              -0.0893679362
            ],
            [
              36.5539999497,
              -0.0809933776
            ],
            [
              36.5373630446,
              -0.0809923637
            ],
            [
              36.5373635251,
              -0.0726179099
            ],
            [
              36.5290451534,
              -0.0726174527
            ],
            [
              36.5290455812,
              -0.0642430516
            ],
            [
              36.5262834792,
              -0.0642429179
            ],
            [
              36.5262864834,
              -0.0642607752
            ],
            [
              36.529035495,
              -0.0642609092
            ],
            [
              36.5290346374,
              -0.0801389061
            ],
            [
              36.5294330205,
              -0.0810096705
            ],
            [
              36.5373529267,
              -0.0810101561
            ],
            [
              36.5373523947,
              -0.0893845763
            ],
            [
              36.5539892386,
              -0.0893856972
            ],
            [
              36.5539886583,
              -0.0977602232
            ],
            [
              36.5623071602,
              -0.0977608325
            ],
            [
              36.5623058482,
              -0.1145099887
            ],
            [
              36.5706244063,
              -0.1145107001
            ],
            [
              36.570624376,
              -0.1148697803
            ],
            [
              36.5706346216,
              -0.1148689188
            ]
          ]
        ]
      },
      "properties": {
        "country": "Kenya",
        "country_code": "KEN",
        "species_name": "Eucalyptus_nitens",
        "genus": "Eucalyptus",
        "species": "nitens",
        "suitability_name": "Moderately suitable",
        "suitability_rank": 2,
        "soil_suitability": "S3",
        "soil_type": "R6",
        "soil_description": null,
        "site_class": "6-II-R6",
        "maz": "II",
        "maz_zone": "Sub-humid",
        "tz": null,
        "frost_risk": "Rare",
        "source_layer": "KCFP_SSMT_Kenya"
      }
    },
    {
      "type": "Feature",
      "geometry": {
        "type": "Polygon",
        "coordinates": [
          [
            [
              36.6182119851,
              -0.1338692934
            ],
            [
              36.6177432274,
              -0.1312469255
            ],
            [
              36.6134076432,
              -0.1312465092
            ],
            [
              36.6182119851,
              -0.1338692934
            ]
          ]
        ]
      },
      "properties": {
        "country": "Kenya",
        "country_code": "KEN",
        "species_name": "Eucalyptus_nitens",
        "genus": "Eucalyptus",
        "species": "nitens",
        "suitability_name": "Moderately suitable",
        "suitability_rank": 2,
        "soil_suitability": "S3",
        "soil_type": "R6",
        "soil_description": null,
        "site_class": "6-II-R6",
        "maz": "II",
        "maz_zone": "Sub-humid",
        "tz": null,
        "frost_risk": "Rare",
        "source_layer": "KCFP_SSMT_Kenya"
      }
    },
    {
      "type": "Feature",
      "geometry": {
        "type": "Polygon",
        "coordinates": [
          [
            [
              37.3111634101,
              0.086539343
            ],
            [
              37.3111765107,
              0.0865393445
            ],
            [
              37.3111761239,
              0.0948994461
            ],
            [
              37.3111630216,
              0.0948994455
            ],
            [
              37.3111634101,
              0.086539343
            ]
          ]
        ]
      },
      "properties": {
        "country": "Kenya",
        "country_code": "KEN",
        "species_name": "Eucalyptus_nitens",
        "genus": "Eucalyptus",
        "species": "nitens",
        "suitability_name": "Moderately suitable",
        "suitability_rank": 2,
        "soil_suitability": "S2",
        "soil_type": "R11",
        "soil_description": null,
        "site_class": "7-III-R11",
        "maz": "III",
        "maz_zone": "Semi-humid",
        "tz": null,
        "frost_risk": "Occasional",
        "source_layer": "KCFP_SSMT_Kenya"
      }
    },
    {
      "type": "Feature",
      "geometry": {
        "type": "Polygon",
        "coordinates": [
          [
            [
              37.3028413121,
              0.0781604244
            ],
            [
              37.3028543829,
              0.078160425
            ],
            [
              37.3028540284,
              0.0865205239
            ],
            [
              37.3028409594,
              0.0865205224
            ],
            [
              37.3028413121,
              0.0781604244
            ]
          ]
        ]
      },
      "properties": {
        "country": "Kenya",
        "country_code": "KEN",
        "species_name": "Eucalyptus_nitens",
        "genus": "Eucalyptus",
        "species": "nitens",
        "suitability_name": "Moderately suitable",
        "suitability_rank": 2,
        "soil_suitability": "S2",
        "soil_type": "R11",
        "soil_description": null,
        "site_class": "7-III-R11",
        "maz": "III",
        "maz_zone": "Semi-humid",
        "tz": null,
        "frost_risk": "Occasional",
        "source_layer": "KCFP_SSMT_Kenya"
      }
    },
    {
      "type": "Feature",
      "geometry": {
        "type": "Polygon",
        "coordinates": [
          [
            [
              37.2945192182,
              0.0697815758
            ],
            [
              37.2945322558,
              0.0697815763
            ],
            [
              37.2945319366,
              0.0781416706
            ],
            [
              37.2945189,
              0.078141671
            ],
            [
              37.2945192182,
              0.0697815758
            ]
          ]
        ]
      },
      "properties": {
        "country": "Kenya",
        "country_code": "KEN",
        "species_name": "Eucalyptus_nitens",
        "genus": "Eucalyptus",
        "species": "nitens",
        "suitability_name": "Moderately suitable",
        "suitability_rank": 2,
        "soil_suitability": "S2",
        "soil_type": "R11",
        "soil_description": null,
        "site_class": "7-III-R11",
        "maz": "III",
        "maz_zone": "Semi-humid",
        "tz": null,
        "frost_risk": "Occasional",
        "source_layer": "KCFP_SSMT_Kenya"
      }
    },
    {
      "type": "Feature",
      "geometry": {
        "type": "Polygon",
        "coordinates": [
          [
            [
              37.2695529529,
              0.0446454618
            ],
            [
              37.2695658951,
              0.0446454621
            ],
            [
              37.2695656813,
              0.0530055442
            ],
            [
              37.2695527391,
              0.0530055429
            ],
            [
              37.2695529529,
              0.0446454618
            ]
          ]
        ]
      },
      "properties": {
        "country": "Kenya",
        "country_code": "KEN",
        "species_name": "Eucalyptus_nitens",
        "genus": "Eucalyptus",
        "species": "nitens",
        "suitability_name": "Moderately suitable",
        "suitability_rank": 2,
        "soil_suitability": "S2",
        "soil_type": "R11",
        "soil_description": null,
        "site_class": "7-III-R11",
        "maz": "III",
        "maz_zone": "Semi-humid",
        "tz": null,
        "frost_risk": "Occasional",
        "source_layer": "KCFP_SSMT_Kenya"
      }
    },
    {
      "type": "Feature",
      "geometry": {
        "type": "Polygon",
        "coordinates": [
          [
            [
              37.3111761239,
              0.0948994461
            ],
            [
              37.3194986439,
              0.0949183336
            ],
            [
              37.3194982215,
              0.1032969513
            ],
            [
              37.3444660066,
              0.10329827
            ],
            [
              37.3444655544,
              0.1116769947
            ],
            [
              37.3527882223,
              0.1116774656
            ],
            [
              37.3527877392,
              0.1200562255
            ],
            [
              37.3611104427,
              0.1200567301
            ],
            [
              37.3611099273,
              0.1284355242
            ],
            [
              37.3694326691,
              0.1284360602
            ],
            [
              37.3694315386,
              0.1451937192
            ],
            [
              37.3527860763,
              0.1451925051
            ],
            [
              37.3527854523,
              0.1535712639
            ],
            [
              37.3361401237,
              0.1535699658
            ],
            [
              37.3361394581,
              0.1619486537
            ],
            [
              37.3278168452,
              0.161947965
            ],
            [
              37.327816321,
              0.1682117034
            ],
            [
              37.3186392611,
              0.1664623117
            ],
            [
              37.3133143131,
              0.1464148667
            ],
            [
              37.3215292423,
              0.1219521712
            ],
            [
              37.3197724906,
              0.1092557082
            ],
            [
              37.2865120266,
              0.0801772848
            ],
            [
              37.2603949201,
              0.0736885125
            ],
            [
              37.2442065316,
              0.0627771926
            ],
            [
              37.2369941139,
              0.0600431393
            ],
            [
              37.2442372588,
              0.055524429
            ],
            [
              37.2566002492,
              0.0446451536
            ],
            [
              37.2695529529,
              0.0446454618
            ],
            [
              37.2695527391,
              0.0530055429
            ],
            [
              37.2695656813,
              0.0530055442
            ],
            [
              37.2695654297,
              0.0614022601
            ],
            [
              37.2778877628,
              0.0614025298
            ],
            [
              37.2778874764,
              0.0697809657
            ],
            [
              37.2945192182,
              0.0697815758
            ],
            [
              37.2945189,
              0.078141671
            ],
            [
              37.2945319366,
              0.0781416706
            ],
            [
              37.2945319359,
              0.0781600855
            ],
            [
              37.3028413121,
              0.0781604244
            ],
            [
              37.3028409594,
              0.0865205224
            ],
            [
              37.3028540284,
              0.0865205239
            ],
            [
              37.3028540276,
              0.0865389705
            ],
            [
              37.3111634101,
              0.086539343
            ],
            [
              37.3111630216,
              0.0948994455
            ],
            [
              37.3111761239,
              0.0948994461
            ]
          ]
        ]
      },
      "properties": {
        "country": "Kenya",
        "country_code": "KEN",
        "species_name": "Eucalyptus_nitens",
        "genus": "Eucalyptus",
        "species": "nitens",
        "suitability_name": "Moderately suitable",
        "suitability_rank": 2,
        "soil_suitability": "S2",
        "soil_type": "R11",
        "soil_description": null,
        "site_class": "6-III-R11",
        "maz": "III",
        "maz_zone": "Semi-humid",
        "tz": null,
        "frost_risk": "Rare",
        "source_layer": "KCFP_SSMT_Kenya"
      }
    },
    {
      "type": "Feature",
      "geometry": {
        "type": "Polygon",
        "coordinates": [
          [
            [
              36.7462078755,
              -0.1731375118
            ],
            [
              36.7475154303,
              -0.1705718854
            ],
            [
              36.7443259831,
              -0.1731372864
            ],
            [
              36.7462078755,
              -0.1731375118
            ]
          ]
        ]
      },
      "properties": {
        "country": "Kenya",
        "country_code": "KEN",
        "species_name": "Eucalyptus_nitens",
        "genus": "Eucalyptus",
        "species": "nitens",
        "suitability_name": "Moderately suitable",
        "suitability_rank": 2,
        "soil_suitability": "S1",
        "soil_type": "R2",
        "soil_description": null,
        "site_class": "6-III-R2",
        "maz": "III",
        "maz_zone": "Semi-humid",
        "tz": null,
        "frost_risk": "Rare",
        "source_layer": "KCFP_SSMT_Kenya"
      }
    },
    {
      "type": "Feature",
      "geometry": {
        "type": "Polygon",
        "coordinates": [
          [
            [
              36.7702871915,
              -0.1971939089
            ],
            [
              36.7725696372,
              -0.1881182072
            ],
            [
              36.7692492163,
              -0.1898919587
            ],
            [
              36.7702881455,
              -0.1898920937
            ],
            [
              36.7702871915,
              -0.1971939089
            ]
          ]
        ]
      },
      "properties": {
        "country": "Kenya",
        "country_code": "KEN",
        "species_name": "Eucalyptus_nitens",
        "genus": "Eucalyptus",
        "species": "nitens",
        "suitability_name": "Moderately suitable",
        "suitability_rank": 2,
        "soil_suitability": "S1",
        "soil_type": "R2",
        "soil_description": null,
        "site_class": "6-III-R2",
        "maz": "III",
        "maz_zone": "Semi-humid",
        "tz": null,
        "frost_risk": "Rare",
        "source_layer": "KCFP_SSMT_Kenya"
      }
    },
    {
      "type": "Feature",
      "geometry": {
        "type": "Polygon",
        "coordinates": [
          [
            [
              36.7564970082,
              -0.1891081334
            ],
            [
              36.7536487837,
              -0.1882700418
            ],
            [
              36.7536485763,
              -0.1898899249
            ],
            [
              36.7559174039,
              -0.1898902217
            ],
            [
              36.7564970082,
              -0.1891081334
            ]
          ]
        ]
      },
      "properties": {
        "country": "Kenya",
        "country_code": "KEN",
        "species_name": "Eucalyptus_nitens",
        "genus": "Eucalyptus",
        "species": "nitens",
        "suitability_name": "Moderately suitable",
        "suitability_rank": 2,
        "soil_suitability": "S1",
        "soil_type": "R2",
        "soil_description": null,
        "site_class": "6-III-R2",
        "maz": "III",
        "maz_zone": "Semi-humid",
        "tz": null,
        "frost_risk": "Rare",
        "source_layer": "KCFP_SSMT_Kenya"
      }
    },
    {
      "type": "Feature",
      "geometry": {
        "type": "Polygon",
        "coordinates": [
          [
            [
              35.7928435291,
              -0.2148616553
            ],
            [
              35.7972267477,
              -0.2148453161
            ],
            [
              35.7928359158,
              -0.214844388
            ],
            [
              35.7928435291,
              -0.2148616553
            ]
          ]
        ]
      },
      "properties": {
        "country": "Kenya",
        "country_code": "KEN",
        "species_name": "Eucalyptus_nitens",
        "genus": "Eucalyptus",
        "species": "nitens",
        "suitability_name": "Moderately suitable",
        "suitability_rank": 2,
        "soil_suitability": "S1",
        "soil_type": "Pv9",
        "soil_description": null,
        "site_class": "6-III-Pv9",
        "maz": "III",
        "maz_zone": "Semi-humid",
        "tz": null,
        "frost_risk": "Rare",
        "source_layer": "KCFP_SSMT_Kenya"
      }
    },
    {
      "type": "Feature",
      "geometry": {
        "type": "Polygon",
        "coordinates": [
          [
            [
              35.8387824469,
              -0.2608713496
            ],
            [
              35.838783476,
              -0.2567181686
            ],
            [
              35.8337391013,
              -0.2567169109
            ],
            [
              35.8368881663,
              -0.2596122584
            ],
            [
              35.8387824469,
              -0.2608713496
            ]
          ]
        ]
      },
      "properties": {
        "country": "Kenya",
        "country_code": "KEN",
        "species_name": "Eucalyptus_nitens",
        "genus": "Eucalyptus",
        "species": "nitens",
        "suitability_name": "Moderately suitable",
        "suitability_rank": 2,
        "soil_suitability": "S1",
        "soil_type": "Pv9",
        "soil_description": null,
        "site_class": "6-III-Pv9",
        "maz": "III",
        "maz_zone": "Semi-humid",
        "tz": null,
        "frost_risk": "Rare",
        "source_layer": "KCFP_SSMT_Kenya"
      }
    },
    {
      "type": "Feature",
      "geometry": {
        "type": "Polygon",
        "coordinates": [
          [
            [
              35.8470945206,
              -0.266396253
            ],
            [
              35.8470948522,
              -0.2650896765
            ],
            [
              35.8451280585,
              -0.2650891717
            ],
            [
              35.8470945206,
              -0.266396253
            ]
          ]
        ]
      },
      "properties": {
        "country": "Kenya",
        "country_code": "KEN",
        "species_name": "Eucalyptus_nitens",
        "genus": "Eucalyptus",
        "species": "nitens",
        "suitability_name": "Moderately suitable",
        "suitability_rank": 2,
        "soil_suitability": "S1",
        "soil_type": "Pv9",
        "soil_description": null,
        "site_class": "6-III-Pv9",
        "maz": "III",
        "maz_zone": "Semi-humid",
        "tz": null,
        "frost_risk": "Rare",
        "source_layer": "KCFP_SSMT_Kenya"
      }
    },
    {
      "type": "Feature",
      "geometry": {
        "type": "Polygon",
        "coordinates": [
          [
            [
              37.2100418512,
              0.0111315099
            ],
            [
              37.2196331883,
              0.0111315683
            ],
            [
              37.2196331552,
              0.0157030078
            ],
            [
              37.2110365796,
              0.0119427612
            ],
            [
              37.2100418512,
              0.0111315099
            ]
          ]
        ]
      },
      "properties": {
        "country": "Kenya",
        "country_code": "KEN",
        "species_name": "Eucalyptus_nitens",
        "genus": "Eucalyptus",
        "species": "nitens",
        "suitability_name": "Moderately suitable",
        "suitability_rank": 2,
        "soil_suitability": "S2",
        "soil_type": "R5",
        "soil_description": null,
        "site_class": "6-III-R5",
        "maz": "III",
        "maz_zone": "Semi-humid",
        "tz": null,
        "frost_risk": "Rare",
        "source_layer": "KCFP_SSMT_Kenya"
      }
    },
    {
      "type": "Feature",
      "geometry": {
        "type": "Polygon",
        "coordinates": [
          [
            [
              35.8886570795,
              -0.3153020347
            ],
            [
              35.8886545595,
              -0.3236718394
            ],
            [
              35.8969685018,
              -0.323674407
            ],
            [
              35.8969710151,
              -0.315304535
            ],
            [
              35.8886570795,
              -0.3153020347
            ]
          ]
        ]
      },
      "properties": {
        "country": "Kenya",
        "country_code": "KEN",
        "species_name": "Eucalyptus_nitens",
        "genus": "Eucalyptus",
        "species": "nitens",
        "suitability_name": "Moderately suitable",
        "suitability_rank": 2,
        "soil_suitability": "S1",
        "soil_type": "Um4",
        "soil_description": null,
        "site_class": "6-III-Um4",
        "maz": "III",
        "maz_zone": "Semi-humid",
        "tz": null,
        "frost_risk": "Rare",
        "source_layer": "KCFP_SSMT_Kenya"
      }
    },
    {
      "type": "Feature",
      "geometry": {
        "type": "Polygon",
        "coordinates": [
          [
            [
              35.7928435291,
              -0.2148616553
            ],
            [
              35.7928359158,
              -0.214844388
            ],
            [
              35.7889209425,
              -0.214860825
            ],
            [
              35.7928435291,
              -0.2148616553
            ]
          ]
        ]
      },
      "properties": {
        "country": "Kenya",
        "country_code": "KEN",
        "species_name": "Eucalyptus_nitens",
        "genus": "Eucalyptus",
        "species": "nitens",
        "suitability_name": "Moderately suitable",
        "suitability_rank": 2,
        "soil_suitability": "S1",
        "soil_type": "Um4",
        "soil_description": null,
        "site_class": "6-III-Um4",
        "maz": "III",
        "maz_zone": "Semi-humid",
        "tz": null,
        "frost_risk": "Rare",
        "source_layer": "KCFP_SSMT_Kenya"
      }
    },
    {
      "type": "Feature",
      "geometry": {
        "type": "Polygon",
        "coordinates": [
          [
            [
              35.8387824469,
              -0.2608713496
            ],
            [
              35.8368881663,
              -0.2596122584
            ],
            [
              35.8337391013,
              -0.2567169109
            ],
            [
              35.8304774726,
              -0.2567160966
            ],
            [
              35.8304732172,
              -0.273437664
            ],
            [
              35.8387866552,
              -0.273439873
            ],
            [
              35.8387844304,
              -0.2818092783
            ],
            [
              35.8470979421,
              -0.281811548
            ],
            [
              35.8470956553,
              -0.2901810197
            ],
            [
              35.85540924,
              -0.2901833515
            ],
            [
              35.8554068934,
              -0.2985528904
            ],
            [
              35.863720551,
              -0.2985552832
            ],
            [
              35.8637156704,
              -0.3152944936
            ],
            [
              35.8886570795,
              -0.3153020347
            ],
            [
              35.8886595334,
              -0.3069322298
            ],
            [
              35.8803456713,
              -0.3069297884
            ],
            [
              35.8803480656,
              -0.2985600499
            ],
            [
              35.8969758441,
              -0.2985647905
            ],
            [
              35.8969734616,
              -0.3069346628
            ],
            [
              35.9052874574,
              -0.3069370903
            ],
            [
              35.9052850165,
              -0.3153070287
            ],
            [
              35.9135990837,
              -0.3153095157
            ],
            [
              35.9135940176,
              -0.332049524
            ],
            [
              35.9219081638,
              -0.3320521351
            ],
            [
              35.92190554,
              -0.3404222049
            ],
            [
              35.9135913867,
              -0.3404195261
            ],
            [
              35.9135886904,
              -0.3487895298
            ],
            [
              35.9219028509,
              -0.3487922744
            ],
            [
              35.9218972768,
              -0.3655324122
            ],
            [
              35.9302115176,
              -0.3655352789
            ],
            [
              35.930205697,
              -0.3822755482
            ],
            [
              35.9385200195,
              -0.38227854
            ],
            [
              35.9385170201,
              -0.390648739
            ],
            [
              35.9468314139,
              -0.3906517871
            ],
            [
              35.9468252369,
              -0.407392316
            ],
            [
              35.9551397122,
              -0.4073954861
            ],
            [
              35.9551365352,
              -0.4157658158
            ],
            [
              35.9564826046,
              -0.4157663388
            ],
            [
              35.9575077817,
              -0.3983220664
            ],
            [
              35.9658298602,
              -0.3877658508
            ],
            [
              35.9707198662,
              -0.3848958484
            ],
            [
              35.9623002993,
              -0.3729713868
            ],
            [
              35.9547426786,
              -0.3447784146
            ],
            [
              35.9482340965,
              -0.3237069315
            ],
            [
              35.9385313824,
              -0.3237039855
            ],
            [
              35.9385338623,
              -0.3153338169
            ],
            [
              35.9302196316,
              -0.3153313488
            ],
            [
              35.930222053,
              -0.3069612455
            ],
            [
              35.9219078939,
              -0.3069588383
            ],
            [
              35.9219115752,
              -0.2938134699
            ],
            [
              35.9187873607,
              -0.2919609638
            ],
            [
              35.9176353678,
              -0.290217588
            ],
            [
              35.8637153671,
              -0.2902026522
            ],
            [
              35.8637176402,
              -0.2818330796
            ],
            [
              35.8554040281,
              -0.2818308199
            ],
            [
              35.8554062405,
              -0.2734613143
            ],
            [
              35.8470927,
              -0.2734591159
            ],
            [
              35.8470945206,
              -0.266396253
            ],
            [
              35.8451280585,
              -0.2650891717
            ],
            [
              35.8387813852,
              -0.2650875406
            ],
            [
              35.8387824469,
              -0.2608713496
            ]
          ]
        ]
      },
      "properties": {
        "country": "Kenya",
        "country_code": "KEN",
        "species_name": "Eucalyptus_nitens",
        "genus": "Eucalyptus",
        "species": "nitens",
        "suitability_name": "Moderately suitable",
        "suitability_rank": 2,
        "soil_suitability": "S1",
        "soil_type": "Um4",
        "soil_description": null,
        "site_class": "6-III-Um4",
        "maz": "III",
        "maz_zone": "Semi-humid",
        "tz": null,
        "frost_risk": "Rare",
        "source_layer": "KCFP_SSMT_Kenya"
      }
    },
    {
      "type": "Feature",
      "geometry": {
        "type": "Polygon",
        "coordinates": [
          [
            [
              35.9637116004,
              -0.4408803353
            ],
            [
              35.9634413964,
              -0.4403776502
            ],
            [
              35.9634411937,
              -0.4408802242
            ],
            [
              35.9637116004,
              -0.4408803353
            ]
          ]
        ]
      },
      "properties": {
        "country": "Kenya",
        "country_code": "KEN",
        "species_name": "Eucalyptus_nitens",
        "genus": "Eucalyptus",
        "species": "nitens",
        "suitability_name": "Moderately suitable",
        "suitability_rank": 2,
        "soil_suitability": "S1",
        "soil_type": "Um4",
        "soil_description": null,
        "site_class": "6-III-Um4",
        "maz": "III",
        "maz_zone": "Semi-humid",
        "tz": null,
        "frost_risk": "Rare",
        "source_layer": "KCFP_SSMT_Kenya"
      }
    },
    {
      "type": "Feature",
      "geometry": {
        "type": "Polygon",
        "coordinates": [
          [
            [
              35.9985810836,
              -0.4684827439
            ],
            [
              35.9949145476,
              -0.4689231005
            ],
            [
              35.980061877,
              -0.4618658001
            ],
            [
              35.9800491325,
              -0.4911101732
            ],
            [
              35.9883639597,
              -0.4911139532
            ],
            [
              35.9883563324,
              -0.5078551246
            ],
            [
              35.9939150978,
              -0.5078577319
            ],
            [
              35.9936726667,
              -0.5072124586
            ],
            [
              35.9918199231,
              -0.4820525882
            ],
            [
              35.9985810836,
              -0.4684827439
            ]
          ]
        ]
      },
      "properties": {
        "country": "Kenya",
        "country_code": "KEN",
        "species_name": "Eucalyptus_nitens",
        "genus": "Eucalyptus",
        "species": "nitens",
        "suitability_name": "Moderately suitable",
        "suitability_rank": 2,
        "soil_suitability": "S1",
        "soil_type": "Um4",
        "soil_description": null,
        "site_class": "6-III-Um4",
        "maz": "III",
        "maz_zone": "Semi-humid",
        "tz": null,
        "frost_risk": "Rare",
        "source_layer": "KCFP_SSMT_Kenya"
      }
    },
    {
      "type": "Feature",
      "geometry": {
        "type": "Polygon",
        "coordinates": [
          [
            [
              35.9970604935,
              -0.5162298599
            ],
            [
              35.9966678368,
              -0.5151847119
            ],
            [
              35.9966673466,
              -0.5162296728
            ],
            [
              35.9970604935,
              -0.5162298599
            ]
          ]
        ]
      },
      "properties": {
        "country": "Kenya",
        "country_code": "KEN",
        "species_name": "Eucalyptus_nitens",
        "genus": "Eucalyptus",
        "species": "nitens",
        "suitability_name": "Moderately suitable",
        "suitability_rank": 2,
        "soil_suitability": "S1",
        "soil_type": "Um4",
        "soil_description": null,
        "site_class": "6-III-Um4",
        "maz": "III",
        "maz_zone": "Semi-humid",
        "tz": null,
        "frost_risk": "Rare",
        "source_layer": "KCFP_SSMT_Kenya"
      }
    },
    {
      "type": "Feature",
      "geometry": {
        "type": "Polygon",
        "coordinates": [
          [
            [
              37.2668521326,
              0.0356235248
            ],
            [
              37.2661416566,
              0.0362487453
            ],
            [
              37.2529086452,
              0.0362484892
            ],
            [
              37.252908754,
              0.0299791183
            ],
            [
              37.2668521326,
              0.0356235248
            ]
          ]
        ]
      },
      "properties": {
        "country": "Kenya",
        "country_code": "KEN",
        "species_name": "Eucalyptus_nitens",
        "genus": "Eucalyptus",
        "species": "nitens",
        "suitability_name": "Moderately suitable",
        "suitability_rank": 2,
        "soil_suitability": "S3",
        "soil_type": "R6",
        "soil_description": null,
        "site_class": "7-II-R6",
        "maz": "II",
        "maz_zone": "Sub-humid",
        "tz": null,
        "frost_risk": "Occasional",
        "source_layer": "KCFP_SSMT_Kenya"
      }
    },
    {
      "type": "Feature",
      "geometry": {
        "type": "Polygon",
        "coordinates": [
          [
            [
              37.2445866175,
              0.0266102632
            ],
            [
              37.247698863,
              0.0278701183
            ],
            [
              37.2445866002,
              0.0278700716
            ],
            [
              37.2445866175,
              0.0266102632
            ]
          ]
        ]
      },
      "properties": {
        "country": "Kenya",
        "country_code": "KEN",
        "species_name": "Eucalyptus_nitens",
        "genus": "Eucalyptus",
        "species": "nitens",
        "suitability_name": "Moderately suitable",
        "suitability_rank": 2,
        "soil_suitability": "S3",
        "soil_type": "R6",
        "soil_description": null,
        "site_class": "7-II-R6",
        "maz": "II",
        "maz_zone": "Sub-humid",
        "tz": null,
        "frost_risk": "Occasional",
        "source_layer": "KCFP_SSMT_Kenya"
      }
    },
    {
      "type": "Feature",
      "geometry": {
        "type": "Polygon",
        "coordinates": [
          [
            [
              37.2661416566,
              0.0362487453
            ],
            [
              37.2566002492,
              0.0446451536
            ],
            [
              37.252921342,
              0.0446450657
            ],
            [
              37.2529215213,
              0.036266742
            ],
            [
              37.2445993012,
              0.0362665789
            ],
            [
              37.244599444,
              0.0278882917
            ],
            [
              37.2279551182,
              0.0278880415
            ],
            [
              37.2279552247,
              0.0195098306
            ],
            [
              37.2196331191,
              0.0195097412
            ],
            [
              37.2196331552,
              0.0157030078
            ],
            [
              37.2445866175,
              0.0266102632
            ],
            [
              37.2445866002,
              0.0278700716
            ],
            [
              37.247698863,
              0.0278701183
            ],
            [
              37.252908754,
              0.0299791183
            ],
            [
              37.2529086452,
              0.0362484892
            ],
            [
              37.2661416566,
              0.0362487453
            ]
          ]
        ]
      },
      "properties": {
        "country": "Kenya",
        "country_code": "KEN",
        "species_name": "Eucalyptus_nitens",
        "genus": "Eucalyptus",
        "species": "nitens",
        "suitability_name": "Moderately suitable",
        "suitability_rank": 2,
        "soil_suitability": "S3",
        "soil_type": "R6",
        "soil_description": null,
        "site_class": "6-II-R6",
        "maz": "II",
        "maz_zone": "Sub-humid",
        "tz": null,
        "frost_risk": "Rare",
        "source_layer": "KCFP_SSMT_Kenya"
      }
    },
    {
      "type": "Feature",
      "geometry": {
        "type": "Polygon",
        "coordinates": [
          [
            [
              37.072466498,
              -0.1684793823
            ],
            [
              37.0774729343,
              -0.1516723537
            ],
            [
              37.0884675925,
              -0.1249548099
            ],
            [
              37.1128117653,
              -0.0883848644
            ],
            [
              37.1514676391,
              -0.0403548072
            ],
            [
              37.1741872176,
              -0.0181093041
            ],
            [
              37.2100418512,
              0.0111315099
            ],
            [
              37.1946670975,
              0.0111314155
            ],
            [
              37.1946671292,
              0.0027533567
            ],
            [
              37.1780232614,
              0.0027533312
            ],
            [
              37.1780232547,
              -0.005624649
            ],
            [
              37.1697013783,
              -0.0056246237
            ],
            [
              37.1697013328,
              -0.0140025658
            ],
            [
              37.161379495,
              -0.0140025002
            ],
            [
              37.1613794111,
              -0.0223804031
            ],
            [
              37.153057612,
              -0.0223802969
            ],
            [
              37.1530574876,
              -0.0307581604
            ],
            [
              37.1447357272,
              -0.030758015
            ],
            [
              37.1447355628,
              -0.0391358379
            ],
            [
              37.136413841,
              -0.0391356531
            ],
            [
              37.1364140062,
              -0.030757869
            ],
            [
              37.1280923257,
              -0.0307577214
            ],
            [
              37.1280921589,
              -0.0391354664
            ],
            [
              37.1197705174,
              -0.0391352781
            ],
            [
              37.1197703109,
              -0.0475129821
            ],
            [
              37.1114487084,
              -0.0475127544
            ],
            [
              37.1114481731,
              -0.0642680808
            ],
            [
              37.1031266076,
              -0.0642677693
            ],
            [
              37.1031268965,
              -0.0558901471
            ],
            [
              37.0948053734,
              -0.0558898759
            ],
            [
              37.0948050832,
              -0.0642674583
            ],
            [
              37.0864835975,
              -0.0642671442
            ],
            [
              37.0864828934,
              -0.0810222274
            ],
            [
              37.0781614462,
              -0.0810218307
            ],
            [
              37.0781605748,
              -0.0977768309
            ],
            [
              37.0698391647,
              -0.0977763501
            ],
            [
              37.0698386665,
              -0.1061538094
            ],
            [
              37.0615172952,
              -0.1061532852
            ],
            [
              37.0615155445,
              -0.1312855376
            ],
            [
              37.0531942069,
              -0.1312848866
            ],
            [
              37.0531930556,
              -0.1454060161
            ],
            [
              37.0550697423,
              -0.1480398037
            ],
            [
              37.0615141705,
              -0.148040372
            ],
            [
              37.0615134222,
              -0.1564177896
            ],
            [
              37.0610393436,
              -0.1564177455
            ],
            [
              37.0625286994,
              -0.1585079695
            ],
            [
              37.0686762483,
              -0.1634008324
            ],
            [
              37.072466498,
              -0.1684793823
            ]
          ],
          [
            [
              37.0948030239,
              -0.1061553685
            ],
            [
              37.086481531,
              -0.106154851
            ],
            [
              37.0864820258,
              -0.0977773095
            ],
            [
              37.0948035174,
              -0.0977777871
            ],
            [
              37.0948030239,
              -0.1061553685
            ]
          ]
        ]
      },
      "properties": {
        "country": "Kenya",
        "country_code": "KEN",
        "species_name": "Eucalyptus_nitens",
        "genus": "Eucalyptus",
        "species": "nitens",
        "suitability_name": "Moderately suitable",
        "suitability_rank": 2,
        "soil_suitability": "S3",
        "soil_type": "R6",
        "soil_description": null,
        "site_class": "6-II-R6",
        "maz": "II",
        "maz_zone": "Sub-humid",
        "tz": null,
        "frost_risk": "Rare",
        "source_layer": "KCFP_SSMT_Kenya"
      }
    },
    {
      "type": "Feature",
      "geometry": {
        "type": "Polygon",
        "coordinates": [
          [
            [
              37.0614858991,
              -0.2773145747
            ],
            [
              37.0808611898,
              -0.2676100162
            ],
            [
              37.0908338859,
              -0.2533506671
            ],
            [
              37.0903254469,
              -0.2307156455
            ],
            [
              37.098200233,
              -0.2203760201
            ],
            [
              37.0992162991,
              -0.209296379
            ],
            [
              37.0954154479,
              -0.1984249708
            ],
            [
              37.0858487991,
              -0.1909727166
            ],
            [
              37.072842742,
              -0.1848956949
            ],
            [
              37.0709498273,
              -0.175843083
            ],
            [
              37.0618320431,
              -0.1873725455
            ],
            [
              37.0565869539,
              -0.1868473229
            ],
            [
              37.0537269174,
              -0.198174826
            ],
            [
              37.0365461337,
              -0.1892646635
            ],
            [
              37.0365460584,
              -0.1899246203
            ],
            [
              37.0282248227,
              -0.1899236663
            ],
            [
              37.0282108287,
              -0.2066781636
            ],
            [
              37.0282075376,
              -0.2318271299
            ],
            [
              37.0365287642,
              -0.2318282944
            ],
            [
              37.0365251137,
              -0.2569600707
            ],
            [
              37.0448463973,
              -0.256961356
            ],
            [
              37.0448451026,
              -0.2653386564
            ],
            [
              37.0531664333,
              -0.265339978
            ],
            [
              37.0531651027,
              -0.27371732
            ],
            [
              37.0614864804,
              -0.2737186775
            ],
            [
              37.0614858991,
              -0.2773145747
            ]
          ]
        ]
      },
      "properties": {
        "country": "Kenya",
        "country_code": "KEN",
        "species_name": "Eucalyptus_nitens",
        "genus": "Eucalyptus",
        "species": "nitens",
        "suitability_name": "Moderately suitable",
        "suitability_rank": 2,
        "soil_suitability": "S3",
        "soil_type": "L3",
        "soil_description": null,
        "site_class": "6-II-L3",
        "maz": "II",
        "maz_zone": "Sub-humid",
        "tz": null,
        "frost_risk": "Rare",
        "source_layer": "KCFP_SSMT_Kenya"
      }
    },
    {
      "type": "Feature",
      "geometry": {
        "type": "Polygon",
        "coordinates": [
          [
            [
              36.6134076432,
              -0.1312465092
            ],
            [
              36.6034048909,
              -0.1257858447
            ],
            [
              36.5900015723,
              -0.1132413069
            ],
            [
              36.5706346216,
              -0.1148689188
            ],
            [
              36.5706339232,
              -0.1228676984
            ],
            [
              36.5789525669,
              -0.1228684591
            ],
            [
              36.5789517869,
              -0.1312431735
            ],
            [
              36.5872704856,
              -0.1312439832
            ],
            [
              36.5872696571,
              -0.1396187484
            ],
            [
              36.6122260675,
              -0.1396213156
            ],
            [
              36.6122268875,
              -0.1312463956
            ],
            [
              36.6134076432,
              -0.1312465092
            ]
          ]
        ]
      },
      "properties": {
        "country": "Kenya",
        "country_code": "KEN",
        "species_name": "Eucalyptus_nitens",
        "genus": "Eucalyptus",
        "species": "nitens",
        "suitability_name": "Moderately suitable",
        "suitability_rank": 2,
        "soil_suitability": "S1",
        "soil_type": "R2",
        "soil_description": null,
        "site_class": "6-III-R2",
        "maz": "III",
        "maz_zone": "Semi-humid",
        "tz": null,
        "frost_risk": "Rare",
        "source_layer": "KCFP_SSMT_Kenya"
      }
    },
    {
      "type": "Feature",
      "geometry": {
        "type": "Polygon",
        "coordinates": [
          [
            [
              35.9219115752,
              -0.2938134699
            ],
            [
              35.9219125539,
              -0.2902187617
            ],
            [
              35.9176353678,
              -0.290217588
            ],
            [
              35.9187873607,
              -0.2919609638
            ],
            [
              35.9219115752,
              -0.2938134699
            ]
          ]
        ]
      },
      "properties": {
        "country": "Kenya",
        "country_code": "KEN",
        "species_name": "Eucalyptus_nitens",
        "genus": "Eucalyptus",
        "species": "nitens",
        "suitability_name": "Moderately suitable",
        "suitability_rank": 2,
        "soil_suitability": "S2",
        "soil_type": "Pv8",
        "soil_description": null,
        "site_class": "6-III-Pv8",
        "maz": "III",
        "maz_zone": "Semi-humid",
        "tz": null,
        "frost_risk": "Rare",
        "source_layer": "KCFP_SSMT_Kenya"
      }
    },
    {
      "type": "Feature",
      "geometry": {
        "type": "Polygon",
        "coordinates": [
          [
            [
              35.9751296052,
              -0.382308237
            ],
            [
              35.9717700096,
              -0.3823070447
            ],
            [
              35.9717729124,
              -0.3739366171
            ],
            [
              35.9634583713,
              -0.3739337222
            ],
            [
              35.9634719596,
              -0.3320819053
            ],
            [
              35.9551575209,
              -0.3320793283
            ],
            [
              35.955160052,
              -0.3237090303
            ],
            [
              35.9482340965,
              -0.3237069315
            ],
            [
              35.9547426786,
              -0.3447784146
            ],
            [
              35.9623002993,
              -0.3729713868
            ],
            [
              35.9707198662,
              -0.3848958484
            ],
            [
              35.9751296052,
              -0.382308237
            ]
          ]
        ]
      },
      "properties": {
        "country": "Kenya",
        "country_code": "KEN",
        "species_name": "Eucalyptus_nitens",
        "genus": "Eucalyptus",
        "species": "nitens",
        "suitability_name": "Moderately suitable",
        "suitability_rank": 2,
        "soil_suitability": "S2",
        "soil_type": "Pv8",
        "soil_description": null,
        "site_class": "6-III-Pv8",
        "maz": "III",
        "maz_zone": "Semi-humid",
        "tz": null,
        "frost_risk": "Rare",
        "source_layer": "KCFP_SSMT_Kenya"
      }
    },
    {
      "type": "Feature",
      "geometry": {
        "type": "Polygon",
        "coordinates": [
          [
            [
              36.3709582676,
              -0.3193936499
            ],
            [
              36.3693536088,
              -0.316458474
            ],
            [
              36.3677933231,
              -0.3154352226
            ],
            [
              36.3549534055,
              -0.3154319429
            ],
            [
              36.3553774939,
              -0.3238053091
            ],
            [
              36.3626491944,
              -0.3238240727
            ],
            [
              36.3709571318,
              -0.3238262467
            ],
            [
              36.3709582676,
              -0.3193936499
            ]
          ]
        ]
      },
      "properties": {
        "country": "Kenya",
        "country_code": "KEN",
        "species_name": "Eucalyptus_nitens",
        "genus": "Eucalyptus",
        "species": "nitens",
        "suitability_name": "Moderately suitable",
        "suitability_rank": 2,
        "soil_suitability": "S2",
        "soil_type": "L20",
        "soil_description": null,
        "site_class": "7-III-L20",
        "maz": "III",
        "maz_zone": "Semi-humid",
        "tz": null,
        "frost_risk": "Occasional",
        "source_layer": "KCFP_SSMT_Kenya"
      }
    },
    {
      "type": "Feature",
      "geometry": {
        "type": "Polygon",
        "coordinates": [
          [
            [
              36.3543273789,
              -0.3405683246
            ],
            [
              36.3626353076,
              -0.3405706174
            ],
            [
              36.3626353113,
              -0.3405538254
            ],
            [
              36.3543273835,
              -0.3405515328
            ],
            [
              36.3543273789,
              -0.3405683246
            ]
          ]
        ]
      },
      "properties": {
        "country": "Kenya",
        "country_code": "KEN",
        "species_name": "Eucalyptus_nitens",
        "genus": "Eucalyptus",
        "species": "nitens",
        "suitability_name": "Moderately suitable",
        "suitability_rank": 2,
        "soil_suitability": "S2",
        "soil_type": "L20",
        "soil_description": null,
        "site_class": "7-III-L20",
        "maz": "III",
        "maz_zone": "Semi-humid",
        "tz": null,
        "frost_risk": "Occasional",
        "source_layer": "KCFP_SSMT_Kenya"
      }
    },
    {
      "type": "Feature",
      "geometry": {
        "type": "Polygon",
        "coordinates": [
          [
            [
              36.346375841,
              -0.3907885032
            ],
            [
              36.3473931136,
              -0.3959389204
            ],
            [
              36.3531169308,
              -0.396436994
            ],
            [
              36.3573228605,
              -0.3863093835
            ],
            [
              36.3547221057,
              -0.3680564429
            ],
            [
              36.35660888,
              -0.3625353865
            ],
            [
              36.3627400916,
              -0.3681066225
            ],
            [
              36.3687601713,
              -0.3877584915
            ],
            [
              36.3735059445,
              -0.3954070789
            ],
            [
              36.3743564412,
              -0.4023371923
            ],
            [
              36.3773031088,
              -0.4067359509
            ],
            [
              36.3867462888,
              -0.4005682847
            ],
            [
              36.386927265,
              -0.3777255199
            ],
            [
              36.3836843781,
              -0.3543901026
            ],
            [
              36.3765691155,
              -0.3296568974
            ],
            [
              36.3709582676,
              -0.3193936499
            ],
            [
              36.3709571318,
              -0.3238262467
            ],
            [
              36.3626491944,
              -0.3238240727
            ],
            [
              36.3626447554,
              -0.3405538289
            ],
            [
              36.3626353113,
              -0.3405538254
            ],
            [
              36.3626353076,
              -0.3405706174
            ],
            [
              36.3543273789,
              -0.3405683246
            ],
            [
              36.3543250711,
              -0.3489247813
            ],
            [
              36.3460077472,
              -0.3489224214
            ],
            [
              36.3460029387,
              -0.3656688065
            ],
            [
              36.3543202776,
              -0.3656712798
            ],
            [
              36.3543126661,
              -0.3907910253
            ],
            [
              36.346375841,
              -0.3907885032
            ]
          ]
        ]
      },
      "properties": {
        "country": "Kenya",
        "country_code": "KEN",
        "species_name": "Eucalyptus_nitens",
        "genus": "Eucalyptus",
        "species": "nitens",
        "suitability_name": "Moderately suitable",
        "suitability_rank": 2,
        "soil_suitability": "S2",
        "soil_type": "L20",
        "soil_description": null,
        "site_class": "6-III-L20",
        "maz": "III",
        "maz_zone": "Semi-humid",
        "tz": null,
        "frost_risk": "Rare",
        "source_layer": "KCFP_SSMT_Kenya"
      }
    },
    {
      "type": "Feature",
      "geometry": {
        "type": "Polygon",
        "coordinates": [
          [
            [
              36.088076548,
              -0.6177426799
            ],
            [
              36.0874608596,
              -0.6167440365
            ],
            [
              36.0797697202,
              -0.6167397907
            ],
            [
              36.0797651317,
              -0.6250953455
            ],
            [
              36.088072516,
              -0.6250999932
            ],
            [
              36.088076548,
              -0.6177426799
            ]
          ]
        ]
      },
      "properties": {
        "country": "Kenya",
        "country_code": "KEN",
        "species_name": "Eucalyptus_nitens",
        "genus": "Eucalyptus",
        "species": "nitens",
        "suitability_name": "Moderately suitable",
        "suitability_rank": 2,
        "soil_suitability": "S2",
        "soil_type": "H6",
        "soil_description": null,
        "site_class": "7-III-H6",
        "maz": "III",
        "maz_zone": "Semi-humid",
        "tz": null,
        "frost_risk": "Occasional",
        "source_layer": "KCFP_SSMT_Kenya"
      }
    },
    {
      "type": "Feature",
      "geometry": {
        "type": "Polygon",
        "coordinates": [
          [
            [
              36.0934135605,
              -0.6669598892
            ],
            [
              36.0954928279,
              -0.6476870114
            ],
            [
              36.0948663275,
              -0.6418621994
            ],
            [
              36.0880715397,
              -0.6418583071
            ],
            [
              36.0880570548,
              -0.6669566993
            ],
            [
              36.0934135605,
              -0.6669598892
            ]
          ]
        ]
      },
      "properties": {
        "country": "Kenya",
        "country_code": "KEN",
        "species_name": "Eucalyptus_nitens",
        "genus": "Eucalyptus",
        "species": "nitens",
        "suitability_name": "Moderately suitable",
        "suitability_rank": 2,
        "soil_suitability": "S2",
        "soil_type": "H6",
        "soil_description": null,
        "site_class": "7-III-H6",
        "maz": "III",
        "maz_zone": "Semi-humid",
        "tz": null,
        "frost_risk": "Occasional",
        "source_layer": "KCFP_SSMT_Kenya"
      }
    },
    {
      "type": "Feature",
      "geometry": {
        "type": "Polygon",
        "coordinates": [
          [
            [
              36.121289303,
              -0.7057613555
            ],
            [
              36.1136681849,
              -0.700473432
            ],
            [
              36.1129849135,
              -0.700473008
            ],
            [
              36.1129797652,
              -0.708829129
            ],
            [
              36.121287408,
              -0.7088343401
            ],
            [
              36.121289303,
              -0.7057613555
            ]
          ]
        ]
      },
      "properties": {
        "country": "Kenya",
        "country_code": "KEN",
        "species_name": "Eucalyptus_nitens",
        "genus": "Eucalyptus",
        "species": "nitens",
        "suitability_name": "Moderately suitable",
        "suitability_rank": 2,
        "soil_suitability": "S2",
        "soil_type": "H6",
        "soil_description": null,
        "site_class": "7-III-H6",
        "maz": "III",
        "maz_zone": "Semi-humid",
        "tz": null,
        "frost_risk": "Occasional",
        "source_layer": "KCFP_SSMT_Kenya"
      }
    },
    {
      "type": "Feature",
      "geometry": {
        "type": "Polygon",
        "coordinates": [
          [
            [
              36.1253819613,
              -0.7255954451
            ],
            [
              36.1212883536,
              -0.7209783815
            ],
            [
              36.1212854438,
              -0.7255928209
            ],
            [
              36.1253819613,
              -0.7255954451
            ]
          ]
        ]
      },
      "properties": {
        "country": "Kenya",
        "country_code": "KEN",
        "species_name": "Eucalyptus_nitens",
        "genus": "Eucalyptus",
        "species": "nitens",
        "suitability_name": "Moderately suitable",
        "suitability_rank": 2,
        "soil_suitability": "S2",
        "soil_type": "H6",
        "soil_description": null,
        "site_class": "7-III-H6",
        "maz": "III",
        "maz_zone": "Semi-humid",
        "tz": null,
        "frost_risk": "Occasional",
        "source_layer": "KCFP_SSMT_Kenya"
      }
    },
    {
      "type": "Feature",
      "geometry": {
        "type": "Polygon",
        "coordinates": [
          [
            [
              36.1295824723,
              -0.7423261241
            ],
            [
              36.1295878344,
              -0.7339697534
            ],
            [
              36.1212801174,
              -0.7339643732
            ],
            [
              36.1212747398,
              -0.7423206835
            ],
            [
              36.1295824723,
              -0.7423261241
            ]
          ]
        ]
      },
      "properties": {
        "country": "Kenya",
        "country_code": "KEN",
        "species_name": "Eucalyptus_nitens",
        "genus": "Eucalyptus",
        "species": "nitens",
        "suitability_name": "Moderately suitable",
        "suitability_rank": 2,
        "soil_suitability": "S2",
        "soil_type": "H6",
        "soil_description": null,
        "site_class": "7-III-H6",
        "maz": "III",
        "maz_zone": "Semi-humid",
        "tz": null,
        "frost_risk": "Occasional",
        "source_layer": "KCFP_SSMT_Kenya"
      }
    },
    {
      "type": "Feature",
      "geometry": {
        "type": "Polygon",
        "coordinates": [
          [
            [
              36.1617200007,
              -0.7925933737
            ],
            [
              36.1628149352,
              -0.7925941295
            ],
            [
              36.1628206056,
              -0.7842222744
            ],
            [
              36.1545040355,
              -0.7842165883
            ],
            [
              36.154509663,
              -0.7758447936
            ],
            [
              36.137876737,
              -0.7758334909
            ],
            [
              36.1378987706,
              -0.7423467963
            ],
            [
              36.1295910095,
              -0.7423413723
            ],
            [
              36.1295632458,
              -0.7841843518
            ],
            [
              36.1378796665,
              -0.7841900894
            ],
            [
              36.1378564171,
              -0.817676905
            ],
            [
              36.1461729659,
              -0.8176828703
            ],
            [
              36.1461670191,
              -0.8260546348
            ],
            [
              36.1522711325,
              -0.8260590453
            ],
            [
              36.1520665915,
              -0.824107259
            ],
            [
              36.1521322192,
              -0.8178745186
            ],
            [
              36.1481326233,
              -0.8040100478
            ],
            [
              36.1462078955,
              -0.7894636179
            ],
            [
              36.150605044,
              -0.784185667
            ],
            [
              36.1617200007,
              -0.7925933737
            ]
          ]
        ]
      },
      "properties": {
        "country": "Kenya",
        "country_code": "KEN",
        "species_name": "Eucalyptus_nitens",
        "genus": "Eucalyptus",
        "species": "nitens",
        "suitability_name": "Moderately suitable",
        "suitability_rank": 2,
        "soil_suitability": "S2",
        "soil_type": "H6",
        "soil_description": null,
        "site_class": "7-III-H6",
        "maz": "III",
        "maz_zone": "Semi-humid",
        "tz": null,
        "frost_risk": "Occasional",
        "source_layer": "KCFP_SSMT_Kenya"
      }
    },
    {
      "type": "Feature",
      "geometry": {
        "type": "Polygon",
        "coordinates": [
          [
            [
              36.1710964017,
              -0.8428164902
            ],
            [
              36.1711142573,
              -0.8177156048
            ],
            [
              36.1695035197,
              -0.817714462
            ],
            [
              36.1696426369,
              -0.8299921249
            ],
            [
              36.1665171865,
              -0.8428131379
            ],
            [
              36.1710964017,
              -0.8428164902
            ]
          ]
        ]
      },
      "properties": {
        "country": "Kenya",
        "country_code": "KEN",
        "species_name": "Eucalyptus_nitens",
        "genus": "Eucalyptus",
        "species": "nitens",
        "suitability_name": "Moderately suitable",
        "suitability_rank": 2,
        "soil_suitability": "S2",
        "soil_type": "H6",
        "soil_description": null,
        "site_class": "7-III-H6",
        "maz": "III",
        "maz_zone": "Semi-humid",
        "tz": null,
        "frost_risk": "Occasional",
        "source_layer": "KCFP_SSMT_Kenya"
      }
    },
    {
      "type": "Feature",
      "geometry": {
        "type": "Polygon",
        "coordinates": [
          [
            [
              36.17939486,
              -0.8679385815
            ],
            [
              36.179413202,
              -0.842837423
            ],
            [
              36.1711050984,
              -0.8428313521
            ],
            [
              36.1710867034,
              -0.8679323307
            ],
            [
              36.17939486,
              -0.8679385815
            ]
          ]
        ]
      },
      "properties": {
        "country": "Kenya",
        "country_code": "KEN",
        "species_name": "Eucalyptus_nitens",
        "genus": "Eucalyptus",
        "species": "nitens",
        "suitability_name": "Moderately suitable",
        "suitability_rank": 2,
        "soil_suitability": "S2",
        "soil_type": "H6",
        "soil_description": null,
        "site_class": "7-III-H6",
        "maz": "III",
        "maz_zone": "Semi-humid",
        "tz": null,
        "frost_risk": "Occasional",
        "source_layer": "KCFP_SSMT_Kenya"
      }
    },
    {
      "type": "Feature",
      "geometry": {
        "type": "Polygon",
        "coordinates": [
          [
            [
              36.1877001569,
              -0.883534515
            ],
            [
              36.1865946679,
              -0.8679587426
            ],
            [
              36.1794035888,
              -0.867953347
            ],
            [
              36.1793975102,
              -0.876113557
            ],
            [
              36.18065132,
              -0.8778298389
            ],
            [
              36.184256662,
              -0.8836235049
            ],
            [
              36.1841275163,
              -0.8846862206
            ],
            [
              36.1876992867,
              -0.8846889494
            ],
            [
              36.1877001569,
              -0.883534515
            ]
          ]
        ]
      },
      "properties": {
        "country": "Kenya",
        "country_code": "KEN",
        "species_name": "Eucalyptus_nitens",
        "genus": "Eucalyptus",
        "species": "nitens",
        "suitability_name": "Moderately suitable",
        "suitability_rank": 2,
        "soil_suitability": "S2",
        "soil_type": "H6",
        "soil_description": null,
        "site_class": "7-III-H6",
        "maz": "III",
        "maz_zone": "Semi-humid",
        "tz": null,
        "frost_risk": "Occasional",
        "source_layer": "KCFP_SSMT_Kenya"
      }
    },
    {
      "type": "Feature",
      "geometry": {
        "type": "Polygon",
        "coordinates": [
          [
            [
              36.1959877856,
              -0.9218792089
            ],
            [
              36.1893016572,
              -0.8930769142
            ],
            [
              36.1877017087,
              -0.8930756823
            ],
            [
              36.1876757709,
              -0.9265492694
            ],
            [
              36.1847630486,
              -0.92654694
            ],
            [
              36.185441741,
              -0.9370113328
            ],
            [
              36.1753592125,
              -0.938323225
            ],
            [
              36.1741806018,
              -0.9349104218
            ],
            [
              36.1544010636,
              -0.9348943302
            ],
            [
              36.1543874523,
              -0.9516379677
            ],
            [
              36.1460705454,
              -0.9516310462
            ],
            [
              36.1460774012,
              -0.9432592891
            ],
            [
              36.1377605748,
              -0.9432524076
            ],
            [
              36.1377327073,
              -0.9767391928
            ],
            [
              36.1294158619,
              -0.9767320464
            ],
            [
              36.1294087224,
              -0.9851036803
            ],
            [
              36.1210919165,
              -0.9850964527
            ],
            [
              36.1210990766,
              -0.9767248812
            ],
            [
              36.1044656904,
              -0.9767104868
            ],
            [
              36.1044799077,
              -0.9599675864
            ],
            [
              36.0992761748,
              -0.9599631445
            ],
            [
              36.1035484704,
              -0.9850954453
            ],
            [
              36.1044500254,
              -0.9850962346
            ],
            [
              36.104435439,
              -1.0018390661
            ],
            [
              36.1210688852,
              -1.0018538299
            ],
            [
              36.1210615416,
              -1.0102253693
            ],
            [
              36.1460122338,
              -1.0102475402
            ],
            [
              36.1460480285,
              -0.9683889245
            ],
            [
              36.1626819187,
              -0.9684029908
            ],
            [
              36.1626888553,
              -0.9600311455
            ],
            [
              36.1793229459,
              -0.960045008
            ],
            [
              36.1793297821,
              -0.9516730414
            ],
            [
              36.1876468973,
              -0.9516798815
            ],
            [
              36.1876603502,
              -0.9349358255
            ],
            [
              36.1950274921,
              -0.9349417611
            ],
            [
              36.1959806004,
              -0.9310109112
            ],
            [
              36.1959877856,
              -0.9218792089
            ]
          ]
        ]
      },
      "properties": {
        "country": "Kenya",
        "country_code": "KEN",
        "species_name": "Eucalyptus_nitens",
        "genus": "Eucalyptus",
        "species": "nitens",
        "suitability_name": "Moderately suitable",
        "suitability_rank": 2,
        "soil_suitability": "S2",
        "soil_type": "H6",
        "soil_description": null,
        "site_class": "7-III-H6",
        "maz": "III",
        "maz_zone": "Semi-humid",
        "tz": null,
        "frost_risk": "Occasional",
        "source_layer": "KCFP_SSMT_Kenya"
      }
    },
    {
      "type": "Feature",
      "geometry": {
        "type": "Polygon",
        "coordinates": [
          [
            [
              36.0627156784,
              -0.5748588433
            ],
            [
              36.0579689451,
              -0.5639215778
            ],
            [
              36.0561163452,
              -0.5394576676
            ],
            [
              36.040221169,
              -0.5252776749
            ],
            [
              36.0211502735,
              -0.5067005519
            ],
            [
              36.0147299892,
              -0.480813272
            ],
            [
              36.0086017554,
              -0.4738569713
            ],
            [
              35.9985810836,
              -0.4684827439
            ],
            [
              35.9918199231,
              -0.4820525882
            ],
            [
              35.9936726667,
              -0.5072124586
            ],
            [
              35.9939150978,
              -0.5078577319
            ],
            [
              35.9966712454,
              -0.5078590237
            ],
            [
              35.9966678368,
              -0.5151847119
            ],
            [
              35.9970604935,
              -0.5162298599
            ],
            [
              36.0049823341,
              -0.5162336243
            ],
            [
              36.0049783816,
              -0.5246043373
            ],
            [
              36.0132934436,
              -0.5246083417
            ],
            [
              36.0132853721,
              -0.5413498965
            ],
            [
              36.0216005199,
              -0.5413540173
            ],
            [
              36.0216045751,
              -0.5329831763
            ],
            [
              36.0299197757,
              -0.5329872222
            ],
            [
              36.0299157299,
              -0.5413581267
            ],
            [
              36.0382310048,
              -0.5413622246
            ],
            [
              36.0382227482,
              -0.5581041587
            ],
            [
              36.0465381081,
              -0.5581083725
            ],
            [
              36.0465338978,
              -0.5664794018
            ],
            [
              36.0548493322,
              -0.5664836659
            ],
            [
              36.0548450703,
              -0.5748547589
            ],
            [
              36.0627156784,
              -0.5748588433
            ]
          ]
        ]
      },
      "properties": {
        "country": "Kenya",
        "country_code": "KEN",
        "species_name": "Eucalyptus_nitens",
        "genus": "Eucalyptus",
        "species": "nitens",
        "suitability_name": "Moderately suitable",
        "suitability_rank": 2,
        "soil_suitability": "S2",
        "soil_type": "H6",
        "soil_description": null,
        "site_class": "6-III-H6",
        "maz": "III",
        "maz_zone": "Semi-humid",
        "tz": null,
        "frost_risk": "Rare",
        "source_layer": "KCFP_SSMT_Kenya"
      }
    },
    {
      "type": "Feature",
      "geometry": {
        "type": "Polygon",
        "coordinates": [
          [
            [
              36.0680737572,
              -0.5916040063
            ],
            [
              36.066506279,
              -0.5835931985
            ],
            [
              36.0631600554,
              -0.5758827772
            ],
            [
              36.063151895,
              -0.5916013848
            ],
            [
              36.0680737572,
              -0.5916040063
            ]
          ]
        ]
      },
      "properties": {
        "country": "Kenya",
        "country_code": "KEN",
        "species_name": "Eucalyptus_nitens",
        "genus": "Eucalyptus",
        "species": "nitens",
        "suitability_name": "Moderately suitable",
        "suitability_rank": 2,
        "soil_suitability": "S2",
        "soil_type": "H6",
        "soil_description": null,
        "site_class": "6-III-H6",
        "maz": "III",
        "maz_zone": "Semi-humid",
        "tz": null,
        "frost_risk": "Rare",
        "source_layer": "KCFP_SSMT_Kenya"
      }
    },
    {
      "type": "Feature",
      "geometry": {
        "type": "Polygon",
        "coordinates": [
          [
            [
              36.0749243736,
              -0.6036004374
            ],
            [
              36.0714629417,
              -0.6002112003
            ],
            [
              36.0714540327,
              -0.6167194632
            ],
            [
              36.0797697202,
              -0.6167397907
            ],
            [
              36.0874608596,
              -0.6167440365
            ],
            [
              36.0861612171,
              -0.6146360264
            ],
            [
              36.0749243736,
              -0.6036004374
            ]
          ]
        ]
      },
      "properties": {
        "country": "Kenya",
        "country_code": "KEN",
        "species_name": "Eucalyptus_nitens",
        "genus": "Eucalyptus",
        "species": "nitens",
        "suitability_name": "Moderately suitable",
        "suitability_rank": 2,
        "soil_suitability": "S2",
        "soil_type": "H6",
        "soil_description": null,
        "site_class": "6-III-H6",
        "maz": "III",
        "maz_zone": "Semi-humid",
        "tz": null,
        "frost_risk": "Rare",
        "source_layer": "KCFP_SSMT_Kenya"
      }
    },
    {
      "type": "Feature",
      "geometry": {
        "type": "Polygon",
        "coordinates": [
          [
            [
              36.0948663275,
              -0.6418621994
            ],
            [
              36.0931585512,
              -0.6259857263
            ],
            [
              36.088076548,
              -0.6177426799
            ],
            [
              36.088072516,
              -0.6250999932
            ],
            [
              36.0880809019,
              -0.6250999969
            ],
            [
              36.0880715397,
              -0.6418583071
            ],
            [
              36.0948663275,
              -0.6418621994
            ]
          ]
        ]
      },
      "properties": {
        "country": "Kenya",
        "country_code": "KEN",
        "species_name": "Eucalyptus_nitens",
        "genus": "Eucalyptus",
        "species": "nitens",
        "suitability_name": "Moderately suitable",
        "suitability_rank": 2,
        "soil_suitability": "S2",
        "soil_type": "H6",
        "soil_description": null,
        "site_class": "6-III-H6",
        "maz": "III",
        "maz_zone": "Semi-humid",
        "tz": null,
        "frost_risk": "Rare",
        "source_layer": "KCFP_SSMT_Kenya"
      }
    },
    {
      "type": "Feature",
      "geometry": {
        "type": "Polygon",
        "coordinates": [
          [
            [
              36.1136681849,
              -0.700473432
            ],
            [
              36.1129852034,
              -0.6999995461
            ],
            [
              36.1129849135,
              -0.700473008
            ],
            [
              36.1136681849,
              -0.700473432
            ]
          ]
        ]
      },
      "properties": {
        "country": "Kenya",
        "country_code": "KEN",
        "species_name": "Eucalyptus_nitens",
        "genus": "Eucalyptus",
        "species": "nitens",
        "suitability_name": "Moderately suitable",
        "suitability_rank": 2,
        "soil_suitability": "S2",
        "soil_type": "H6",
        "soil_description": null,
        "site_class": "6-III-H6",
        "maz": "III",
        "maz_zone": "Semi-humid",
        "tz": null,
        "frost_risk": "Rare",
        "source_layer": "KCFP_SSMT_Kenya"
      }
    },
    {
      "type": "Feature",
      "geometry": {
        "type": "Polygon",
        "coordinates": [
          [
            [
              36.1270136909,
              -0.7097332493
            ],
            [
              36.121289303,
              -0.7057613555
            ],
            [
              36.121287408,
              -0.7088343401
            ],
            [
              36.1212930601,
              -0.713452806
            ],
            [
              36.1270136909,
              -0.7097332493
            ]
          ]
        ]
      },
      "properties": {
        "country": "Kenya",
        "country_code": "KEN",
        "species_name": "Eucalyptus_nitens",
        "genus": "Eucalyptus",
        "species": "nitens",
        "suitability_name": "Moderately suitable",
        "suitability_rank": 2,
        "soil_suitability": "S2",
        "soil_type": "H6",
        "soil_description": null,
        "site_class": "6-III-H6",
        "maz": "III",
        "maz_zone": "Semi-humid",
        "tz": null,
        "frost_risk": "Rare",
        "source_layer": "KCFP_SSMT_Kenya"
      }
    },
    {
      "type": "Feature",
      "geometry": {
        "type": "Polygon",
        "coordinates": [
          [
            [
              36.1793573393,
              -0.7898020714
            ],
            [
              36.1721964765,
              -0.7787860573
            ],
            [
              36.1535894861,
              -0.760437944
            ],
            [
              36.1466228363,
              -0.7449287655
            ],
            [
              36.1405357823,
              -0.7338212853
            ],
            [
              36.1268599496,
              -0.7272624324
            ],
            [
              36.1253819613,
              -0.7255954451
            ],
            [
              36.1212854438,
              -0.7255928209
            ],
            [
              36.1212801174,
              -0.7339643732
            ],
            [
              36.1295878344,
              -0.7339697534
            ],
            [
              36.1295824723,
              -0.7423261241
            ],
            [
              36.1295910194,
              -0.7423261297
            ],
            [
              36.1295910095,
              -0.7423413723
            ],
            [
              36.1378987706,
              -0.7423467963
            ],
            [
              36.137876737,
              -0.7758334909
            ],
            [
              36.154509663,
              -0.7758447936
            ],
            [
              36.1545040355,
              -0.7842165883
            ],
            [
              36.1628206056,
              -0.7842222744
            ],
            [
              36.1628149352,
              -0.7925941295
            ],
            [
              36.1617200007,
              -0.7925933737
            ],
            [
              36.1662914796,
              -0.7960514039
            ],
            [
              36.1693915699,
              -0.8078426095
            ],
            [
              36.1695035197,
              -0.817714462
            ],
            [
              36.1711142573,
              -0.8177156048
            ],
            [
              36.1710964017,
              -0.8428164902
            ],
            [
              36.1711051091,
              -0.8428164966
            ],
            [
              36.1711050984,
              -0.8428313521
            ],
            [
              36.179413202,
              -0.842837423
            ],
            [
              36.17939486,
              -0.8679385815
            ],
            [
              36.1794035998,
              -0.867938589
            ],
            [
              36.1794035888,
              -0.867953347
            ],
            [
              36.1865946679,
              -0.8679587426
            ],
            [
              36.1865450391,
              -0.8672595636
            ],
            [
              36.1816020878,
              -0.8559232517
            ],
            [
              36.1833253549,
              -0.8418610597
            ],
            [
              36.1859626686,
              -0.8284952615
            ],
            [
              36.1847704771,
              -0.8119543621
            ],
            [
              36.1843353676,
              -0.8058670254
            ],
            [
              36.1793573393,
              -0.7898020714
            ]
          ]
        ]
      },
      "properties": {
        "country": "Kenya",
        "country_code": "KEN",
        "species_name": "Eucalyptus_nitens",
        "genus": "Eucalyptus",
        "species": "nitens",
        "suitability_name": "Moderately suitable",
        "suitability_rank": 2,
        "soil_suitability": "S2",
        "soil_type": "H6",
        "soil_description": null,
        "site_class": "6-III-H6",
        "maz": "III",
        "maz_zone": "Semi-humid",
        "tz": null,
        "frost_risk": "Rare",
        "source_layer": "KCFP_SSMT_Kenya"
      }
    },
    {
      "type": "Feature",
      "geometry": {
        "type": "Polygon",
        "coordinates": [
          [
            [
              36.1893016572,
              -0.8930769142
            ],
            [
              36.1879703956,
              -0.8873424767
            ],
            [
              36.1877001569,
              -0.883534515
            ],
            [
              36.1876992867,
              -0.8846889494
            ],
            [
              36.187708058,
              -0.8846889561
            ],
            [
              36.1877017087,
              -0.8930756823
            ],
            [
              36.1893016572,
              -0.8930769142
            ]
          ]
        ]
      },
      "properties": {
        "country": "Kenya",
        "country_code": "KEN",
        "species_name": "Eucalyptus_nitens",
        "genus": "Eucalyptus",
        "species": "nitens",
        "suitability_name": "Moderately suitable",
        "suitability_rank": 2,
        "soil_suitability": "S2",
        "soil_type": "H6",
        "soil_description": null,
        "site_class": "6-III-H6",
        "maz": "III",
        "maz_zone": "Semi-humid",
        "tz": null,
        "frost_risk": "Rare",
        "source_layer": "KCFP_SSMT_Kenya"
      }
    },
    {
      "type": "Feature",
      "geometry": {
        "type": "Polygon",
        "coordinates": [
          [
            [
              36.1959806004,
              -0.9310109112
            ],
            [
              36.1970672112,
              -0.9265293835
            ],
            [
              36.1959877856,
              -0.9218792089
            ],
            [
              36.1959806004,
              -0.9310109112
            ]
          ]
        ]
      },
      "properties": {
        "country": "Kenya",
        "country_code": "KEN",
        "species_name": "Eucalyptus_nitens",
        "genus": "Eucalyptus",
        "species": "nitens",
        "suitability_name": "Moderately suitable",
        "suitability_rank": 2,
        "soil_suitability": "S2",
        "soil_type": "H6",
        "soil_description": null,
        "site_class": "6-III-H6",
        "maz": "III",
        "maz_zone": "Semi-humid",
        "tz": null,
        "frost_risk": "Rare",
        "source_layer": "KCFP_SSMT_Kenya"
      }
    },
    {
      "type": "Feature",
      "geometry": {
        "type": "Polygon",
        "coordinates": [
          [
            [
              36.1928387054,
              -0.9439685995
            ],
            [
              36.1950274921,
              -0.9349417611
            ],
            [
              36.1876603502,
              -0.9349358255
            ],
            [
              36.1876468973,
              -0.9516798815
            ],
            [
              36.1793297821,
              -0.9516730414
            ],
            [
              36.1793229459,
              -0.960045008
            ],
            [
              36.1626888553,
              -0.9600311455
            ],
            [
              36.1626819187,
              -0.9684029908
            ],
            [
              36.1460480285,
              -0.9683889245
            ],
            [
              36.1460122338,
              -1.0102475402
            ],
            [
              36.1210615416,
              -1.0102253693
            ],
            [
              36.1210688852,
              -1.0018538299
            ],
            [
              36.104435439,
              -1.0018390661
            ],
            [
              36.1044500254,
              -0.9850962346
            ],
            [
              36.1035484704,
              -0.9850954453
            ],
            [
              36.10379929,
              -0.986571012
            ],
            [
              36.1047343949,
              -1.0350307197
            ],
            [
              36.1078004675,
              -1.0659073454
            ],
            [
              36.1129222548,
              -1.0799458954
            ],
            [
              36.1195337802,
              -1.0808712604
            ],
            [
              36.1223781196,
              -1.0733383315
            ],
            [
              36.125907707,
              -1.0495877799
            ],
            [
              36.1339643095,
              -1.036618689
            ],
            [
              36.1525578096,
              -1.0266784701
            ],
            [
              36.1663008277,
              -1.0148503486
            ],
            [
              36.1658384184,
              -1.0121315997
            ],
            [
              36.1693778354,
              -0.9982162084
            ],
            [
              36.1833213273,
              -0.9625246866
            ],
            [
              36.1928387054,
              -0.9439685995
            ]
          ]
        ]
      },
      "properties": {
        "country": "Kenya",
        "country_code": "KEN",
        "species_name": "Eucalyptus_nitens",
        "genus": "Eucalyptus",
        "species": "nitens",
        "suitability_name": "Moderately suitable",
        "suitability_rank": 2,
        "soil_suitability": "S2",
        "soil_type": "H6",
        "soil_description": null,
        "site_class": "6-III-H6",
        "maz": "III",
        "maz_zone": "Semi-humid",
        "tz": null,
        "frost_risk": "Rare",
        "source_layer": "KCFP_SSMT_Kenya"
      }
    },
    {
      "type": "Feature",
      "geometry": {
        "type": "Polygon",
        "coordinates": [
          [
            [
              35.9216479909,
              -0.8175307098
            ],
            [
              35.9216543498,
              -0.8091457082
            ],
            [
              35.9216466048,
              -0.8091457023
            ],
            [
              35.9216402458,
              -0.8175307038
            ],
            [
              35.9216479909,
              -0.8175307098
            ]
          ]
        ]
      },
      "properties": {
        "country": "Kenya",
        "country_code": "KEN",
        "species_name": "Eucalyptus_nitens",
        "genus": "Eucalyptus",
        "species": "nitens",
        "suitability_name": "Moderately suitable",
        "suitability_rank": 2,
        "soil_suitability": "S2",
        "soil_type": "R13",
        "soil_description": null,
        "site_class": "7-III-R13",
        "maz": "III",
        "maz_zone": "Semi-humid",
        "tz": null,
        "frost_risk": "Occasional",
        "source_layer": "KCFP_SSMT_Kenya"
      }
    },
    {
      "type": "Feature",
      "geometry": {
        "type": "Polygon",
        "coordinates": [
          [
            [
              35.9050247467,
              -0.8091479406
            ],
            [
              35.9133317967,
              -0.8091543181
            ],
            [
              35.9133318071,
              -0.809139336
            ],
            [
              35.9050247571,
              -0.8091329595
            ],
            [
              35.9050247467,
              -0.8091479406
            ]
          ]
        ]
      },
      "properties": {
        "country": "Kenya",
        "country_code": "KEN",
        "species_name": "Eucalyptus_nitens",
        "genus": "Eucalyptus",
        "species": "nitens",
        "suitability_name": "Moderately suitable",
        "suitability_rank": 2,
        "soil_suitability": "S2",
        "soil_type": "R13",
        "soil_description": null,
        "site_class": "7-III-R13",
        "maz": "III",
        "maz_zone": "Semi-humid",
        "tz": null,
        "frost_risk": "Occasional",
        "source_layer": "KCFP_SSMT_Kenya"
      }
    },
    {
      "type": "Feature",
      "geometry": {
        "type": "Polygon",
        "coordinates": [
          [
            [
              35.9382650563,
              -0.8342838242
            ],
            [
              35.9382650687,
              -0.8342689402
            ],
            [
              35.938257258,
              -0.834268934
            ],
            [
              35.9382572474,
              -0.834283818
            ],
            [
              35.9382650563,
              -0.8342838242
            ]
          ]
        ]
      },
      "properties": {
        "country": "Kenya",
        "country_code": "KEN",
        "species_name": "Eucalyptus_nitens",
        "genus": "Eucalyptus",
        "species": "nitens",
        "suitability_name": "Moderately suitable",
        "suitability_rank": 2,
        "soil_suitability": "S2",
        "soil_type": "R13",
        "soil_description": null,
        "site_class": "7-III-R13",
        "maz": "III",
        "maz_zone": "Semi-humid",
        "tz": null,
        "frost_risk": "Occasional",
        "source_layer": "KCFP_SSMT_Kenya"
      }
    },
    {
      "type": "Feature",
      "geometry": {
        "type": "Polygon",
        "coordinates": [
          [
            [
              36.0992761748,
              -0.9599631445
            ],
            [
              36.0878468498,
              -0.9599533586
            ],
            [
              36.0878539068,
              -0.9515820331
            ],
            [
              36.0795374897,
              -0.9515749497
            ],
            [
              36.0795514579,
              -0.9348324212
            ],
            [
              36.0629188892,
              -0.9348184461
            ],
            [
              36.0629462356,
              -0.9013338834
            ],
            [
              36.0546301228,
              -0.9013271176
            ],
            [
              36.0546368224,
              -0.8929560393
            ],
            [
              36.0380048204,
              -0.8929425759
            ],
            [
              36.0380114948,
              -0.8845716234
            ],
            [
              36.0213797826,
              -0.8845582122
            ],
            [
              36.0213864311,
              -0.8761873854
            ],
            [
              36.0047550089,
              -0.876174027
            ],
            [
              36.0047616298,
              -0.8678033283
            ],
            [
              35.9881304986,
              -0.8677900241
            ],
            [
              35.9881370932,
              -0.8594194524
            ],
            [
              35.9715062531,
              -0.859406204
            ],
            [
              35.9715193228,
              -0.8426653174
            ],
            [
              35.9632040357,
              -0.8426587955
            ],
            [
              35.9631975157,
              -0.8510291742
            ],
            [
              35.9465670978,
              -0.8510159468
            ],
            [
              35.9465658121,
              -0.842645693
            ],
            [
              35.9465592448,
              -0.8510307606
            ],
            [
              35.9715048714,
              -0.8510505758
            ],
            [
              35.9714916738,
              -0.8677913964
            ],
            [
              35.9798070476,
              -0.8677980944
            ],
            [
              35.9797936296,
              -0.8845390416
            ],
            [
              35.9881091043,
              -0.8845458502
            ],
            [
              35.9880954674,
              -0.9012869255
            ],
            [
              35.9964110427,
              -0.9012938438
            ],
            [
              35.9964041482,
              -0.9096644451
            ],
            [
              36.0047198071,
              -0.9096714085
            ],
            [
              36.0047128672,
              -0.9180420743
            ],
            [
              36.0213444141,
              -0.9180560702
            ],
            [
              36.0213374493,
              -0.9264268622
            ],
            [
              36.0379692879,
              -0.9264409083
            ],
            [
              36.0379552472,
              -0.9431827459
            ],
            [
              36.0462713002,
              -0.9431898659
            ],
            [
              36.0462642054,
              -0.9515608459
            ],
            [
              36.054580341,
              -0.951568009
            ],
            [
              36.0545732036,
              -0.9599390533
            ],
            [
              36.0628894219,
              -0.9599462583
            ],
            [
              36.0628822421,
              -0.9683173641
            ],
            [
              36.071198543,
              -0.9683246132
            ],
            [
              36.0711913214,
              -0.9766957803
            ],
            [
              36.0878241504,
              -0.9767103401
            ],
            [
              36.0878169078,
              -0.9850816325
            ],
            [
              36.1035484704,
              -0.9850954453
            ],
            [
              36.0992761748,
              -0.9599631445
            ]
          ]
        ]
      },
      "properties": {
        "country": "Kenya",
        "country_code": "KEN",
        "species_name": "Eucalyptus_nitens",
        "genus": "Eucalyptus",
        "species": "nitens",
        "suitability_name": "Moderately suitable",
        "suitability_rank": 2,
        "soil_suitability": "S2",
        "soil_type": "R13",
        "soil_description": null,
        "site_class": "7-III-R13",
        "maz": "III",
        "maz_zone": "Semi-humid",
        "tz": null,
        "frost_risk": "Occasional",
        "source_layer": "KCFP_SSMT_Kenya"
      }
    },
    {
      "type": "Feature",
      "geometry": {
        "type": "Polygon",
        "coordinates": [
          [
            [
              35.9050247467,
              -0.8091479406
            ],
            [
              35.9050183754,
              -0.8175028813
            ],
            [
              35.9133331561,
              -0.8175093298
            ],
            [
              35.9133267259,
              -0.8258793172
            ],
            [
              35.9050119289,
              -0.8258728027
            ],
            [
              35.9050054158,
              -0.8342427237
            ],
            [
              35.8966906661,
              -0.8342361255
            ],
            [
              35.8966840697,
              -0.8426059799
            ],
            [
              35.880054733,
              -0.8425925968
            ],
            [
              35.8800613655,
              -0.8342228762
            ],
            [
              35.8883759832,
              -0.8342295097
            ],
            [
              35.8883825303,
              -0.8258597213
            ],
            [
              35.8717533968,
              -0.82584657
            ],
            [
              35.871746814,
              -0.8342162252
            ],
            [
              35.8634323298,
              -0.8342095555
            ],
            [
              35.863425662,
              -0.8425791433
            ],
            [
              35.8551112259,
              -0.8425723899
            ],
            [
              35.8551179103,
              -0.8342028692
            ],
            [
              35.8384892746,
              -0.8341894445
            ],
            [
              35.838482555,
              -0.8425588305
            ],
            [
              35.8301683196,
              -0.8425520227
            ],
            [
              35.8301817268,
              -0.8258133865
            ],
            [
              35.8218675947,
              -0.8258066974
            ],
            [
              35.8218742146,
              -0.8174374469
            ],
            [
              35.8135601663,
              -0.8174308084
            ],
            [
              35.8135468243,
              -0.8341691739
            ],
            [
              35.7969188623,
              -0.834155572
            ],
            [
              35.796925601,
              -0.8257865255
            ],
            [
              35.7886117397,
              -0.8257797667
            ],
            [
              35.7886184286,
              -0.8174107883
            ],
            [
              35.7719909435,
              -0.8173973567
            ],
            [
              35.7719774282,
              -0.8341350371
            ],
            [
              35.7802911713,
              -0.8341418988
            ],
            [
              35.7802774182,
              -0.8508797162
            ],
            [
              35.7636499298,
              -0.8508656975
            ],
            [
              35.7636568765,
              -0.8424969269
            ],
            [
              35.755343253,
              -0.8424899608
            ],
            [
              35.7553501486,
              -0.834121259
            ],
            [
              35.7470366116,
              -0.8341143435
            ],
            [
              35.7470502308,
              -0.8173770784
            ],
            [
              35.7387367984,
              -0.8173702835
            ],
            [
              35.7387435215,
              -0.8090017204
            ],
            [
              35.7221168977,
              -0.8089882194
            ],
            [
              35.7221033136,
              -0.8257250678
            ],
            [
              35.7054768985,
              -0.8257112186
            ],
            [
              35.7054837598,
              -0.8173429359
            ],
            [
              35.7137969153,
              -0.817349798
            ],
            [
              35.7138036896,
              -0.8089814447
            ],
            [
              35.7054905512,
              -0.8089746519
            ],
            [
              35.7054972727,
              -0.8006063675
            ],
            [
              35.697184222,
              -0.8005996281
            ],
            [
              35.6971774836,
              -0.8089678421
            ],
            [
              35.6888644853,
              -0.8089610152
            ],
            [
              35.6888712405,
              -0.8005928727
            ],
            [
              35.6805583293,
              -0.8005860986
            ],
            [
              35.6805378016,
              -0.825690315
            ],
            [
              35.6722249096,
              -0.8256833111
            ],
            [
              35.6722179087,
              -0.8340513114
            ],
            [
              35.6639050709,
              -0.8340442197
            ],
            [
              35.6639190367,
              -0.817308361
            ],
            [
              35.6556063033,
              -0.8173013944
            ],
            [
              35.6555993386,
              -0.8256692536
            ],
            [
              35.6472866599,
              -0.8256621973
            ],
            [
              35.647293641,
              -0.8172944106
            ],
            [
              35.6389810507,
              -0.8172874104
            ],
            [
              35.6389598392,
              -0.8423905524
            ],
            [
              35.6306472671,
              -0.8423833185
            ],
            [
              35.6306327338,
              -0.8591186019
            ],
            [
              35.6223136066,
              -0.8591112002
            ],
            [
              35.6389386731,
              -0.8591407576
            ],
            [
              35.6389531709,
              -0.8424053946
            ],
            [
              35.6555784643,
              -0.8424198094
            ],
            [
              35.6555493275,
              -0.8758911045
            ],
            [
              35.6721750498,
              -0.8759060181
            ],
            [
              35.672182403,
              -0.8675380525
            ],
            [
              35.6888083703,
              -0.8675527513
            ],
            [
              35.688793665,
              -0.8842889657
            ],
            [
              35.7054199869,
              -0.8843038724
            ],
            [
              35.7054273378,
              -0.8759356234
            ],
            [
              35.7220539024,
              -0.875950315
            ],
            [
              35.722039205,
              -0.8926870924
            ],
            [
              35.7137258516,
              -0.8926796156
            ],
            [
              35.7137108381,
              -0.9094162492
            ],
            [
              35.730337692,
              -0.9094314639
            ],
            [
              35.7303224756,
              -0.9261683766
            ],
            [
              35.7386360452,
              -0.9261760956
            ],
            [
              35.7386048608,
              -0.9596501935
            ],
            [
              35.7968023305,
              -0.9597056061
            ],
            [
              35.7967945038,
              -0.968074612
            ],
            [
              35.8134230074,
              -0.9680903988
            ],
            [
              35.81345375,
              -0.9346138218
            ],
            [
              35.8051395442,
              -0.9346062126
            ],
            [
              35.8051545485,
              -0.9178680572
            ],
            [
              35.8134687154,
              -0.9178755318
            ],
            [
              35.8134612665,
              -0.9262446775
            ],
            [
              35.8217755204,
              -0.9262521999
            ],
            [
              35.8217680225,
              -0.934621413
            ],
            [
              35.8300823634,
              -0.9346289827
            ],
            [
              35.8300672075,
              -0.9513675442
            ],
            [
              35.8383816553,
              -0.9513752294
            ],
            [
              35.8383662696,
              -0.9681139243
            ],
            [
              35.8466808248,
              -0.9681217252
            ],
            [
              35.8466652117,
              -0.9848605512
            ],
            [
              35.8549798739,
              -0.9848684671
            ],
            [
              35.8549719877,
              -0.9932379462
            ],
            [
              35.8632867393,
              -0.9932459075
            ],
            [
              35.863280579,
              -0.9997520211
            ],
            [
              35.8632881014,
              -0.999750255
            ],
            [
              35.8632942734,
              -0.9932316434
            ],
            [
              35.8882390204,
              -0.9932554018
            ],
            [
              35.8882311513,
              -1.0016251813
            ],
            [
              35.8872280032,
              -1.0016242206
            ],
            [
              35.8978036971,
              -1.0039667547
            ],
            [
              35.9131825718,
              -0.995204682
            ],
            [
              35.9131921028,
              -0.9849089918
            ],
            [
              35.9215073275,
              -0.9849167402
            ],
            [
              35.9215149821,
              -0.9765466953
            ],
            [
              35.9298302506,
              -0.976554358
            ],
            [
              35.9298226166,
              -0.9849244677
            ],
            [
              35.9464533921,
              -0.9849398603
            ],
            [
              35.9464457345,
              -0.9933101004
            ],
            [
              35.9630768108,
              -0.9933255407
            ],
            [
              35.963084426,
              -0.9849551696
            ],
            [
              35.9797157188,
              -0.9849703956
            ],
            [
              35.9797005047,
              -1.0017113953
            ],
            [
              35.988016289,
              -1.0017191059
            ],
            [
              35.9880239068,
              -0.9933485424
            ],
            [
              35.9963397342,
              -0.9933561676
            ],
            [
              35.9963244768,
              -1.0100974236
            ],
            [
              36.0295885899,
              -1.010128225
            ],
            [
              36.0295809508,
              -1.0184991081
            ],
            [
              36.0462134286,
              -1.0185145063
            ],
            [
              36.0462057694,
              -1.0268855163
            ],
            [
              36.0545221236,
              -1.0268932457
            ],
            [
              36.0545199114,
              -1.0293061059
            ],
            [
              36.0584382495,
              -1.0285728173
            ],
            [
              36.0685089118,
              -1.0284078315
            ],
            [
              36.0732718626,
              -1.040786046
            ],
            [
              36.0782578417,
              -1.0520289601
            ],
            [
              36.0877651402,
              -1.0520379132
            ],
            [
              36.087752365,
              -1.065716986
            ],
            [
              36.0905096739,
              -1.068783188
            ],
            [
              36.104383094,
              -1.0687963959
            ],
            [
              36.1043737135,
              -1.0787573725
            ],
            [
              36.1129222548,
              -1.0799458954
            ],
            [
              36.1078004675,
              -1.0659073454
            ],
            [
              36.1047343949,
              -1.0350307197
            ],
            [
              36.10379929,
              -0.986571012
            ],
            [
              36.1035484704,
              -0.9850954453
            ],
            [
              36.0878169078,
              -0.9850816325
            ],
            [
              36.0878241504,
              -0.9767103401
            ],
            [
              36.0711913214,
              -0.9766957803
            ],
            [
              36.071198543,
              -0.9683246132
            ],
            [
              36.0628822421,
              -0.9683173641
            ],
            [
              36.0628894219,
              -0.9599462583
            ],
            [
              36.0545732036,
              -0.9599390533
            ],
            [
              36.054580341,
              -0.951568009
            ],
            [
              36.0462642054,
              -0.9515608459
            ],
            [
              36.0462713002,
              -0.9431898659
            ],
            [
              36.0379552472,
              -0.9431827459
            ],
            [
              36.0379692879,
              -0.9264409083
            ],
            [
              36.0213374493,
              -0.9264268622
            ],
            [
              36.0213444141,
              -0.9180560702
            ],
            [
              36.0047128672,
              -0.9180420743
            ],
            [
              36.0047198071,
              -0.9096714085
            ],
            [
              35.9964041482,
              -0.9096644451
            ],
            [
              35.9964110427,
              -0.9012938438
            ],
            [
              35.9880954674,
              -0.9012869255
            ],
            [
              35.9881091043,
              -0.8845458502
            ],
            [
              35.9797936296,
              -0.8845390416
            ],
            [
              35.9798070476,
              -0.8677980944
            ],
            [
              35.9714916738,
              -0.8677913964
            ],
            [
              35.9715048714,
              -0.8510505758
            ],
            [
              35.9465592448,
              -0.8510307606
            ],
            [
              35.9465658121,
              -0.842645693
            ],
            [
              35.9382585594,
              -0.8426391229
            ],
            [
              35.9382650563,
              -0.8342838242
            ],
            [
              35.9382572474,
              -0.834283818
            ],
            [
              35.938257258,
              -0.834268934
            ],
            [
              35.9299500573,
              -0.8342624125
            ],
            [
              35.9299565182,
              -0.8258922939
            ],
            [
              35.9216415894,
              -0.8258858143
            ],
            [
              35.9216479909,
              -0.8175307098
            ],
            [
              35.9216402458,
              -0.8175307038
            ],
            [
              35.9216466048,
              -0.8091457023
            ],
            [
              35.9133318071,
              -0.809139336
            ],
            [
              35.9133317967,
              -0.8091543181
            ],
            [
              35.9050247467,
              -0.8091479406
            ]
          ],
          [
            [
              35.6722036961,
              -0.8507873099
            ],
            [
              35.663890822,
              -0.8507800759
            ],
            [
              35.6638979818,
              -0.8424121476
            ],
            [
              35.6722108373,
              -0.8424193113
            ],
            [
              35.6722036961,
              -0.8507873099
            ]
          ]
        ]
      },
      "properties": {
        "country": "Kenya",
        "country_code": "KEN",
        "species_name": "Eucalyptus_nitens",
        "genus": "Eucalyptus",
        "species": "nitens",
        "suitability_name": "Moderately suitable",
        "suitability_rank": 2,
        "soil_suitability": "S2",
        "soil_type": "R13",
        "soil_description": null,
        "site_class": "6-III-R13",
        "maz": "III",
        "maz_zone": "Semi-humid",
        "tz": null,
        "frost_risk": "Rare",
        "source_layer": "KCFP_SSMT_Kenya"
      }
    },
    {
      "type": "Feature",
      "geometry": {
        "type": "Polygon",
        "coordinates": [
          [
            [
              35.6140150591,
              -0.85075111
            ],
            [
              35.614015072,
              -0.8507362949
            ],
            [
              35.5973903823,
              -0.8507363723
            ],
            [
              35.6140150591,
              -0.85075111
            ]
          ]
        ]
      },
      "properties": {
        "country": "Kenya",
        "country_code": "KEN",
        "species_name": "Eucalyptus_nitens",
        "genus": "Eucalyptus",
        "species": "nitens",
        "suitability_name": "Moderately suitable",
        "suitability_rank": 2,
        "soil_suitability": "S2",
        "soil_type": "R13",
        "soil_description": null,
        "site_class": "6-III-R13",
        "maz": "III",
        "maz_zone": "Semi-humid",
        "tz": null,
        "frost_risk": "Rare",
        "source_layer": "KCFP_SSMT_Kenya"
      }
    },
    {
      "type": "Feature",
      "geometry": {
        "type": "Polygon",
        "coordinates": [
          [
            [
              36.0711355113,
              -0.5330231561
            ],
            [
              36.0631729041,
              -0.5330193356
            ],
            [
              36.0631768415,
              -0.5246482101
            ],
            [
              36.0465460894,
              -0.5246403239
            ],
            [
              36.0465499864,
              -0.516269324
            ],
            [
              36.0382347153,
              -0.5162654278
            ],
            [
              36.0382423426,
              -0.4995235546
            ],
            [
              36.0299271556,
              -0.4995197743
            ],
            [
              36.0299381558,
              -0.4744071531
            ],
            [
              36.0133080325,
              -0.4743999408
            ],
            [
              36.0133185235,
              -0.4492877003
            ],
            [
              36.005003586,
              -0.4492842717
            ],
            [
              36.0050102807,
              -0.4325429038
            ],
            [
              35.9966954261,
              -0.4325395929
            ],
            [
              35.9966986876,
              -0.4241689741
            ],
            [
              35.9883839049,
              -0.4241657175
            ],
            [
              35.9883871114,
              -0.4157951618
            ],
            [
              35.9967018853,
              -0.4157983542
            ],
            [
              35.9967050193,
              -0.407427734
            ],
            [
              35.988390254,
              -0.4074246059
            ],
            [
              35.9883963475,
              -0.3906834935
            ],
            [
              35.980081663,
              -0.3906804874
            ],
            [
              35.980084622,
              -0.3823099954
            ],
            [
              35.9751296052,
              -0.382308237
            ],
            [
              35.9707198662,
              -0.3848958484
            ],
            [
              35.9658298602,
              -0.3877658508
            ],
            [
              35.9575077817,
              -0.3983220664
            ],
            [
              35.9564826046,
              -0.4157663388
            ],
            [
              35.9634510847,
              -0.4157690424
            ],
            [
              35.9634413964,
              -0.4403776502
            ],
            [
              35.9637116004,
              -0.4408803353
            ],
            [
              35.9717558337,
              -0.4408836363
            ],
            [
              35.9717524169,
              -0.4492540949
            ],
            [
              35.9800671306,
              -0.4492575623
            ],
            [
              35.980061877,
              -0.4618658001
            ],
            [
              35.9949145476,
              -0.4689231005
            ],
            [
              35.9985810836,
              -0.4684827439
            ],
            [
              36.0086017554,
              -0.4738569713
            ],
            [
              36.0147299892,
              -0.480813272
            ],
            [
              36.0211502735,
              -0.5067005519
            ],
            [
              36.040221169,
              -0.5252776749
            ],
            [
              36.0561163452,
              -0.5394576676
            ],
            [
              36.0579689451,
              -0.5639215778
            ],
            [
              36.0627156784,
              -0.5748588433
            ],
            [
              36.0631605793,
              -0.574859073
            ],
            [
              36.0631600554,
              -0.5758827772
            ],
            [
              36.066506279,
              -0.5835931985
            ],
            [
              36.0680737572,
              -0.5916040063
            ],
            [
              36.0714674899,
              -0.591605812
            ],
            [
              36.0714629417,
              -0.6002112003
            ],
            [
              36.0749243736,
              -0.6036004374
            ],
            [
              36.0795456602,
              -0.5845981667
            ],
            [
              36.0762033109,
              -0.5732707567
            ],
            [
              36.0754921986,
              -0.5665101172
            ],
            [
              36.0714720577,
              -0.5665080716
            ],
            [
              36.0714874283,
              -0.535042894
            ],
            [
              36.0711355113,
              -0.5330231561
            ]
          ]
        ]
      },
      "properties": {
        "country": "Kenya",
        "country_code": "KEN",
        "species_name": "Eucalyptus_nitens",
        "genus": "Eucalyptus",
        "species": "nitens",
        "suitability_name": "Moderately suitable",
        "suitability_rank": 2,
        "soil_suitability": "S1",
        "soil_type": "Pv9",
        "soil_description": null,
        "site_class": "6-III-Pv9",
        "maz": "III",
        "maz_zone": "Semi-humid",
        "tz": null,
        "frost_risk": "Rare",
        "source_layer": "KCFP_SSMT_Kenya"
      }
    },
    {
      "type": "Feature",
      "geometry": {
        "type": "Polygon",
        "coordinates": [
          [
            [
              36.279457556,
              -0.39352599
            ],
            [
              36.2746138816,
              -0.3924783987
            ],
            [
              36.2707014667,
              -0.3991367484
            ],
            [
              36.2711388656,
              -0.3991368955
            ],
            [
              36.2711340053,
              -0.413610452
            ],
            [
              36.2716043386,
              -0.4158824063
            ],
            [
              36.2794501014,
              -0.4158851345
            ],
            [
              36.2794472039,
              -0.4242578663
            ],
            [
              36.2877641443,
              -0.4242608078
            ],
            [
              36.287761198,
              -0.4326335974
            ],
            [
              36.3043952712,
              -0.4326395682
            ],
            [
              36.3043922857,
              -0.4410124732
            ],
            [
              36.3127094165,
              -0.4410155028
            ],
            [
              36.3127063841,
              -0.4493884651
            ],
            [
              36.3210235813,
              -0.4493915428
            ],
            [
              36.3210205004,
              -0.4577645613
            ],
            [
              36.3314762584,
              -0.4577684886
            ],
            [
              36.3304513318,
              -0.4507551234
            ],
            [
              36.3355589984,
              -0.4427103773
            ],
            [
              36.3492902267,
              -0.4434858769
            ],
            [
              36.3505378745,
              -0.4310346117
            ],
            [
              36.3452537148,
              -0.4159077075
            ],
            [
              36.3293525546,
              -0.4159023034
            ],
            [
              36.3293546122,
              -0.4097388344
            ],
            [
              36.324343627,
              -0.4147133719
            ],
            [
              36.3202660679,
              -0.4091477972
            ],
            [
              36.3195904036,
              -0.3991529477
            ],
            [
              36.3127237275,
              -0.3991506902
            ],
            [
              36.3127209803,
              -0.4075236526
            ],
            [
              36.3058670572,
              -0.4075213471
            ],
            [
              36.305577903,
              -0.4132123822
            ],
            [
              36.3015843516,
              -0.4256494752
            ],
            [
              36.2977481656,
              -0.4184708502
            ],
            [
              36.2934497618,
              -0.4075171526
            ],
            [
              36.287769864,
              -0.407515228
            ],
            [
              36.2877726385,
              -0.3991424387
            ],
            [
              36.2794557222,
              -0.3991396713
            ],
            [
              36.279457556,
              -0.39352599
            ]
          ]
        ]
      },
      "properties": {
        "country": "Kenya",
        "country_code": "KEN",
        "species_name": "Eucalyptus_nitens",
        "genus": "Eucalyptus",
        "species": "nitens",
        "suitability_name": "Moderately suitable",
        "suitability_rank": 2,
        "soil_suitability": "S2",
        "soil_type": "L20",
        "soil_description": null,
        "site_class": "6-III-L20",
        "maz": "III",
        "maz_zone": "Semi-humid",
        "tz": null,
        "frost_risk": "Rare",
        "source_layer": "KCFP_SSMT_Kenya"
      }
    },
    {
      "type": "Feature",
      "geometry": {
        "type": "Polygon",
        "coordinates": [
          [
            [
              36.3625985938,
              -0.4812327734
            ],
            [
              36.359321399,
              -0.4760883479
            ],
            [
              36.3561964233,
              -0.4828974942
            ],
            [
              36.362597952,
              -0.4829
            ],
            [
              36.3625985938,
              -0.4812327734
            ]
          ]
        ]
      },
      "properties": {
        "country": "Kenya",
        "country_code": "KEN",
        "species_name": "Eucalyptus_nitens",
        "genus": "Eucalyptus",
        "species": "nitens",
        "suitability_name": "Moderately suitable",
        "suitability_rank": 2,
        "soil_suitability": "S2",
        "soil_type": "L20",
        "soil_description": null,
        "site_class": "6-III-L20",
        "maz": "III",
        "maz_zone": "Semi-humid",
        "tz": null,
        "frost_risk": "Rare",
        "source_layer": "KCFP_SSMT_Kenya"
      }
    },
    {
      "type": "Feature",
      "geometry": {
        "type": "Polygon",
        "coordinates": [
          [
            [
              36.4374348303,
              -0.5415454548
            ],
            [
              36.4457529769,
              -0.5415489913
            ],
            [
              36.445756457,
              -0.5331751354
            ],
            [
              36.4374383218,
              -0.5331716535
            ],
            [
              36.4374348303,
              -0.5415454548
            ]
          ]
        ]
      },
      "properties": {
        "country": "Kenya",
        "country_code": "KEN",
        "species_name": "Eucalyptus_nitens",
        "genus": "Eucalyptus",
        "species": "nitens",
        "suitability_name": "Moderately suitable",
        "suitability_rank": 2,
        "soil_suitability": "S2",
        "soil_type": "L20",
        "soil_description": null,
        "site_class": "6-III-L20",
        "maz": "III",
        "maz_zone": "Semi-humid",
        "tz": null,
        "frost_risk": "Rare",
        "source_layer": "KCFP_SSMT_Kenya"
      }
    },
    {
      "type": "Feature",
      "geometry": {
        "type": "Polygon",
        "coordinates": [
          [
            [
              36.4347988315,
              -0.50804919
            ],
            [
              36.433269514,
              -0.5049499284
            ],
            [
              36.4240818796,
              -0.5083530592
            ],
            [
              36.4219110008,
              -0.5219571674
            ],
            [
              36.4224666543,
              -0.5374236545
            ],
            [
              36.426845097,
              -0.5499146677
            ],
            [
              36.4291131799,
              -0.5499156521
            ],
            [
              36.4291103975,
              -0.5563773511
            ],
            [
              36.4298441053,
              -0.5584705667
            ],
            [
              36.4374196997,
              -0.5764298083
            ],
            [
              36.4374348303,
              -0.5415454548
            ],
            [
              36.4291167373,
              -0.5415419069
            ],
            [
              36.4291304208,
              -0.5080469215
            ],
            [
              36.4347988315,
              -0.50804919
            ]
          ]
        ]
      },
      "properties": {
        "country": "Kenya",
        "country_code": "KEN",
        "species_name": "Eucalyptus_nitens",
        "genus": "Eucalyptus",
        "species": "nitens",
        "suitability_name": "Moderately suitable",
        "suitability_rank": 2,
        "soil_suitability": "S2",
        "soil_type": "L20",
        "soil_description": null,
        "site_class": "6-III-L20",
        "maz": "III",
        "maz_zone": "Semi-humid",
        "tz": null,
        "frost_risk": "Rare",
        "source_layer": "KCFP_SSMT_Kenya"
      }
    },
    {
      "type": "Feature",
      "geometry": {
        "type": "Polygon",
        "coordinates": [
          [
            [
              36.4457287624,
              -0.5965692866
            ],
            [
              36.4457347633,
              -0.5834182655
            ],
            [
              36.440366479,
              -0.583415809
            ],
            [
              36.4410704,
              -0.5850846238
            ],
            [
              36.4457287624,
              -0.5965692866
            ]
          ]
        ]
      },
      "properties": {
        "country": "Kenya",
        "country_code": "KEN",
        "species_name": "Eucalyptus_nitens",
        "genus": "Eucalyptus",
        "species": "nitens",
        "suitability_name": "Moderately suitable",
        "suitability_rank": 2,
        "soil_suitability": "S2",
        "soil_type": "L20",
        "soil_description": null,
        "site_class": "6-III-L20",
        "maz": "III",
        "maz_zone": "Semi-humid",
        "tz": null,
        "frost_risk": "Rare",
        "source_layer": "KCFP_SSMT_Kenya"
      }
    },
    {
      "type": "Feature",
      "geometry": {
        "type": "Polygon",
        "coordinates": [
          [
            [
              36.4540374611,
              -0.6170540417
            ],
            [
              36.4540414814,
              -0.608543788
            ],
            [
              36.4505850384,
              -0.6085421446
            ],
            [
              36.4540374611,
              -0.6170540417
            ]
          ]
        ]
      },
      "properties": {
        "country": "Kenya",
        "country_code": "KEN",
        "species_name": "Eucalyptus_nitens",
        "genus": "Eucalyptus",
        "species": "nitens",
        "suitability_name": "Moderately suitable",
        "suitability_rank": 2,
        "soil_suitability": "S2",
        "soil_type": "L20",
        "soil_description": null,
        "site_class": "6-III-L20",
        "maz": "III",
        "maz_zone": "Semi-humid",
        "tz": null,
        "frost_risk": "Rare",
        "source_layer": "KCFP_SSMT_Kenya"
      }
    },
    {
      "type": "Feature",
      "geometry": {
        "type": "Polygon",
        "coordinates": [
          [
            [
              36.4616565361,
              -0.6280955125
            ],
            [
              36.4618376424,
              -0.6252954103
            ],
            [
              36.4596730689,
              -0.6252943557
            ],
            [
              36.4616565361,
              -0.6280955125
            ]
          ]
        ]
      },
      "properties": {
        "country": "Kenya",
        "country_code": "KEN",
        "species_name": "Eucalyptus_nitens",
        "genus": "Eucalyptus",
        "species": "nitens",
        "suitability_name": "Moderately suitable",
        "suitability_rank": 2,
        "soil_suitability": "S2",
        "soil_type": "L20",
        "soil_description": null,
        "site_class": "6-III-L20",
        "maz": "III",
        "maz_zone": "Semi-humid",
        "tz": null,
        "frost_risk": "Rare",
        "source_layer": "KCFP_SSMT_Kenya"
      }
    },
    {
      "type": "Feature",
      "geometry": {
        "type": "Polygon",
        "coordinates": [
          [
            [
              36.5784534399,
              -1.1613313263
            ],
            [
              36.5784637199,
              -1.1613313352
            ],
            [
              36.5784605457,
              -1.1529566497
            ],
            [
              36.5784534399,
              -1.1613313263
            ]
          ]
        ]
      },
      "properties": {
        "country": "Kenya",
        "country_code": "KEN",
        "species_name": "Eucalyptus_nitens",
        "genus": "Eucalyptus",
        "species": "nitens",
        "suitability_name": "Moderately suitable",
        "suitability_rank": 2,
        "soil_suitability": "S1",
        "soil_type": "R3",
        "soil_description": null,
        "site_class": "6-III-R3",
        "maz": "III",
        "maz_zone": "Semi-humid",
        "tz": null,
        "frost_risk": "Rare",
        "source_layer": "KCFP_SSMT_Kenya"
      }
    },
    {
      "type": "Feature",
      "geometry": {
        "type": "Polygon",
        "coordinates": [
          [
            [
              36.6033593909,
              -1.2367395656
            ],
            [
              36.5950387017,
              -1.2367186415
            ],
            [
              36.5950433396,
              -1.219969081
            ],
            [
              36.5950283446,
              -1.2367319776
            ],
            [
              36.6033593909,
              -1.2367395656
            ]
          ]
        ]
      },
      "properties": {
        "country": "Kenya",
        "country_code": "KEN",
        "species_name": "Eucalyptus_nitens",
        "genus": "Eucalyptus",
        "species": "nitens",
        "suitability_name": "Moderately suitable",
        "suitability_rank": 2,
        "soil_suitability": "S1",
        "soil_type": "R3",
        "soil_description": null,
        "site_class": "6-III-R3",
        "maz": "III",
        "maz_zone": "Semi-humid",
        "tz": null,
        "frost_risk": "Rare",
        "source_layer": "KCFP_SSMT_Kenya"
      }
    },
    {
      "type": "Feature",
      "geometry": {
        "type": "Polygon",
        "coordinates": [
          [
            [
              36.4706525843,
              -0.6613107795
            ],
            [
              36.4704231238,
              -0.6612023144
            ],
            [
              36.4630833632,
              -0.6625448978
            ],
            [
              36.4598340603,
              -0.6678323518
            ],
            [
              36.466780267,
              -0.6851841061
            ],
            [
              36.4749229373,
              -0.6977045761
            ],
            [
              36.4794178865,
              -0.7074212378
            ],
            [
              36.481188903,
              -0.7143598816
            ],
            [
              36.4817747489,
              -0.7261299951
            ],
            [
              36.4810964735,
              -0.7519834815
            ],
            [
              36.4867105856,
              -0.7651694188
            ],
            [
              36.4955465622,
              -0.7748432505
            ],
            [
              36.4955651408,
              -0.742550206
            ],
            [
              36.4872463473,
              -0.7425454522
            ],
            [
              36.4872781572,
              -0.6839266099
            ],
            [
              36.4789595211,
              -0.6839222162
            ],
            [
              36.4789638662,
              -0.6755481481
            ],
            [
              36.470645298,
              -0.6755437938
            ],
            [
              36.4706525843,
              -0.6613107795
            ]
          ]
        ]
      },
      "properties": {
        "country": "Kenya",
        "country_code": "KEN",
        "species_name": "Eucalyptus_nitens",
        "genus": "Eucalyptus",
        "species": "nitens",
        "suitability_name": "Moderately suitable",
        "suitability_rank": 2,
        "soil_suitability": "S2",
        "soil_type": "L20",
        "soil_description": null,
        "site_class": "6-III-L20",
        "maz": "III",
        "maz_zone": "Semi-humid",
        "tz": null,
        "frost_risk": "Rare",
        "source_layer": "KCFP_SSMT_Kenya"
      }
    },
    {
      "type": "Feature",
      "geometry": {
        "type": "Polygon",
        "coordinates": [
          [
            [
              36.4696329036,
              -0.7341766026
            ],
            [
              36.4655530776,
              -0.7223376806
            ],
            [
              36.4622964004,
              -0.7140396786
            ],
            [
              36.4622852069,
              -0.7341571305
            ],
            [
              36.4622950367,
              -0.7341571362
            ],
            [
              36.4622950281,
              -0.7341724137
            ],
            [
              36.4696329036,
              -0.7341766026
            ]
          ]
        ]
      },
      "properties": {
        "country": "Kenya",
        "country_code": "KEN",
        "species_name": "Eucalyptus_nitens",
        "genus": "Eucalyptus",
        "species": "nitens",
        "suitability_name": "Moderately suitable",
        "suitability_rank": 2,
        "soil_suitability": "S2",
        "soil_type": "L20",
        "soil_description": null,
        "site_class": "6-III-L20",
        "maz": "III",
        "maz_zone": "Semi-humid",
        "tz": null,
        "frost_risk": "Rare",
        "source_layer": "KCFP_SSMT_Kenya"
      }
    },
    {
      "type": "Feature",
      "geometry": {
        "type": "Polygon",
        "coordinates": [
          [
            [
              36.4955381673,
              -0.7890008412
            ],
            [
              36.4868450098,
              -0.7755628546
            ],
            [
              36.4742154388,
              -0.7535514886
            ],
            [
              36.4706017223,
              -0.7378350642
            ],
            [
              36.4705894155,
              -0.7592990924
            ],
            [
              36.4622707834,
              -0.7592941821
            ],
            [
              36.4622658795,
              -0.7676529577
            ],
            [
              36.4622757094,
              -0.7676529627
            ],
            [
              36.4622707329,
              -0.7760420356
            ],
            [
              36.4705795693,
              -0.7760470482
            ],
            [
              36.470550602,
              -0.8233409636
            ],
            [
              36.4794786471,
              -0.834363939
            ],
            [
              36.4858173629,
              -0.8427194589
            ],
            [
              36.4871850353,
              -0.84411983
            ],
            [
              36.4872119222,
              -0.8011642764
            ],
            [
              36.4955308295,
              -0.8011694065
            ],
            [
              36.4955381673,
              -0.7890008412
            ]
          ]
        ]
      },
      "properties": {
        "country": "Kenya",
        "country_code": "KEN",
        "species_name": "Eucalyptus_nitens",
        "genus": "Eucalyptus",
        "species": "nitens",
        "suitability_name": "Moderately suitable",
        "suitability_rank": 2,
        "soil_suitability": "S2",
        "soil_type": "L20",
        "soil_description": null,
        "site_class": "6-III-L20",
        "maz": "III",
        "maz_zone": "Semi-humid",
        "tz": null,
        "frost_risk": "Rare",
        "source_layer": "KCFP_SSMT_Kenya"
      }
    },
    {
      "type": "Feature",
      "geometry": {
        "type": "Polygon",
        "coordinates": [
          [
            [
              36.4871728275,
              -0.8629177456
            ],
            [
              36.4871760526,
              -0.8579902545
            ],
            [
              36.4859059222,
              -0.8586405001
            ],
            [
              36.4871728275,
              -0.8629177456
            ]
          ]
        ]
      },
      "properties": {
        "country": "Kenya",
        "country_code": "KEN",
        "species_name": "Eucalyptus_nitens",
        "genus": "Eucalyptus",
        "species": "nitens",
        "suitability_name": "Moderately suitable",
        "suitability_rank": 2,
        "soil_suitability": "S2",
        "soil_type": "L20",
        "soil_description": null,
        "site_class": "6-III-L20",
        "maz": "III",
        "maz_zone": "Semi-humid",
        "tz": null,
        "frost_risk": "Rare",
        "source_layer": "KCFP_SSMT_Kenya"
      }
    },
    {
      "type": "Feature",
      "geometry": {
        "type": "Polygon",
        "coordinates": [
          [
            [
              36.4954777355,
              -0.8842490648
            ],
            [
              36.4954828846,
              -0.8765369233
            ],
            [
              36.4920641266,
              -0.8765346181
            ],
            [
              36.4954777355,
              -0.8842490648
            ]
          ]
        ]
      },
      "properties": {
        "country": "Kenya",
        "country_code": "KEN",
        "species_name": "Eucalyptus_nitens",
        "genus": "Eucalyptus",
        "species": "nitens",
        "suitability_name": "Moderately suitable",
        "suitability_rank": 2,
        "soil_suitability": "S2",
        "soil_type": "L20",
        "soil_description": null,
        "site_class": "6-III-L20",
        "maz": "III",
        "maz_zone": "Semi-humid",
        "tz": null,
        "frost_risk": "Rare",
        "source_layer": "KCFP_SSMT_Kenya"
      }
    },
    {
      "type": "Feature",
      "geometry": {
        "type": "Polygon",
        "coordinates": [
          [
            [
              36.5037919363,
              -0.8916100652
            ],
            [
              36.5037964301,
              -0.8849167368
            ],
            [
              36.4957707657,
              -0.8849112887
            ],
            [
              36.4964338649,
              -0.8864098463
            ],
            [
              36.5037919363,
              -0.8916100652
            ]
          ]
        ]
      },
      "properties": {
        "country": "Kenya",
        "country_code": "KEN",
        "species_name": "Eucalyptus_nitens",
        "genus": "Eucalyptus",
        "species": "nitens",
        "suitability_name": "Moderately suitable",
        "suitability_rank": 2,
        "soil_suitability": "S2",
        "soil_type": "L20",
        "soil_description": null,
        "site_class": "6-III-L20",
        "maz": "III",
        "maz_zone": "Semi-humid",
        "tz": null,
        "frost_risk": "Rare",
        "source_layer": "KCFP_SSMT_Kenya"
      }
    },
    {
      "type": "Feature",
      "geometry": {
        "type": "Polygon",
        "coordinates": [
          [
            [
              36.5121084701,
              -0.8955862668
            ],
            [
              36.5121100129,
              -0.8932966378
            ],
            [
              36.5063127861,
              -0.8932926802
            ],
            [
              36.5121084701,
              -0.8955862668
            ]
          ]
        ]
      },
      "properties": {
        "country": "Kenya",
        "country_code": "KEN",
        "species_name": "Eucalyptus_nitens",
        "genus": "Eucalyptus",
        "species": "nitens",
        "suitability_name": "Moderately suitable",
        "suitability_rank": 2,
        "soil_suitability": "S2",
        "soil_type": "L20",
        "soil_description": null,
        "site_class": "6-III-L20",
        "maz": "III",
        "maz_zone": "Semi-humid",
        "tz": null,
        "frost_risk": "Rare",
        "source_layer": "KCFP_SSMT_Kenya"
      }
    },
    {
      "type": "Feature",
      "geometry": {
        "type": "Polygon",
        "coordinates": [
          [
            [
              36.1617200007,
              -0.7925933737
            ],
            [
              36.150605044,
              -0.784185667
            ],
            [
              36.1462078955,
              -0.7894636179
            ],
            [
              36.1481326233,
              -0.8040100478
            ],
            [
              36.1521322192,
              -0.8178745186
            ],
            [
              36.1520665915,
              -0.824107259
            ],
            [
              36.1522711325,
              -0.8260590453
            ],
            [
              36.1544836457,
              -0.8260606419
            ],
            [
              36.1544895753,
              -0.8176888165
            ],
            [
              36.1627975692,
              -0.8176947402
            ],
            [
              36.1628092027,
              -0.8009659841
            ],
            [
              36.1544926001,
              -0.8009601757
            ],
            [
              36.1544983485,
              -0.7925883817
            ],
            [
              36.1617200007,
              -0.7925933737
            ]
          ]
        ]
      },
      "properties": {
        "country": "Kenya",
        "country_code": "KEN",
        "species_name": "Eucalyptus_nitens",
        "genus": "Eucalyptus",
        "species": "nitens",
        "suitability_name": "Moderately suitable",
        "suitability_rank": 2,
        "soil_suitability": "S1",
        "soil_type": "L19",
        "soil_description": null,
        "site_class": "7-III-L19",
        "maz": "III",
        "maz_zone": "Semi-humid",
        "tz": null,
        "frost_risk": "Occasional",
        "source_layer": "KCFP_SSMT_Kenya"
      }
    },
    {
      "type": "Feature",
      "geometry": {
        "type": "Polygon",
        "coordinates": [
          [
            [
              36.1665171865,
              -0.8428131379
            ],
            [
              36.1696426369,
              -0.8299921249
            ],
            [
              36.1695035197,
              -0.817714462
            ],
            [
              36.1628062337,
              -0.8177096984
            ],
            [
              36.1627883267,
              -0.8428104033
            ],
            [
              36.1665171865,
              -0.8428131379
            ]
          ]
        ]
      },
      "properties": {
        "country": "Kenya",
        "country_code": "KEN",
        "species_name": "Eucalyptus_nitens",
        "genus": "Eucalyptus",
        "species": "nitens",
        "suitability_name": "Moderately suitable",
        "suitability_rank": 2,
        "soil_suitability": "S1",
        "soil_type": "L19",
        "soil_description": null,
        "site_class": "7-III-L19",
        "maz": "III",
        "maz_zone": "Semi-humid",
        "tz": null,
        "frost_risk": "Occasional",
        "source_layer": "KCFP_SSMT_Kenya"
      }
    },
    {
      "type": "Feature",
      "geometry": {
        "type": "Polygon",
        "coordinates": [
          [
            [
              36.1695035197,
              -0.817714462
            ],
            [
              36.1693915699,
              -0.8078426095
            ],
            [
              36.1662914796,
              -0.7960514039
            ],
            [
              36.1617200007,
              -0.7925933737
            ],
            [
              36.1544983485,
              -0.7925883817
            ],
            [
              36.1544926001,
              -0.8009601757
            ],
            [
              36.1628092027,
              -0.8009659841
            ],
            [
              36.1627975692,
              -0.8176947402
            ],
            [
              36.1628062442,
              -0.8176947463
            ],
            [
              36.1628062337,
              -0.8177096984
            ],
            [
              36.1695035197,
              -0.817714462
            ]
          ]
        ]
      },
      "properties": {
        "country": "Kenya",
        "country_code": "KEN",
        "species_name": "Eucalyptus_nitens",
        "genus": "Eucalyptus",
        "species": "nitens",
        "suitability_name": "Moderately suitable",
        "suitability_rank": 2,
        "soil_suitability": "S1",
        "soil_type": "L19",
        "soil_description": null,
        "site_class": "6-III-L19",
        "maz": "III",
        "maz_zone": "Semi-humid",
        "tz": null,
        "frost_risk": "Rare",
        "source_layer": "KCFP_SSMT_Kenya"
      }
    },
    {
      "type": "Feature",
      "geometry": {
        "type": "Polygon",
        "coordinates": [
          [
            [
              36.1841275163,
              -0.8846862206
            ],
            [
              36.184256662,
              -0.8836235049
            ],
            [
              36.18065132,
              -0.8778298389
            ],
            [
              36.1793975102,
              -0.876113557
            ],
            [
              36.1793910649,
              -0.8846825958
            ],
            [
              36.1841275163,
              -0.8846862206
            ]
          ]
        ]
      },
      "properties": {
        "country": "Kenya",
        "country_code": "KEN",
        "species_name": "Eucalyptus_nitens",
        "genus": "Eucalyptus",
        "species": "nitens",
        "suitability_name": "Moderately suitable",
        "suitability_rank": 2,
        "soil_suitability": "S1",
        "soil_type": "L19",
        "soil_description": null,
        "site_class": "7-III-L19",
        "maz": "III",
        "maz_zone": "Semi-humid",
        "tz": null,
        "frost_risk": "Occasional",
        "source_layer": "KCFP_SSMT_Kenya"
      }
    },
    {
      "type": "Feature",
      "geometry": {
        "type": "Polygon",
        "coordinates": [
          [
            [
              36.1741806018,
              -0.9349104218
            ],
            [
              36.1753592125,
              -0.938323225
            ],
            [
              36.185441741,
              -0.9370113328
            ],
            [
              36.1847630486,
              -0.92654694
            ],
            [
              36.1793586817,
              -0.9265426091
            ],
            [
              36.1793520262,
              -0.9349146106
            ],
            [
              36.1741806018,
              -0.9349104218
            ]
          ]
        ]
      },
      "properties": {
        "country": "Kenya",
        "country_code": "KEN",
        "species_name": "Eucalyptus_nitens",
        "genus": "Eucalyptus",
        "species": "nitens",
        "suitability_name": "Moderately suitable",
        "suitability_rank": 2,
        "soil_suitability": "S1",
        "soil_type": "L19",
        "soil_description": null,
        "site_class": "7-III-L19",
        "maz": "III",
        "maz_zone": "Semi-humid",
        "tz": null,
        "frost_risk": "Occasional",
        "source_layer": "KCFP_SSMT_Kenya"
      }
    },
    {
      "type": "Feature",
      "geometry": {
        "type": "Polygon",
        "coordinates": [
          [
            [
              36.5703177798,
              -0.9352235869
            ],
            [
              36.5703177898,
              -0.9352090809
            ],
            [
              36.5703075421,
              -0.9352090738
            ],
            [
              36.5703075321,
              -0.9352235788
            ],
            [
              36.5703177798,
              -0.9352235869
            ]
          ]
        ]
      },
      "properties": {
        "country": "Kenya",
        "country_code": "KEN",
        "species_name": "Eucalyptus_nitens",
        "genus": "Eucalyptus",
        "species": "nitens",
        "suitability_name": "Moderately suitable",
        "suitability_rank": 2,
        "soil_suitability": "S2",
        "soil_type": "L20",
        "soil_description": null,
        "site_class": "6-III-L20",
        "maz": "III",
        "maz_zone": "Semi-humid",
        "tz": null,
        "frost_risk": "Rare",
        "source_layer": "KCFP_SSMT_Kenya"
      }
    },
    {
      "type": "Feature",
      "geometry": {
        "type": "Polygon",
        "coordinates": [
          [
            [
              36.5786317355,
              -0.9436040348
            ],
            [
              36.5786317455,
              -0.9435895613
            ],
            [
              36.5786214662,
              -0.9435895541
            ],
            [
              36.5786214562,
              -0.9436040276
            ],
            [
              36.5786317355,
              -0.9436040348
            ]
          ]
        ]
      },
      "properties": {
        "country": "Kenya",
        "country_code": "KEN",
        "species_name": "Eucalyptus_nitens",
        "genus": "Eucalyptus",
        "species": "nitens",
        "suitability_name": "Moderately suitable",
        "suitability_rank": 2,
        "soil_suitability": "S2",
        "soil_type": "L20",
        "soil_description": null,
        "site_class": "6-III-L20",
        "maz": "III",
        "maz_zone": "Semi-humid",
        "tz": null,
        "frost_risk": "Rare",
        "source_layer": "KCFP_SSMT_Kenya"
      }
    },
    {
      "type": "Feature",
      "geometry": {
        "type": "Polygon",
        "coordinates": [
          [
            [
              36.5869457317,
              -0.9519845649
            ],
            [
              36.5869457409,
              -0.9519701239
            ],
            [
              36.5869354301,
              -0.9519701166
            ],
            [
              36.5869354209,
              -0.9519845585
            ],
            [
              36.5869457317,
              -0.9519845649
            ]
          ]
        ]
      },
      "properties": {
        "country": "Kenya",
        "country_code": "KEN",
        "species_name": "Eucalyptus_nitens",
        "genus": "Eucalyptus",
        "species": "nitens",
        "suitability_name": "Moderately suitable",
        "suitability_rank": 2,
        "soil_suitability": "S2",
        "soil_type": "L20",
        "soil_description": null,
        "site_class": "6-III-L20",
        "maz": "III",
        "maz_zone": "Semi-humid",
        "tz": null,
        "frost_risk": "Rare",
        "source_layer": "KCFP_SSMT_Kenya"
      }
    },
    {
      "type": "Feature",
      "geometry": {
        "type": "Polygon",
        "coordinates": [
          [
            [
              36.5952538854,
              -0.968739939
            ],
            [
              36.5952538965,
              -0.9687255612
            ],
            [
              36.5952435523,
              -0.9687255547
            ],
            [
              36.5952435422,
              -0.9687399307
            ],
            [
              36.5952538854,
              -0.968739939
            ]
          ]
        ]
      },
      "properties": {
        "country": "Kenya",
        "country_code": "KEN",
        "species_name": "Eucalyptus_nitens",
        "genus": "Eucalyptus",
        "species": "nitens",
        "suitability_name": "Moderately suitable",
        "suitability_rank": 2,
        "soil_suitability": "S2",
        "soil_type": "L20",
        "soil_description": null,
        "site_class": "6-III-L20",
        "maz": "III",
        "maz_zone": "Semi-humid",
        "tz": null,
        "frost_risk": "Rare",
        "source_layer": "KCFP_SSMT_Kenya"
      }
    },
    {
      "type": "Feature",
      "geometry": {
        "type": "Polygon",
        "coordinates": [
          [
            [
              36.6035313995,
              -1.0273553868
            ],
            [
              36.6035437738,
              -1.010619922
            ],
            [
              36.6035210228,
              -1.027355379
            ],
            [
              36.6035313995,
              -1.0273553868
            ]
          ]
        ]
      },
      "properties": {
        "country": "Kenya",
        "country_code": "KEN",
        "species_name": "Eucalyptus_nitens",
        "genus": "Eucalyptus",
        "species": "nitens",
        "suitability_name": "Moderately suitable",
        "suitability_rank": 2,
        "soil_suitability": "S2",
        "soil_type": "L20",
        "soil_description": null,
        "site_class": "6-III-L20",
        "maz": "III",
        "maz_zone": "Semi-humid",
        "tz": null,
        "frost_risk": "Rare",
        "source_layer": "KCFP_SSMT_Kenya"
      }
    },
    {
      "type": "Feature",
      "geometry": {
        "type": "Polygon",
        "coordinates": [
          [
            [
              36.1574437871,
              -1.0855900088
            ],
            [
              36.1610696123,
              -1.0767912831
            ],
            [
              36.1719008454,
              -1.0585772127
            ],
            [
              36.176743385,
              -1.0496951212
            ],
            [
              36.1724412862,
              -1.0370999265
            ],
            [
              36.1685837393,
              -1.0283813389
            ],
            [
              36.1663008277,
              -1.0148503486
            ],
            [
              36.1525578096,
              -1.0266784701
            ],
            [
              36.1339643095,
              -1.036618689
            ],
            [
              36.125907707,
              -1.0495877799
            ],
            [
              36.1223781196,
              -1.0733383315
            ],
            [
              36.1195337802,
              -1.0808712604
            ],
            [
              36.1159019642,
              -1.0904332871
            ],
            [
              36.1140643456,
              -1.0963495516
            ],
            [
              36.1126696003,
              -1.100840518
            ],
            [
              36.1126682046,
              -1.1022902997
            ],
            [
              36.1209852556,
              -1.1022984107
            ],
            [
              36.1209932726,
              -1.0939268462
            ],
            [
              36.1459447243,
              -1.0939508556
            ],
            [
              36.1459526096,
              -1.0855791058
            ],
            [
              36.1574437871,
              -1.0855900088
            ]
          ]
        ]
      },
      "properties": {
        "country": "Kenya",
        "country_code": "KEN",
        "species_name": "Eucalyptus_nitens",
        "genus": "Eucalyptus",
        "species": "nitens",
        "suitability_name": "Moderately suitable",
        "suitability_rank": 2,
        "soil_suitability": "S1",
        "soil_type": "L19",
        "soil_description": null,
        "site_class": "6-III-L19",
        "maz": "III",
        "maz_zone": "Semi-humid",
        "tz": null,
        "frost_risk": "Rare",
        "source_layer": "KCFP_SSMT_Kenya"
      }
    },
    {
      "type": "Feature",
      "geometry": {
        "type": "Polygon",
        "coordinates": [
          [
            [
              36.1126696003,
              -1.100840518
            ],
            [
              36.1140643456,
              -1.0963495516
            ],
            [
              36.1126731456,
              -1.0971516863
            ],
            [
              36.1126696003,
              -1.100840518
            ]
          ]
        ]
      },
      "properties": {
        "country": "Kenya",
        "country_code": "KEN",
        "species_name": "Eucalyptus_nitens",
        "genus": "Eucalyptus",
        "species": "nitens",
        "suitability_name": "Moderately suitable",
        "suitability_rank": 2,
        "soil_suitability": "S2",
        "soil_type": "L20",
        "soil_description": null,
        "site_class": "6-III-L20",
        "maz": "III",
        "maz_zone": "Semi-humid",
        "tz": null,
        "frost_risk": "Rare",
        "source_layer": "KCFP_SSMT_Kenya"
      }
    },
    {
      "type": "Feature",
      "geometry": {
        "type": "Polygon",
        "coordinates": [
          [
            [
              36.5785121481,
              -1.1029944331
            ],
            [
              36.5785018714,
              -1.1029905866
            ],
            [
              36.5784746028,
              -1.136207293
            ],
            [
              36.5785121481,
              -1.1029944331
            ]
          ]
        ]
      },
      "properties": {
        "country": "Kenya",
        "country_code": "KEN",
        "species_name": "Eucalyptus_nitens",
        "genus": "Eucalyptus",
        "species": "nitens",
        "suitability_name": "Moderately suitable",
        "suitability_rank": 2,
        "soil_suitability": "S2",
        "soil_type": "L20",
        "soil_description": null,
        "site_class": "6-III-L20",
        "maz": "III",
        "maz_zone": "Semi-humid",
        "tz": null,
        "frost_risk": "Rare",
        "source_layer": "KCFP_SSMT_Kenya"
      }
    },
    {
      "type": "Feature",
      "geometry": {
        "type": "Polygon",
        "coordinates": [
          [
            [
              35.9048455042,
              -1.018380869
            ],
            [
              35.9048374789,
              -1.0267507787
            ],
            [
              35.9131527437,
              -1.0267588789
            ],
            [
              35.9131607466,
              -1.0183889023
            ],
            [
              35.9048455042,
              -1.018380869
            ]
          ]
        ]
      },
      "properties": {
        "country": "Kenya",
        "country_code": "KEN",
        "species_name": "Eucalyptus_nitens",
        "genus": "Eucalyptus",
        "species": "nitens",
        "suitability_name": "Moderately suitable",
        "suitability_rank": 2,
        "soil_suitability": "S2",
        "soil_type": "R12",
        "soil_description": null,
        "site_class": "6-III-R12",
        "maz": "III",
        "maz_zone": "Semi-humid",
        "tz": null,
        "frost_risk": "Rare",
        "source_layer": "KCFP_SSMT_Kenya"
      }
    },
    {
      "type": "Feature",
      "geometry": {
        "type": "Polygon",
        "coordinates": [
          [
            [
              35.9048455042,
              -1.018380869
            ],
            [
              35.9048534619,
              -1.0100109579
            ],
            [
              35.9131686839,
              -1.0100189252
            ],
            [
              35.9131825718,
              -0.995204682
            ],
            [
              35.8978036971,
              -1.0039667547
            ],
            [
              35.8872280032,
              -1.0016242206
            ],
            [
              35.8799161481,
              -1.0016172156
            ],
            [
              35.8799081927,
              -1.009986928
            ],
            [
              35.8882232161,
              -1.0099949593
            ],
            [
              35.8882152149,
              -1.0183647378
            ],
            [
              35.9048455042,
              -1.018380869
            ]
          ]
        ]
      },
      "properties": {
        "country": "Kenya",
        "country_code": "KEN",
        "species_name": "Eucalyptus_nitens",
        "genus": "Eucalyptus",
        "species": "nitens",
        "suitability_name": "Moderately suitable",
        "suitability_rank": 2,
        "soil_suitability": "S2",
        "soil_type": "R12",
        "soil_description": null,
        "site_class": "6-III-R12",
        "maz": "III",
        "maz_zone": "Semi-humid",
        "tz": null,
        "frost_risk": "Rare",
        "source_layer": "KCFP_SSMT_Kenya"
      }
    },
    {
      "type": "Feature",
      "geometry": {
        "type": "Polygon",
        "coordinates": [
          [
            [
              35.8632788208,
              -1.0016012162
            ],
            [
              35.8632881014,
              -0.999750255
            ],
            [
              35.863280579,
              -0.9997520211
            ],
            [
              35.8632788208,
              -1.0016012162
            ]
          ]
        ]
      },
      "properties": {
        "country": "Kenya",
        "country_code": "KEN",
        "species_name": "Eucalyptus_nitens",
        "genus": "Eucalyptus",
        "species": "nitens",
        "suitability_name": "Moderately suitable",
        "suitability_rank": 2,
        "soil_suitability": "S2",
        "soil_type": "R12",
        "soil_description": null,
        "site_class": "6-III-R12",
        "maz": "III",
        "maz_zone": "Semi-humid",
        "tz": null,
        "frost_risk": "Rare",
        "source_layer": "KCFP_SSMT_Kenya"
      }
    },
    {
      "type": "Feature",
      "geometry": {
        "type": "Polygon",
        "coordinates": [
          [
            [
              36.0782578417,
              -1.0520289601
            ],
            [
              36.0732718626,
              -1.040786046
            ],
            [
              36.0685089118,
              -1.0284078315
            ],
            [
              36.0584382495,
              -1.0285728173
            ],
            [
              36.0545199114,
              -1.0293061059
            ],
            [
              36.0545066614,
              -1.0436353885
            ],
            [
              36.071139645,
              -1.043651035
            ],
            [
              36.0711318637,
              -1.0520222303
            ],
            [
              36.0782578417,
              -1.0520289601
            ]
          ]
        ]
      },
      "properties": {
        "country": "Kenya",
        "country_code": "KEN",
        "species_name": "Eucalyptus_nitens",
        "genus": "Eucalyptus",
        "species": "nitens",
        "suitability_name": "Moderately suitable",
        "suitability_rank": 2,
        "soil_suitability": "S2",
        "soil_type": "R12",
        "soil_description": null,
        "site_class": "6-III-R12",
        "maz": "III",
        "maz_zone": "Semi-humid",
        "tz": null,
        "frost_risk": "Rare",
        "source_layer": "KCFP_SSMT_Kenya"
      }
    },
    {
      "type": "Feature",
      "geometry": {
        "type": "Polygon",
        "coordinates": [
          [
            [
              36.0905096739,
              -1.068783188
            ],
            [
              36.087752365,
              -1.065716986
            ],
            [
              36.0877494801,
              -1.0687805528
            ],
            [
              36.0905096739,
              -1.068783188
            ]
          ]
        ]
      },
      "properties": {
        "country": "Kenya",
        "country_code": "KEN",
        "species_name": "Eucalyptus_nitens",
        "genus": "Eucalyptus",
        "species": "nitens",
        "suitability_name": "Moderately suitable",
        "suitability_rank": 2,
        "soil_suitability": "S2",
        "soil_type": "R12",
        "soil_description": null,
        "site_class": "6-III-R12",
        "maz": "III",
        "maz_zone": "Semi-humid",
        "tz": null,
        "frost_risk": "Rare",
        "source_layer": "KCFP_SSMT_Kenya"
      }
    },
    {
      "type": "Feature",
      "geometry": {
        "type": "Polygon",
        "coordinates": [
          [
            [
              36.1129222548,
              -1.0799458954
            ],
            [
              36.1043737135,
              -1.0787573725
            ],
            [
              36.104367277,
              -1.0855392817
            ],
            [
              36.1126842216,
              -1.0855472925
            ],
            [
              36.1126731456,
              -1.0971516863
            ],
            [
              36.1140643456,
              -1.0963495516
            ],
            [
              36.1159019642,
              -1.0904332871
            ],
            [
              36.1195337802,
              -1.0808712604
            ],
            [
              36.1129222548,
              -1.0799458954
            ]
          ]
        ]
      },
      "properties": {
        "country": "Kenya",
        "country_code": "KEN",
        "species_name": "Eucalyptus_nitens",
        "genus": "Eucalyptus",
        "species": "nitens",
        "suitability_name": "Moderately suitable",
        "suitability_rank": 2,
        "soil_suitability": "S2",
        "soil_type": "R12",
        "soil_description": null,
        "site_class": "6-III-R12",
        "maz": "III",
        "maz_zone": "Semi-humid",
        "tz": null,
        "frost_risk": "Rare",
        "source_layer": "KCFP_SSMT_Kenya"
      }
    },
    {
      "type": "Feature",
      "geometry": {
        "type": "Polygon",
        "coordinates": [
          [
            [
              35.4475784899,
              -1.0438632755
            ],
            [
              35.4475794393,
              -1.0430179912
            ],
            [
              35.4292995623,
              -1.0429971431
            ],
            [
              35.4260037723,
              -1.0448869918
            ],
            [
              35.4226418487,
              -1.0463823384
            ],
            [
              35.4226361946,
              -1.0513552728
            ],
            [
              35.4114902031,
              -1.0513423818
            ],
            [
              35.4113318826,
              -1.0514127996
            ],
            [
              35.4102474135,
              -1.0513409421
            ],
            [
              35.406014031,
              -1.051336035
            ],
            [
              35.4060044137,
              -1.0597016241
            ],
            [
              35.397693425,
              -1.0596918951
            ],
            [
              35.397685546,
              -1.0664815861
            ],
            [
              35.416346667,
              -1.0555599814
            ],
            [
              35.4319189165,
              -1.0515533579
            ],
            [
              35.4475784899,
              -1.0438632755
            ]
          ]
        ]
      },
      "properties": {
        "country": "Kenya",
        "country_code": "KEN",
        "species_name": "Eucalyptus_nitens",
        "genus": "Eucalyptus",
        "species": "nitens",
        "suitability_name": "Moderately suitable",
        "suitability_rank": 2,
        "soil_suitability": "S3",
        "soil_type": "F4",
        "soil_description": null,
        "site_class": "6-II-F4",
        "maz": "II",
        "maz_zone": "Sub-humid",
        "tz": null,
        "frost_risk": "Rare",
        "source_layer": "KCFP_SSMT_Kenya"
      }
    },
    {
      "type": "Feature",
      "geometry": {
        "type": "Polygon",
        "coordinates": [
          [
            [
              35.4475605183,
              -1.0597359268
            ],
            [
              35.4475633788,
              -1.0572261578
            ],
            [
              35.4369719883,
              -1.0597236709
            ],
            [
              35.4475605183,
              -1.0597359268
            ]
          ]
        ]
      },
      "properties": {
        "country": "Kenya",
        "country_code": "KEN",
        "species_name": "Eucalyptus_nitens",
        "genus": "Eucalyptus",
        "species": "nitens",
        "suitability_name": "Moderately suitable",
        "suitability_rank": 2,
        "soil_suitability": "S3",
        "soil_type": "F4",
        "soil_description": null,
        "site_class": "6-II-F4",
        "maz": "II",
        "maz_zone": "Sub-humid",
        "tz": null,
        "frost_risk": "Rare",
        "source_layer": "KCFP_SSMT_Kenya"
      }
    },
    {
      "type": "Feature",
      "geometry": {
        "type": "Polygon",
        "coordinates": [
          [
            [
              35.414209548,
              -1.1480316749
            ],
            [
              35.4142153538,
              -1.1433679679
            ],
            [
              35.4059040571,
              -1.1433574948
            ],
            [
              35.4058942372,
              -1.1512157531
            ],
            [
              35.4083500957,
              -1.1498313776
            ],
            [
              35.414209548,
              -1.1480316749
            ]
          ]
        ]
      },
      "properties": {
        "country": "Kenya",
        "country_code": "KEN",
        "species_name": "Eucalyptus_nitens",
        "genus": "Eucalyptus",
        "species": "nitens",
        "suitability_name": "Moderately suitable",
        "suitability_rank": 2,
        "soil_suitability": "S3",
        "soil_type": "F4",
        "soil_description": null,
        "site_class": "6-II-F4",
        "maz": "II",
        "maz_zone": "Sub-humid",
        "tz": null,
        "frost_risk": "Rare",
        "source_layer": "KCFP_SSMT_Kenya"
      }
    },
    {
      "type": "Feature",
      "geometry": {
        "type": "Polygon",
        "coordinates": [
          [
            [
              35.3975770778,
              -1.155904103
            ],
            [
              35.4049962713,
              -1.1517219382
            ],
            [
              35.3975823573,
              -1.1517125046
            ],
            [
              35.3975770778,
              -1.155904103
            ]
          ]
        ]
      },
      "properties": {
        "country": "Kenya",
        "country_code": "KEN",
        "species_name": "Eucalyptus_nitens",
        "genus": "Eucalyptus",
        "species": "nitens",
        "suitability_name": "Moderately suitable",
        "suitability_rank": 2,
        "soil_suitability": "S3",
        "soil_type": "F4",
        "soil_description": null,
        "site_class": "6-II-F4",
        "maz": "II",
        "maz_zone": "Sub-humid",
        "tz": null,
        "frost_risk": "Rare",
        "source_layer": "KCFP_SSMT_Kenya"
      }
    },
    {
      "type": "Feature",
      "geometry": {
        "type": "Polygon",
        "coordinates": [
          [
            [
              35.4141944326,
              -1.1600856674
            ],
            [
              35.41419608,
              -1.1587773162
            ],
            [
              35.4117242912,
              -1.1600825118
            ],
            [
              35.4141944326,
              -1.1600856674
            ]
          ]
        ]
      },
      "properties": {
        "country": "Kenya",
        "country_code": "KEN",
        "species_name": "Eucalyptus_nitens",
        "genus": "Eucalyptus",
        "species": "nitens",
        "suitability_name": "Moderately suitable",
        "suitability_rank": 2,
        "soil_suitability": "S3",
        "soil_type": "F4",
        "soil_description": null,
        "site_class": "6-II-F4",
        "maz": "II",
        "maz_zone": "Sub-humid",
        "tz": null,
        "frost_risk": "Rare",
        "source_layer": "KCFP_SSMT_Kenya"
      }
    },
    {
      "type": "Feature",
      "geometry": {
        "type": "Polygon",
        "coordinates": [
          [
            [
              35.6325022401,
              -1.4950741724
            ],
            [
              35.6411170588,
              -1.4778870959
            ],
            [
              35.647358935,
              -1.4660512613
            ],
            [
              35.6535683117,
              -1.459929381
            ],
            [
              35.6615507477,
              -1.4661584509
            ],
            [
              35.6734748088,
              -1.463037695
            ],
            [
              35.6835977694,
              -1.4523737533
            ],
            [
              35.6902961331,
              -1.4398550327
            ],
            [
              35.685996648,
              -1.4288600712
            ],
            [
              35.6872017987,
              -1.4185878198
            ],
            [
              35.684244995,
              -1.4130820063
            ],
            [
              35.6746364714,
              -1.413699004
            ],
            [
              35.6632413952,
              -1.4125837886
            ],
            [
              35.663219001,
              -1.4281784389
            ],
            [
              35.6549045795,
              -1.4281662629
            ],
            [
              35.6548924315,
              -1.4365340474
            ],
            [
              35.653178674,
              -1.4365315203
            ],
            [
              35.6502114165,
              -1.4461980933
            ],
            [
              35.6442490574,
              -1.44638156
            ],
            [
              35.6384965805,
              -1.4541088031
            ],
            [
              35.6268158143,
              -1.4556235681
            ],
            [
              35.6171995323,
              -1.4562398823
            ],
            [
              35.6132863518,
              -1.4599538054
            ],
            [
              35.6132839212,
              -1.4615746307
            ],
            [
              35.6215981061,
              -1.4615872465
            ],
            [
              35.621585551,
              -1.4699547409
            ],
            [
              35.6132713353,
              -1.4699420537
            ],
            [
              35.6132459477,
              -1.4866768949
            ],
            [
              35.6215602263,
              -1.4866897266
            ],
            [
              35.621547455,
              -1.4950572188
            ],
            [
              35.6325022401,
              -1.4950741724
            ]
          ]
        ]
      },
      "properties": {
        "country": "Kenya",
        "country_code": "KEN",
        "species_name": "Eucalyptus_nitens",
        "genus": "Eucalyptus",
        "species": "nitens",
        "suitability_name": "Moderately suitable",
        "suitability_rank": 2,
        "soil_suitability": "S1",
        "soil_type": "Uh16",
        "soil_description": null,
        "site_class": "6-III-Uh16",
        "maz": "III",
        "maz_zone": "Semi-humid",
        "tz": null,
        "frost_risk": "Rare",
        "source_layer": "KCFP_SSMT_Kenya"
      }
    },
    {
      "type": "Feature",
      "geometry": {
        "type": "Polygon",
        "coordinates": [
          [
            [
              35.7297516783,
              -1.4177943431
            ],
            [
              35.7153728762,
              -1.4151313334
            ],
            [
              35.718790626,
              -1.4183583299
            ],
            [
              35.718754455,
              -1.4252121474
            ],
            [
              35.7166466312,
              -1.4352431677
            ],
            [
              35.71820552,
              -1.444401351
            ],
            [
              35.7243864488,
              -1.4439842668
            ],
            [
              35.7297223322,
              -1.4385329058
            ],
            [
              35.7297250248,
              -1.4366431745
            ],
            [
              35.7214100112,
              -1.4366311698
            ],
            [
              35.7214219187,
              -1.4282628203
            ],
            [
              35.7297369022,
              -1.4282747541
            ],
            [
              35.7297516783,
              -1.4177943431
            ]
          ]
        ]
      },
      "properties": {
        "country": "Kenya",
        "country_code": "KEN",
        "species_name": "Eucalyptus_nitens",
        "genus": "Eucalyptus",
        "species": "nitens",
        "suitability_name": "Moderately suitable",
        "suitability_rank": 2,
        "soil_suitability": "S1",
        "soil_type": "F17",
        "soil_description": null,
        "site_class": "6-III-F17",
        "maz": "III",
        "maz_zone": "Semi-humid",
        "tz": null,
        "frost_risk": "Rare",
        "source_layer": "KCFP_SSMT_Kenya"
      }
    },
    {
      "type": "Feature",
      "geometry": {
        "type": "Polygon",
        "coordinates": [
          [
            [
              35.7379816224,
              -1.4772705697
            ],
            [
              35.7380162045,
              -1.4533921262
            ],
            [
              35.7338526453,
              -1.4533860639
            ],
            [
              35.733431713,
              -1.4668988103
            ],
            [
              35.7379816224,
              -1.4772705697
            ]
          ]
        ]
      },
      "properties": {
        "country": "Kenya",
        "country_code": "KEN",
        "species_name": "Eucalyptus_nitens",
        "genus": "Eucalyptus",
        "species": "nitens",
        "suitability_name": "Moderately suitable",
        "suitability_rank": 2,
        "soil_suitability": "S1",
        "soil_type": "F17",
        "soil_description": null,
        "site_class": "6-III-F17",
        "maz": "III",
        "maz_zone": "Semi-humid",
        "tz": null,
        "frost_risk": "Rare",
        "source_layer": "KCFP_SSMT_Kenya"
      }
    },
    {
      "type": "Feature",
      "geometry": {
        "type": "Polygon",
        "coordinates": [
          [
            [
              35.8541804241,
              -1.6272412868
            ],
            [
              35.854215893,
              -1.6042084032
            ],
            [
              35.8209495968,
              -1.6041566222
            ],
            [
              35.8209624932,
              -1.595787458
            ],
            [
              35.8126461212,
              -1.595774496
            ],
            [
              35.8126971684,
              -1.5622981082
            ],
            [
              35.8043809967,
              -1.5622853843
            ],
            [
              35.8043936217,
              -1.5539163543
            ],
            [
              35.779445613,
              -1.553878192
            ],
            [
              35.779470854,
              -1.53714054
            ],
            [
              35.7628393189,
              -1.5371152099
            ],
            [
              35.762851902,
              -1.5287465203
            ],
            [
              35.7545362702,
              -1.5287338772
            ],
            [
              35.7545612913,
              -1.5119966341
            ],
            [
              35.7396877962,
              -1.5119741854
            ],
            [
              35.7402321711,
              -1.5265788412
            ],
            [
              35.7505156621,
              -1.5293891734
            ],
            [
              35.7598675716,
              -1.537914819
            ],
            [
              35.7723783119,
              -1.5549075581
            ],
            [
              35.7849334428,
              -1.5600223536
            ],
            [
              35.7946555065,
              -1.5852263446
            ],
            [
              35.8053270389,
              -1.6033605259
            ],
            [
              35.826377749,
              -1.6067123001
            ],
            [
              35.8380368266,
              -1.6099889636
            ],
            [
              35.8541804241,
              -1.6272412868
            ]
          ]
        ]
      },
      "properties": {
        "country": "Kenya",
        "country_code": "KEN",
        "species_name": "Eucalyptus_nitens",
        "genus": "Eucalyptus",
        "species": "nitens",
        "suitability_name": "Moderately suitable",
        "suitability_rank": 2,
        "soil_suitability": "S1",
        "soil_type": "F17",
        "soil_description": null,
        "site_class": "6-III-F17",
        "maz": "III",
        "maz_zone": "Semi-humid",
        "tz": null,
        "frost_risk": "Rare",
        "source_layer": "KCFP_SSMT_Kenya"
      }
    },
    {
      "type": "Feature",
      "geometry": {
        "type": "Polygon",
        "coordinates": [
          [
            [
              35.4799305481,
              -1.663183604
            ],
            [
              35.4810415533,
              -1.662160184
            ],
            [
              35.4799323668,
              -1.6621581927
            ],
            [
              35.4799305481,
              -1.663183604
            ]
          ]
        ]
      },
      "properties": {
        "country": "Kenya",
        "country_code": "KEN",
        "species_name": "Eucalyptus_nitens",
        "genus": "Eucalyptus",
        "species": "nitens",
        "suitability_name": "Moderately suitable",
        "suitability_rank": 2,
        "soil_suitability": "S1",
        "soil_type": "F17",
        "soil_description": null,
        "site_class": "6-III-F17",
        "maz": "III",
        "maz_zone": "Semi-humid",
        "tz": null,
        "frost_risk": "Rare",
        "source_layer": "KCFP_SSMT_Kenya"
      }
    },
    {
      "type": "Feature",
      "geometry": {
        "type": "Polygon",
        "coordinates": [
          [
            [
              35.4716034979,
              -1.6706425011
            ],
            [
              35.4717523107,
              -1.6705096635
            ],
            [
              35.4716037357,
              -1.6705093948
            ],
            [
              35.4716034979,
              -1.6706425011
            ]
          ]
        ]
      },
      "properties": {
        "country": "Kenya",
        "country_code": "KEN",
        "species_name": "Eucalyptus_nitens",
        "genus": "Eucalyptus",
        "species": "nitens",
        "suitability_name": "Moderately suitable",
        "suitability_rank": 2,
        "soil_suitability": "S1",
        "soil_type": "F17",
        "soil_description": null,
        "site_class": "6-III-F17",
        "maz": "III",
        "maz_zone": "Semi-humid",
        "tz": null,
        "frost_risk": "Rare",
        "source_layer": "KCFP_SSMT_Kenya"
      }
    },
    {
      "type": "Feature",
      "geometry": {
        "type": "Polygon",
        "coordinates": [
          [
            [
              35.8041940252,
              -1.6858291281
            ],
            [
              35.8042044347,
              -1.6794401184
            ],
            [
              35.7958805556,
              -1.6794263933
            ],
            [
              35.804197117,
              -1.6794517355
            ],
            [
              35.8041867275,
              -1.685827855
            ],
            [
              35.8041940252,
              -1.6858291281
            ]
          ]
        ]
      },
      "properties": {
        "country": "Kenya",
        "country_code": "KEN",
        "species_name": "Eucalyptus_nitens",
        "genus": "Eucalyptus",
        "species": "nitens",
        "suitability_name": "Moderately suitable",
        "suitability_rank": 2,
        "soil_suitability": "S1",
        "soil_type": "Uh16",
        "soil_description": null,
        "site_class": "7-III-Uh16",
        "maz": "III",
        "maz_zone": "Semi-humid",
        "tz": null,
        "frost_risk": "Occasional",
        "source_layer": "KCFP_SSMT_Kenya"
      }
    },
    {
      "type": "Feature",
      "geometry": {
        "type": "Polygon",
        "coordinates": [
          [
            [
              35.7212433244,
              -1.5535596786
            ],
            [
              35.6919278521,
              -1.5255417958
            ],
            [
              35.6802527892,
              -1.5256925416
            ],
            [
              35.6861574435,
              -1.5369290846
            ],
            [
              35.7002470489,
              -1.5566740682
            ],
            [
              35.7045894371,
              -1.5683739724
            ],
            [
              35.7045992144,
              -1.5621180671
            ],
            [
              35.712914592,
              -1.5621311861
            ],
            [
              35.7129275768,
              -1.5537628843
            ],
            [
              35.7212429915,
              -1.5537759001
            ],
            [
              35.7212433244,
              -1.5535596786
            ]
          ]
        ]
      },
      "properties": {
        "country": "Kenya",
        "country_code": "KEN",
        "species_name": "Eucalyptus_nitens",
        "genus": "Eucalyptus",
        "species": "nitens",
        "suitability_name": "Moderately suitable",
        "suitability_rank": 2,
        "soil_suitability": "S1",
        "soil_type": "Uh16",
        "soil_description": null,
        "site_class": "6-III-Uh16",
        "maz": "III",
        "maz_zone": "Semi-humid",
        "tz": null,
        "frost_risk": "Rare",
        "source_layer": "KCFP_SSMT_Kenya"
      }
    },
    {
      "type": "Feature",
      "geometry": {
        "type": "Polygon",
        "coordinates": [
          [
            [
              35.7485485318,
              -1.5789242696
            ],
            [
              35.7378351611,
              -1.578907365
            ],
            [
              35.7378481864,
              -1.5705388549
            ],
            [
              35.7295325669,
              -1.5705257652
            ],
            [
              35.7295195086,
              -1.5788942055
            ],
            [
              35.7212039264,
              -1.5788810126
            ],
            [
              35.7212170178,
              -1.5705126432
            ],
            [
              35.7129015375,
              -1.5704994871
            ],
            [
              35.7128884131,
              -1.5788677864
            ],
            [
              35.708792984,
              -1.5788612601
            ],
            [
              35.7140432154,
              -1.5896696426
            ],
            [
              35.723380255,
              -1.5993350071
            ],
            [
              35.7377728342,
              -1.6051580727
            ],
            [
              35.7418196333,
              -1.6207206581
            ],
            [
              35.7460738736,
              -1.6276392958
            ],
            [
              35.7461114907,
              -1.6040262256
            ],
            [
              35.7710593711,
              -1.6040660263
            ],
            [
              35.771072469,
              -1.5956972412
            ],
            [
              35.7770044436,
              -1.5957066109
            ],
            [
              35.7733333553,
              -1.5923894245
            ],
            [
              35.7637027221,
              -1.5873168322
            ],
            [
              35.7544536459,
              -1.5873022324
            ],
            [
              35.7544612084,
              -1.582449187
            ],
            [
              35.7495826841,
              -1.5798795908
            ],
            [
              35.7485485318,
              -1.5789242696
            ]
          ]
        ]
      },
      "properties": {
        "country": "Kenya",
        "country_code": "KEN",
        "species_name": "Eucalyptus_nitens",
        "genus": "Eucalyptus",
        "species": "nitens",
        "suitability_name": "Moderately suitable",
        "suitability_rank": 2,
        "soil_suitability": "S1",
        "soil_type": "Uh16",
        "soil_description": null,
        "site_class": "6-III-Uh16",
        "maz": "III",
        "maz_zone": "Semi-humid",
        "tz": null,
        "frost_risk": "Rare",
        "source_layer": "KCFP_SSMT_Kenya"
      }
    },
    {
      "type": "Feature",
      "geometry": {
        "type": "Polygon",
        "coordinates": [
          [
            [
              35.7559909046,
              -1.63751674
            ],
            [
              35.7626901247,
              -1.6375276482
            ],
            [
              35.7627035322,
              -1.6291589353
            ],
            [
              35.7469926191,
              -1.62913345
            ],
            [
              35.747041818,
              -1.6292134621
            ],
            [
              35.7559909046,
              -1.63751674
            ]
          ]
        ]
      },
      "properties": {
        "country": "Kenya",
        "country_code": "KEN",
        "species_name": "Eucalyptus_nitens",
        "genus": "Eucalyptus",
        "species": "nitens",
        "suitability_name": "Moderately suitable",
        "suitability_rank": 2,
        "soil_suitability": "S1",
        "soil_type": "Uh16",
        "soil_description": null,
        "site_class": "6-III-Uh16",
        "maz": "III",
        "maz_zone": "Semi-humid",
        "tz": null,
        "frost_risk": "Rare",
        "source_layer": "KCFP_SSMT_Kenya"
      }
    },
    {
      "type": "Feature",
      "geometry": {
        "type": "Polygon",
        "coordinates": [
          [
            [
              35.9537603863,
              -1.7717535929
            ],
            [
              35.9538011369,
              -1.7466542332
            ],
            [
              35.9621192655,
              -1.7466677909
            ],
            [
              35.9621593425,
              -1.7215569537
            ],
            [
              35.9538413223,
              -1.7215435901
            ],
            [
              35.9538545891,
              -1.713173374
            ],
            [
              35.9455366707,
              -1.7131600392
            ],
            [
              35.9455499078,
              -1.7047898875
            ],
            [
              35.9372320902,
              -1.7047765818
            ],
            [
              35.9373359305,
              -1.6378158614
            ],
            [
              35.9207010526,
              -1.637790192
            ],
            [
              35.9207138084,
              -1.6294202296
            ],
            [
              35.9123965018,
              -1.6294074088
            ],
            [
              35.9123708561,
              -1.6461472002
            ],
            [
              35.8957363024,
              -1.6461211916
            ],
            [
              35.8957233117,
              -1.6544909542
            ],
            [
              35.8874060991,
              -1.6544778309
            ],
            [
              35.8873930076,
              -1.6628475263
            ],
            [
              35.8707587113,
              -1.6628210412
            ],
            [
              35.8707718725,
              -1.6544514783
            ],
            [
              35.8624548589,
              -1.6544382509
            ],
            [
              35.8624664575,
              -1.6470467085
            ],
            [
              35.8547921715,
              -1.647356466
            ],
            [
              35.848348785,
              -1.6539366819
            ],
            [
              35.8419406941,
              -1.653204615
            ],
            [
              35.8375192956,
              -1.6495650414
            ],
            [
              35.8375116637,
              -1.6543866419
            ],
            [
              35.8458285091,
              -1.6543999751
            ],
            [
              35.8458152426,
              -1.6627693683
            ],
            [
              35.8541321899,
              -1.6627827337
            ],
            [
              35.8541101523,
              -1.6766302795
            ],
            [
              35.8614771129,
              -1.6846497794
            ],
            [
              35.8622004481,
              -1.6962854114
            ],
            [
              35.8707054016,
              -1.6962992811
            ],
            [
              35.8706919079,
              -1.704668839
            ],
            [
              35.8790091998,
              -1.704682433
            ],
            [
              35.8789956745,
              -1.7130520568
            ],
            [
              35.8706783468,
              -1.713038396
            ],
            [
              35.8706647201,
              -1.7214079522
            ],
            [
              35.8789820839,
              -1.7214216798
            ],
            [
              35.8789547045,
              -1.7381609232
            ],
            [
              35.8724383119,
              -1.7381500667
            ],
            [
              35.8740140663,
              -1.7409526765
            ],
            [
              35.893541649,
              -1.7724000702
            ],
            [
              35.8975101955,
              -1.7809847792
            ],
            [
              35.9009324356,
              -1.7884162769
            ],
            [
              35.9038243449,
              -1.7884211916
            ],
            [
              35.903838353,
              -1.7800513762
            ],
            [
              35.9204741898,
              -1.7800794276
            ],
            [
              35.9204602567,
              -1.788449375
            ],
            [
              35.9287783109,
              -1.78846341
            ],
            [
              35.9287643492,
              -1.7968334222
            ],
            [
              35.9370825063,
              -1.7968474849
            ],
            [
              35.9370544628,
              -1.8135876379
            ],
            [
              35.9536911241,
              -1.8136159104
            ],
            [
              35.9537051023,
              -1.8052457038
            ],
            [
              35.9620234922,
              -1.8052597176
            ],
            [
              35.9620786073,
              -1.7717786224
            ],
            [
              35.9537682435,
              -1.7717648817
            ],
            [
              35.9537545437,
              -1.7801238477
            ],
            [
              35.9454362993,
              -1.7801099915
            ],
            [
              35.9454500558,
              -1.7717398149
            ],
            [
              35.9537603863,
              -1.7717535929
            ]
          ],
          [
            [
              35.9205776616,
              -1.7214783155
            ],
            [
              35.9122599355,
              -1.72146477
            ],
            [
              35.9122867624,
              -1.7047249282
            ],
            [
              35.9206044165,
              -1.704738341
            ],
            [
              35.9205776616,
              -1.7214783155
            ]
          ],
          [
            [
              35.8956839439,
              -1.6796002372
            ],
            [
              35.8956439823,
              -1.7047095128
            ],
            [
              35.887326557,
              -1.7046959909
            ],
            [
              35.8873399802,
              -1.6963262996
            ],
            [
              35.8790226577,
              -1.6963128083
            ],
            [
              35.8790493747,
              -1.6795735565
            ],
            [
              35.8956839439,
              -1.6796002372
            ]
          ]
        ]
      },
      "properties": {
        "country": "Kenya",
        "country_code": "KEN",
        "species_name": "Eucalyptus_nitens",
        "genus": "Eucalyptus",
        "species": "nitens",
        "suitability_name": "Moderately suitable",
        "suitability_rank": 2,
        "soil_suitability": "S1",
        "soil_type": "Uh16",
        "soil_description": null,
        "site_class": "6-III-Uh16",
        "maz": "III",
        "maz_zone": "Semi-humid",
        "tz": null,
        "frost_risk": "Rare",
        "source_layer": "KCFP_SSMT_Kenya"
      }
    },
    {
      "type": "Feature",
      "geometry": {
        "type": "Polygon",
        "coordinates": [
          [
            [
              35.821661303,
              -1.6376226963
            ],
            [
              35.8209055659,
              -1.6370807728
            ],
            [
              35.8209047132,
              -1.6376214888
            ],
            [
              35.821661303,
              -1.6376226963
            ]
          ]
        ]
      },
      "properties": {
        "country": "Kenya",
        "country_code": "KEN",
        "species_name": "Eucalyptus_nitens",
        "genus": "Eucalyptus",
        "species": "nitens",
        "suitability_name": "Moderately suitable",
        "suitability_rank": 2,
        "soil_suitability": "S1",
        "soil_type": "Uh16",
        "soil_description": null,
        "site_class": "6-III-Uh16",
        "maz": "III",
        "maz_zone": "Semi-humid",
        "tz": null,
        "frost_risk": "Rare",
        "source_layer": "KCFP_SSMT_Kenya"
      }
    },
    {
      "type": "Feature",
      "geometry": {
        "type": "Polygon",
        "coordinates": [
          [
            [
              35.833201076,
              -1.646010405
            ],
            [
              35.8321381574,
              -1.6451354406
            ],
            [
              35.8292128406,
              -1.6430377537
            ],
            [
              35.8292081534,
              -1.646004015
            ],
            [
              35.833201076,
              -1.646010405
            ]
          ]
        ]
      },
      "properties": {
        "country": "Kenya",
        "country_code": "KEN",
        "species_name": "Eucalyptus_nitens",
        "genus": "Eucalyptus",
        "species": "nitens",
        "suitability_name": "Moderately suitable",
        "suitability_rank": 2,
        "soil_suitability": "S1",
        "soil_type": "Uh16",
        "soil_description": null,
        "site_class": "6-III-Uh16",
        "maz": "III",
        "maz_zone": "Semi-humid",
        "tz": null,
        "frost_risk": "Rare",
        "source_layer": "KCFP_SSMT_Kenya"
      }
    },
    {
      "type": "Feature",
      "geometry": {
        "type": "Polygon",
        "coordinates": [
          [
            [
              35.7626580367,
              -1.657383967
            ],
            [
              35.7626766484,
              -1.6458963602
            ],
            [
              35.7590559225,
              -1.6458904373
            ],
            [
              35.7601983926,
              -1.6544424353
            ],
            [
              35.7626580367,
              -1.657383967
            ]
          ]
        ]
      },
      "properties": {
        "country": "Kenya",
        "country_code": "KEN",
        "species_name": "Eucalyptus_nitens",
        "genus": "Eucalyptus",
        "species": "nitens",
        "suitability_name": "Moderately suitable",
        "suitability_rank": 2,
        "soil_suitability": "S1",
        "soil_type": "Uh16",
        "soil_description": null,
        "site_class": "6-III-Uh16",
        "maz": "III",
        "maz_zone": "Semi-humid",
        "tz": null,
        "frost_risk": "Rare",
        "source_layer": "KCFP_SSMT_Kenya"
      }
    },
    {
      "type": "Feature",
      "geometry": {
        "type": "Polygon",
        "coordinates": [
          [
            [
              35.8041867275,
              -1.685827855
            ],
            [
              35.804197117,
              -1.6794517355
            ],
            [
              35.7958805556,
              -1.6794263933
            ],
            [
              35.7792548021,
              -1.6793988727
            ],
            [
              35.7792279031,
              -1.6957325749
            ],
            [
              35.7856277904,
              -1.6943789387
            ],
            [
              35.8014727966,
              -1.6853545045
            ],
            [
              35.8041867275,
              -1.685827855
            ]
          ]
        ]
      },
      "properties": {
        "country": "Kenya",
        "country_code": "KEN",
        "species_name": "Eucalyptus_nitens",
        "genus": "Eucalyptus",
        "species": "nitens",
        "suitability_name": "Moderately suitable",
        "suitability_rank": 2,
        "soil_suitability": "S1",
        "soil_type": "Uh16",
        "soil_description": null,
        "site_class": "6-III-Uh16",
        "maz": "III",
        "maz_zone": "Semi-humid",
        "tz": null,
        "frost_risk": "Rare",
        "source_layer": "KCFP_SSMT_Kenya"
      }
    },
    {
      "type": "Feature",
      "geometry": {
        "type": "Polygon",
        "coordinates": [
          [
            [
              35.7761100247,
              -1.6961313363
            ],
            [
              35.7762317553,
              -1.6963662762
            ],
            [
              35.7773328609,
              -1.6961333875
            ],
            [
              35.7761100247,
              -1.6961313363
            ]
          ]
        ]
      },
      "properties": {
        "country": "Kenya",
        "country_code": "KEN",
        "species_name": "Eucalyptus_nitens",
        "genus": "Eucalyptus",
        "species": "nitens",
        "suitability_name": "Moderately suitable",
        "suitability_rank": 2,
        "soil_suitability": "S1",
        "soil_type": "Uh16",
        "soil_description": null,
        "site_class": "6-III-Uh16",
        "maz": "III",
        "maz_zone": "Semi-humid",
        "tz": null,
        "frost_risk": "Rare",
        "source_layer": "KCFP_SSMT_Kenya"
      }
    },
    {
      "type": "Feature",
      "geometry": {
        "type": "Polygon",
        "coordinates": [
          [
            [
              35.8787112564,
              -1.8804443514
            ],
            [
              35.8703931728,
              -1.8804293548
            ],
            [
              35.8703631917,
              -1.8971684309
            ],
            [
              35.8620450971,
              -1.8971532607
            ],
            [
              35.8620299667,
              -1.9055227304
            ],
            [
              35.853711898,
              -1.9055074529
            ],
            [
              35.8536813567,
              -1.9222462552
            ],
            [
              35.8703177209,
              -1.922277039
            ],
            [
              35.8703024317,
              -1.9306465719
            ],
            [
              35.8869391439,
              -1.9306773257
            ],
            [
              35.8869995831,
              -1.8971986511
            ],
            [
              35.8786813546,
              -1.8971835611
            ],
            [
              35.8787112564,
              -1.8804443514
            ]
          ]
        ]
      },
      "properties": {
        "country": "Kenya",
        "country_code": "KEN",
        "species_name": "Eucalyptus_nitens",
        "genus": "Eucalyptus",
        "species": "nitens",
        "suitability_name": "Moderately suitable",
        "suitability_rank": 2,
        "soil_suitability": "S1",
        "soil_type": "Uh16",
        "soil_description": null,
        "site_class": "6-III-Uh16",
        "maz": "III",
        "maz_zone": "Semi-humid",
        "tz": null,
        "frost_risk": "Rare",
        "source_layer": "KCFP_SSMT_Kenya"
      }
    },
    {
      "type": "Feature",
      "geometry": {
        "type": "Polygon",
        "coordinates": [
          [
            [
              35.484269486,
              -1.6872648412
            ],
            [
              35.4857881258,
              -1.6839403362
            ],
            [
              35.4826396056,
              -1.6718157825
            ],
            [
              35.4860016606,
              -1.6621690803
            ],
            [
              35.4810415533,
              -1.662160184
            ],
            [
              35.4799305481,
              -1.663183604
            ],
            [
              35.4799174949,
              -1.6705244157
            ],
            [
              35.4717523107,
              -1.6705096635
            ],
            [
              35.4716034979,
              -1.6706425011
            ],
            [
              35.4715736972,
              -1.6872416869
            ],
            [
              35.484269486,
              -1.6872648412
            ]
          ]
        ]
      },
      "properties": {
        "country": "Kenya",
        "country_code": "KEN",
        "species_name": "Eucalyptus_nitens",
        "genus": "Eucalyptus",
        "species": "nitens",
        "suitability_name": "Moderately suitable",
        "suitability_rank": 2,
        "soil_suitability": "S1",
        "soil_type": "L27",
        "soil_description": null,
        "site_class": "6-III-L27",
        "maz": "III",
        "maz_zone": "Semi-humid",
        "tz": null,
        "frost_risk": "Rare",
        "source_layer": "KCFP_SSMT_Kenya"
      }
    },
    {
      "type": "Feature",
      "geometry": {
        "type": "Polygon",
        "coordinates": [
          [
            [
              35.4726371241,
              -0.9259048948
            ],
            [
              35.4726392798,
              -0.9237238751
            ],
            [
              35.4709107438,
              -0.9259031633
            ],
            [
              35.4726371241,
              -0.9259048948
            ]
          ]
        ]
      },
      "properties": {
        "country": "Kenya",
        "country_code": "KEN",
        "species_name": "Eucalyptus_nitens",
        "genus": "Eucalyptus",
        "species": "nitens",
        "suitability_name": "Moderately suitable",
        "suitability_rank": 2,
        "soil_suitability": "S3",
        "soil_type": "F4",
        "soil_description": null,
        "site_class": "6-II-F4",
        "maz": "II",
        "maz_zone": "Sub-humid",
        "tz": null,
        "frost_risk": "Rare",
        "source_layer": "KCFP_SSMT_Kenya"
      }
    },
    {
      "type": "Feature",
      "geometry": {
        "type": "Polygon",
        "coordinates": [
          [
            [
              36.262835185,
              -0.3572877574
            ],
            [
              36.2628351891,
              -0.3572710319
            ],
            [
              36.2628261299,
              -0.3572710291
            ],
            [
              36.2628261249,
              -0.3572877547
            ],
            [
              36.262835185,
              -0.3572877574
            ]
          ]
        ]
      },
      "properties": {
        "country": "Kenya",
        "country_code": "KEN",
        "species_name": "Eucalyptus_nitens",
        "genus": "Eucalyptus",
        "species": "nitens",
        "suitability_name": "Moderately suitable",
        "suitability_rank": 2,
        "soil_suitability": "S2",
        "soil_type": "Ux3",
        "soil_description": null,
        "site_class": "7-III-Ux3",
        "maz": "III",
        "maz_zone": "Semi-humid",
        "tz": null,
        "frost_risk": "Occasional",
        "source_layer": "KCFP_SSMT_Kenya"
      }
    },
    {
      "type": "Feature",
      "geometry": {
        "type": "Polygon",
        "coordinates": [
          [
            [
              36.2711468852,
              -0.3740355351
            ],
            [
              36.2711468894,
              -0.3740188727
            ],
            [
              36.2711377987,
              -0.3740188707
            ],
            [
              36.2711377927,
              -0.3740355322
            ],
            [
              36.2711468852,
              -0.3740355351
            ]
          ]
        ]
      },
      "properties": {
        "country": "Kenya",
        "country_code": "KEN",
        "species_name": "Eucalyptus_nitens",
        "genus": "Eucalyptus",
        "species": "nitens",
        "suitability_name": "Moderately suitable",
        "suitability_rank": 2,
        "soil_suitability": "S2",
        "soil_type": "Ux3",
        "soil_description": null,
        "site_class": "7-III-Ux3",
        "maz": "III",
        "maz_zone": "Semi-humid",
        "tz": null,
        "frost_risk": "Occasional",
        "source_layer": "KCFP_SSMT_Kenya"
      }
    },
    {
      "type": "Feature",
      "geometry": {
        "type": "Polygon",
        "coordinates": [
          [
            [
              36.2378904476,
              -0.3394585755
            ],
            [
              36.2378947991,
              -0.3237737494
            ],
            [
              36.2295783004,
              -0.3237714625
            ],
            [
              36.229580546,
              -0.3153990816
            ],
            [
              36.2212641138,
              -0.315396848
            ],
            [
              36.2212663063,
              -0.3070245253
            ],
            [
              36.2129499395,
              -0.3070223445
            ],
            [
              36.2129520794,
              -0.298650082
            ],
            [
              36.2212684398,
              -0.2986522025
            ],
            [
              36.2212702426,
              -0.2913898814
            ],
            [
              36.2172879681,
              -0.2928973082
            ],
            [
              36.212944483,
              -0.2935674449
            ],
            [
              36.2129410685,
              -0.3070392604
            ],
            [
              36.2212574029,
              -0.3070414413
            ],
            [
              36.2212497836,
              -0.3352370892
            ],
            [
              36.2378904476,
              -0.3394585755
            ]
          ]
        ]
      },
      "properties": {
        "country": "Kenya",
        "country_code": "KEN",
        "species_name": "Eucalyptus_nitens",
        "genus": "Eucalyptus",
        "species": "nitens",
        "suitability_name": "Moderately suitable",
        "suitability_rank": 2,
        "soil_suitability": "S2",
        "soil_type": "Ux3",
        "soil_description": null,
        "site_class": "6-III-Ux3",
        "maz": "III",
        "maz_zone": "Semi-humid",
        "tz": null,
        "frost_risk": "Rare",
        "source_layer": "KCFP_SSMT_Kenya"
      }
    },
    {
      "type": "Feature",
      "geometry": {
        "type": "Polygon",
        "coordinates": [
          [
            [
              36.2462048215,
              -0.3471304862
            ],
            [
              36.2462067165,
              -0.340521027
            ],
            [
              36.2408045156,
              -0.3405194707
            ],
            [
              36.2462048215,
              -0.3471304862
            ]
          ]
        ]
      },
      "properties": {
        "country": "Kenya",
        "country_code": "KEN",
        "species_name": "Eucalyptus_nitens",
        "genus": "Eucalyptus",
        "species": "nitens",
        "suitability_name": "Moderately suitable",
        "suitability_rank": 2,
        "soil_suitability": "S2",
        "soil_type": "Ux3",
        "soil_description": null,
        "site_class": "6-III-Ux3",
        "maz": "III",
        "maz_zone": "Semi-humid",
        "tz": null,
        "frost_risk": "Rare",
        "source_layer": "KCFP_SSMT_Kenya"
      }
    },
    {
      "type": "Feature",
      "geometry": {
        "type": "Polygon",
        "coordinates": [
          [
            [
              36.2628261299,
              -0.3572710291
            ],
            [
              36.2545184873,
              -0.3572685321
            ],
            [
              36.254520945,
              -0.348895975
            ],
            [
              36.2476453251,
              -0.3488939512
            ],
            [
              36.2543009544,
              -0.3570418313
            ],
            [
              36.2628314196,
              -0.3697810784
            ],
            [
              36.262835185,
              -0.3572877574
            ],
            [
              36.2628261249,
              -0.3572877547
            ],
            [
              36.2628261299,
              -0.3572710291
            ]
          ]
        ]
      },
      "properties": {
        "country": "Kenya",
        "country_code": "KEN",
        "species_name": "Eucalyptus_nitens",
        "genus": "Eucalyptus",
        "species": "nitens",
        "suitability_name": "Moderately suitable",
        "suitability_rank": 2,
        "soil_suitability": "S2",
        "soil_type": "Ux3",
        "soil_description": null,
        "site_class": "6-III-Ux3",
        "maz": "III",
        "maz_zone": "Semi-humid",
        "tz": null,
        "frost_risk": "Rare",
        "source_layer": "KCFP_SSMT_Kenya"
      }
    },
    {
      "type": "Feature",
      "geometry": {
        "type": "Polygon",
        "coordinates": [
          [
            [
              36.2711468852,
              -0.3740355351
            ],
            [
              36.2711377927,
              -0.3740355322
            ],
            [
              36.2711377987,
              -0.3740188707
            ],
            [
              36.2656679497,
              -0.3740171557
            ],
            [
              36.2701297487,
              -0.3806804696
            ],
            [
              36.2711449817,
              -0.3801441213
            ],
            [
              36.2711468852,
              -0.3740355351
            ]
          ]
        ]
      },
      "properties": {
        "country": "Kenya",
        "country_code": "KEN",
        "species_name": "Eucalyptus_nitens",
        "genus": "Eucalyptus",
        "species": "nitens",
        "suitability_name": "Moderately suitable",
        "suitability_rank": 2,
        "soil_suitability": "S2",
        "soil_type": "Ux3",
        "soil_description": null,
        "site_class": "6-III-Ux3",
        "maz": "III",
        "maz_zone": "Semi-humid",
        "tz": null,
        "frost_risk": "Rare",
        "source_layer": "KCFP_SSMT_Kenya"
      }
    }
  ]
}
