{
  "type": "FeatureCollection",
  "features": [
    {
      "type": "Feature",
      "geometry": {
        "type": "Polygon",
        "coordinates": [
          [
            [
              34.0064830858,
              4.127518163
            ],
            [
              34.0065449185,
              4.1345301763
            ],
            [
              34.0030144679,
              4.1345615829
            ],
            [
              34.0034836373,
              4.1308626089
            ],
            [
              34.0064830858,
              4.127518163
            ]
          ]
        ]
      },
      "properties": {
        "country": "Uganda",
        "country_code": "UGA",
        "species_name": "Eucalyptus_tereticornis",
        "genus": "Eucalyptus",
        "species": "tereticornis",
        "suitability_name": "Marginally suitable",
        "suitability_rank": 3,
        "soil_suitability": "S4",
        "soil_type": "Lithosols",
        "soil_description": "Not differentiated",
        "site_class": null,
        "maz": "III",
        "maz_zone": null,
        "tz": "4",
        "frost_risk": null,
        "source_layer": "SWIFT_SSMT_Uganda"
      }
    },
    {
      "type": "Feature",
      "geometry": {
        "type": "Polygon",
        "coordinates": [
          [
            [
              33.037373817,
              3.8827525957
            ],
            [
              33.0374000199,
              3.8864254587
            ],
            [
              33.0310967529,
              3.8911787044
            ],
            [
              33.0249181307,
              3.8912231787
            ],
            [
              33.0228276812,
              3.8900600002
            ],
            [
              33.0207268471,
              3.8886050802
            ],
            [
              33.0206860517,
              3.8828724798
            ],
            [
              33.037373817,
              3.8827525957
            ]
          ]
        ]
      },
      "properties": {
        "country": "Uganda",
        "country_code": "UGA",
        "species_name": "Eucalyptus_tereticornis",
        "genus": "Eucalyptus",
        "species": "tereticornis",
        "suitability_name": "Marginally suitable",
        "suitability_rank": 3,
        "soil_suitability": "S4",
        "soil_type": "Lithosols",
        "soil_description": "Not differentiated",
        "site_class": null,
        "maz": "I",
        "maz_zone": null,
        "tz": "6",
        "frost_risk": null,
        "source_layer": "SWIFT_SSMT_Uganda"
      }
    },
    {
      "type": "Feature",
      "geometry": {
        "type": "Polygon",
        "coordinates": [
          [
            [
              34.0538073194,
              3.8162804612
            ],
            [
              34.0538759728,
              3.8246437647
            ],
            [
              34.0372234602,
              3.824781676
            ],
            [
              34.0371549659,
              3.8164180712
            ],
            [
              34.0538073194,
              3.8162804612
            ]
          ]
        ]
      },
      "properties": {
        "country": "Uganda",
        "country_code": "UGA",
        "species_name": "Eucalyptus_tereticornis",
        "genus": "Eucalyptus",
        "species": "tereticornis",
        "suitability_name": "Marginally suitable",
        "suitability_rank": 3,
        "soil_suitability": "S4",
        "soil_type": "Lithosols",
        "soil_description": "Not differentiated",
        "site_class": null,
        "maz": "III",
        "maz_zone": null,
        "tz": "5",
        "frost_risk": null,
        "source_layer": "SWIFT_SSMT_Uganda"
      }
    },
    {
      "type": "Feature",
      "geometry": {
        "type": "Polygon",
        "coordinates": [
          [
            [
              34.0205643414,
              3.8241854257
            ],
            [
              34.0159635635,
              3.824701884
            ],
            [
              34.0156605658,
              3.8249597732
            ],
            [
              34.0122435588,
              3.8249879456
            ],
            [
              34.0121071976,
              3.8082598283
            ],
            [
              34.0204338231,
              3.8081914527
            ],
            [
              34.0205643414,
              3.8241854257
            ]
          ]
        ]
      },
      "properties": {
        "country": "Uganda",
        "country_code": "UGA",
        "species_name": "Eucalyptus_tereticornis",
        "genus": "Eucalyptus",
        "species": "tereticornis",
        "suitability_name": "Marginally suitable",
        "suitability_rank": 3,
        "soil_suitability": "S4",
        "soil_type": "Lithosols",
        "soil_description": "Not differentiated",
        "site_class": null,
        "maz": "III",
        "maz_zone": null,
        "tz": "5",
        "frost_risk": null,
        "source_layer": "SWIFT_SSMT_Uganda"
      }
    },
    {
      "type": "Feature",
      "geometry": {
        "type": "Polygon",
        "coordinates": [
          [
            [
              34.0536022678,
              3.7911905366
            ],
            [
              34.06192798,
              3.7911220662
            ],
            [
              34.0621332685,
              3.8162115367
            ],
            [
              34.0538073194,
              3.8162804612
            ],
            [
              34.0536022678,
              3.7911905366
            ]
          ]
        ]
      },
      "properties": {
        "country": "Uganda",
        "country_code": "UGA",
        "species_name": "Eucalyptus_tereticornis",
        "genus": "Eucalyptus",
        "species": "tereticornis",
        "suitability_name": "Marginally suitable",
        "suitability_rank": 3,
        "soil_suitability": "S4",
        "soil_type": "Lithosols",
        "soil_description": "Not differentiated",
        "site_class": null,
        "maz": "III",
        "maz_zone": null,
        "tz": "5",
        "frost_risk": null,
        "source_layer": "SWIFT_SSMT_Uganda"
      }
    },
    {
      "type": "Feature",
      "geometry": {
        "type": "Polygon",
        "coordinates": [
          [
            [
              34.0369503881,
              3.7913272393
            ],
            [
              34.0370184298,
              3.7996908529
            ],
            [
              34.0203657888,
              3.7998275401
            ],
            [
              34.0202979059,
              3.7914636252
            ],
            [
              34.003644819,
              3.7915996941
            ],
            [
              34.0037804208,
              3.8083281237
            ],
            [
              33.9871264172,
              3.8084644772
            ],
            [
              33.9870586996,
              3.8000999632
            ],
            [
              33.9953856977,
              3.8000319768
            ],
            [
              33.9952505539,
              3.7833032408
            ],
            [
              34.0285564111,
              3.7830317042
            ],
            [
              34.0286242219,
              3.7913954717
            ],
            [
              34.0369503881,
              3.7913272393
            ]
          ]
        ]
      },
      "properties": {
        "country": "Uganda",
        "country_code": "UGA",
        "species_name": "Eucalyptus_tereticornis",
        "genus": "Eucalyptus",
        "species": "tereticornis",
        "suitability_name": "Marginally suitable",
        "suitability_rank": 3,
        "soil_suitability": "S4",
        "soil_type": "Lithosols",
        "soil_description": "Not differentiated",
        "site_class": null,
        "maz": "III",
        "maz_zone": null,
        "tz": "5",
        "frost_risk": null,
        "source_layer": "SWIFT_SSMT_Uganda"
      }
    },
    {
      "type": "Feature",
      "geometry": {
        "type": "Polygon",
        "coordinates": [
          [
            [
              34.0452764043,
              3.7912589274
            ],
            [
              34.0452084351,
              3.7828954625
            ],
            [
              34.0535342203,
              3.7828272229
            ],
            [
              34.0536022678,
              3.7911905366
            ],
            [
              34.0452764043,
              3.7912589274
            ]
          ]
        ]
      },
      "properties": {
        "country": "Uganda",
        "country_code": "UGA",
        "species_name": "Eucalyptus_tereticornis",
        "genus": "Eucalyptus",
        "species": "tereticornis",
        "suitability_name": "Marginally suitable",
        "suitability_rank": 3,
        "soil_suitability": "S4",
        "soil_type": "Lithosols",
        "soil_description": "Not differentiated",
        "site_class": null,
        "maz": "III",
        "maz_zone": null,
        "tz": "5",
        "frost_risk": null,
        "source_layer": "SWIFT_SSMT_Uganda"
      }
    },
    {
      "type": "Feature",
      "geometry": {
        "type": "Polygon",
        "coordinates": [
          [
            [
              32.7110866052,
              3.7670775827
            ],
            [
              32.711035458,
              3.759250309
            ],
            [
              32.7193828792,
              3.759195282
            ],
            [
              32.7193281241,
              3.7508099864
            ],
            [
              32.736022439,
              3.7506999437
            ],
            [
              32.7361323879,
              3.7674700389
            ],
            [
              32.7184412371,
              3.7675871638
            ],
            [
              32.7110866052,
              3.7670775827
            ]
          ]
        ]
      },
      "properties": {
        "country": "Uganda",
        "country_code": "UGA",
        "species_name": "Eucalyptus_tereticornis",
        "genus": "Eucalyptus",
        "species": "tereticornis",
        "suitability_name": "Marginally suitable",
        "suitability_rank": 3,
        "soil_suitability": "S4",
        "soil_type": "Lithosols",
        "soil_description": "Not differentiated",
        "site_class": null,
        "maz": "III",
        "maz_zone": null,
        "tz": "3",
        "frost_risk": null,
        "source_layer": "SWIFT_SSMT_Uganda"
      }
    },
    {
      "type": "Feature",
      "geometry": {
        "type": "Polygon",
        "coordinates": [
          [
            [
              32.79467125,
              3.7838490069
            ],
            [
              32.8030176698,
              3.7837928129
            ],
            [
              32.8030563743,
              3.7895849884
            ],
            [
              32.7946949104,
              3.7873958235
            ],
            [
              32.79467125,
              3.7838490069
            ]
          ]
        ]
      },
      "properties": {
        "country": "Uganda",
        "country_code": "UGA",
        "species_name": "Eucalyptus_tereticornis",
        "genus": "Eucalyptus",
        "species": "tereticornis",
        "suitability_name": "Marginally suitable",
        "suitability_rank": 3,
        "soil_suitability": "S4",
        "soil_type": "Lithosols",
        "soil_description": "Not differentiated",
        "site_class": null,
        "maz": "III",
        "maz_zone": null,
        "tz": "3",
        "frost_risk": null,
        "source_layer": "SWIFT_SSMT_Uganda"
      }
    },
    {
      "type": "Feature",
      "geometry": {
        "type": "Polygon",
        "coordinates": [
          [
            [
              33.0620468108,
              3.8322917671
            ],
            [
              33.0622847419,
              3.8658120386
            ],
            [
              33.0539414763,
              3.8658720051
            ],
            [
              33.0538224123,
              3.8491116139
            ],
            [
              33.0371358139,
              3.8492307829
            ],
            [
              33.0371951195,
              3.8576112401
            ],
            [
              33.0121640064,
              3.8577897763
            ],
            [
              33.0122231993,
              3.8661706199
            ],
            [
              32.9871906787,
              3.866348812
            ],
            [
              32.9870729072,
              3.8495863479
            ],
            [
              32.9954170479,
              3.8495272894
            ],
            [
              32.9954759504,
              3.8579083936
            ],
            [
              33.0038200427,
              3.8578491256
            ],
            [
              33.0037610602,
              3.8494681508
            ],
            [
              33.0287923205,
              3.8492902467
            ],
            [
              33.0287332248,
              3.8409096569
            ],
            [
              33.0370766384,
              3.8408503241
            ],
            [
              33.0370175924,
              3.8324698618
            ],
            [
              33.0453607954,
              3.8324105767
            ],
            [
              33.0453017993,
              3.8240302422
            ],
            [
              33.0619876543,
              3.8239116928
            ],
            [
              33.0620468108,
              3.8322917671
            ]
          ]
        ]
      },
      "properties": {
        "country": "Uganda",
        "country_code": "UGA",
        "species_name": "Eucalyptus_tereticornis",
        "genus": "Eucalyptus",
        "species": "tereticornis",
        "suitability_name": "Marginally suitable",
        "suitability_rank": 3,
        "soil_suitability": "S4",
        "soil_type": "Lithosols",
        "soil_description": "Not differentiated",
        "site_class": null,
        "maz": "III",
        "maz_zone": null,
        "tz": "3",
        "frost_risk": null,
        "source_layer": "SWIFT_SSMT_Uganda"
      }
    },
    {
      "type": "Feature",
      "geometry": {
        "type": "Polygon",
        "coordinates": [
          [
            [
              32.9870729072,
              3.8495863479
            ],
            [
              32.9787286374,
              3.8496453243
            ],
            [
              32.9786700254,
              3.8412639595
            ],
            [
              32.9703257074,
              3.8413227278
            ],
            [
              32.9702779503,
              3.8344703278
            ],
            [
              32.9738656994,
              3.8373960183
            ],
            [
              32.9855722733,
              3.8337426148
            ],
            [
              32.9869507145,
              3.8321165042
            ],
            [
              32.9870729072,
              3.8495863479
            ]
          ]
        ]
      },
      "properties": {
        "country": "Uganda",
        "country_code": "UGA",
        "species_name": "Eucalyptus_tereticornis",
        "genus": "Eucalyptus",
        "species": "tereticornis",
        "suitability_name": "Marginally suitable",
        "suitability_rank": 3,
        "soil_suitability": "S4",
        "soil_type": "Lithosols",
        "soil_description": "Not differentiated",
        "site_class": null,
        "maz": "III",
        "maz_zone": null,
        "tz": "3",
        "frost_risk": null,
        "source_layer": "SWIFT_SSMT_Uganda"
      }
    },
    {
      "type": "Feature",
      "geometry": {
        "type": "Polygon",
        "coordinates": [
          [
            [
              32.9685369658,
              3.807807582
            ],
            [
              32.9617487425,
              3.8078549015
            ],
            [
              32.9615182766,
              3.7743283486
            ],
            [
              32.9698620839,
              3.774270689
            ],
            [
              32.9700828539,
              3.8063482032
            ],
            [
              32.9685369658,
              3.807807582
            ]
          ]
        ]
      },
      "properties": {
        "country": "Uganda",
        "country_code": "UGA",
        "species_name": "Eucalyptus_tereticornis",
        "genus": "Eucalyptus",
        "species": "tereticornis",
        "suitability_name": "Marginally suitable",
        "suitability_rank": 3,
        "soil_suitability": "S4",
        "soil_type": "Lithosols",
        "soil_description": "Not differentiated",
        "site_class": null,
        "maz": "III",
        "maz_zone": null,
        "tz": "3",
        "frost_risk": null,
        "source_layer": "SWIFT_SSMT_Uganda"
      }
    },
    {
      "type": "Feature",
      "geometry": {
        "type": "Polygon",
        "coordinates": [
          [
            [
              32.7946154115,
              3.7754648339
            ],
            [
              32.79467125,
              3.7838490069
            ],
            [
              32.7863247064,
              3.7839051202
            ],
            [
              32.7862689473,
              3.7755208226
            ],
            [
              32.7946154115,
              3.7754648339
            ]
          ]
        ]
      },
      "properties": {
        "country": "Uganda",
        "country_code": "UGA",
        "species_name": "Eucalyptus_tereticornis",
        "genus": "Eucalyptus",
        "species": "tereticornis",
        "suitability_name": "Marginally suitable",
        "suitability_rank": 3,
        "soil_suitability": "S4",
        "soil_type": "Lithosols",
        "soil_description": "Not differentiated",
        "site_class": null,
        "maz": "III",
        "maz_zone": null,
        "tz": "3",
        "frost_risk": null,
        "source_layer": "SWIFT_SSMT_Uganda"
      }
    },
    {
      "type": "Feature",
      "geometry": {
        "type": "Polygon",
        "coordinates": [
          [
            [
              32.9780674341,
              3.7540013751
            ],
            [
              32.9782057644,
              3.7742129508
            ],
            [
              32.9698620839,
              3.774270689
            ],
            [
              32.9695764952,
              3.7323630841
            ],
            [
              32.9612330809,
              3.7324201028
            ],
            [
              32.9611764261,
              3.7240384452
            ],
            [
              32.9528329623,
              3.7240952561
            ],
            [
              32.9528895382,
              3.7324770402
            ],
            [
              32.9445458672,
              3.732533901
            ],
            [
              32.9446024931,
              3.7409158116
            ],
            [
              32.9362586158,
              3.74097272
            ],
            [
              32.9363152913,
              3.749354756
            ],
            [
              32.9196269975,
              3.749468594
            ],
            [
              32.9195704789,
              3.7410863025
            ],
            [
              32.9279146117,
              3.7410295515
            ],
            [
              32.9278581415,
              3.7326473852
            ],
            [
              32.9362020683,
              3.7325906824
            ],
            [
              32.9360893566,
              3.7158265985
            ],
            [
              32.9444329988,
              3.7157700721
            ],
            [
              32.944376757,
              3.7073881538
            ],
            [
              32.9610635027,
              3.7072751242
            ],
            [
              32.9611199006,
              3.715656786
            ],
            [
              32.9688740142,
              3.715604036
            ],
            [
              32.9694871253,
              3.7191511365
            ],
            [
              32.9695197633,
              3.7239815569
            ],
            [
              32.970321158,
              3.7239760875
            ],
            [
              32.9724594841,
              3.7363451003
            ],
            [
              32.9753930597,
              3.7495378295
            ],
            [
              32.9780674341,
              3.7540013751
            ]
          ]
        ]
      },
      "properties": {
        "country": "Uganda",
        "country_code": "UGA",
        "species_name": "Eucalyptus_tereticornis",
        "genus": "Eucalyptus",
        "species": "tereticornis",
        "suitability_name": "Marginally suitable",
        "suitability_rank": 3,
        "soil_suitability": "S4",
        "soil_type": "Lithosols",
        "soil_description": "Not differentiated",
        "site_class": null,
        "maz": "III",
        "maz_zone": null,
        "tz": "3",
        "frost_risk": null,
        "source_layer": "SWIFT_SSMT_Uganda"
      }
    },
    {
      "type": "Feature",
      "geometry": {
        "type": "Polygon",
        "coordinates": [
          [
            [
              32.8028502919,
              3.7586406628
            ],
            [
              32.8029059591,
              3.767024715
            ],
            [
              32.7945596987,
              3.7670806585
            ],
            [
              32.7945041087,
              3.7586964816
            ],
            [
              32.8028502919,
              3.7586406628
            ]
          ]
        ]
      },
      "properties": {
        "country": "Uganda",
        "country_code": "UGA",
        "species_name": "Eucalyptus_tereticornis",
        "genus": "Eucalyptus",
        "species": "tereticornis",
        "suitability_name": "Marginally suitable",
        "suitability_rank": 3,
        "soil_suitability": "S4",
        "soil_type": "Lithosols",
        "soil_description": "Not differentiated",
        "site_class": null,
        "maz": "III",
        "maz_zone": null,
        "tz": "3",
        "frost_risk": null,
        "source_layer": "SWIFT_SSMT_Uganda"
      }
    },
    {
      "type": "Feature",
      "geometry": {
        "type": "Polygon",
        "coordinates": [
          [
            [
              32.8862488816,
              3.749695321
            ],
            [
              32.8863052121,
              3.7580781175
            ],
            [
              32.8779602867,
              3.758134729
            ],
            [
              32.8779040341,
              3.7497518049
            ],
            [
              32.8862488816,
              3.749695321
            ]
          ]
        ]
      },
      "properties": {
        "country": "Uganda",
        "country_code": "UGA",
        "species_name": "Eucalyptus_tereticornis",
        "genus": "Eucalyptus",
        "species": "tereticornis",
        "suitability_name": "Marginally suitable",
        "suitability_rank": 3,
        "soil_suitability": "S4",
        "soil_type": "Lithosols",
        "soil_description": "Not differentiated",
        "site_class": null,
        "maz": "III",
        "maz_zone": null,
        "tz": "3",
        "frost_risk": null,
        "source_layer": "SWIFT_SSMT_Uganda"
      }
    },
    {
      "type": "Feature",
      "geometry": {
        "type": "Polygon",
        "coordinates": [
          [
            [
              32.8194865793,
              3.7501449822
            ],
            [
              32.81954228,
              3.7585287867
            ],
            [
              32.8111963485,
              3.7585847639
            ],
            [
              32.8111407265,
              3.7502008343
            ],
            [
              32.8194865793,
              3.7501449822
            ]
          ]
        ]
      },
      "properties": {
        "country": "Uganda",
        "country_code": "UGA",
        "species_name": "Eucalyptus_tereticornis",
        "genus": "Eucalyptus",
        "species": "tereticornis",
        "suitability_name": "Marginally suitable",
        "suitability_rank": 3,
        "soil_suitability": "S4",
        "soil_type": "Lithosols",
        "soil_description": "Not differentiated",
        "site_class": null,
        "maz": "III",
        "maz_zone": null,
        "tz": "3",
        "frost_risk": null,
        "source_layer": "SWIFT_SSMT_Uganda"
      }
    },
    {
      "type": "Feature",
      "geometry": {
        "type": "Polygon",
        "coordinates": [
          [
            [
              32.9112262187,
              3.7411429757
            ],
            [
              32.9112826588,
              3.7495253946
            ],
            [
              32.8945936007,
              3.7496387572
            ],
            [
              32.8945373176,
              3.741256085
            ],
            [
              32.9112262187,
              3.7411429757
            ]
          ]
        ]
      },
      "properties": {
        "country": "Uganda",
        "country_code": "UGA",
        "species_name": "Eucalyptus_tereticornis",
        "genus": "Eucalyptus",
        "species": "tereticornis",
        "suitability_name": "Marginally suitable",
        "suitability_rank": 3,
        "soil_suitability": "S4",
        "soil_type": "Lithosols",
        "soil_description": "Not differentiated",
        "site_class": null,
        "maz": "III",
        "maz_zone": null,
        "tz": "3",
        "frost_risk": null,
        "source_layer": "SWIFT_SSMT_Uganda"
      }
    },
    {
      "type": "Feature",
      "geometry": {
        "type": "Polygon",
        "coordinates": [
          [
            [
              32.8444992647,
              3.7463558637
            ],
            [
              32.8445233874,
              3.749976952
            ],
            [
              32.8278323078,
              3.7500890512
            ],
            [
              32.8277766528,
              3.7417053695
            ],
            [
              32.8326810414,
              3.7416725372
            ],
            [
              32.8359893538,
              3.7440558309
            ],
            [
              32.8420480177,
              3.7461583215
            ],
            [
              32.8444992647,
              3.7463558637
            ]
          ]
        ]
      },
      "properties": {
        "country": "Uganda",
        "country_code": "UGA",
        "species_name": "Eucalyptus_tereticornis",
        "genus": "Eucalyptus",
        "species": "tereticornis",
        "suitability_name": "Marginally suitable",
        "suitability_rank": 3,
        "soil_suitability": "S4",
        "soil_type": "Lithosols",
        "soil_description": "Not differentiated",
        "site_class": null,
        "maz": "III",
        "maz_zone": null,
        "tz": "3",
        "frost_risk": null,
        "source_layer": "SWIFT_SSMT_Uganda"
      }
    },
    {
      "type": "Feature",
      "geometry": {
        "type": "Polygon",
        "coordinates": [
          [
            [
              33.5199494115,
              3.7284264772
            ],
            [
              33.5200735845,
              3.7451717985
            ],
            [
              33.5284081591,
              3.7451092485
            ],
            [
              33.5283459248,
              3.73673673
            ],
            [
              33.5366802813,
              3.7366742423
            ],
            [
              33.5366181088,
              3.7283018613
            ],
            [
              33.5199494115,
              3.7284264772
            ],
            [
              33.5199401495,
              3.7271743316
            ],
            [
              33.5240659374,
              3.7172465409
            ],
            [
              33.5253752015,
              3.71163988
            ],
            [
              33.544828169,
              3.7114949466
            ],
            [
              33.5447663409,
              3.7031226983
            ],
            [
              33.5531001052,
              3.7030606176
            ],
            [
              33.5531620104,
              3.7114327242
            ],
            [
              33.5614957119,
              3.7113704252
            ],
            [
              33.5614337288,
              3.7029984578
            ],
            [
              33.5697672123,
              3.7029362217
            ],
            [
              33.5698292723,
              3.711308047
            ],
            [
              33.5846605642,
              3.7111968382
            ],
            [
              33.580178539,
              3.7186102144
            ],
            [
              33.5706800562,
              3.730452541
            ],
            [
              33.5611654233,
              3.7401551177
            ],
            [
              33.551266188,
              3.7459370453
            ],
            [
              33.5385153874,
              3.7503136987
            ],
            [
              33.5289387128,
              3.7518126805
            ],
            [
              33.5132476783,
              3.7524299999
            ],
            [
              33.5149946499,
              3.7390749736
            ],
            [
              33.5194181435,
              3.7284304437
            ],
            [
              33.5199494115,
              3.7284264772
            ]
          ]
        ]
      },
      "properties": {
        "country": "Uganda",
        "country_code": "UGA",
        "species_name": "Eucalyptus_tereticornis",
        "genus": "Eucalyptus",
        "species": "tereticornis",
        "suitability_name": "Marginally suitable",
        "suitability_rank": 3,
        "soil_suitability": "S4",
        "soil_type": "Lithosols",
        "soil_description": "Not differentiated",
        "site_class": null,
        "maz": "III",
        "maz_zone": null,
        "tz": "4",
        "frost_risk": null,
        "source_layer": "SWIFT_SSMT_Uganda"
      }
    },
    {
      "type": "Feature",
      "geometry": {
        "type": "Polygon",
        "coordinates": [
          [
            [
              34.0445370589,
              3.6992606552
            ],
            [
              34.0446035165,
              3.707624148
            ],
            [
              34.0529286008,
              3.7075572693
            ],
            [
              34.0529952877,
              3.7159206087
            ],
            [
              34.044670125,
              3.7159876385
            ],
            [
              34.0447368844,
              3.7243511258
            ],
            [
              34.0197602609,
              3.7245522012
            ],
            [
              34.0196937328,
              3.7161882609
            ],
            [
              34.0113679675,
              3.7162549796
            ],
            [
              34.0112355184,
              3.6995267894
            ],
            [
              34.0445370589,
              3.6992606552
            ]
          ]
        ]
      },
      "properties": {
        "country": "Uganda",
        "country_code": "UGA",
        "species_name": "Eucalyptus_tereticornis",
        "genus": "Eucalyptus",
        "species": "tereticornis",
        "suitability_name": "Marginally suitable",
        "suitability_rank": 3,
        "soil_suitability": "S4",
        "soil_type": "Lithosols",
        "soil_description": "Not differentiated",
        "site_class": null,
        "maz": "III",
        "maz_zone": null,
        "tz": "5",
        "frost_risk": null,
        "source_layer": "SWIFT_SSMT_Uganda"
      }
    },
    {
      "type": "Feature",
      "geometry": {
        "type": "Polygon",
        "coordinates": [
          [
            [
              34.2025507994,
              3.681258462
            ],
            [
              34.2026861715,
              3.6979796486
            ],
            [
              34.1860415013,
              3.6981158028
            ],
            [
              34.1859064341,
              3.681393998
            ],
            [
              34.2025507994,
              3.681258462
            ]
          ]
        ]
      },
      "properties": {
        "country": "Uganda",
        "country_code": "UGA",
        "species_name": "Eucalyptus_tereticornis",
        "genus": "Eucalyptus",
        "species": "tereticornis",
        "suitability_name": "Marginally suitable",
        "suitability_rank": 3,
        "soil_suitability": "S2",
        "soil_type": "Ferruginous Soils",
        "soil_description": "On crystalline acid rock - freely drained",
        "site_class": null,
        "maz": "IV",
        "maz_zone": null,
        "tz": "4",
        "frost_risk": null,
        "source_layer": "SWIFT_SSMT_Uganda"
      }
    },
    {
      "type": "Feature",
      "geometry": {
        "type": "Polygon",
        "coordinates": [
          [
            [
              34.0372234602,
              3.824781676
            ],
            [
              34.0372921055,
              3.8331452785
            ],
            [
              34.0348295796,
              3.8331656899
            ],
            [
              34.0330091807,
              3.8266992713
            ],
            [
              34.0290369955,
              3.8248493564
            ],
            [
              34.0372234602,
              3.824781676
            ]
          ]
        ]
      },
      "properties": {
        "country": "Uganda",
        "country_code": "UGA",
        "species_name": "Eucalyptus_tereticornis",
        "genus": "Eucalyptus",
        "species": "tereticornis",
        "suitability_name": "Marginally suitable",
        "suitability_rank": 3,
        "soil_suitability": "S4",
        "soil_type": "Lithosols",
        "soil_description": "Not differentiated",
        "site_class": null,
        "maz": "III",
        "maz_zone": null,
        "tz": "4",
        "frost_risk": null,
        "source_layer": "SWIFT_SSMT_Uganda"
      }
    },
    {
      "type": "Feature",
      "geometry": {
        "type": "Polygon",
        "coordinates": [
          [
            [
              34.0156605658,
              3.8249597732
            ],
            [
              34.0122669344,
              3.8278481823
            ],
            [
              34.0122435588,
              3.8249879456
            ],
            [
              34.0156605658,
              3.8249597732
            ]
          ]
        ]
      },
      "properties": {
        "country": "Uganda",
        "country_code": "UGA",
        "species_name": "Eucalyptus_tereticornis",
        "genus": "Eucalyptus",
        "species": "tereticornis",
        "suitability_name": "Marginally suitable",
        "suitability_rank": 3,
        "soil_suitability": "S4",
        "soil_type": "Lithosols",
        "soil_description": "Not differentiated",
        "site_class": null,
        "maz": "III",
        "maz_zone": null,
        "tz": "4",
        "frost_risk": null,
        "source_layer": "SWIFT_SSMT_Uganda"
      }
    },
    {
      "type": "Feature",
      "geometry": {
        "type": "Polygon",
        "coordinates": [
          [
            [
              34.0705278794,
              3.8245055319
            ],
            [
              34.0538759728,
              3.8246437647
            ],
            [
              34.0538073194,
              3.8162804612
            ],
            [
              34.0621332685,
              3.8162115367
            ],
            [
              34.06192798,
              3.7911220662
            ],
            [
              34.0536022678,
              3.7911905366
            ],
            [
              34.0535342203,
              3.7828272229
            ],
            [
              34.0452084351,
              3.7828954625
            ],
            [
              34.0452764043,
              3.7912589274
            ],
            [
              34.0286242219,
              3.7913954717
            ],
            [
              34.0285564111,
              3.7830317042
            ],
            [
              33.9952505539,
              3.7833032408
            ],
            [
              33.9953856977,
              3.8000319768
            ],
            [
              33.9870586996,
              3.8000999632
            ],
            [
              33.9871264172,
              3.8084644772
            ],
            [
              34.0121071976,
              3.8082598283
            ],
            [
              34.0122435588,
              3.8249879456
            ],
            [
              34.0039166241,
              3.8250565424
            ],
            [
              34.0038484478,
              3.8166923347
            ],
            [
              33.9622119177,
              3.8170333707
            ],
            [
              33.9621442881,
              3.8086684106
            ],
            [
              33.9121759995,
              3.8090741279
            ],
            [
              33.9122431524,
              3.8174399808
            ],
            [
              33.9039145056,
              3.8175074707
            ],
            [
              33.9038474299,
              3.8091414689
            ],
            [
              33.8538729106,
              3.8095438422
            ],
            [
              33.8537401564,
              3.7928100576
            ],
            [
              33.9286985123,
              3.7922080858
            ],
            [
              33.9286316449,
              3.7838425209
            ],
            [
              33.9619422945,
              3.7835735129
            ],
            [
              33.9618752626,
              3.775208541
            ],
            [
              33.9702024741,
              3.7751412413
            ],
            [
              33.9701355124,
              3.7667764173
            ],
            [
              33.9618083807,
              3.7668435668
            ],
            [
              33.9617416461,
              3.7584785903
            ],
            [
              33.9867223595,
              3.7582773526
            ],
            [
              33.9867893285,
              3.7666418799
            ],
            [
              34.0034425439,
              3.7665070285
            ],
            [
              34.0035098186,
              3.7748712527
            ],
            [
              34.0118362797,
              3.7748035589
            ],
            [
              34.0117689271,
              3.7664394849
            ],
            [
              34.0700493824,
              3.7659644755
            ],
            [
              34.0699816321,
              3.7576014566
            ],
            [
              34.0783067276,
              3.7575334364
            ],
            [
              34.0782390513,
              3.749170566
            ],
            [
              34.0948886317,
              3.7490345928
            ],
            [
              34.0948209517,
              3.740672023
            ],
            [
              34.1031454356,
              3.7406040716
            ],
            [
              34.1032811035,
              3.7573289025
            ],
            [
              34.0866316712,
              3.7574653364
            ],
            [
              34.0866995778,
              3.7658280517
            ],
            [
              34.0783745555,
              3.7658963036
            ],
            [
              34.0784425352,
              3.7742591684
            ],
            [
              34.0701172842,
              3.7743274929
            ],
            [
              34.0702535416,
              3.791053517
            ],
            [
              34.0785789508,
              3.7909848891
            ],
            [
              34.0786473868,
              3.7993477451
            ],
            [
              34.0703218982,
              3.7994165256
            ],
            [
              34.0705278794,
              3.8245055319
            ]
          ]
        ]
      },
      "properties": {
        "country": "Uganda",
        "country_code": "UGA",
        "species_name": "Eucalyptus_tereticornis",
        "genus": "Eucalyptus",
        "species": "tereticornis",
        "suitability_name": "Marginally suitable",
        "suitability_rank": 3,
        "soil_suitability": "S4",
        "soil_type": "Lithosols",
        "soil_description": "Not differentiated",
        "site_class": null,
        "maz": "III",
        "maz_zone": null,
        "tz": "4",
        "frost_risk": null,
        "source_layer": "SWIFT_SSMT_Uganda"
      }
    },
    {
      "type": "Feature",
      "geometry": {
        "type": "Polygon",
        "coordinates": [
          [
            [
              34.1279824485,
              3.7236758232
            ],
            [
              34.1196585778,
              3.7237437027
            ],
            [
              34.1197261854,
              3.7321058201
            ],
            [
              34.1114020833,
              3.732173775
            ],
            [
              34.1113614745,
              3.7271473777
            ],
            [
              34.1123643899,
              3.7269897555
            ],
            [
              34.1226115354,
              3.7222744904
            ],
            [
              34.127940514,
              3.7184855518
            ],
            [
              34.1279824485,
              3.7236758232
            ]
          ]
        ]
      },
      "properties": {
        "country": "Uganda",
        "country_code": "UGA",
        "species_name": "Eucalyptus_tereticornis",
        "genus": "Eucalyptus",
        "species": "tereticornis",
        "suitability_name": "Marginally suitable",
        "suitability_rank": 3,
        "soil_suitability": "S4",
        "soil_type": "Lithosols",
        "soil_description": "Not differentiated",
        "site_class": null,
        "maz": "III",
        "maz_zone": null,
        "tz": "4",
        "frost_risk": null,
        "source_layer": "SWIFT_SSMT_Uganda"
      }
    },
    {
      "type": "Feature",
      "geometry": {
        "type": "Polygon",
        "coordinates": [
          [
            [
              34.0445370589,
              3.6992606552
            ],
            [
              34.0528620677,
              3.6991939276
            ],
            [
              34.0527956839,
              3.6908305825
            ],
            [
              34.0611204643,
              3.6907639303
            ],
            [
              34.0611869244,
              3.6991271241
            ],
            [
              34.0695116289,
              3.6990602422
            ],
            [
              34.0695783175,
              3.7074232813
            ],
            [
              34.0779029479,
              3.707356171
            ],
            [
              34.078036934,
              3.7240819378
            ],
            [
              34.0613872123,
              3.7242166876
            ],
            [
              34.0614542776,
              3.7325798701
            ],
            [
              34.0115010182,
              3.7329831585
            ],
            [
              34.0113679675,
              3.7162549796
            ],
            [
              34.0196937328,
              3.7161882609
            ],
            [
              34.0197602609,
              3.7245522012
            ],
            [
              34.0447368844,
              3.7243511258
            ],
            [
              34.044670125,
              3.7159876385
            ],
            [
              34.0529952877,
              3.7159206087
            ],
            [
              34.0529286008,
              3.7075572693
            ],
            [
              34.0446035165,
              3.707624148
            ],
            [
              34.0445370589,
              3.6992606552
            ]
          ]
        ]
      },
      "properties": {
        "country": "Uganda",
        "country_code": "UGA",
        "species_name": "Eucalyptus_tereticornis",
        "genus": "Eucalyptus",
        "species": "tereticornis",
        "suitability_name": "Marginally suitable",
        "suitability_rank": 3,
        "soil_suitability": "S4",
        "soil_type": "Lithosols",
        "soil_description": "Not differentiated",
        "site_class": null,
        "maz": "III",
        "maz_zone": null,
        "tz": "4",
        "frost_risk": null,
        "source_layer": "SWIFT_SSMT_Uganda"
      }
    },
    {
      "type": "Feature",
      "geometry": {
        "type": "Polygon",
        "coordinates": [
          [
            [
              34.0113679675,
              3.7162549796
            ],
            [
              33.9947159854,
              3.7163881856
            ],
            [
              33.9945838436,
              3.6996593925
            ],
            [
              34.0000792712,
              3.6996156651
            ],
            [
              34.0043251486,
              3.7007789195
            ],
            [
              34.0145949388,
              3.6985588282
            ],
            [
              34.0188063801,
              3.6928233982
            ],
            [
              34.0191844417,
              3.6910988967
            ],
            [
              34.0278204375,
              3.691030078
            ],
            [
              34.0278865907,
              3.6993938758
            ],
            [
              34.0112355184,
              3.6995267894
            ],
            [
              34.0113679675,
              3.7162549796
            ]
          ]
        ]
      },
      "properties": {
        "country": "Uganda",
        "country_code": "UGA",
        "species_name": "Eucalyptus_tereticornis",
        "genus": "Eucalyptus",
        "species": "tereticornis",
        "suitability_name": "Marginally suitable",
        "suitability_rank": 3,
        "soil_suitability": "S4",
        "soil_type": "Lithosols",
        "soil_description": "Not differentiated",
        "site_class": null,
        "maz": "III",
        "maz_zone": null,
        "tz": "4",
        "frost_risk": null,
        "source_layer": "SWIFT_SSMT_Uganda"
      }
    },
    {
      "type": "Feature",
      "geometry": {
        "type": "Polygon",
        "coordinates": [
          [
            [
              34.0348295796,
              3.8331656899
            ],
            [
              34.0340859989,
              3.8415360801
            ],
            [
              34.0123805231,
              3.8417160519
            ],
            [
              34.0123119653,
              3.8333520008
            ],
            [
              34.0348295796,
              3.8331656899
            ]
          ]
        ]
      },
      "properties": {
        "country": "Uganda",
        "country_code": "UGA",
        "species_name": "Eucalyptus_tereticornis",
        "genus": "Eucalyptus",
        "species": "tereticornis",
        "suitability_name": "Marginally suitable",
        "suitability_rank": 3,
        "soil_suitability": "S2",
        "soil_type": "Ferruginous Soils",
        "soil_description": "On crystalline acid rock - freely drained",
        "site_class": null,
        "maz": "IV",
        "maz_zone": null,
        "tz": "4",
        "frost_risk": null,
        "source_layer": "SWIFT_SSMT_Uganda"
      }
    },
    {
      "type": "Feature",
      "geometry": {
        "type": "Polygon",
        "coordinates": [
          [
            [
              34.0122669344,
              3.8278481823
            ],
            [
              34.0123119653,
              3.8333520008
            ],
            [
              34.0051257711,
              3.8334113337
            ],
            [
              34.0075075151,
              3.8318990542
            ],
            [
              34.0122669344,
              3.8278481823
            ]
          ]
        ]
      },
      "properties": {
        "country": "Uganda",
        "country_code": "UGA",
        "species_name": "Eucalyptus_tereticornis",
        "genus": "Eucalyptus",
        "species": "tereticornis",
        "suitability_name": "Marginally suitable",
        "suitability_rank": 3,
        "soil_suitability": "S2",
        "soil_type": "Ferruginous Soils",
        "soil_description": "On crystalline acid rock - freely drained",
        "site_class": null,
        "maz": "IV",
        "maz_zone": null,
        "tz": "4",
        "frost_risk": null,
        "source_layer": "SWIFT_SSMT_Uganda"
      }
    },
    {
      "type": "Feature",
      "geometry": {
        "type": "Polygon",
        "coordinates": [
          [
            [
              34.1113614745,
              3.7271473777
            ],
            [
              34.102800382,
              3.7284928389
            ],
            [
              34.0928441848,
              3.7253670634
            ],
            [
              34.0864201954,
              3.7204308391
            ],
            [
              34.0817353152,
              3.7112045672
            ],
            [
              34.0802625324,
              3.7044464305
            ],
            [
              34.081269631,
              3.6973119748
            ],
            [
              34.0851282257,
              3.6919362043
            ],
            [
              34.0871551911,
              3.6905549776
            ],
            [
              34.1110659572,
              3.6903623975
            ],
            [
              34.1110149478,
              3.6839754459
            ],
            [
              34.1173291813,
              3.682769461
            ],
            [
              34.1183617961,
              3.681940819
            ],
            [
              34.1193228284,
              3.6819330742
            ],
            [
              34.1193167724,
              3.681174479
            ],
            [
              34.1222625816,
              3.6788105585
            ],
            [
              34.1249942532,
              3.6735247843
            ],
            [
              34.1359028055,
              3.6734369376
            ],
            [
              34.1360366473,
              3.6901605912
            ],
            [
              34.1526830089,
              3.6900256695
            ],
            [
              34.1528177702,
              3.7067486987
            ],
            [
              34.1361711009,
              3.7068842342
            ],
            [
              34.136228892,
              3.7140490537
            ],
            [
              34.1307220055,
              3.7165078927
            ],
            [
              34.127940514,
              3.7184855518
            ],
            [
              34.1278475371,
              3.7069518859
            ],
            [
              34.1111999505,
              3.707086957
            ],
            [
              34.1112671754,
              3.7154492327
            ],
            [
              34.1029430763,
              3.7155168045
            ],
            [
              34.1030103769,
              3.7238792301
            ],
            [
              34.1113345536,
              3.723811505
            ],
            [
              34.1113614745,
              3.7271473777
            ]
          ]
        ]
      },
      "properties": {
        "country": "Uganda",
        "country_code": "UGA",
        "species_name": "Eucalyptus_tereticornis",
        "genus": "Eucalyptus",
        "species": "tereticornis",
        "suitability_name": "Marginally suitable",
        "suitability_rank": 3,
        "soil_suitability": "S2",
        "soil_type": "Ferruginous Soils",
        "soil_description": "On crystalline acid rock - freely drained",
        "site_class": null,
        "maz": "IV",
        "maz_zone": null,
        "tz": "4",
        "frost_risk": null,
        "source_layer": "SWIFT_SSMT_Uganda"
      }
    },
    {
      "type": "Feature",
      "geometry": {
        "type": "Polygon",
        "coordinates": [
          [
            [
              34.0028438326,
              3.6912288801
            ],
            [
              34.002909756,
              3.6995931298
            ],
            [
              34.0000792712,
              3.6996156651
            ],
            [
              33.994571609,
              3.6981066636
            ],
            [
              33.9945179983,
              3.6912949929
            ],
            [
              34.0028438326,
              3.6912288801
            ]
          ]
        ]
      },
      "properties": {
        "country": "Uganda",
        "country_code": "UGA",
        "species_name": "Eucalyptus_tereticornis",
        "genus": "Eucalyptus",
        "species": "tereticornis",
        "suitability_name": "Marginally suitable",
        "suitability_rank": 3,
        "soil_suitability": "S2",
        "soil_type": "Ferruginous Soils",
        "soil_description": "On crystalline acid rock - freely drained",
        "site_class": null,
        "maz": "IV",
        "maz_zone": null,
        "tz": "4",
        "frost_risk": null,
        "source_layer": "SWIFT_SSMT_Uganda"
      }
    },
    {
      "type": "Feature",
      "geometry": {
        "type": "Polygon",
        "coordinates": [
          [
            [
              34.021021462,
              3.682719816
            ],
            [
              34.0191844417,
              3.6910988967
            ],
            [
              34.0028438326,
              3.6912288801
            ],
            [
              34.002778061,
              3.6828646281
            ],
            [
              34.021021462,
              3.682719816
            ]
          ]
        ]
      },
      "properties": {
        "country": "Uganda",
        "country_code": "UGA",
        "species_name": "Eucalyptus_tereticornis",
        "genus": "Eucalyptus",
        "species": "tereticornis",
        "suitability_name": "Marginally suitable",
        "suitability_rank": 3,
        "soil_suitability": "S2",
        "soil_type": "Ferruginous Soils",
        "soil_description": "On crystalline acid rock - freely drained",
        "site_class": null,
        "maz": "IV",
        "maz_zone": null,
        "tz": "4",
        "frost_risk": null,
        "source_layer": "SWIFT_SSMT_Uganda"
      }
    },
    {
      "type": "Feature",
      "geometry": {
        "type": "Polygon",
        "coordinates": [
          [
            [
              31.8920470787,
              3.697084251
            ],
            [
              31.8921395502,
              3.7138775159
            ],
            [
              31.8837812911,
              3.7139240301
            ],
            [
              31.8837350809,
              3.7055272937
            ],
            [
              31.8753767947,
              3.7055736243
            ],
            [
              31.8753307685,
              3.6971767812
            ],
            [
              31.8920470787,
              3.697084251
            ]
          ]
        ]
      },
      "properties": {
        "country": "Uganda",
        "country_code": "UGA",
        "species_name": "Eucalyptus_tereticornis",
        "genus": "Eucalyptus",
        "species": "tereticornis",
        "suitability_name": "Marginally suitable",
        "suitability_rank": 3,
        "soil_suitability": "S4",
        "soil_type": "Lithosols",
        "soil_description": "Not differentiated",
        "site_class": null,
        "maz": "III",
        "maz_zone": null,
        "tz": "2",
        "frost_risk": null,
        "source_layer": "SWIFT_SSMT_Uganda"
      }
    },
    {
      "type": "Feature",
      "geometry": {
        "type": "Polygon",
        "coordinates": [
          [
            [
              33.2951081877,
              3.7635836797
            ],
            [
              33.2784308762,
              3.763704838
            ],
            [
              33.2784815438,
              3.7707451848
            ],
            [
              33.260175351,
              3.7722144676
            ],
            [
              33.2201157883,
              3.7725039847
            ],
            [
              33.2199964373,
              3.7557488187
            ],
            [
              33.2283360227,
              3.7556889663
            ],
            [
              33.2282764685,
              3.7473115128
            ],
            [
              33.2199369614,
              3.7473712316
            ],
            [
              33.2198184123,
              3.7306160494
            ],
            [
              33.23649698,
              3.73049707
            ],
            [
              33.2363196925,
              3.7053650829
            ],
            [
              33.2279807085,
              3.7054242103
            ],
            [
              33.2279219591,
              3.6970467421
            ],
            [
              33.2362608649,
              3.6969877484
            ],
            [
              33.2362021711,
              3.688610412
            ],
            [
              33.2445408663,
              3.6885514756
            ],
            [
              33.2444822293,
              3.6801742702
            ],
            [
              33.2528207139,
              3.6801153906
            ],
            [
              33.2527621351,
              3.6717383183
            ],
            [
              33.2611004063,
              3.6716794949
            ],
            [
              33.2610418851,
              3.6633025549
            ],
            [
              33.2527036894,
              3.6633612414
            ],
            [
              33.2526453787,
              3.6549841644
            ],
            [
              33.2609834982,
              3.6549256112
            ],
            [
              33.2608091452,
              3.629794765
            ],
            [
              33.2691469003,
              3.6297365393
            ],
            [
              33.2690889765,
              3.6213597204
            ],
            [
              33.2857639317,
              3.6212433097
            ],
            [
              33.2856481847,
              3.6044902048
            ],
            [
              33.2939853104,
              3.6044321562
            ],
            [
              33.2938699527,
              3.5876793114
            ],
            [
              33.3105434958,
              3.5875635289
            ],
            [
              33.3107753522,
              3.6210681238
            ],
            [
              33.3357855532,
              3.6208922532
            ],
            [
              33.3357271584,
              3.6125165158
            ],
            [
              33.3440635442,
              3.6124578767
            ],
            [
              33.3439470122,
              3.5957066671
            ],
            [
              33.3522831113,
              3.5956482259
            ],
            [
              33.3521669752,
              3.5788972798
            ],
            [
              33.3688384639,
              3.5787807155
            ],
            [
              33.3690718829,
              3.6122815041
            ],
            [
              33.3607359057,
              3.6123403713
            ],
            [
              33.3607945279,
              3.6207156992
            ],
            [
              33.3691305802,
              3.6206566954
            ],
            [
              33.3691894133,
              3.6290318828
            ],
            [
              33.4025325532,
              3.6287945598
            ],
            [
              33.402473417,
              3.6204199206
            ],
            [
              33.4191440106,
              3.620301078
            ],
            [
              33.4192032992,
              3.6286754419
            ],
            [
              33.4358734924,
              3.6285560174
            ],
            [
              33.4359330705,
              3.6369301023
            ],
            [
              33.4526028631,
              3.6368100982
            ],
            [
              33.4526627315,
              3.6451839033
            ],
            [
              33.4609974953,
              3.6451236478
            ],
            [
              33.461057578,
              3.6534973114
            ],
            [
              33.4443877585,
              3.6536180235
            ],
            [
              33.444447827,
              3.6619919631
            ],
            [
              33.4361126337,
              3.6620523421
            ],
            [
              33.4361727634,
              3.6704264171
            ],
            [
              33.4195018073,
              3.6705472219
            ],
            [
              33.4195619224,
              3.678921571
            ],
            [
              33.4112261607,
              3.6789819952
            ],
            [
              33.411286338,
              3.6873564792
            ],
            [
              33.3946142469,
              3.687477372
            ],
            [
              33.3946744063,
              3.6958521281
            ],
            [
              33.386338078,
              3.6959125961
            ],
            [
              33.3863982977,
              3.7042874883
            ],
            [
              33.3780617544,
              3.7043480161
            ],
            [
              33.3781220348,
              3.7127230416
            ],
            [
              33.3364368781,
              3.713025196
            ],
            [
              33.3363769856,
              3.7046494872
            ],
            [
              33.3280396229,
              3.7047095482
            ],
            [
              33.3280994381,
              3.7130853938
            ],
            [
              33.3197618615,
              3.7131455129
            ],
            [
              33.319821735,
              3.7215214923
            ],
            [
              33.3114839445,
              3.7215816693
            ],
            [
              33.311543876,
              3.7299577815
            ],
            [
              33.3032058723,
              3.7300180159
            ],
            [
              33.3032658605,
              3.7383942606
            ],
            [
              33.2949276438,
              3.738454553
            ],
            [
              33.29498769,
              3.746830931
            ],
            [
              33.2866492584,
              3.7468912792
            ],
            [
              33.2867093615,
              3.7552677903
            ],
            [
              33.2950478705,
              3.7552073063
            ],
            [
              33.2951081877,
              3.7635836797
            ]
          ]
        ]
      },
      "properties": {
        "country": "Uganda",
        "country_code": "UGA",
        "species_name": "Eucalyptus_tereticornis",
        "genus": "Eucalyptus",
        "species": "tereticornis",
        "suitability_name": "Marginally suitable",
        "suitability_rank": 3,
        "soil_suitability": "S2",
        "soil_type": "Ferruginous Soils",
        "soil_description": "On crystalline acid rock - freely drained",
        "site_class": null,
        "maz": "IV",
        "maz_zone": null,
        "tz": "1",
        "frost_risk": null,
        "source_layer": "SWIFT_SSMT_Uganda"
      }
    },
    {
      "type": "Feature",
      "geometry": {
        "type": "Polygon",
        "coordinates": [
          [
            [
              33.6523301132,
              3.5989451879
            ],
            [
              33.643586322,
              3.6032920149
            ],
            [
              33.6337438509,
              3.6165604382
            ],
            [
              33.6275319567,
              3.6259760208
            ],
            [
              33.6274794458,
              3.6187899181
            ],
            [
              33.6191477181,
              3.618851275
            ],
            [
              33.6190867577,
              3.6104802708
            ],
            [
              33.6190259386,
              3.6021092645
            ],
            [
              33.6023623578,
              3.6022311819
            ],
            [
              33.6023018309,
              3.5938598892
            ],
            [
              33.5939699031,
              3.5939205927
            ],
            [
              33.5939095923,
              3.585549155
            ],
            [
              33.6022414466,
              3.5854885925
            ],
            [
              33.6021812032,
              3.5771172946
            ],
            [
              33.6188443362,
              3.576996229
            ],
            [
              33.6189047287,
              3.5853672436
            ],
            [
              33.6355674421,
              3.5852455937
            ],
            [
              33.6356281254,
              3.5936163202
            ],
            [
              33.6522904189,
              3.5934940836
            ],
            [
              33.6523301132,
              3.5989451879
            ]
          ]
        ]
      },
      "properties": {
        "country": "Uganda",
        "country_code": "UGA",
        "species_name": "Eucalyptus_tereticornis",
        "genus": "Eucalyptus",
        "species": "tereticornis",
        "suitability_name": "Marginally suitable",
        "suitability_rank": 3,
        "soil_suitability": "S4",
        "soil_type": "Lithosols",
        "soil_description": "Not differentiated",
        "site_class": null,
        "maz": "III",
        "maz_zone": null,
        "tz": "4",
        "frost_risk": null,
        "source_layer": "SWIFT_SSMT_Uganda"
      }
    },
    {
      "type": "Feature",
      "geometry": {
        "type": "Polygon",
        "coordinates": [
          [
            [
              33.6605604438,
              3.5850625546
            ],
            [
              33.6438985846,
              3.5851846555
            ],
            [
              33.6438379697,
              3.5768140686
            ],
            [
              33.6521688953,
              3.5767531988
            ],
            [
              33.6521083465,
              3.5683827518
            ],
            [
              33.6604390562,
              3.5683219499
            ],
            [
              33.6605604438,
              3.5850625546
            ]
          ]
        ]
      },
      "properties": {
        "country": "Uganda",
        "country_code": "UGA",
        "species_name": "Eucalyptus_tereticornis",
        "genus": "Eucalyptus",
        "species": "tereticornis",
        "suitability_name": "Marginally suitable",
        "suitability_rank": 3,
        "soil_suitability": "S4",
        "soil_type": "Lithosols",
        "soil_description": "Not differentiated",
        "site_class": null,
        "maz": "III",
        "maz_zone": null,
        "tz": "4",
        "frost_risk": null,
        "source_layer": "SWIFT_SSMT_Uganda"
      }
    },
    {
      "type": "Feature",
      "geometry": {
        "type": "Polygon",
        "coordinates": [
          [
            [
              34.3686113141,
              3.6374124544
            ],
            [
              34.3686169198,
              3.6380988275
            ],
            [
              34.3625048244,
              3.6381492031
            ],
            [
              34.3628794187,
              3.6380360785
            ],
            [
              34.3686113141,
              3.6374124544
            ]
          ]
        ]
      },
      "properties": {
        "country": "Uganda",
        "country_code": "UGA",
        "species_name": "Eucalyptus_tereticornis",
        "genus": "Eucalyptus",
        "species": "tereticornis",
        "suitability_name": "Marginally suitable",
        "suitability_rank": 3,
        "soil_suitability": "S2",
        "soil_type": "Ferruginous Soils",
        "soil_description": "On crystalline acid rock - freely drained",
        "site_class": null,
        "maz": "IV",
        "maz_zone": null,
        "tz": "4",
        "frost_risk": null,
        "source_layer": "SWIFT_SSMT_Uganda"
      }
    },
    {
      "type": "Feature",
      "geometry": {
        "type": "Polygon",
        "coordinates": [
          [
            [
              34.3932312911,
              3.5961076304
            ],
            [
              34.3849135346,
              3.5961756161
            ],
            [
              34.3850058387,
              3.6075638092
            ],
            [
              34.3829820351,
              3.6040427582
            ],
            [
              34.3802737065,
              3.5978335066
            ],
            [
              34.3802137525,
              3.5904156473
            ],
            [
              34.3819138444,
              3.5814998038
            ],
            [
              34.3833116134,
              3.5716962859
            ],
            [
              34.3802847449,
              3.5625220852
            ],
            [
              34.3768930271,
              3.5460937938
            ],
            [
              34.3845106112,
              3.5460324633
            ],
            [
              34.3845773698,
              3.5543896623
            ],
            [
              34.3846442867,
              3.5627468585
            ],
            [
              34.3929617462,
              3.5626795072
            ],
            [
              34.393163667,
              3.5877506034
            ],
            [
              34.3932312911,
              3.5961076304
            ]
          ]
        ]
      },
      "properties": {
        "country": "Uganda",
        "country_code": "UGA",
        "species_name": "Eucalyptus_tereticornis",
        "genus": "Eucalyptus",
        "species": "tereticornis",
        "suitability_name": "Marginally suitable",
        "suitability_rank": 3,
        "soil_suitability": "S2",
        "soil_type": "Ferruginous Soils",
        "soil_description": "On crystalline acid rock - freely drained",
        "site_class": null,
        "maz": "IV",
        "maz_zone": null,
        "tz": "4",
        "frost_risk": null,
        "source_layer": "SWIFT_SSMT_Uganda"
      }
    },
    {
      "type": "Feature",
      "geometry": {
        "type": "Polygon",
        "coordinates": [
          [
            [
              34.384444011,
              3.5376752617
            ],
            [
              34.376126614,
              3.5377420653
            ],
            [
              34.3761296951,
              3.5381294125
            ],
            [
              34.3759397797,
              3.5361476545
            ],
            [
              34.3791244587,
              3.5281102665
            ],
            [
              34.384317068,
              3.5216907773
            ],
            [
              34.384444011,
              3.5376752617
            ]
          ]
        ]
      },
      "properties": {
        "country": "Uganda",
        "country_code": "UGA",
        "species_name": "Eucalyptus_tereticornis",
        "genus": "Eucalyptus",
        "species": "tereticornis",
        "suitability_name": "Marginally suitable",
        "suitability_rank": 3,
        "soil_suitability": "S2",
        "soil_type": "Ferruginous Soils",
        "soil_description": "On crystalline acid rock - freely drained",
        "site_class": null,
        "maz": "IV",
        "maz_zone": null,
        "tz": "4",
        "frost_risk": null,
        "source_layer": "SWIFT_SSMT_Uganda"
      }
    },
    {
      "type": "Feature",
      "geometry": {
        "type": "Polygon",
        "coordinates": [
          [
            [
              34.3309948047,
              3.5130270215
            ],
            [
              34.3323163559,
              3.521825717
            ],
            [
              34.3443271563,
              3.5616144738
            ],
            [
              34.3441064503,
              3.5783534026
            ],
            [
              34.3424115001,
              3.5879820996
            ],
            [
              34.3372155593,
              3.6029810288
            ],
            [
              34.3267063115,
              3.6183797393
            ],
            [
              34.3200526214,
              3.6284055812
            ],
            [
              34.3133642808,
              3.6341583418
            ],
            [
              34.3062896477,
              3.6359968426
            ],
            [
              34.2864885992,
              3.6422130511
            ],
            [
              34.2645221628,
              3.6438167536
            ],
            [
              34.2461226018,
              3.6482405969
            ],
            [
              34.2390868801,
              3.6550654393
            ],
            [
              34.2357022083,
              3.6642541902
            ],
            [
              34.2356348582,
              3.6559065236
            ],
            [
              34.2273135998,
              3.6559741715
            ],
            [
              34.2272172315,
              3.6439826797
            ],
            [
              34.2302744892,
              3.6420871111
            ],
            [
              34.2373362139,
              3.6384679523
            ],
            [
              34.2440880973,
              3.6330704124
            ],
            [
              34.2478833365,
              3.6274000707
            ],
            [
              34.2498894825,
              3.6196665118
            ],
            [
              34.2482297268,
              3.6140024961
            ],
            [
              34.2519412313,
              3.6139725893
            ],
            [
              34.2518745629,
              3.6056128997
            ],
            [
              34.2685150885,
              3.6054789381
            ],
            [
              34.2684484249,
              3.5971195565
            ],
            [
              34.3100466367,
              3.5967841194
            ],
            [
              34.3099797566,
              3.5884255172
            ],
            [
              34.3182988557,
              3.5883583619
            ],
            [
              34.3181654179,
              3.5716414618
            ],
            [
              34.2932080974,
              3.5718417626
            ],
            [
              34.2932745156,
              3.5802006842
            ],
            [
              34.2849550212,
              3.5802674594
            ],
            [
              34.2848886783,
              3.5719083814
            ],
            [
              34.2682493716,
              3.5720413953
            ],
            [
              34.268315566,
              3.5804007855
            ],
            [
              34.2599956055,
              3.5804673365
            ],
            [
              34.2599294836,
              3.5721077904
            ],
            [
              34.2432892428,
              3.5722403577
            ],
            [
              34.243157762,
              3.5555206366
            ],
            [
              34.2597977076,
              3.5553886914
            ],
            [
              34.2594709879,
              3.5135908953
            ],
            [
              34.267790361,
              3.5135255899
            ],
            [
              34.2675959769,
              3.4884473479
            ],
            [
              34.2592768218,
              3.488512185
            ],
            [
              34.259148155,
              3.471793032
            ],
            [
              34.2674671667,
              3.4717285056
            ],
            [
              34.267531494,
              3.4800879281
            ],
            [
              34.2841691933,
              3.479958347
            ],
            [
              34.2842986043,
              3.4966765599
            ],
            [
              34.2759796883,
              3.4967416985
            ],
            [
              34.2761095774,
              3.5134602131
            ],
            [
              34.3010662949,
              3.5132636387
            ],
            [
              34.3011972451,
              3.5299812047
            ],
            [
              34.3178345676,
              3.5298491629
            ],
            [
              34.317768867,
              3.5214906957
            ],
            [
              34.3260872199,
              3.5214247215
            ],
            [
              34.3260216033,
              3.513066407
            ],
            [
              34.3309948047,
              3.5130270215
            ]
          ]
        ]
      },
      "properties": {
        "country": "Uganda",
        "country_code": "UGA",
        "species_name": "Eucalyptus_tereticornis",
        "genus": "Eucalyptus",
        "species": "tereticornis",
        "suitability_name": "Marginally suitable",
        "suitability_rank": 3,
        "soil_suitability": "S2",
        "soil_type": "Ferruginous Soils",
        "soil_description": "On crystalline acid rock - freely drained",
        "site_class": null,
        "maz": "IV",
        "maz_zone": null,
        "tz": "4",
        "frost_risk": null,
        "source_layer": "SWIFT_SSMT_Uganda"
      }
    },
    {
      "type": "Feature",
      "geometry": {
        "type": "Polygon",
        "coordinates": [
          [
            [
              33.5199401495,
              3.7271743316
            ],
            [
              33.5199494115,
              3.7284264772
            ],
            [
              33.5194181435,
              3.7284304437
            ],
            [
              33.5199401495,
              3.7271743316
            ]
          ]
        ]
      },
      "properties": {
        "country": "Uganda",
        "country_code": "UGA",
        "species_name": "Eucalyptus_tereticornis",
        "genus": "Eucalyptus",
        "species": "tereticornis",
        "suitability_name": "Marginally suitable",
        "suitability_rank": 3,
        "soil_suitability": "S4",
        "soil_type": "Lithosols",
        "soil_description": "Not differentiated",
        "site_class": null,
        "maz": "III",
        "maz_zone": null,
        "tz": "3",
        "frost_risk": null,
        "source_layer": "SWIFT_SSMT_Uganda"
      }
    },
    {
      "type": "Feature",
      "geometry": {
        "type": "Polygon",
        "coordinates": [
          [
            [
              33.5447663409,
              3.7031226983
            ],
            [
              33.544828169,
              3.7114949466
            ],
            [
              33.5253752015,
              3.71163988
            ],
            [
              33.5273826986,
              3.7032519427
            ],
            [
              33.5447663409,
              3.7031226983
            ]
          ]
        ]
      },
      "properties": {
        "country": "Uganda",
        "country_code": "UGA",
        "species_name": "Eucalyptus_tereticornis",
        "genus": "Eucalyptus",
        "species": "tereticornis",
        "suitability_name": "Marginally suitable",
        "suitability_rank": 3,
        "soil_suitability": "S4",
        "soil_type": "Lithosols",
        "soil_description": "Not differentiated",
        "site_class": null,
        "maz": "III",
        "maz_zone": null,
        "tz": "3",
        "frost_risk": null,
        "source_layer": "SWIFT_SSMT_Uganda"
      }
    },
    {
      "type": "Feature",
      "geometry": {
        "type": "Polygon",
        "coordinates": [
          [
            [
              33.5935264531,
              3.6943864594
            ],
            [
              33.5875440407,
              3.7064275526
            ],
            [
              33.5846605642,
              3.7111968382
            ],
            [
              33.5698292723,
              3.711308047
            ],
            [
              33.5697672123,
              3.7029362217
            ],
            [
              33.5614337288,
              3.7029984578
            ],
            [
              33.5614957119,
              3.7113704252
            ],
            [
              33.5531620104,
              3.7114327242
            ],
            [
              33.5531001052,
              3.7030606176
            ],
            [
              33.5447663409,
              3.7031226983
            ],
            [
              33.5447046525,
              3.6947504471
            ],
            [
              33.5780385579,
              3.6945022204
            ],
            [
              33.5779767027,
              3.6861305314
            ],
            [
              33.5863097493,
              3.686068422
            ],
            [
              33.586371682,
              3.6944399695
            ],
            [
              33.5935264531,
              3.6943864594
            ]
          ]
        ]
      },
      "properties": {
        "country": "Uganda",
        "country_code": "UGA",
        "species_name": "Eucalyptus_tereticornis",
        "genus": "Eucalyptus",
        "species": "tereticornis",
        "suitability_name": "Marginally suitable",
        "suitability_rank": 3,
        "soil_suitability": "S4",
        "soil_type": "Lithosols",
        "soil_description": "Not differentiated",
        "site_class": null,
        "maz": "III",
        "maz_zone": null,
        "tz": "3",
        "frost_risk": null,
        "source_layer": "SWIFT_SSMT_Uganda"
      }
    },
    {
      "type": "Feature",
      "geometry": {
        "type": "Polygon",
        "coordinates": [
          [
            [
              33.6275319567,
              3.6259760208
            ],
            [
              33.6221577108,
              3.6341220704
            ],
            [
              33.6109579218,
              3.6559615189
            ],
            [
              33.6051359865,
              3.6691844298
            ],
            [
              33.6028516716,
              3.6692014348
            ],
            [
              33.6026671151,
              3.6440876096
            ],
            [
              33.6109993555,
              3.6440259791
            ],
            [
              33.6109380438,
              3.6356548401
            ],
            [
              33.6192700657,
              3.635593275
            ],
            [
              33.6191477181,
              3.618851275
            ],
            [
              33.6274794458,
              3.6187899181
            ],
            [
              33.6275319567,
              3.6259760208
            ]
          ]
        ]
      },
      "properties": {
        "country": "Uganda",
        "country_code": "UGA",
        "species_name": "Eucalyptus_tereticornis",
        "genus": "Eucalyptus",
        "species": "tereticornis",
        "suitability_name": "Marginally suitable",
        "suitability_rank": 3,
        "soil_suitability": "S4",
        "soil_type": "Lithosols",
        "soil_description": "Not differentiated",
        "site_class": null,
        "maz": "III",
        "maz_zone": null,
        "tz": "3",
        "frost_risk": null,
        "source_layer": "SWIFT_SSMT_Uganda"
      }
    },
    {
      "type": "Feature",
      "geometry": {
        "type": "Polygon",
        "coordinates": [
          [
            [
              33.6106942192,
              3.6021702607
            ],
            [
              33.6190259386,
              3.6021092645
            ],
            [
              33.6190867577,
              3.6104802708
            ],
            [
              33.6107549628,
              3.6105414092
            ],
            [
              33.6106942192,
              3.6021702607
            ]
          ]
        ]
      },
      "properties": {
        "country": "Uganda",
        "country_code": "UGA",
        "species_name": "Eucalyptus_tereticornis",
        "genus": "Eucalyptus",
        "species": "tereticornis",
        "suitability_name": "Marginally suitable",
        "suitability_rank": 3,
        "soil_suitability": "S4",
        "soil_type": "Lithosols",
        "soil_description": "Not differentiated",
        "site_class": null,
        "maz": "III",
        "maz_zone": null,
        "tz": "3",
        "frost_risk": null,
        "source_layer": "SWIFT_SSMT_Uganda"
      }
    },
    {
      "type": "Feature",
      "geometry": {
        "type": "Polygon",
        "coordinates": [
          [
            [
              33.5939095923,
              3.585549155
            ],
            [
              33.5939699031,
              3.5939205927
            ],
            [
              33.6023018309,
              3.5938598892
            ],
            [
              33.6023623578,
              3.6022311819
            ],
            [
              33.5856982089,
              3.6023527975
            ],
            [
              33.5855775981,
              3.5856096421
            ],
            [
              33.5939095923,
              3.585549155
            ]
          ]
        ]
      },
      "properties": {
        "country": "Uganda",
        "country_code": "UGA",
        "species_name": "Eucalyptus_tereticornis",
        "genus": "Eucalyptus",
        "species": "tereticornis",
        "suitability_name": "Marginally suitable",
        "suitability_rank": 3,
        "soil_suitability": "S4",
        "soil_type": "Lithosols",
        "soil_description": "Not differentiated",
        "site_class": null,
        "maz": "III",
        "maz_zone": null,
        "tz": "3",
        "frost_risk": null,
        "source_layer": "SWIFT_SSMT_Uganda"
      }
    },
    {
      "type": "Feature",
      "geometry": {
        "type": "Polygon",
        "coordinates": [
          [
            [
              33.664815062,
              3.5938632864
            ],
            [
              33.6559651322,
              3.5971380901
            ],
            [
              33.6523301132,
              3.5989451879
            ],
            [
              33.6522904189,
              3.5934940836
            ],
            [
              33.6356281254,
              3.5936163202
            ],
            [
              33.6355674421,
              3.5852455937
            ],
            [
              33.6189047287,
              3.5853672436
            ],
            [
              33.6188443362,
              3.576996229
            ],
            [
              33.6021812032,
              3.5771172946
            ],
            [
              33.6021211026,
              3.5687459936
            ],
            [
              33.6104526652,
              3.5686856404
            ],
            [
              33.6103926317,
              3.5603144784
            ],
            [
              33.6520479416,
              3.5600123026
            ],
            [
              33.6519876796,
              3.5516418503
            ],
            [
              33.6603182393,
              3.5515813355
            ],
            [
              33.6602580459,
              3.5432110232
            ],
            [
              33.6685883901,
              3.5431505761
            ],
            [
              33.6685282649,
              3.5347804058
            ],
            [
              33.6768583918,
              3.5347200268
            ],
            [
              33.6767983369,
              3.5263499977
            ],
            [
              33.6851282465,
              3.5262896891
            ],
            [
              33.6850682614,
              3.5179197996
            ],
            [
              33.6990420015,
              3.5178187019
            ],
            [
              33.6972871287,
              3.5198065861
            ],
            [
              33.6892067974,
              3.5312766186
            ],
            [
              33.6794698591,
              3.5514419256
            ],
            [
              33.6769789311,
              3.5514600792
            ],
            [
              33.6770143911,
              3.5563694994
            ],
            [
              33.6734678635,
              3.5634866983
            ],
            [
              33.664815062,
              3.5938632864
            ]
          ],
          [
            [
              33.6605604438,
              3.5850625546
            ],
            [
              33.6604390562,
              3.5683219499
            ],
            [
              33.6521083465,
              3.5683827518
            ],
            [
              33.6521688953,
              3.5767531988
            ],
            [
              33.6438379697,
              3.5768140686
            ],
            [
              33.6438985846,
              3.5851846555
            ],
            [
              33.6605604438,
              3.5850625546
            ]
          ]
        ]
      },
      "properties": {
        "country": "Uganda",
        "country_code": "UGA",
        "species_name": "Eucalyptus_tereticornis",
        "genus": "Eucalyptus",
        "species": "tereticornis",
        "suitability_name": "Marginally suitable",
        "suitability_rank": 3,
        "soil_suitability": "S4",
        "soil_type": "Lithosols",
        "soil_description": "Not differentiated",
        "site_class": null,
        "maz": "III",
        "maz_zone": null,
        "tz": "3",
        "frost_risk": null,
        "source_layer": "SWIFT_SSMT_Uganda"
      }
    },
    {
      "type": "Feature",
      "geometry": {
        "type": "Polygon",
        "coordinates": [
          [
            [
              33.6021812032,
              3.5771172946
            ],
            [
              33.6022414466,
              3.5854885925
            ],
            [
              33.5939095923,
              3.585549155
            ],
            [
              33.5938494249,
              3.5771777153
            ],
            [
              33.6021812032,
              3.5771172946
            ]
          ]
        ]
      },
      "properties": {
        "country": "Uganda",
        "country_code": "UGA",
        "species_name": "Eucalyptus_tereticornis",
        "genus": "Eucalyptus",
        "species": "tereticornis",
        "suitability_name": "Marginally suitable",
        "suitability_rank": 3,
        "soil_suitability": "S4",
        "soil_type": "Lithosols",
        "soil_description": "Not differentiated",
        "site_class": null,
        "maz": "III",
        "maz_zone": null,
        "tz": "3",
        "frost_risk": null,
        "source_layer": "SWIFT_SSMT_Uganda"
      }
    },
    {
      "type": "Feature",
      "geometry": {
        "type": "Polygon",
        "coordinates": [
          [
            [
              33.7424887192,
              3.4888128988
            ],
            [
              33.732571168,
              3.4913805991
            ],
            [
              33.7230286247,
              3.4967982725
            ],
            [
              33.7099806664,
              3.5071111459
            ],
            [
              33.7097580425,
              3.4758915382
            ],
            [
              33.7180869403,
              3.4758317996
            ],
            [
              33.7179682572,
              3.4590931403
            ],
            [
              33.7346253301,
              3.4589740219
            ],
            [
              33.7344479553,
              3.4338668816
            ],
            [
              33.7427760599,
              3.4338076479
            ],
            [
              33.7427171521,
              3.4254387411
            ],
            [
              33.7430894365,
              3.425436098
            ],
            [
              33.7422751902,
              3.458862456
            ],
            [
              33.7395481842,
              3.4745712215
            ],
            [
              33.7424887192,
              3.4888128988
            ]
          ]
        ]
      },
      "properties": {
        "country": "Uganda",
        "country_code": "UGA",
        "species_name": "Eucalyptus_tereticornis",
        "genus": "Eucalyptus",
        "species": "tereticornis",
        "suitability_name": "Marginally suitable",
        "suitability_rank": 3,
        "soil_suitability": "S4",
        "soil_type": "Lithosols",
        "soil_description": "Not differentiated",
        "site_class": null,
        "maz": "III",
        "maz_zone": null,
        "tz": "3",
        "frost_risk": null,
        "source_layer": "SWIFT_SSMT_Uganda"
      }
    },
    {
      "type": "Feature",
      "geometry": {
        "type": "Polygon",
        "coordinates": [
          [
            [
              33.619768976,
              3.7030751457
            ],
            [
              33.6198903309,
              3.7193031197
            ],
            [
              33.6163986612,
              3.7193295235
            ],
            [
              33.6163218764,
              3.709064546
            ],
            [
              33.619768976,
              3.7030751457
            ]
          ]
        ]
      },
      "properties": {
        "country": "Uganda",
        "country_code": "UGA",
        "species_name": "Eucalyptus_tereticornis",
        "genus": "Eucalyptus",
        "species": "tereticornis",
        "suitability_name": "Marginally suitable",
        "suitability_rank": 3,
        "soil_suitability": "S3",
        "soil_type": "Ferruginous Soils",
        "soil_description": "On crystalline acid rock-Complex with Lithosols",
        "site_class": null,
        "maz": "IV",
        "maz_zone": null,
        "tz": "3",
        "frost_risk": null,
        "source_layer": "SWIFT_SSMT_Uganda"
      }
    },
    {
      "type": "Feature",
      "geometry": {
        "type": "Polygon",
        "coordinates": [
          [
            [
              33.6446072833,
              3.6816288961
            ],
            [
              33.6446371041,
              3.6856314963
            ],
            [
              33.6363050514,
              3.6856941463
            ],
            [
              33.6363674453,
              3.6940648417
            ],
            [
              33.6280351734,
              3.6941275575
            ],
            [
              33.6280976324,
              3.7024983925
            ],
            [
              33.6200660907,
              3.7025589062
            ],
            [
              33.6233314911,
              3.6968852819
            ],
            [
              33.6303676454,
              3.6882726438
            ],
            [
              33.6431019822,
              3.6821139295
            ],
            [
              33.6446072833,
              3.6816288961
            ]
          ]
        ]
      },
      "properties": {
        "country": "Uganda",
        "country_code": "UGA",
        "species_name": "Eucalyptus_tereticornis",
        "genus": "Eucalyptus",
        "species": "tereticornis",
        "suitability_name": "Marginally suitable",
        "suitability_rank": 3,
        "soil_suitability": "S3",
        "soil_type": "Ferruginous Soils",
        "soil_description": "On crystalline acid rock-Complex with Lithosols",
        "site_class": null,
        "maz": "IV",
        "maz_zone": null,
        "tz": "3",
        "frost_risk": null,
        "source_layer": "SWIFT_SSMT_Uganda"
      }
    },
    {
      "type": "Feature",
      "geometry": {
        "type": "Polygon",
        "coordinates": [
          [
            [
              33.6695296328,
              3.6716822389
            ],
            [
              33.6695698476,
              3.6770729579
            ],
            [
              33.6584874928,
              3.6771563934
            ],
            [
              33.6601007961,
              3.676636543
            ],
            [
              33.6695296328,
              3.6716822389
            ]
          ]
        ]
      },
      "properties": {
        "country": "Uganda",
        "country_code": "UGA",
        "species_name": "Eucalyptus_tereticornis",
        "genus": "Eucalyptus",
        "species": "tereticornis",
        "suitability_name": "Marginally suitable",
        "suitability_rank": 3,
        "soil_suitability": "S3",
        "soil_type": "Ferruginous Soils",
        "soil_description": "On crystalline acid rock-Complex with Lithosols",
        "site_class": null,
        "maz": "IV",
        "maz_zone": null,
        "tz": "3",
        "frost_risk": null,
        "source_layer": "SWIFT_SSMT_Uganda"
      }
    },
    {
      "type": "Feature",
      "geometry": {
        "type": "Polygon",
        "coordinates": [
          [
            [
              33.7267152887,
              3.5176178705
            ],
            [
              33.7268361363,
              3.5343562049
            ],
            [
              33.7185068719,
              3.5344170268
            ],
            [
              33.718872436,
              3.5846328373
            ],
            [
              33.7105425814,
              3.5846944506
            ],
            [
              33.7106039393,
              3.5930638882
            ],
            [
              33.7189338673,
              3.5930021304
            ],
            [
              33.7190571632,
              3.6097407082
            ],
            [
              33.7107270845,
              3.6098027531
            ],
            [
              33.7107888744,
              3.6181721831
            ],
            [
              33.7024585766,
              3.6182342973
            ],
            [
              33.7025204349,
              3.6266038685
            ],
            [
              33.6941899181,
              3.6266660506
            ],
            [
              33.6944384834,
              3.6601448819
            ],
            [
              33.686107519,
              3.6602075643
            ],
            [
              33.6861699443,
              3.668577409
            ],
            [
              33.6737582369,
              3.6686708622
            ],
            [
              33.6756338793,
              3.6651076915
            ],
            [
              33.6762854034,
              3.6572571505
            ],
            [
              33.6708027553,
              3.6359008222
            ],
            [
              33.6663860425,
              3.6145360952
            ],
            [
              33.6658058278,
              3.6101360252
            ],
            [
              33.6690745369,
              3.6101118501
            ],
            [
              33.6688911583,
              3.5850013919
            ],
            [
              33.6772217305,
              3.5849401528
            ],
            [
              33.6770143911,
              3.5563694994
            ],
            [
              33.6794698591,
              3.5514419256
            ],
            [
              33.685309062,
              3.5513993405
            ],
            [
              33.6852486468,
              3.5430294595
            ],
            [
              33.7019083298,
              3.5429080458
            ],
            [
              33.7017876347,
              3.5261688503
            ],
            [
              33.7101171147,
              3.5261083203
            ],
            [
              33.7100569095,
              3.5177388629
            ],
            [
              33.7267152887,
              3.5176178705
            ]
          ]
        ]
      },
      "properties": {
        "country": "Uganda",
        "country_code": "UGA",
        "species_name": "Eucalyptus_tereticornis",
        "genus": "Eucalyptus",
        "species": "tereticornis",
        "suitability_name": "Marginally suitable",
        "suitability_rank": 3,
        "soil_suitability": "S3",
        "soil_type": "Ferruginous Soils",
        "soil_description": "On crystalline acid rock-Complex with Lithosols",
        "site_class": null,
        "maz": "IV",
        "maz_zone": null,
        "tz": "3",
        "frost_risk": null,
        "source_layer": "SWIFT_SSMT_Uganda"
      }
    },
    {
      "type": "Feature",
      "geometry": {
        "type": "Polygon",
        "coordinates": [
          [
            [
              33.7099806664,
              3.5071111459
            ],
            [
              33.7100569095,
              3.5177388629
            ],
            [
              33.6990420015,
              3.5178187019
            ],
            [
              33.7036237058,
              3.5126286644
            ],
            [
              33.7099806664,
              3.5071111459
            ]
          ]
        ]
      },
      "properties": {
        "country": "Uganda",
        "country_code": "UGA",
        "species_name": "Eucalyptus_tereticornis",
        "genus": "Eucalyptus",
        "species": "tereticornis",
        "suitability_name": "Marginally suitable",
        "suitability_rank": 3,
        "soil_suitability": "S3",
        "soil_type": "Ferruginous Soils",
        "soil_description": "On crystalline acid rock-Complex with Lithosols",
        "site_class": null,
        "maz": "IV",
        "maz_zone": null,
        "tz": "3",
        "frost_risk": null,
        "source_layer": "SWIFT_SSMT_Uganda"
      }
    },
    {
      "type": "Feature",
      "geometry": {
        "type": "Polygon",
        "coordinates": [
          [
            [
              33.734923845,
              3.5008192072
            ],
            [
              33.7349839807,
              3.5091882363
            ],
            [
              33.7266550808,
              3.5092486989
            ],
            [
              33.7265950175,
              3.5008795251
            ],
            [
              33.734923845,
              3.5008192072
            ]
          ]
        ]
      },
      "properties": {
        "country": "Uganda",
        "country_code": "UGA",
        "species_name": "Eucalyptus_tereticornis",
        "genus": "Eucalyptus",
        "species": "tereticornis",
        "suitability_name": "Marginally suitable",
        "suitability_rank": 3,
        "soil_suitability": "S3",
        "soil_type": "Ferruginous Soils",
        "soil_description": "On crystalline acid rock-Complex with Lithosols",
        "site_class": null,
        "maz": "IV",
        "maz_zone": null,
        "tz": "3",
        "frost_risk": null,
        "source_layer": "SWIFT_SSMT_Uganda"
      }
    },
    {
      "type": "Feature",
      "geometry": {
        "type": "Polygon",
        "coordinates": [
          [
            [
              33.7431924621,
              3.4923899285
            ],
            [
              33.743252527,
              3.5007588158
            ],
            [
              33.734923845,
              3.5008192072
            ],
            [
              33.7348638523,
              3.4924501749
            ],
            [
              33.7431924621,
              3.4923899285
            ]
          ]
        ]
      },
      "properties": {
        "country": "Uganda",
        "country_code": "UGA",
        "species_name": "Eucalyptus_tereticornis",
        "genus": "Eucalyptus",
        "species": "tereticornis",
        "suitability_name": "Marginally suitable",
        "suitability_rank": 3,
        "soil_suitability": "S3",
        "soil_type": "Ferruginous Soils",
        "soil_description": "On crystalline acid rock-Complex with Lithosols",
        "site_class": null,
        "maz": "IV",
        "maz_zone": null,
        "tz": "3",
        "frost_risk": null,
        "source_layer": "SWIFT_SSMT_Uganda"
      }
    },
    {
      "type": "Feature",
      "geometry": {
        "type": "Polygon",
        "coordinates": [
          [
            [
              33.7435705775,
              3.4923871914
            ],
            [
              33.7431924621,
              3.4923899285
            ],
            [
              33.7431832721,
              3.4911076063
            ],
            [
              33.7435705775,
              3.4923871914
            ]
          ]
        ]
      },
      "properties": {
        "country": "Uganda",
        "country_code": "UGA",
        "species_name": "Eucalyptus_tereticornis",
        "genus": "Eucalyptus",
        "species": "tereticornis",
        "suitability_name": "Marginally suitable",
        "suitability_rank": 3,
        "soil_suitability": "S3",
        "soil_type": "Ferruginous Soils",
        "soil_description": "On crystalline acid rock-Complex with Lithosols",
        "site_class": null,
        "maz": "IV",
        "maz_zone": null,
        "tz": "3",
        "frost_risk": null,
        "source_layer": "SWIFT_SSMT_Uganda"
      }
    },
    {
      "type": "Feature",
      "geometry": {
        "type": "Polygon",
        "coordinates": [
          [
            [
              33.5744264818,
              3.7949957521
            ],
            [
              33.5635737609,
              3.8032525026
            ],
            [
              33.5621744491,
              3.8018321772
            ],
            [
              33.5621232948,
              3.7950899467
            ],
            [
              33.5555814382,
              3.7951399592
            ],
            [
              33.5537748268,
              3.7933062315
            ],
            [
              33.5537254955,
              3.7867815747
            ],
            [
              33.5620599011,
              3.7867180059
            ],
            [
              33.5619966503,
              3.7783460631
            ],
            [
              33.5703308362,
              3.7782825563
            ],
            [
              33.5702676453,
              3.7699107518
            ],
            [
              33.5701416901,
              3.7531671349
            ],
            [
              33.5784754997,
              3.7531039743
            ],
            [
              33.5783499529,
              3.7363606293
            ],
            [
              33.5950168329,
              3.7362346358
            ],
            [
              33.5949541157,
              3.7278632422
            ],
            [
              33.6032872656,
              3.7278002695
            ],
            [
              33.6030997313,
              3.7026864992
            ],
            [
              33.5947668147,
              3.7027490462
            ],
            [
              33.5947046636,
              3.6943776424
            ],
            [
              33.5935264531,
              3.6943864594
            ],
            [
              33.5980386151,
              3.6853048468
            ],
            [
              33.6051359865,
              3.6691844298
            ],
            [
              33.6195164661,
              3.6690772449
            ],
            [
              33.6193929814,
              3.6523352647
            ],
            [
              33.6360569023,
              3.6522113364
            ],
            [
              33.6359952208,
              3.6438406277
            ],
            [
              33.6359336827,
              3.6354699159
            ],
            [
              33.6442652774,
              3.6354081228
            ],
            [
              33.6442038059,
              3.6270375517
            ],
            [
              33.6525351816,
              3.6269758242
            ],
            [
              33.6524737769,
              3.618605393
            ],
            [
              33.6608049355,
              3.6185437331
            ],
            [
              33.6607435972,
              3.6101734429
            ],
            [
              33.6658058278,
              3.6101360252
            ],
            [
              33.6663860425,
              3.6145360952
            ],
            [
              33.6708027553,
              3.6359008222
            ],
            [
              33.6762854034,
              3.6572571505
            ],
            [
              33.6756338793,
              3.6651076915
            ],
            [
              33.6737582369,
              3.6686708622
            ],
            [
              33.6695074326,
              3.6687028289
            ],
            [
              33.6695296328,
              3.6716822389
            ],
            [
              33.6601007961,
              3.676636543
            ],
            [
              33.6584874928,
              3.6771563934
            ],
            [
              33.6445747765,
              3.6772609408
            ],
            [
              33.6446072833,
              3.6816288961
            ],
            [
              33.6431019822,
              3.6821139295
            ],
            [
              33.6303676454,
              3.6882726438
            ],
            [
              33.6233314911,
              3.6968852819
            ],
            [
              33.6200660907,
              3.7025589062
            ],
            [
              33.6197651413,
              3.7025611719
            ],
            [
              33.619768976,
              3.7030751457
            ],
            [
              33.6163218764,
              3.709064546
            ],
            [
              33.6163986612,
              3.7193295235
            ],
            [
              33.6115575425,
              3.7193661074
            ],
            [
              33.6116831467,
              3.7361083287
            ],
            [
              33.6033500604,
              3.7361715203
            ],
            [
              33.6034129971,
              3.74454277
            ],
            [
              33.5950796911,
              3.7446060256
            ],
            [
              33.5951426919,
              3.7529774133
            ],
            [
              33.5868091662,
              3.7530407325
            ],
            [
              33.5868722299,
              3.7614122599
            ],
            [
              33.5785384844,
              3.7614756423
            ],
            [
              33.5787282889,
              3.7865906317
            ],
            [
              33.5703941657,
              3.7866543588
            ],
            [
              33.5704576373,
              3.7950261575
            ],
            [
              33.5744264818,
              3.7949957521
            ]
          ]
        ]
      },
      "properties": {
        "country": "Uganda",
        "country_code": "UGA",
        "species_name": "Eucalyptus_tereticornis",
        "genus": "Eucalyptus",
        "species": "tereticornis",
        "suitability_name": "Marginally suitable",
        "suitability_rank": 3,
        "soil_suitability": "S2",
        "soil_type": "Ferruginous Soils",
        "soil_description": "On crystalline acid rock - freely drained",
        "site_class": null,
        "maz": "IV",
        "maz_zone": null,
        "tz": "3",
        "frost_risk": null,
        "source_layer": "SWIFT_SSMT_Uganda"
      }
    },
    {
      "type": "Feature",
      "geometry": {
        "type": "Polygon",
        "coordinates": [
          [
            [
              33.4951280255,
              3.753320001
            ],
            [
              33.4933100024,
              3.7533199998
            ],
            [
              33.4903445048,
              3.7537678803
            ],
            [
              33.4784605181,
              3.7538567223
            ],
            [
              33.4782752212,
              3.7287366509
            ],
            [
              33.4949453158,
              3.7286128157
            ],
            [
              33.4948836727,
              3.7202397324
            ],
            [
              33.5032184333,
              3.7201778372
            ],
            [
              33.5031568525,
              3.7118048898
            ],
            [
              33.5114913961,
              3.7117430567
            ],
            [
              33.5116148531,
              3.7284886688
            ],
            [
              33.5032801547,
              3.7285507808
            ],
            [
              33.5033420141,
              3.7369237223
            ],
            [
              33.4950070984,
              3.7369858969
            ],
            [
              33.4950690206,
              3.7453589752
            ],
            [
              33.4951280255,
              3.753320001
            ]
          ]
        ]
      },
      "properties": {
        "country": "Uganda",
        "country_code": "UGA",
        "species_name": "Eucalyptus_tereticornis",
        "genus": "Eucalyptus",
        "species": "tereticornis",
        "suitability_name": "Marginally suitable",
        "suitability_rank": 3,
        "soil_suitability": "S2",
        "soil_type": "Ferruginous Soils",
        "soil_description": "On crystalline acid rock - freely drained",
        "site_class": null,
        "maz": "IV",
        "maz_zone": null,
        "tz": "3",
        "frost_risk": null,
        "source_layer": "SWIFT_SSMT_Uganda"
      }
    },
    {
      "type": "Feature",
      "geometry": {
        "type": "Polygon",
        "coordinates": [
          [
            [
              33.5273826986,
              3.7032519427
            ],
            [
              33.5197642028,
              3.7033084766
            ],
            [
              33.519825799,
              3.7116811461
            ],
            [
              33.5114913961,
              3.7117430567
            ],
            [
              33.5113072594,
              3.6866246211
            ],
            [
              33.5196414317,
              3.6865631306
            ],
            [
              33.5195802548,
              3.6781904522
            ],
            [
              33.5415258407,
              3.6780285285
            ],
            [
              33.5383692171,
              3.6825380875
            ],
            [
              33.5299262542,
              3.6933022583
            ],
            [
              33.5273826986,
              3.7032519427
            ]
          ]
        ]
      },
      "properties": {
        "country": "Uganda",
        "country_code": "UGA",
        "species_name": "Eucalyptus_tereticornis",
        "genus": "Eucalyptus",
        "species": "tereticornis",
        "suitability_name": "Marginally suitable",
        "suitability_rank": 3,
        "soil_suitability": "S2",
        "soil_type": "Ferruginous Soils",
        "soil_description": "On crystalline acid rock - freely drained",
        "site_class": null,
        "maz": "IV",
        "maz_zone": null,
        "tz": "3",
        "frost_risk": null,
        "source_layer": "SWIFT_SSMT_Uganda"
      }
    },
    {
      "type": "Feature",
      "geometry": {
        "type": "Polygon",
        "coordinates": [
          [
            [
              33.6177815659,
              3.4263175422
            ],
            [
              33.6178394014,
              3.4346886014
            ],
            [
              33.5928482182,
              3.4348628516
            ],
            [
              33.5927905959,
              3.4264913658
            ],
            [
              33.6177815659,
              3.4263175422
            ]
          ]
        ]
      },
      "properties": {
        "country": "Uganda",
        "country_code": "UGA",
        "species_name": "Eucalyptus_tereticornis",
        "genus": "Eucalyptus",
        "species": "tereticornis",
        "suitability_name": "Marginally suitable",
        "suitability_rank": 3,
        "soil_suitability": "S4",
        "soil_type": "Lithosols",
        "soil_description": "Not differentiated",
        "site_class": null,
        "maz": "III",
        "maz_zone": null,
        "tz": "4",
        "frost_risk": null,
        "source_layer": "SWIFT_SSMT_Uganda"
      }
    },
    {
      "type": "Feature",
      "geometry": {
        "type": "Polygon",
        "coordinates": [
          [
            [
              33.6260538401,
              3.4178885386
            ],
            [
              33.6261116042,
              3.4262594587
            ],
            [
              33.6177815659,
              3.4263175422
            ],
            [
              33.6177238724,
              3.4179464817
            ],
            [
              33.6260538401,
              3.4178885386
            ]
          ]
        ]
      },
      "properties": {
        "country": "Uganda",
        "country_code": "UGA",
        "species_name": "Eucalyptus_tereticornis",
        "genus": "Eucalyptus",
        "species": "tereticornis",
        "suitability_name": "Marginally suitable",
        "suitability_rank": 3,
        "soil_suitability": "S4",
        "soil_type": "Lithosols",
        "soil_description": "Not differentiated",
        "site_class": null,
        "maz": "III",
        "maz_zone": null,
        "tz": "4",
        "frost_risk": null,
        "source_layer": "SWIFT_SSMT_Uganda"
      }
    },
    {
      "type": "Feature",
      "geometry": {
        "type": "Polygon",
        "coordinates": [
          [
            [
              33.5676269793,
              3.401548802
            ],
            [
              33.5759576547,
              3.4014915719
            ],
            [
              33.5760147095,
              3.4098633465
            ],
            [
              33.5926757784,
              3.4097483891
            ],
            [
              33.5927905959,
              3.4264913658
            ],
            [
              33.5844599906,
              3.4265491634
            ],
            [
              33.5844025821,
              3.4181775346
            ],
            [
              33.5677410882,
              3.4182926322
            ],
            [
              33.5676269793,
              3.401548802
            ]
          ]
        ]
      },
      "properties": {
        "country": "Uganda",
        "country_code": "UGA",
        "species_name": "Eucalyptus_tereticornis",
        "genus": "Eucalyptus",
        "species": "tereticornis",
        "suitability_name": "Marginally suitable",
        "suitability_rank": 3,
        "soil_suitability": "S4",
        "soil_type": "Lithosols",
        "soil_description": "Not differentiated",
        "site_class": null,
        "maz": "III",
        "maz_zone": null,
        "tz": "4",
        "frost_risk": null,
        "source_layer": "SWIFT_SSMT_Uganda"
      }
    },
    {
      "type": "Feature",
      "geometry": {
        "type": "Polygon",
        "coordinates": [
          [
            [
              33.6258242003,
              3.3844048365
            ],
            [
              33.6341537436,
              3.3843473925
            ],
            [
              33.6342684199,
              3.4010889637
            ],
            [
              33.6259387367,
              3.4011466926
            ],
            [
              33.6258242003,
              3.3844048365
            ]
          ]
        ]
      },
      "properties": {
        "country": "Uganda",
        "country_code": "UGA",
        "species_name": "Eucalyptus_tereticornis",
        "genus": "Eucalyptus",
        "species": "tereticornis",
        "suitability_name": "Marginally suitable",
        "suitability_rank": 3,
        "soil_suitability": "S4",
        "soil_type": "Lithosols",
        "soil_description": "Not differentiated",
        "site_class": null,
        "maz": "III",
        "maz_zone": null,
        "tz": "4",
        "frost_risk": null,
        "source_layer": "SWIFT_SSMT_Uganda"
      }
    },
    {
      "type": "Feature",
      "geometry": {
        "type": "Polygon",
        "coordinates": [
          [
            [
              33.6091077752,
              3.3761482975
            ],
            [
              33.6007778782,
              3.3762053866
            ],
            [
              33.6007211765,
              3.3678340274
            ],
            [
              33.609051004,
              3.3677770793
            ],
            [
              33.6091077752,
              3.3761482975
            ]
          ]
        ]
      },
      "properties": {
        "country": "Uganda",
        "country_code": "UGA",
        "species_name": "Eucalyptus_tereticornis",
        "genus": "Eucalyptus",
        "species": "tereticornis",
        "suitability_name": "Marginally suitable",
        "suitability_rank": 3,
        "soil_suitability": "S4",
        "soil_type": "Lithosols",
        "soil_description": "Not differentiated",
        "site_class": null,
        "maz": "III",
        "maz_zone": null,
        "tz": "4",
        "frost_risk": null,
        "source_layer": "SWIFT_SSMT_Uganda"
      }
    },
    {
      "type": "Feature",
      "geometry": {
        "type": "Polygon",
        "coordinates": [
          [
            [
              33.5923912084,
              3.3678909049
            ],
            [
              33.584061097,
              3.3679477109
            ],
            [
              33.5840046773,
              3.3595760662
            ],
            [
              33.5923347175,
              3.3595193999
            ],
            [
              33.5923912084,
              3.3678909049
            ]
          ]
        ]
      },
      "properties": {
        "country": "Uganda",
        "country_code": "UGA",
        "species_name": "Eucalyptus_tereticornis",
        "genus": "Eucalyptus",
        "species": "tereticornis",
        "suitability_name": "Marginally suitable",
        "suitability_rank": 3,
        "soil_suitability": "S4",
        "soil_type": "Lithosols",
        "soil_description": "Not differentiated",
        "site_class": null,
        "maz": "III",
        "maz_zone": null,
        "tz": "4",
        "frost_risk": null,
        "source_layer": "SWIFT_SSMT_Uganda"
      }
    },
    {
      "type": "Feature",
      "geometry": {
        "type": "Polygon",
        "coordinates": [
          [
            [
              33.6673006491,
              3.4092299413
            ],
            [
              33.6670615729,
              3.4105408094
            ],
            [
              33.6621503167,
              3.4187776018
            ],
            [
              33.6515388275,
              3.4238447511
            ],
            [
              33.6334867675,
              3.4307472926
            ],
            [
              33.6253513768,
              3.4347273784
            ],
            [
              33.6172603107,
              3.4451271355
            ],
            [
              33.6098839441,
              3.4562354824
            ],
            [
              33.5999684664,
              3.4595151155
            ],
            [
              33.5846782451,
              3.4581902863
            ],
            [
              33.5846330635,
              3.4516640352
            ],
            [
              33.5763021012,
              3.4517221849
            ],
            [
              33.5762443401,
              3.4433504224
            ],
            [
              33.5512508219,
              3.4435240152
            ],
            [
              33.5511934176,
              3.4351518266
            ],
            [
              33.5428620352,
              3.4352094058
            ],
            [
              33.5427477916,
              3.4184647406
            ],
            [
              33.5510790308,
              3.4184074427
            ],
            [
              33.551022049,
              3.4100352465
            ],
            [
              33.5507955243,
              3.37654644
            ],
            [
              33.5424646392,
              3.3766030359
            ],
            [
              33.5423523608,
              3.3598583366
            ],
            [
              33.5506831061,
              3.3598020228
            ],
            [
              33.5506271068,
              3.3514298116
            ],
            [
              33.5589576407,
              3.3513735681
            ],
            [
              33.5589017129,
              3.3430014945
            ],
            [
              33.5672320363,
              3.3429453225
            ],
            [
              33.5671761795,
              3.3345733875
            ],
            [
              33.5838362653,
              3.3344611147
            ],
            [
              33.5838922614,
              3.3428327672
            ],
            [
              33.5922221618,
              3.3427763858
            ],
            [
              33.592278369,
              3.3511478936
            ],
            [
              33.6006081987,
              3.3510912995
            ],
            [
              33.6006646164,
              3.359462665
            ],
            [
              33.6423119841,
              3.3591779313
            ],
            [
              33.6422552156,
              3.350807277
            ],
            [
              33.6583021676,
              3.3506973665
            ],
            [
              33.6571087112,
              3.3564020612
            ],
            [
              33.6532660596,
              3.3653443439
            ],
            [
              33.6522769464,
              3.3764068899
            ],
            [
              33.6530232572,
              3.3817512797
            ],
            [
              33.6576743748,
              3.3841847955
            ],
            [
              33.6508124013,
              3.3842322915
            ],
            [
              33.6509273608,
              3.4009732908
            ],
            [
              33.6592566172,
              3.4009153488
            ],
            [
              33.6593143813,
              3.4092857024
            ],
            [
              33.6673006491,
              3.4092299413
            ]
          ],
          [
            [
              33.5927905959,
              3.4264913658
            ],
            [
              33.5928482182,
              3.4348628516
            ],
            [
              33.6178394014,
              3.4346886014
            ],
            [
              33.6177815659,
              3.4263175422
            ],
            [
              33.6261116042,
              3.4262594587
            ],
            [
              33.6260538401,
              3.4178885386
            ],
            [
              33.6259387367,
              3.4011466926
            ],
            [
              33.6342684199,
              3.4010889637
            ],
            [
              33.6341537436,
              3.3843473925
            ],
            [
              33.6258242003,
              3.3844048365
            ],
            [
              33.6257671462,
              3.3760339059
            ],
            [
              33.6091077752,
              3.3761482975
            ],
            [
              33.609051004,
              3.3677770793
            ],
            [
              33.5923912084,
              3.3678909049
            ],
            [
              33.5923347175,
              3.3595193999
            ],
            [
              33.5756744958,
              3.3596326601
            ],
            [
              33.5757308454,
              3.368004448
            ],
            [
              33.5674004527,
              3.3680611135
            ],
            [
              33.5674568728,
              3.3764330393
            ],
            [
              33.5591262689,
              3.3764897751
            ],
            [
              33.5592393921,
              3.3932339008
            ],
            [
              33.5675701365,
              3.393176884
            ],
            [
              33.5676269793,
              3.401548802
            ],
            [
              33.5677410882,
              3.4182926322
            ],
            [
              33.5844025821,
              3.4181775346
            ],
            [
              33.5844599906,
              3.4265491634
            ],
            [
              33.5927905959,
              3.4264913658
            ]
          ]
        ]
      },
      "properties": {
        "country": "Uganda",
        "country_code": "UGA",
        "species_name": "Eucalyptus_tereticornis",
        "genus": "Eucalyptus",
        "species": "tereticornis",
        "suitability_name": "Marginally suitable",
        "suitability_rank": 3,
        "soil_suitability": "S4",
        "soil_type": "Lithosols",
        "soil_description": "Not differentiated",
        "site_class": null,
        "maz": "III",
        "maz_zone": null,
        "tz": "3",
        "frost_risk": null,
        "source_layer": "SWIFT_SSMT_Uganda"
      }
    },
    {
      "type": "Feature",
      "geometry": {
        "type": "Polygon",
        "coordinates": [
          [
            [
              33.6264025625,
              3.4681140185
            ],
            [
              33.6264611818,
              3.4764849231
            ],
            [
              33.5931384455,
              3.4767202381
            ],
            [
              33.5930801167,
              3.4683487662
            ],
            [
              33.6264025625,
              3.4681140185
            ]
          ]
        ]
      },
      "properties": {
        "country": "Uganda",
        "country_code": "UGA",
        "species_name": "Eucalyptus_tereticornis",
        "genus": "Eucalyptus",
        "species": "tereticornis",
        "suitability_name": "Marginally suitable",
        "suitability_rank": 3,
        "soil_suitability": "S2",
        "soil_type": "Ferruginous Soils",
        "soil_description": "On crystalline acid rock - freely drained",
        "site_class": null,
        "maz": "IV",
        "maz_zone": null,
        "tz": "3",
        "frost_risk": null,
        "source_layer": "SWIFT_SSMT_Uganda"
      }
    },
    {
      "type": "Feature",
      "geometry": {
        "type": "Polygon",
        "coordinates": [
          [
            [
              33.6346742712,
              3.4596843852
            ],
            [
              33.6347328188,
              3.4680551496
            ],
            [
              33.6264025625,
              3.4681140185
            ],
            [
              33.6263440873,
              3.4597431116
            ],
            [
              33.6346742712,
              3.4596843852
            ]
          ]
        ]
      },
      "properties": {
        "country": "Uganda",
        "country_code": "UGA",
        "species_name": "Eucalyptus_tereticornis",
        "genus": "Eucalyptus",
        "species": "tereticornis",
        "suitability_name": "Marginally suitable",
        "suitability_rank": 3,
        "soil_suitability": "S2",
        "soil_type": "Ferruginous Soils",
        "soil_description": "On crystalline acid rock - freely drained",
        "site_class": null,
        "maz": "IV",
        "maz_zone": null,
        "tz": "3",
        "frost_risk": null,
        "source_layer": "SWIFT_SSMT_Uganda"
      }
    },
    {
      "type": "Feature",
      "geometry": {
        "type": "Polygon",
        "coordinates": [
          [
            [
              33.658913028,
              3.3506931766
            ],
            [
              33.6672417199,
              3.3506360206
            ],
            [
              33.6672986973,
              3.3590062459
            ],
            [
              33.6589699354,
              3.359063545
            ],
            [
              33.658913028,
              3.3506931766
            ]
          ]
        ]
      },
      "properties": {
        "country": "Uganda",
        "country_code": "UGA",
        "species_name": "Eucalyptus_tereticornis",
        "genus": "Eucalyptus",
        "species": "tereticornis",
        "suitability_name": "Marginally suitable",
        "suitability_rank": 3,
        "soil_suitability": "S2",
        "soil_type": "Ferruginous Soils",
        "soil_description": "On crystalline acid rock - freely drained",
        "site_class": null,
        "maz": "IV",
        "maz_zone": null,
        "tz": "3",
        "frost_risk": null,
        "source_layer": "SWIFT_SSMT_Uganda"
      }
    },
    {
      "type": "Feature",
      "geometry": {
        "type": "Polygon",
        "coordinates": [
          [
            [
              34.0420630216,
              3.3730823172
            ],
            [
              34.0753506889,
              3.372838577
            ],
            [
              34.0754725395,
              3.3895645565
            ],
            [
              34.0671507093,
              3.3896259
            ],
            [
              34.0672117912,
              3.3979890387
            ],
            [
              34.0422451813,
              3.3981730998
            ],
            [
              34.0421843099,
              3.3898095079
            ],
            [
              34.0338618754,
              3.3898705693
            ],
            [
              34.0338012258,
              3.3815068241
            ],
            [
              34.0421235901,
              3.3814459143
            ],
            [
              34.0420630216,
              3.3730823172
            ]
          ]
        ]
      },
      "properties": {
        "country": "Uganda",
        "country_code": "UGA",
        "species_name": "Eucalyptus_tereticornis",
        "genus": "Eucalyptus",
        "species": "tereticornis",
        "suitability_name": "Marginally suitable",
        "suitability_rank": 3,
        "soil_suitability": "S2",
        "soil_type": "Ferruginous Soils",
        "soil_description": "On crystalline acid rock - freely drained",
        "site_class": null,
        "maz": "IV",
        "maz_zone": null,
        "tz": "3",
        "frost_risk": null,
        "source_layer": "SWIFT_SSMT_Uganda"
      }
    },
    {
      "type": "Feature",
      "geometry": {
        "type": "Polygon",
        "coordinates": [
          [
            [
              34.3769661727,
              3.6417953451
            ],
            [
              34.3771411098,
              3.6631021729
            ],
            [
              34.3605036055,
              3.6632402967
            ],
            [
              34.360366588,
              3.6465250215
            ],
            [
              34.3533613306,
              3.6465828214
            ],
            [
              34.3558080815,
              3.6401715619
            ],
            [
              34.3625048244,
              3.6381492031
            ],
            [
              34.3686169198,
              3.6380988275
            ],
            [
              34.3686113141,
              3.6374124544
            ],
            [
              34.371732333,
              3.6370728784
            ],
            [
              34.3769661727,
              3.6417953451
            ]
          ]
        ]
      },
      "properties": {
        "country": "Uganda",
        "country_code": "UGA",
        "species_name": "Eucalyptus_tereticornis",
        "genus": "Eucalyptus",
        "species": "tereticornis",
        "suitability_name": "Marginally suitable",
        "suitability_rank": 3,
        "soil_suitability": "S2",
        "soil_type": "Ferruginous Soils",
        "soil_description": "On crystalline acid rock - freely drained",
        "site_class": null,
        "maz": "IV",
        "maz_zone": null,
        "tz": "3",
        "frost_risk": null,
        "source_layer": "SWIFT_SSMT_Uganda"
      }
    },
    {
      "type": "Feature",
      "geometry": {
        "type": "Polygon",
        "coordinates": [
          [
            [
              34.352097383,
              3.6526642803
            ],
            [
              34.3521161047,
              3.6549514501
            ],
            [
              34.3518056658,
              3.6549540167
            ],
            [
              34.352097383,
              3.6526642803
            ]
          ]
        ]
      },
      "properties": {
        "country": "Uganda",
        "country_code": "UGA",
        "species_name": "Eucalyptus_tereticornis",
        "genus": "Eucalyptus",
        "species": "tereticornis",
        "suitability_name": "Marginally suitable",
        "suitability_rank": 3,
        "soil_suitability": "S2",
        "soil_type": "Ferruginous Soils",
        "soil_description": "On crystalline acid rock - freely drained",
        "site_class": null,
        "maz": "IV",
        "maz_zone": null,
        "tz": "3",
        "frost_risk": null,
        "source_layer": "SWIFT_SSMT_Uganda"
      }
    },
    {
      "type": "Feature",
      "geometry": {
        "type": "Polygon",
        "coordinates": [
          [
            [
              34.3932312911,
              3.5961076304
            ],
            [
              34.3934069186,
              3.6177211756
            ],
            [
              34.3880747216,
              3.6129029263
            ],
            [
              34.3850058387,
              3.6075638092
            ],
            [
              34.3849135346,
              3.5961756161
            ],
            [
              34.3932312911,
              3.5961076304
            ]
          ]
        ]
      },
      "properties": {
        "country": "Uganda",
        "country_code": "UGA",
        "species_name": "Eucalyptus_tereticornis",
        "genus": "Eucalyptus",
        "species": "tereticornis",
        "suitability_name": "Marginally suitable",
        "suitability_rank": 3,
        "soil_suitability": "S2",
        "soil_type": "Ferruginous Soils",
        "soil_description": "On crystalline acid rock - freely drained",
        "site_class": null,
        "maz": "IV",
        "maz_zone": null,
        "tz": "3",
        "frost_risk": null,
        "source_layer": "SWIFT_SSMT_Uganda"
      }
    },
    {
      "type": "Feature",
      "geometry": {
        "type": "Polygon",
        "coordinates": [
          [
            [
              34.4014811903,
              3.5876827014
            ],
            [
              34.393163667,
              3.5877506034
            ],
            [
              34.3929617462,
              3.5626795072
            ],
            [
              34.4012790471,
              3.5626120808
            ],
            [
              34.4014811903,
              3.5876827014
            ]
          ]
        ]
      },
      "properties": {
        "country": "Uganda",
        "country_code": "UGA",
        "species_name": "Eucalyptus_tereticornis",
        "genus": "Eucalyptus",
        "species": "tereticornis",
        "suitability_name": "Marginally suitable",
        "suitability_rank": 3,
        "soil_suitability": "S2",
        "soil_type": "Ferruginous Soils",
        "soil_description": "On crystalline acid rock - freely drained",
        "site_class": null,
        "maz": "IV",
        "maz_zone": null,
        "tz": "3",
        "frost_risk": null,
        "source_layer": "SWIFT_SSMT_Uganda"
      }
    },
    {
      "type": "Feature",
      "geometry": {
        "type": "Polygon",
        "coordinates": [
          [
            [
              34.3845773698,
              3.5543896623
            ],
            [
              34.3928947555,
              3.5543224687
            ],
            [
              34.3929617462,
              3.5626795072
            ],
            [
              34.3846442867,
              3.5627468585
            ],
            [
              34.3845773698,
              3.5543896623
            ]
          ]
        ]
      },
      "properties": {
        "country": "Uganda",
        "country_code": "UGA",
        "species_name": "Eucalyptus_tereticornis",
        "genus": "Eucalyptus",
        "species": "tereticornis",
        "suitability_name": "Marginally suitable",
        "suitability_rank": 3,
        "soil_suitability": "S2",
        "soil_type": "Ferruginous Soils",
        "soil_description": "On crystalline acid rock - freely drained",
        "site_class": null,
        "maz": "IV",
        "maz_zone": null,
        "tz": "3",
        "frost_risk": null,
        "source_layer": "SWIFT_SSMT_Uganda"
      }
    },
    {
      "type": "Feature",
      "geometry": {
        "type": "Polygon",
        "coordinates": [
          [
            [
              34.384444011,
              3.5376752617
            ],
            [
              34.3845106112,
              3.5460324633
            ],
            [
              34.3768930271,
              3.5460937938
            ],
            [
              34.3761296951,
              3.5381294125
            ],
            [
              34.376126614,
              3.5377420653
            ],
            [
              34.384444011,
              3.5376752617
            ]
          ]
        ]
      },
      "properties": {
        "country": "Uganda",
        "country_code": "UGA",
        "species_name": "Eucalyptus_tereticornis",
        "genus": "Eucalyptus",
        "species": "tereticornis",
        "suitability_name": "Marginally suitable",
        "suitability_rank": 3,
        "soil_suitability": "S2",
        "soil_type": "Ferruginous Soils",
        "soil_description": "On crystalline acid rock - freely drained",
        "site_class": null,
        "maz": "IV",
        "maz_zone": null,
        "tz": "3",
        "frost_risk": null,
        "source_layer": "SWIFT_SSMT_Uganda"
      }
    },
    {
      "type": "Feature",
      "geometry": {
        "type": "Polygon",
        "coordinates": [
          [
            [
              34.3851228709,
              3.5209543582
            ],
            [
              34.3926283771,
              3.5208942903
            ],
            [
              34.3927612497,
              3.5376083853
            ],
            [
              34.384444011,
              3.5376752617
            ],
            [
              34.384317068,
              3.5216907773
            ],
            [
              34.3851228709,
              3.5209543582
            ]
          ]
        ]
      },
      "properties": {
        "country": "Uganda",
        "country_code": "UGA",
        "species_name": "Eucalyptus_tereticornis",
        "genus": "Eucalyptus",
        "species": "tereticornis",
        "suitability_name": "Marginally suitable",
        "suitability_rank": 3,
        "soil_suitability": "S2",
        "soil_type": "Ferruginous Soils",
        "soil_description": "On crystalline acid rock - freely drained",
        "site_class": null,
        "maz": "IV",
        "maz_zone": null,
        "tz": "3",
        "frost_risk": null,
        "source_layer": "SWIFT_SSMT_Uganda"
      }
    },
    {
      "type": "Feature",
      "geometry": {
        "type": "Polygon",
        "coordinates": [
          [
            [
              34.0290342598,
              3.8415780157
            ],
            [
              34.0291031272,
              3.8499417636
            ],
            [
              34.0041220564,
              3.8501491493
            ],
            [
              34.0040534288,
              3.8417849493
            ],
            [
              33.9957261833,
              3.8418537676
            ],
            [
              33.9957017103,
              3.8388629018
            ],
            [
              33.9972715579,
              3.8383983306
            ],
            [
              34.0051257711,
              3.8334113337
            ],
            [
              34.0123119653,
              3.8333520008
            ],
            [
              34.0123805231,
              3.8417160519
            ],
            [
              34.0290342598,
              3.8415780157
            ]
          ]
        ]
      },
      "properties": {
        "country": "Uganda",
        "country_code": "UGA",
        "species_name": "Eucalyptus_tereticornis",
        "genus": "Eucalyptus",
        "species": "tereticornis",
        "suitability_name": "Marginally suitable",
        "suitability_rank": 3,
        "soil_suitability": "S2",
        "soil_type": "Ferruginous Soils",
        "soil_description": "On crystalline acid rock - freely drained",
        "site_class": null,
        "maz": "IV",
        "maz_zone": null,
        "tz": "3",
        "frost_risk": null,
        "source_layer": "SWIFT_SSMT_Uganda"
      }
    },
    {
      "type": "Feature",
      "geometry": {
        "type": "Polygon",
        "coordinates": [
          [
            [
              33.9099551467,
              3.7421606208
            ],
            [
              33.9028869159,
              3.7497024253
            ],
            [
              33.896187532,
              3.7551025564
            ],
            [
              33.8845204039,
              3.7605423219
            ],
            [
              33.8643337828,
              3.7656934297
            ],
            [
              33.8512237773,
              3.7682929031
            ],
            [
              33.8292582567,
              3.7731014811
            ],
            [
              33.817915963,
              3.7749737893
            ],
            [
              33.8069813284,
              3.7836167794
            ],
            [
              33.8051679745,
              3.7848283771
            ],
            [
              33.7953653603,
              3.7849058954
            ],
            [
              33.7951694206,
              3.7598021107
            ],
            [
              33.8034994299,
              3.759736681
            ],
            [
              33.8033693774,
              3.7430011032
            ],
            [
              33.7950395236,
              3.7430662401
            ],
            [
              33.794974795,
              3.734698302
            ],
            [
              33.8033045695,
              3.7346333106
            ],
            [
              33.8032722247,
              3.7304499306
            ],
            [
              33.8205965785,
              3.7317438549
            ],
            [
              33.829448853,
              3.729179023
            ],
            [
              33.8347413218,
              3.7252160476
            ],
            [
              33.8374973325,
              3.7144994328
            ],
            [
              33.8363914697,
              3.709160526
            ],
            [
              33.8310165158,
              3.7024287711
            ],
            [
              33.8231166916,
              3.6903687167
            ],
            [
              33.8195983682,
              3.6870929682
            ],
            [
              33.8195769781,
              3.6842980339
            ],
            [
              33.877876006,
              3.6838459919
            ],
            [
              33.8779406274,
              3.69221248
            ],
            [
              33.8862685474,
              3.6921474466
            ],
            [
              33.8863983886,
              3.7088801177
            ],
            [
              33.8947263143,
              3.7088147108
            ],
            [
              33.8947915337,
              3.7171808945
            ],
            [
              33.9031193896,
              3.7171152628
            ],
            [
              33.9033161676,
              3.7422133525
            ],
            [
              33.9099551467,
              3.7421606208
            ]
          ]
        ]
      },
      "properties": {
        "country": "Uganda",
        "country_code": "UGA",
        "species_name": "Eucalyptus_tereticornis",
        "genus": "Eucalyptus",
        "species": "tereticornis",
        "suitability_name": "Marginally suitable",
        "suitability_rank": 3,
        "soil_suitability": "S2",
        "soil_type": "Ferruginous Soils",
        "soil_description": "On crystalline acid rock - freely drained",
        "site_class": null,
        "maz": "IV",
        "maz_zone": null,
        "tz": "3",
        "frost_risk": null,
        "source_layer": "SWIFT_SSMT_Uganda"
      }
    },
    {
      "type": "Feature",
      "geometry": {
        "type": "Polygon",
        "coordinates": [
          [
            [
              34.2357022083,
              3.6642541902
            ],
            [
              34.2352705156,
              3.6654261806
            ],
            [
              34.2353569741,
              3.6761113707
            ],
            [
              34.2364841276,
              3.683938455
            ],
            [
              34.2358242814,
              3.6899991984
            ],
            [
              34.2309216571,
              3.6975196368
            ],
            [
              34.2274401108,
              3.7053847152
            ],
            [
              34.2253855492,
              3.7143067427
            ],
            [
              34.2159028719,
              3.7254275128
            ],
            [
              34.1993549445,
              3.7398129736
            ],
            [
              34.1863818652,
              3.7399202649
            ],
            [
              34.1861771849,
              3.7148375959
            ],
            [
              34.1695315901,
              3.7149740571
            ],
            [
              34.1696675813,
              3.7316964554
            ],
            [
              34.1569356411,
              3.7318010887
            ],
            [
              34.1584745094,
              3.7276815758
            ],
            [
              34.1594775744,
              3.7201919649
            ],
            [
              34.1594400221,
              3.7155609416
            ],
            [
              34.1572749065,
              3.7109472937
            ],
            [
              34.1544294299,
              3.7099017431
            ],
            [
              34.1491103269,
              3.709945131
            ],
            [
              34.1388495518,
              3.712878917
            ],
            [
              34.136228892,
              3.7140490537
            ],
            [
              34.1361711009,
              3.7068842342
            ],
            [
              34.1528177702,
              3.7067486987
            ],
            [
              34.1526830089,
              3.6900256695
            ],
            [
              34.1360366473,
              3.6901605912
            ],
            [
              34.1359028055,
              3.6734369376
            ],
            [
              34.1249942532,
              3.6735247843
            ],
            [
              34.1254058103,
              3.672728431
            ],
            [
              34.1253575714,
              3.6666720157
            ],
            [
              34.1225036813,
              3.664557227
            ],
            [
              34.119175358,
              3.6634167765
            ],
            [
              34.1191232122,
              3.656846664
            ],
            [
              34.1607379737,
              3.6565126152
            ],
            [
              34.160604902,
              3.639789859
            ],
            [
              34.1439597599,
              3.6399230939
            ],
            [
              34.1437617543,
              3.6148380194
            ],
            [
              34.1354391784,
              3.6149040637
            ],
            [
              34.1353735591,
              3.6065422133
            ],
            [
              34.1436960589,
              3.606476322
            ],
            [
              34.1436305175,
              3.5981146221
            ],
            [
              34.1519527892,
              3.5980488096
            ],
            [
              34.1520184057,
              3.6064103571
            ],
            [
              34.1686626402,
              3.6062781982
            ],
            [
              34.1685968737,
              3.5979169596
            ],
            [
              34.1769186861,
              3.5978509212
            ],
            [
              34.1768529985,
              3.589489833
            ],
            [
              34.1851745815,
              3.5894238743
            ],
            [
              34.1850435204,
              3.5727019982
            ],
            [
              34.2016859272,
              3.5725704737
            ],
            [
              34.2015551854,
              3.5558492036
            ],
            [
              34.1932342068,
              3.555914694
            ],
            [
              34.1931042297,
              3.5391931041
            ],
            [
              34.2014250608,
              3.5391279214
            ],
            [
              34.2013602308,
              3.5307672778
            ],
            [
              34.2096808342,
              3.5307021757
            ],
            [
              34.2095514898,
              3.513981188
            ],
            [
              34.2178717924,
              3.5139163225
            ],
            [
              34.2178072794,
              3.5055559786
            ],
            [
              34.2261273554,
              3.5054911946
            ],
            [
              34.2260629243,
              3.4971310039
            ],
            [
              34.2343827729,
              3.4970663018
            ],
            [
              34.2343184241,
              3.4887062626
            ],
            [
              34.2259986472,
              3.4887708096
            ],
            [
              34.2259345256,
              3.4804106136
            ],
            [
              34.2342542294,
              3.4803462207
            ],
            [
              34.2341263066,
              3.4636261301
            ],
            [
              34.225806746,
              3.4636902121
            ],
            [
              34.2256162375,
              3.43860959
            ],
            [
              34.2339355825,
              3.438545974
            ],
            [
              34.2337462534,
              3.4134657942
            ],
            [
              34.2171078348,
              3.4135920251
            ],
            [
              34.2168581285,
              3.3801505098
            ],
            [
              34.2334959841,
              3.380025517
            ],
            [
              34.2335583183,
              3.3883855896
            ],
            [
              34.2501956956,
              3.388260005
            ],
            [
              34.2502583269,
              3.3966197644
            ],
            [
              34.2585768518,
              3.3965567104
            ],
            [
              34.2586397087,
              3.4049163125
            ],
            [
              34.2669581495,
              3.404853032
            ],
            [
              34.2670212325,
              3.4132124758
            ],
            [
              34.2753395891,
              3.4131489685
            ],
            [
              34.275529982,
              3.438226816
            ],
            [
              34.2921666525,
              3.4380986503
            ],
            [
              34.292230572,
              3.4464576159
            ],
            [
              34.3005487448,
              3.4463932688
            ],
            [
              34.300484754,
              3.4380344614
            ],
            [
              34.3088026991,
              3.4379701992
            ],
            [
              34.3086750446,
              3.4212528889
            ],
            [
              34.3166384657,
              3.4211915973
            ],
            [
              34.3156648419,
              3.4311442099
            ],
            [
              34.3157575912,
              3.4432519694
            ],
            [
              34.3165676571,
              3.4564225375
            ],
            [
              34.3216059166,
              3.4663548872
            ],
            [
              34.326666561,
              3.4791357935
            ],
            [
              34.3277767571,
              3.4851811659
            ],
            [
              34.3313982766,
              3.4951240487
            ],
            [
              34.3304465405,
              3.5093763594
            ],
            [
              34.3309948047,
              3.5130270215
            ],
            [
              34.3260216033,
              3.513066407
            ],
            [
              34.3260872199,
              3.5214247215
            ],
            [
              34.317768867,
              3.5214906957
            ],
            [
              34.3178345676,
              3.5298491629
            ],
            [
              34.3011972451,
              3.5299812047
            ],
            [
              34.3010662949,
              3.5132636387
            ],
            [
              34.2761095774,
              3.5134602131
            ],
            [
              34.2759796883,
              3.4967416985
            ],
            [
              34.2842986043,
              3.4966765599
            ],
            [
              34.2841691933,
              3.479958347
            ],
            [
              34.267531494,
              3.4800879281
            ],
            [
              34.2674671667,
              3.4717285056
            ],
            [
              34.259148155,
              3.471793032
            ],
            [
              34.2592768218,
              3.488512185
            ],
            [
              34.2675959769,
              3.4884473479
            ],
            [
              34.267790361,
              3.5135255899
            ],
            [
              34.2594709879,
              3.5135908953
            ],
            [
              34.2597977076,
              3.5553886914
            ],
            [
              34.243157762,
              3.5555206366
            ],
            [
              34.2432892428,
              3.5722403577
            ],
            [
              34.2599294836,
              3.5721077904
            ],
            [
              34.2599956055,
              3.5804673365
            ],
            [
              34.268315566,
              3.5804007855
            ],
            [
              34.2682493716,
              3.5720413953
            ],
            [
              34.2848886783,
              3.5719083814
            ],
            [
              34.2849550212,
              3.5802674594
            ],
            [
              34.2932745156,
              3.5802006842
            ],
            [
              34.2932080974,
              3.5718417626
            ],
            [
              34.3181654179,
              3.5716414618
            ],
            [
              34.3182988557,
              3.5883583619
            ],
            [
              34.3099797566,
              3.5884255172
            ],
            [
              34.3100466367,
              3.5967841194
            ],
            [
              34.2684484249,
              3.5971195565
            ],
            [
              34.2685150885,
              3.6054789381
            ],
            [
              34.2518745629,
              3.6056128997
            ],
            [
              34.2519412313,
              3.6139725893
            ],
            [
              34.2482297268,
              3.6140024961
            ],
            [
              34.2468524579,
              3.6093022231
            ],
            [
              34.2382382652,
              3.6034349075
            ],
            [
              34.225774247,
              3.5964107216
            ],
            [
              34.2080041836,
              3.5909124461
            ],
            [
              34.198838746,
              3.590094791
            ],
            [
              34.1900082793,
              3.5943209653
            ],
            [
              34.1859375293,
              3.6026654559
            ],
            [
              34.1848471644,
              3.6142518
            ],
            [
              34.1873261082,
              3.6287782233
            ],
            [
              34.1912733996,
              3.6421052197
            ],
            [
              34.200900522,
              3.6516232044
            ],
            [
              34.2070227107,
              3.653258502
            ],
            [
              34.2158623238,
              3.6502184622
            ],
            [
              34.2205727267,
              3.6481024194
            ],
            [
              34.2272172315,
              3.6439826797
            ],
            [
              34.2273135998,
              3.6559741715
            ],
            [
              34.2356348582,
              3.6559065236
            ],
            [
              34.2357022083,
              3.6642541902
            ]
          ],
          [
            [
              34.2025507994,
              3.681258462
            ],
            [
              34.1859064341,
              3.681393998
            ],
            [
              34.1860415013,
              3.6981158028
            ],
            [
              34.2026861715,
              3.6979796486
            ],
            [
              34.2025507994,
              3.681258462
            ]
          ]
        ]
      },
      "properties": {
        "country": "Uganda",
        "country_code": "UGA",
        "species_name": "Eucalyptus_tereticornis",
        "genus": "Eucalyptus",
        "species": "tereticornis",
        "suitability_name": "Marginally suitable",
        "suitability_rank": 3,
        "soil_suitability": "S2",
        "soil_type": "Ferruginous Soils",
        "soil_description": "On crystalline acid rock - freely drained",
        "site_class": null,
        "maz": "IV",
        "maz_zone": null,
        "tz": "3",
        "frost_risk": null,
        "source_layer": "SWIFT_SSMT_Uganda"
      }
    },
    {
      "type": "Feature",
      "geometry": {
        "type": "Polygon",
        "coordinates": [
          [
            [
              33.9530452554,
              3.7118691667
            ],
            [
              33.9584799241,
              3.7166769605
            ],
            [
              33.9530834064,
              3.7167198395
            ],
            [
              33.9530452554,
              3.7118691667
            ]
          ]
        ]
      },
      "properties": {
        "country": "Uganda",
        "country_code": "UGA",
        "species_name": "Eucalyptus_tereticornis",
        "genus": "Eucalyptus",
        "species": "tereticornis",
        "suitability_name": "Marginally suitable",
        "suitability_rank": 3,
        "soil_suitability": "S2",
        "soil_type": "Ferruginous Soils",
        "soil_description": "On crystalline acid rock - freely drained",
        "site_class": null,
        "maz": "IV",
        "maz_zone": null,
        "tz": "3",
        "frost_risk": null,
        "source_layer": "SWIFT_SSMT_Uganda"
      }
    },
    {
      "type": "Feature",
      "geometry": {
        "type": "Polygon",
        "coordinates": [
          [
            [
              33.9446577863,
              3.7042140592
            ],
            [
              33.9492130317,
              3.7083848383
            ],
            [
              33.9446907591,
              3.7084206456
            ],
            [
              33.9446577863,
              3.7042140592
            ]
          ]
        ]
      },
      "properties": {
        "country": "Uganda",
        "country_code": "UGA",
        "species_name": "Eucalyptus_tereticornis",
        "genus": "Eucalyptus",
        "species": "tereticornis",
        "suitability_name": "Marginally suitable",
        "suitability_rank": 3,
        "soil_suitability": "S2",
        "soil_type": "Ferruginous Soils",
        "soil_description": "On crystalline acid rock - freely drained",
        "site_class": null,
        "maz": "IV",
        "maz_zone": null,
        "tz": "3",
        "frost_risk": null,
        "source_layer": "SWIFT_SSMT_Uganda"
      }
    },
    {
      "type": "Feature",
      "geometry": {
        "type": "Polygon",
        "coordinates": [
          [
            [
              34.0028438326,
              3.6912288801
            ],
            [
              33.9945179983,
              3.6912949929
            ],
            [
              33.994571609,
              3.6981066636
            ],
            [
              33.992948786,
              3.6976620279
            ],
            [
              33.9833431053,
              3.6941744034
            ],
            [
              33.9747959499,
              3.6899653572
            ],
            [
              33.9682060741,
              3.683138021
            ],
            [
              33.9861263939,
              3.6829964764
            ],
            [
              33.9860609251,
              3.6746319214
            ],
            [
              34.0110379716,
              3.674434483
            ],
            [
              34.0109724233,
              3.6660703755
            ],
            [
              34.0276228839,
              3.6659386679
            ],
            [
              34.0275573338,
              3.6575748579
            ],
            [
              34.0379164521,
              3.6574929459
            ],
            [
              34.0320351596,
              3.6610023532
            ],
            [
              34.0257235382,
              3.6703176217
            ],
            [
              34.0215456699,
              3.6803288791
            ],
            [
              34.021021462,
              3.682719816
            ],
            [
              34.002778061,
              3.6828646281
            ],
            [
              34.0028438326,
              3.6912288801
            ]
          ]
        ]
      },
      "properties": {
        "country": "Uganda",
        "country_code": "UGA",
        "species_name": "Eucalyptus_tereticornis",
        "genus": "Eucalyptus",
        "species": "tereticornis",
        "suitability_name": "Marginally suitable",
        "suitability_rank": 3,
        "soil_suitability": "S2",
        "soil_type": "Ferruginous Soils",
        "soil_description": "On crystalline acid rock - freely drained",
        "site_class": null,
        "maz": "IV",
        "maz_zone": null,
        "tz": "3",
        "frost_risk": null,
        "source_layer": "SWIFT_SSMT_Uganda"
      }
    },
    {
      "type": "Feature",
      "geometry": {
        "type": "Polygon",
        "coordinates": [
          [
            [
              34.1110149478,
              3.6839754459
            ],
            [
              34.1110659572,
              3.6903623975
            ],
            [
              34.0871551911,
              3.6905549776
            ],
            [
              34.0925360926,
              3.6868882919
            ],
            [
              34.0988997623,
              3.6843429911
            ],
            [
              34.1095387755,
              3.6842573831
            ],
            [
              34.1110149478,
              3.6839754459
            ]
          ]
        ]
      },
      "properties": {
        "country": "Uganda",
        "country_code": "UGA",
        "species_name": "Eucalyptus_tereticornis",
        "genus": "Eucalyptus",
        "species": "tereticornis",
        "suitability_name": "Marginally suitable",
        "suitability_rank": 3,
        "soil_suitability": "S2",
        "soil_type": "Ferruginous Soils",
        "soil_description": "On crystalline acid rock - freely drained",
        "site_class": null,
        "maz": "IV",
        "maz_zone": null,
        "tz": "3",
        "frost_risk": null,
        "source_layer": "SWIFT_SSMT_Uganda"
      }
    },
    {
      "type": "Feature",
      "geometry": {
        "type": "Polygon",
        "coordinates": [
          [
            [
              34.1193167724,
              3.681174479
            ],
            [
              34.1193228284,
              3.6819330742
            ],
            [
              34.1183617961,
              3.681940819
            ],
            [
              34.1193167724,
              3.681174479
            ]
          ]
        ]
      },
      "properties": {
        "country": "Uganda",
        "country_code": "UGA",
        "species_name": "Eucalyptus_tereticornis",
        "genus": "Eucalyptus",
        "species": "tereticornis",
        "suitability_name": "Marginally suitable",
        "suitability_rank": 3,
        "soil_suitability": "S2",
        "soil_type": "Ferruginous Soils",
        "soil_description": "On crystalline acid rock - freely drained",
        "site_class": null,
        "maz": "IV",
        "maz_zone": null,
        "tz": "3",
        "frost_risk": null,
        "source_layer": "SWIFT_SSMT_Uganda"
      }
    },
    {
      "type": "Feature",
      "geometry": {
        "type": "Polygon",
        "coordinates": [
          [
            [
              34.0441857306,
              3.6547266441
            ],
            [
              34.0441414873,
              3.6490796363
            ],
            [
              34.0524660377,
              3.6490138177
            ],
            [
              34.0524005622,
              3.6406504565
            ],
            [
              34.0690490566,
              3.6405188917
            ],
            [
              34.0691146841,
              3.6488819503
            ],
            [
              34.0774387799,
              3.6488159024
            ],
            [
              34.0775046342,
              3.6571788069
            ],
            [
              34.1024762377,
              3.6569797502
            ],
            [
              34.1025008193,
              3.6600856124
            ],
            [
              34.0905508642,
              3.6601810382
            ],
            [
              34.0831006576,
              3.6598841355
            ],
            [
              34.0770576782,
              3.658150675
            ],
            [
              34.0678115857,
              3.6550172747
            ],
            [
              34.0582163326,
              3.6525990843
            ],
            [
              34.0504138152,
              3.6526608898
            ],
            [
              34.0441857306,
              3.6547266441
            ]
          ]
        ]
      },
      "properties": {
        "country": "Uganda",
        "country_code": "UGA",
        "species_name": "Eucalyptus_tereticornis",
        "genus": "Eucalyptus",
        "species": "tereticornis",
        "suitability_name": "Marginally suitable",
        "suitability_rank": 3,
        "soil_suitability": "S2",
        "soil_type": "Ferruginous Soils",
        "soil_description": "On crystalline acid rock - freely drained",
        "site_class": null,
        "maz": "IV",
        "maz_zone": null,
        "tz": "3",
        "frost_risk": null,
        "source_layer": "SWIFT_SSMT_Uganda"
      }
    },
    {
      "type": "Feature",
      "geometry": {
        "type": "Polygon",
        "coordinates": [
          [
            [
              34.0039635985,
              3.5071955801
            ],
            [
              34.0097555776,
              3.5071518179
            ],
            [
              34.0098182694,
              3.5155159767
            ],
            [
              34.0181422325,
              3.5154528702
            ],
            [
              34.0180794668,
              3.5070888626
            ],
            [
              34.0430502326,
              3.5068995564
            ],
            [
              34.0429247174,
              3.4901724372
            ],
            [
              34.0595708494,
              3.4900464724
            ],
            [
              34.0595081741,
              3.481683212
            ],
            [
              34.0927983302,
              3.4814310153
            ],
            [
              34.0928612944,
              3.4897936692
            ],
            [
              34.1011835273,
              3.4897302866
            ],
            [
              34.1016290494,
              3.5482677212
            ],
            [
              34.1182740791,
              3.5481386015
            ],
            [
              34.1183384816,
              3.5565007758
            ],
            [
              34.1349830486,
              3.5563710547
            ],
            [
              34.1352427764,
              3.5898185049
            ],
            [
              34.1269202727,
              3.5898840141
            ],
            [
              34.1268551865,
              3.5815220024
            ],
            [
              34.093563942,
              3.5817826819
            ],
            [
              34.0934348202,
              3.565057431
            ],
            [
              34.0767885816,
              3.5651867146
            ],
            [
              34.0768529192,
              3.5735496454
            ],
            [
              34.0518822024,
              3.5737434677
            ],
            [
              34.0517541241,
              3.5570166936
            ],
            [
              34.0434303973,
              3.5570808491
            ],
            [
              34.0433666595,
              3.5487173074
            ],
            [
              34.0100705397,
              3.5489725845
            ],
            [
              34.0100072462,
              3.5406084364
            ],
            [
              34.0016829144,
              3.5406719203
            ],
            [
              34.0017461332,
              3.5490362184
            ],
            [
              33.9850968708,
              3.5491632644
            ],
            [
              33.9852234638,
              3.5658924533
            ],
            [
              33.97689846,
              3.5659561642
            ],
            [
              33.9769619076,
              3.5743209051
            ],
            [
              33.9603113016,
              3.574448403
            ],
            [
              33.9603747501,
              3.5828134399
            ],
            [
              33.9520491499,
              3.5828772273
            ],
            [
              33.9521126725,
              3.5912424098
            ],
            [
              33.9188084809,
              3.5914974029
            ],
            [
              33.9187452569,
              3.5831316237
            ],
            [
              33.9104189129,
              3.5831950363
            ],
            [
              33.9102088284,
              3.55522088
            ],
            [
              33.9115033126,
              3.5549438724
            ],
            [
              33.9267671916,
              3.5562541969
            ],
            [
              33.9388891798,
              3.5643600988
            ],
            [
              33.9569873148,
              3.5652915536
            ],
            [
              33.9721610742,
              3.5548401369
            ],
            [
              33.9879630506,
              3.5336927274
            ],
            [
              33.9995196325,
              3.514004089
            ],
            [
              34.0039635985,
              3.5071955801
            ]
          ]
        ]
      },
      "properties": {
        "country": "Uganda",
        "country_code": "UGA",
        "species_name": "Eucalyptus_tereticornis",
        "genus": "Eucalyptus",
        "species": "tereticornis",
        "suitability_name": "Marginally suitable",
        "suitability_rank": 3,
        "soil_suitability": "S2",
        "soil_type": "Ferruginous Soils",
        "soil_description": "On crystalline acid rock - freely drained",
        "site_class": null,
        "maz": "IV",
        "maz_zone": null,
        "tz": "3",
        "frost_risk": null,
        "source_layer": "SWIFT_SSMT_Uganda"
      }
    },
    {
      "type": "Feature",
      "geometry": {
        "type": "Polygon",
        "coordinates": [
          [
            [
              33.8596920001,
              3.4797617076
            ],
            [
              33.8691808056,
              3.4925225534
            ],
            [
              33.874329206,
              3.4997985955
            ],
            [
              33.8681653085,
              3.499844163
            ],
            [
              33.8681041527,
              3.491477467
            ],
            [
              33.8597777305,
              3.4915388083
            ],
            [
              33.8596920001,
              3.4797617076
            ]
          ]
        ]
      },
      "properties": {
        "country": "Uganda",
        "country_code": "UGA",
        "species_name": "Eucalyptus_tereticornis",
        "genus": "Eucalyptus",
        "species": "tereticornis",
        "suitability_name": "Marginally suitable",
        "suitability_rank": 3,
        "soil_suitability": "S2",
        "soil_type": "Ferruginous Soils",
        "soil_description": "On crystalline acid rock - freely drained",
        "site_class": null,
        "maz": "IV",
        "maz_zone": null,
        "tz": "3",
        "frost_risk": null,
        "source_layer": "SWIFT_SSMT_Uganda"
      }
    },
    {
      "type": "Feature",
      "geometry": {
        "type": "Polygon",
        "coordinates": [
          [
            [
              33.9761370288,
              3.463984656
            ],
            [
              33.975398287,
              3.4657162
            ],
            [
              33.9676825652,
              3.4775348114
            ],
            [
              33.9609939519,
              3.4843563662
            ],
            [
              33.953916341,
              3.4865475968
            ],
            [
              33.9432628947,
              3.4848448424
            ],
            [
              33.933253195,
              3.4742263837
            ],
            [
              33.9239661387,
              3.4653842171
            ],
            [
              33.9132734366,
              3.4583341571
            ],
            [
              33.9040150702,
              3.4534118526
            ],
            [
              33.8951397721,
              3.4524074962
            ],
            [
              33.8852053534,
              3.4521236839
            ],
            [
              33.8735151597,
              3.4543478769
            ],
            [
              33.8629248935,
              3.4615547543
            ],
            [
              33.8572929706,
              3.4676561292
            ],
            [
              33.8557021353,
              3.474395665
            ],
            [
              33.8560263421,
              3.474831705
            ],
            [
              33.851329582,
              3.4748660894
            ],
            [
              33.8512690122,
              3.4664990928
            ],
            [
              33.8429425137,
              3.4665598475
            ],
            [
              33.8428821624,
              3.4581927002
            ],
            [
              33.8512085888,
              3.458132092
            ],
            [
              33.8511483127,
              3.4497650897
            ],
            [
              33.8428219583,
              3.4498255506
            ],
            [
              33.8427019904,
              3.4330912441
            ],
            [
              33.8760059545,
              3.4328501449
            ],
            [
              33.8759459041,
              3.4244835767
            ],
            [
              33.8842714562,
              3.4244232704
            ],
            [
              33.8841516576,
              3.4076904229
            ],
            [
              33.8758262477,
              3.4077504331
            ],
            [
              33.8757666416,
              3.3993838585
            ],
            [
              33.9090671094,
              3.3991439782
            ],
            [
              33.9091270005,
              3.4075099621
            ],
            [
              33.9341010095,
              3.4073288609
            ],
            [
              33.9341612603,
              3.4156943961
            ],
            [
              33.9591341457,
              3.4155122079
            ],
            [
              33.959194759,
              3.4238772938
            ],
            [
              33.9675188265,
              3.4238162723
            ],
            [
              33.9675796599,
              3.4321812057
            ],
            [
              33.9759036497,
              3.4321199625
            ],
            [
              33.9759647035,
              3.4404847451
            ],
            [
              33.9676406431,
              3.4405461376
            ],
            [
              33.9677630565,
              3.457275993
            ],
            [
              33.9760872604,
              3.457214302
            ],
            [
              33.9761370288,
              3.463984656
            ]
          ]
        ]
      },
      "properties": {
        "country": "Uganda",
        "country_code": "UGA",
        "species_name": "Eucalyptus_tereticornis",
        "genus": "Eucalyptus",
        "species": "tereticornis",
        "suitability_name": "Marginally suitable",
        "suitability_rank": 3,
        "soil_suitability": "S2",
        "soil_type": "Ferruginous Soils",
        "soil_description": "On crystalline acid rock - freely drained",
        "site_class": null,
        "maz": "IV",
        "maz_zone": null,
        "tz": "3",
        "frost_risk": null,
        "source_layer": "SWIFT_SSMT_Uganda"
      }
    },
    {
      "type": "Feature",
      "geometry": {
        "type": "Polygon",
        "coordinates": [
          [
            [
              34.3174569648,
              3.4128263106
            ],
            [
              34.316967109,
              3.4178325979
            ],
            [
              34.3169290288,
              3.4128303661
            ],
            [
              34.3174569648,
              3.4128263106
            ]
          ]
        ]
      },
      "properties": {
        "country": "Uganda",
        "country_code": "UGA",
        "species_name": "Eucalyptus_tereticornis",
        "genus": "Eucalyptus",
        "species": "tereticornis",
        "suitability_name": "Marginally suitable",
        "suitability_rank": 3,
        "soil_suitability": "S2",
        "soil_type": "Ferruginous Soils",
        "soil_description": "On crystalline acid rock - freely drained",
        "site_class": null,
        "maz": "IV",
        "maz_zone": null,
        "tz": "3",
        "frost_risk": null,
        "source_layer": "SWIFT_SSMT_Uganda"
      }
    },
    {
      "type": "Feature",
      "geometry": {
        "type": "Polygon",
        "coordinates": [
          [
            [
              34.0039635985,
              3.5071955801
            ],
            [
              33.9995196325,
              3.514004089
            ],
            [
              33.9879630506,
              3.5336927274
            ],
            [
              33.9721610742,
              3.5548401369
            ],
            [
              33.9569873148,
              3.5652915536
            ],
            [
              33.9388891798,
              3.5643600988
            ],
            [
              33.9267671916,
              3.5562541969
            ],
            [
              33.9115033126,
              3.5549438724
            ],
            [
              33.9102088284,
              3.55522088
            ],
            [
              33.9101053878,
              3.5413653599
            ],
            [
              33.9017792659,
              3.5414279564
            ],
            [
              33.9015931491,
              3.5163296742
            ],
            [
              33.909919051,
              3.5162675229
            ],
            [
              33.9097955677,
              3.4995356187
            ],
            [
              33.8848178546,
              3.4997209639
            ],
            [
              33.884756554,
              3.4913545641
            ],
            [
              33.8764304273,
              3.4914160526
            ],
            [
              33.876491655,
              3.4997826006
            ],
            [
              33.874329206,
              3.4997985955
            ],
            [
              33.8691808056,
              3.4925225534
            ],
            [
              33.8596920001,
              3.4797617076
            ],
            [
              33.8596560056,
              3.4748051156
            ],
            [
              33.8560263421,
              3.474831705
            ],
            [
              33.8557021353,
              3.474395665
            ],
            [
              33.8572929706,
              3.4676561292
            ],
            [
              33.8629248935,
              3.4615547543
            ],
            [
              33.8735151597,
              3.4543478769
            ],
            [
              33.8852053534,
              3.4521236839
            ],
            [
              33.8951397721,
              3.4524074962
            ],
            [
              33.9040150702,
              3.4534118526
            ],
            [
              33.9132734366,
              3.4583341571
            ],
            [
              33.9239661387,
              3.4653842171
            ],
            [
              33.933253195,
              3.4742263837
            ],
            [
              33.9432628947,
              3.4848448424
            ],
            [
              33.953916341,
              3.4865475968
            ],
            [
              33.9609939519,
              3.4843563662
            ],
            [
              33.9676825652,
              3.4775348114
            ],
            [
              33.975398287,
              3.4657162
            ],
            [
              33.9761370288,
              3.463984656
            ],
            [
              33.9762722173,
              3.4823086166
            ],
            [
              33.9845964887,
              3.4822464032
            ],
            [
              33.9847830093,
              3.5073402455
            ],
            [
              34.0039635985,
              3.5071955801
            ]
          ]
        ]
      },
      "properties": {
        "country": "Uganda",
        "country_code": "UGA",
        "species_name": "Eucalyptus_tereticornis",
        "genus": "Eucalyptus",
        "species": "tereticornis",
        "suitability_name": "Marginally suitable",
        "suitability_rank": 3,
        "soil_suitability": "S3",
        "soil_type": "Ferruginous Soils",
        "soil_description": "On crystalline acid rock-Complex with Lithosols",
        "site_class": null,
        "maz": "IV",
        "maz_zone": null,
        "tz": "3",
        "frost_risk": null,
        "source_layer": "SWIFT_SSMT_Uganda"
      }
    },
    {
      "type": "Feature",
      "geometry": {
        "type": "Polygon",
        "coordinates": [
          [
            [
              33.8195983682,
              3.6870929682
            ],
            [
              33.8231166916,
              3.6903687167
            ],
            [
              33.8310165158,
              3.7024287711
            ],
            [
              33.8363914697,
              3.709160526
            ],
            [
              33.8374973325,
              3.7144994328
            ],
            [
              33.8347413218,
              3.7252160476
            ],
            [
              33.829448853,
              3.729179023
            ],
            [
              33.8205965785,
              3.7317438549
            ],
            [
              33.8032722247,
              3.7304499306
            ],
            [
              33.8032399089,
              3.7262655149
            ],
            [
              33.8115694606,
              3.7262005915
            ],
            [
              33.8114404213,
              3.7094652849
            ],
            [
              33.8031110245,
              3.7095299151
            ],
            [
              33.8030468016,
              3.7011621119
            ],
            [
              33.8197052941,
              3.7010330658
            ],
            [
              33.8195983682,
              3.6870929682
            ]
          ]
        ]
      },
      "properties": {
        "country": "Uganda",
        "country_code": "UGA",
        "species_name": "Eucalyptus_tereticornis",
        "genus": "Eucalyptus",
        "species": "tereticornis",
        "suitability_name": "Marginally suitable",
        "suitability_rank": 3,
        "soil_suitability": "S3",
        "soil_type": "Ferruginous Soils",
        "soil_description": "On crystalline acid rock-Complex with Lithosols",
        "site_class": null,
        "maz": "IV",
        "maz_zone": null,
        "tz": "3",
        "frost_risk": null,
        "source_layer": "SWIFT_SSMT_Uganda"
      }
    },
    {
      "type": "Feature",
      "geometry": {
        "type": "Polygon",
        "coordinates": [
          [
            [
              34.199709341,
              2.8535271645
            ],
            [
              34.1966207808,
              2.8535466922
            ],
            [
              34.1966731341,
              2.861907534
            ],
            [
              34.1883576774,
              2.8619602209
            ],
            [
              34.1883053826,
              2.8535992251
            ],
            [
              34.171674126,
              2.853704113
            ],
            [
              34.1716679875,
              2.8527186897
            ],
            [
              34.1749561794,
              2.8520631276
            ],
            [
              34.192374928,
              2.8519532806
            ],
            [
              34.199709341,
              2.8535271645
            ]
          ]
        ]
      },
      "properties": {
        "country": "Uganda",
        "country_code": "UGA",
        "species_name": "Eucalyptus_tereticornis",
        "genus": "Eucalyptus",
        "species": "tereticornis",
        "suitability_name": "Marginally suitable",
        "suitability_rank": 3,
        "soil_suitability": "S3",
        "soil_type": "Ferruginous Soils",
        "soil_description": "On crystalline acid rock-Complex with Black clays",
        "site_class": null,
        "maz": "IV",
        "maz_zone": null,
        "tz": "3",
        "frost_risk": null,
        "source_layer": "SWIFT_SSMT_Uganda"
      }
    },
    {
      "type": "Feature",
      "geometry": {
        "type": "Polygon",
        "coordinates": [
          [
            [
              34.801214018,
              2.5573317993
            ],
            [
              34.8010780538,
              2.5603603861
            ],
            [
              34.793076471,
              2.563696519
            ],
            [
              34.7930380779,
              2.5573820453
            ],
            [
              34.801214018,
              2.5573317993
            ]
          ]
        ]
      },
      "properties": {
        "country": "Uganda",
        "country_code": "UGA",
        "species_name": "Eucalyptus_tereticornis",
        "genus": "Eucalyptus",
        "species": "tereticornis",
        "suitability_name": "Marginally suitable",
        "suitability_rank": 3,
        "soil_suitability": "S4",
        "soil_type": "Lithosols",
        "soil_description": "Not differentiated",
        "site_class": null,
        "maz": "III",
        "maz_zone": null,
        "tz": "4",
        "frost_risk": null,
        "source_layer": "SWIFT_SSMT_Uganda"
      }
    },
    {
      "type": "Feature",
      "geometry": {
        "type": "Polygon",
        "coordinates": [
          [
            [
              34.7881171932,
              2.5657620355
            ],
            [
              34.7847951736,
              2.5671449952
            ],
            [
              34.7847868794,
              2.5657825408
            ],
            [
              34.7881171932,
              2.5657620355
            ]
          ]
        ]
      },
      "properties": {
        "country": "Uganda",
        "country_code": "UGA",
        "species_name": "Eucalyptus_tereticornis",
        "genus": "Eucalyptus",
        "species": "tereticornis",
        "suitability_name": "Marginally suitable",
        "suitability_rank": 3,
        "soil_suitability": "S4",
        "soil_type": "Lithosols",
        "soil_description": "Not differentiated",
        "site_class": null,
        "maz": "III",
        "maz_zone": null,
        "tz": "4",
        "frost_risk": null,
        "source_layer": "SWIFT_SSMT_Uganda"
      }
    },
    {
      "type": "Feature",
      "geometry": {
        "type": "Polygon",
        "coordinates": [
          [
            [
              34.8013906811,
              2.5656802205
            ],
            [
              34.8014416859,
              2.5740294139
            ],
            [
              34.7931398157,
              2.5740807672
            ],
            [
              34.7930888626,
              2.5657314075
            ],
            [
              34.8013906811,
              2.5656802205
            ]
          ]
        ]
      },
      "properties": {
        "country": "Uganda",
        "country_code": "UGA",
        "species_name": "Eucalyptus_tereticornis",
        "genus": "Eucalyptus",
        "species": "tereticornis",
        "suitability_name": "Marginally suitable",
        "suitability_rank": 3,
        "soil_suitability": "S2",
        "soil_type": "Ferruginous Soils",
        "soil_description": "On crystalline acid rock - freely drained",
        "site_class": null,
        "maz": "IV",
        "maz_zone": null,
        "tz": "4",
        "frost_risk": null,
        "source_layer": "SWIFT_SSMT_Uganda"
      }
    },
    {
      "type": "Feature",
      "geometry": {
        "type": "Polygon",
        "coordinates": [
          [
            [
              34.8015890704,
              2.5489799906
            ],
            [
              34.8013248494,
              2.554863404
            ],
            [
              34.8012891701,
              2.5489818281
            ],
            [
              34.8015890704,
              2.5489799906
            ]
          ]
        ]
      },
      "properties": {
        "country": "Uganda",
        "country_code": "UGA",
        "species_name": "Eucalyptus_tereticornis",
        "genus": "Eucalyptus",
        "species": "tereticornis",
        "suitability_name": "Marginally suitable",
        "suitability_rank": 3,
        "soil_suitability": "S4",
        "soil_type": "Lithosols",
        "soil_description": "Not differentiated",
        "site_class": null,
        "maz": "III",
        "maz_zone": null,
        "tz": "4",
        "frost_risk": null,
        "source_layer": "SWIFT_SSMT_Uganda"
      }
    },
    {
      "type": "Feature",
      "geometry": {
        "type": "Polygon",
        "coordinates": [
          [
            [
              34.734721063,
              2.5243355794
            ],
            [
              34.7347708198,
              2.5326861117
            ],
            [
              34.7264678871,
              2.5327362112
            ],
            [
              34.726418182,
              2.5243855132
            ],
            [
              34.734721063,
              2.5243355794
            ]
          ]
        ]
      },
      "properties": {
        "country": "Uganda",
        "country_code": "UGA",
        "species_name": "Eucalyptus_tereticornis",
        "genus": "Eucalyptus",
        "species": "tereticornis",
        "suitability_name": "Marginally suitable",
        "suitability_rank": 3,
        "soil_suitability": "S1",
        "soil_type": "Ferrisols",
        "soil_description": "Humic of high altitudes",
        "site_class": null,
        "maz": "II",
        "maz_zone": null,
        "tz": "6",
        "frost_risk": null,
        "source_layer": "SWIFT_SSMT_Uganda"
      }
    },
    {
      "type": "Feature",
      "geometry": {
        "type": "Polygon",
        "coordinates": [
          [
            [
              34.7783770835,
              2.5157221885
            ],
            [
              34.7725655476,
              2.5246047461
            ],
            [
              34.7679697327,
              2.5306219899
            ],
            [
              34.7678811307,
              2.5157854481
            ],
            [
              34.7783770835,
              2.5157221885
            ]
          ]
        ]
      },
      "properties": {
        "country": "Uganda",
        "country_code": "UGA",
        "species_name": "Eucalyptus_tereticornis",
        "genus": "Eucalyptus",
        "species": "tereticornis",
        "suitability_name": "Marginally suitable",
        "suitability_rank": 3,
        "soil_suitability": "S1",
        "soil_type": "Eutrophic Soils",
        "soil_description": "On volcanic ash",
        "site_class": null,
        "maz": "I",
        "maz_zone": null,
        "tz": "6",
        "frost_risk": null,
        "source_layer": "SWIFT_SSMT_Uganda"
      }
    },
    {
      "type": "Feature",
      "geometry": {
        "type": "Polygon",
        "coordinates": [
          [
            [
              34.7928584472,
              2.5276283305
            ],
            [
              34.7929370036,
              2.5406833152
            ],
            [
              34.7763331849,
              2.5407845289
            ],
            [
              34.7762830017,
              2.5324348281
            ],
            [
              34.784584942,
              2.5323844133
            ],
            [
              34.7845348724,
              2.5240348759
            ],
            [
              34.7927232299,
              2.5239852634
            ],
            [
              34.7927432779,
              2.5273284285
            ],
            [
              34.7928584472,
              2.5276283305
            ]
          ]
        ]
      },
      "properties": {
        "country": "Uganda",
        "country_code": "UGA",
        "species_name": "Eucalyptus_tereticornis",
        "genus": "Eucalyptus",
        "species": "tereticornis",
        "suitability_name": "Marginally suitable",
        "suitability_rank": 3,
        "soil_suitability": "S4",
        "soil_type": "Lithosols",
        "soil_description": "Not differentiated",
        "site_class": null,
        "maz": "I",
        "maz_zone": null,
        "tz": "6",
        "frost_risk": null,
        "source_layer": "SWIFT_SSMT_Uganda"
      }
    },
    {
      "type": "Feature",
      "geometry": {
        "type": "Polygon",
        "coordinates": [
          [
            [
              34.7845348724,
              2.5240348759
            ],
            [
              34.7762329847,
              2.5240851238
            ],
            [
              34.7762830017,
              2.5324348281
            ],
            [
              34.7679808962,
              2.5324851889
            ],
            [
              34.7679697327,
              2.5306219899
            ],
            [
              34.7725655476,
              2.5246047461
            ],
            [
              34.7783770835,
              2.5157221885
            ],
            [
              34.7844849692,
              2.515685337
            ],
            [
              34.7845348724,
              2.5240348759
            ]
          ]
        ]
      },
      "properties": {
        "country": "Uganda",
        "country_code": "UGA",
        "species_name": "Eucalyptus_tereticornis",
        "genus": "Eucalyptus",
        "species": "tereticornis",
        "suitability_name": "Marginally suitable",
        "suitability_rank": 3,
        "soil_suitability": "S4",
        "soil_type": "Lithosols",
        "soil_description": "Not differentiated",
        "site_class": null,
        "maz": "I",
        "maz_zone": null,
        "tz": "6",
        "frost_risk": null,
        "source_layer": "SWIFT_SSMT_Uganda"
      }
    },
    {
      "type": "Feature",
      "geometry": {
        "type": "Polygon",
        "coordinates": [
          [
            [
              34.7927232299,
              2.5239852634
            ],
            [
              34.7928365946,
              2.5239845762
            ],
            [
              34.7928584472,
              2.5276283305
            ],
            [
              34.7927432779,
              2.5273284285
            ],
            [
              34.7927232299,
              2.5239852634
            ]
          ]
        ]
      },
      "properties": {
        "country": "Uganda",
        "country_code": "UGA",
        "species_name": "Eucalyptus_tereticornis",
        "genus": "Eucalyptus",
        "species": "tereticornis",
        "suitability_name": "Marginally suitable",
        "suitability_rank": 3,
        "soil_suitability": "S2",
        "soil_type": "Ferruginous Soils",
        "soil_description": "On crystalline acid rock - freely drained",
        "site_class": null,
        "maz": "I",
        "maz_zone": null,
        "tz": "6",
        "frost_risk": null,
        "source_layer": "SWIFT_SSMT_Uganda"
      }
    },
    {
      "type": "Feature",
      "geometry": {
        "type": "Polygon",
        "coordinates": [
          [
            [
              34.7679697327,
              2.5306219899
            ],
            [
              34.7665400133,
              2.5324939247
            ],
            [
              34.7596786247,
              2.5325354986
            ],
            [
              34.759628712,
              2.524185463
            ],
            [
              34.7507499014,
              2.5242390291
            ],
            [
              34.7520332245,
              2.5218826109
            ],
            [
              34.756902825,
              2.5079784638
            ],
            [
              34.7568733338,
              2.5029979432
            ],
            [
              34.7542336034,
              2.4991666888
            ],
            [
              34.7677820281,
              2.4990856983
            ],
            [
              34.7678314973,
              2.507435574
            ],
            [
              34.7831205978,
              2.5073437035
            ],
            [
              34.7816789455,
              2.5106756216
            ],
            [
              34.7783770835,
              2.5157221885
            ],
            [
              34.7678811307,
              2.5157854481
            ],
            [
              34.7679697327,
              2.5306219899
            ]
          ]
        ]
      },
      "properties": {
        "country": "Uganda",
        "country_code": "UGA",
        "species_name": "Eucalyptus_tereticornis",
        "genus": "Eucalyptus",
        "species": "tereticornis",
        "suitability_name": "Marginally suitable",
        "suitability_rank": 3,
        "soil_suitability": "S1",
        "soil_type": "Eutrophic Soils",
        "soil_description": "On volcanic ash",
        "site_class": null,
        "maz": "II",
        "maz_zone": null,
        "tz": "6",
        "frost_risk": null,
        "source_layer": "SWIFT_SSMT_Uganda"
      }
    },
    {
      "type": "Feature",
      "geometry": {
        "type": "Polygon",
        "coordinates": [
          [
            [
              34.7542336034,
              2.4991666888
            ],
            [
              34.7568733338,
              2.5029979432
            ],
            [
              34.756902825,
              2.5079784638
            ],
            [
              34.7520332245,
              2.5218826109
            ],
            [
              34.7507499014,
              2.5242390291
            ],
            [
              34.734721063,
              2.5243355794
            ],
            [
              34.7346714706,
              2.5159850437
            ],
            [
              34.742974133,
              2.5159352231
            ],
            [
              34.7429246536,
              2.5075848518
            ],
            [
              34.7346220434,
              2.5076345065
            ],
            [
              34.7345727806,
              2.4992839677
            ],
            [
              34.7542336034,
              2.4991666888
            ]
          ]
        ]
      },
      "properties": {
        "country": "Uganda",
        "country_code": "UGA",
        "species_name": "Eucalyptus_tereticornis",
        "genus": "Eucalyptus",
        "species": "tereticornis",
        "suitability_name": "Marginally suitable",
        "suitability_rank": 3,
        "soil_suitability": "S1",
        "soil_type": "Ferrisols",
        "soil_description": "Humic of high altitudes",
        "site_class": null,
        "maz": "II",
        "maz_zone": null,
        "tz": "6",
        "frost_risk": null,
        "source_layer": "SWIFT_SSMT_Uganda"
      }
    },
    {
      "type": "Feature",
      "geometry": {
        "type": "Polygon",
        "coordinates": [
          [
            [
              34.7930380779,
              2.5573820453
            ],
            [
              34.7764340489,
              2.5574839251
            ],
            [
              34.7763331849,
              2.5407845289
            ],
            [
              34.7929370036,
              2.5406833152
            ],
            [
              34.7928584472,
              2.5276283305
            ],
            [
              34.7966958897,
              2.5376206098
            ],
            [
              34.8012694104,
              2.5457186702
            ],
            [
              34.8012891701,
              2.5489818281
            ],
            [
              34.7929874571,
              2.5490326806
            ],
            [
              34.7930380779,
              2.5573820453
            ]
          ]
        ]
      },
      "properties": {
        "country": "Uganda",
        "country_code": "UGA",
        "species_name": "Eucalyptus_tereticornis",
        "genus": "Eucalyptus",
        "species": "tereticornis",
        "suitability_name": "Marginally suitable",
        "suitability_rank": 3,
        "soil_suitability": "S4",
        "soil_type": "Lithosols",
        "soil_description": "Not differentiated",
        "site_class": null,
        "maz": "II",
        "maz_zone": null,
        "tz": "6",
        "frost_risk": null,
        "source_layer": "SWIFT_SSMT_Uganda"
      }
    },
    {
      "type": "Feature",
      "geometry": {
        "type": "Polygon",
        "coordinates": [
          [
            [
              34.7762830017,
              2.5324348281
            ],
            [
              34.7763331849,
              2.5407845289
            ],
            [
              34.7680310275,
              2.5408350565
            ],
            [
              34.7679808962,
              2.5324851889
            ],
            [
              34.7762830017,
              2.5324348281
            ]
          ]
        ]
      },
      "properties": {
        "country": "Uganda",
        "country_code": "UGA",
        "species_name": "Eucalyptus_tereticornis",
        "genus": "Eucalyptus",
        "species": "tereticornis",
        "suitability_name": "Marginally suitable",
        "suitability_rank": 3,
        "soil_suitability": "S4",
        "soil_type": "Lithosols",
        "soil_description": "Not differentiated",
        "site_class": null,
        "maz": "II",
        "maz_zone": null,
        "tz": "6",
        "frost_risk": null,
        "source_layer": "SWIFT_SSMT_Uganda"
      }
    },
    {
      "type": "Feature",
      "geometry": {
        "type": "Polygon",
        "coordinates": [
          [
            [
              34.7679697327,
              2.5306219899
            ],
            [
              34.7679808962,
              2.5324851889
            ],
            [
              34.7665400133,
              2.5324939247
            ],
            [
              34.7679697327,
              2.5306219899
            ]
          ]
        ]
      },
      "properties": {
        "country": "Uganda",
        "country_code": "UGA",
        "species_name": "Eucalyptus_tereticornis",
        "genus": "Eucalyptus",
        "species": "tereticornis",
        "suitability_name": "Marginally suitable",
        "suitability_rank": 3,
        "soil_suitability": "S4",
        "soil_type": "Lithosols",
        "soil_description": "Not differentiated",
        "site_class": null,
        "maz": "II",
        "maz_zone": null,
        "tz": "6",
        "frost_risk": null,
        "source_layer": "SWIFT_SSMT_Uganda"
      }
    },
    {
      "type": "Feature",
      "geometry": {
        "type": "Polygon",
        "coordinates": [
          [
            [
              34.7930706563,
              2.5156334875
            ],
            [
              34.7926814989,
              2.5170125271
            ],
            [
              34.7927232299,
              2.5239852634
            ],
            [
              34.7845348724,
              2.5240348759
            ],
            [
              34.7844849692,
              2.515685337
            ],
            [
              34.7783770835,
              2.5157221885
            ],
            [
              34.7816789455,
              2.5106756216
            ],
            [
              34.7831205978,
              2.5073437035
            ],
            [
              34.79273685,
              2.507285829
            ],
            [
              34.792786639,
              2.5156352034
            ],
            [
              34.7930706563,
              2.5156334875
            ]
          ]
        ]
      },
      "properties": {
        "country": "Uganda",
        "country_code": "UGA",
        "species_name": "Eucalyptus_tereticornis",
        "genus": "Eucalyptus",
        "species": "tereticornis",
        "suitability_name": "Marginally suitable",
        "suitability_rank": 3,
        "soil_suitability": "S4",
        "soil_type": "Lithosols",
        "soil_description": "Not differentiated",
        "site_class": null,
        "maz": "II",
        "maz_zone": null,
        "tz": "6",
        "frost_risk": null,
        "source_layer": "SWIFT_SSMT_Uganda"
      }
    },
    {
      "type": "Feature",
      "geometry": {
        "type": "Polygon",
        "coordinates": [
          [
            [
              34.8010881433,
              2.5155850181
            ],
            [
              34.8012694104,
              2.5457186702
            ],
            [
              34.7966958897,
              2.5376206098
            ],
            [
              34.7928584472,
              2.5276283305
            ],
            [
              34.7928365946,
              2.5239845762
            ],
            [
              34.7927232299,
              2.5239852634
            ],
            [
              34.7926814989,
              2.5170125271
            ],
            [
              34.7930706563,
              2.5156334875
            ],
            [
              34.8010881433,
              2.5155850181
            ]
          ]
        ]
      },
      "properties": {
        "country": "Uganda",
        "country_code": "UGA",
        "species_name": "Eucalyptus_tereticornis",
        "genus": "Eucalyptus",
        "species": "tereticornis",
        "suitability_name": "Marginally suitable",
        "suitability_rank": 3,
        "soil_suitability": "S2",
        "soil_type": "Ferruginous Soils",
        "soil_description": "On crystalline acid rock - freely drained",
        "site_class": null,
        "maz": "II",
        "maz_zone": null,
        "tz": "6",
        "frost_risk": null,
        "source_layer": "SWIFT_SSMT_Uganda"
      }
    },
    {
      "type": "Feature",
      "geometry": {
        "type": "Polygon",
        "coordinates": [
          [
            [
              34.7847951736,
              2.5671449952
            ],
            [
              34.770735274,
              2.5729981528
            ],
            [
              34.7698756026,
              2.5742243838
            ],
            [
              34.7682332065,
              2.5742345068
            ],
            [
              34.7681317855,
              2.5575347861
            ],
            [
              34.7764340489,
              2.5574839251
            ],
            [
              34.7764847288,
              2.5658336204
            ],
            [
              34.7847868794,
              2.5657825408
            ],
            [
              34.7847951736,
              2.5671449952
            ]
          ]
        ]
      },
      "properties": {
        "country": "Uganda",
        "country_code": "UGA",
        "species_name": "Eucalyptus_tereticornis",
        "genus": "Eucalyptus",
        "species": "tereticornis",
        "suitability_name": "Marginally suitable",
        "suitability_rank": 3,
        "soil_suitability": "S4",
        "soil_type": "Lithosols",
        "soil_description": "Not differentiated",
        "site_class": null,
        "maz": "III",
        "maz_zone": null,
        "tz": "5",
        "frost_risk": null,
        "source_layer": "SWIFT_SSMT_Uganda"
      }
    },
    {
      "type": "Feature",
      "geometry": {
        "type": "Polygon",
        "coordinates": [
          [
            [
              34.7680813231,
              2.5491849226
            ],
            [
              34.7562700104,
              2.5492569512
            ],
            [
              34.7601905189,
              2.540882726
            ],
            [
              34.7680310275,
              2.5408350565
            ],
            [
              34.7680813231,
              2.5491849226
            ]
          ]
        ]
      },
      "properties": {
        "country": "Uganda",
        "country_code": "UGA",
        "species_name": "Eucalyptus_tereticornis",
        "genus": "Eucalyptus",
        "species": "tereticornis",
        "suitability_name": "Marginally suitable",
        "suitability_rank": 3,
        "soil_suitability": "S4",
        "soil_type": "Lithosols",
        "soil_description": "Not differentiated",
        "site_class": null,
        "maz": "III",
        "maz_zone": null,
        "tz": "5",
        "frost_risk": null,
        "source_layer": "SWIFT_SSMT_Uganda"
      }
    },
    {
      "type": "Feature",
      "geometry": {
        "type": "Polygon",
        "coordinates": [
          [
            [
              34.8012694104,
              2.5457186702
            ],
            [
              34.8017012231,
              2.5464832303
            ],
            [
              34.8015890704,
              2.5489799906
            ],
            [
              34.8012891701,
              2.5489818281
            ],
            [
              34.8012694104,
              2.5457186702
            ]
          ]
        ]
      },
      "properties": {
        "country": "Uganda",
        "country_code": "UGA",
        "species_name": "Eucalyptus_tereticornis",
        "genus": "Eucalyptus",
        "species": "tereticornis",
        "suitability_name": "Marginally suitable",
        "suitability_rank": 3,
        "soil_suitability": "S4",
        "soil_type": "Lithosols",
        "soil_description": "Not differentiated",
        "site_class": null,
        "maz": "III",
        "maz_zone": null,
        "tz": "5",
        "frost_risk": null,
        "source_layer": "SWIFT_SSMT_Uganda"
      }
    },
    {
      "type": "Feature",
      "geometry": {
        "type": "Polygon",
        "coordinates": [
          [
            [
              34.8007034617,
              2.4988883142
            ],
            [
              34.7957988694,
              2.5059660169
            ],
            [
              34.7954309794,
              2.5072696014
            ],
            [
              34.7844352305,
              2.5073357964
            ],
            [
              34.7844174641,
              2.5043464574
            ],
            [
              34.7897039833,
              2.4921289934
            ],
            [
              34.789789692,
              2.4906041075
            ],
            [
              34.7926377686,
              2.4905870736
            ],
            [
              34.7926872265,
              2.4989364521
            ],
            [
              34.8007034617,
              2.4988883142
            ]
          ]
        ]
      },
      "properties": {
        "country": "Uganda",
        "country_code": "UGA",
        "species_name": "Eucalyptus_tereticornis",
        "genus": "Eucalyptus",
        "species": "tereticornis",
        "suitability_name": "Marginally suitable",
        "suitability_rank": 3,
        "soil_suitability": "S4",
        "soil_type": "Lithosols",
        "soil_description": "Not differentiated",
        "site_class": null,
        "maz": "III",
        "maz_zone": null,
        "tz": "5",
        "frost_risk": null,
        "source_layer": "SWIFT_SSMT_Uganda"
      }
    },
    {
      "type": "Feature",
      "geometry": {
        "type": "Polygon",
        "coordinates": [
          [
            [
              34.7698756026,
              2.5742243838
            ],
            [
              34.7637215748,
              2.583002592
            ],
            [
              34.7611319974,
              2.5909788789
            ],
            [
              34.7600326478,
              2.5909856903
            ],
            [
              34.759930672,
              2.5742856464
            ],
            [
              34.7433251076,
              2.5743877667
            ],
            [
              34.7433759061,
              2.582738121
            ],
            [
              34.7350728228,
              2.5827892659
            ],
            [
              34.7351237347,
              2.5911397847
            ],
            [
              34.726820433,
              2.5911910421
            ],
            [
              34.7267695751,
              2.5828403575
            ],
            [
              34.7184661622,
              2.5828913959
            ],
            [
              34.7184548873,
              2.5810343995
            ],
            [
              34.7261987946,
              2.5789644444
            ],
            [
              34.7448957019,
              2.5703109135
            ],
            [
              34.7525982056,
              2.5571002229
            ],
            [
              34.7562700104,
              2.5492569512
            ],
            [
              34.7680813231,
              2.5491849226
            ],
            [
              34.7681317855,
              2.5575347861
            ],
            [
              34.7682332065,
              2.5742345068
            ],
            [
              34.7698756026,
              2.5742243838
            ]
          ]
        ]
      },
      "properties": {
        "country": "Uganda",
        "country_code": "UGA",
        "species_name": "Eucalyptus_tereticornis",
        "genus": "Eucalyptus",
        "species": "tereticornis",
        "suitability_name": "Marginally suitable",
        "suitability_rank": 3,
        "soil_suitability": "S4",
        "soil_type": "Lithosols",
        "soil_description": "Not differentiated",
        "site_class": null,
        "maz": "III",
        "maz_zone": null,
        "tz": "4",
        "frost_risk": null,
        "source_layer": "SWIFT_SSMT_Uganda"
      }
    },
    {
      "type": "Feature",
      "geometry": {
        "type": "Polygon",
        "coordinates": [
          [
            [
              34.8092244456,
              2.4878106195
            ],
            [
              34.8042151998,
              2.493820704
            ],
            [
              34.8007034617,
              2.4988883142
            ],
            [
              34.7926872265,
              2.4989364521
            ],
            [
              34.7926377686,
              2.4905870736
            ],
            [
              34.789789692,
              2.4906041075
            ],
            [
              34.7906643634,
              2.4750479567
            ],
            [
              34.7892120945,
              2.4686533325
            ],
            [
              34.7921372351,
              2.4655410164
            ],
            [
              34.7924903922,
              2.4655389259
            ],
            [
              34.7925393515,
              2.4738883101
            ],
            [
              34.8008405993,
              2.4738389592
            ],
            [
              34.8008897756,
              2.4821881745
            ],
            [
              34.8091909073,
              2.4821386046
            ],
            [
              34.8092244456,
              2.4878106195
            ]
          ]
        ]
      },
      "properties": {
        "country": "Uganda",
        "country_code": "UGA",
        "species_name": "Eucalyptus_tereticornis",
        "genus": "Eucalyptus",
        "species": "tereticornis",
        "suitability_name": "Marginally suitable",
        "suitability_rank": 3,
        "soil_suitability": "S4",
        "soil_type": "Lithosols",
        "soil_description": "Not differentiated",
        "site_class": null,
        "maz": "III",
        "maz_zone": null,
        "tz": "4",
        "frost_risk": null,
        "source_layer": "SWIFT_SSMT_Uganda"
      }
    },
    {
      "type": "Feature",
      "geometry": {
        "type": "Polygon",
        "coordinates": [
          [
            [
              34.7184548873,
              2.5810343995
            ],
            [
              34.7113440168,
              2.58293513
            ],
            [
              34.7101625854,
              2.5829423811
            ],
            [
              34.7101119981,
              2.5745913648
            ],
            [
              34.7184155231,
              2.574540545
            ],
            [
              34.7184548873,
              2.5810343995
            ]
          ]
        ]
      },
      "properties": {
        "country": "Uganda",
        "country_code": "UGA",
        "species_name": "Eucalyptus_tereticornis",
        "genus": "Eucalyptus",
        "species": "tereticornis",
        "suitability_name": "Marginally suitable",
        "suitability_rank": 3,
        "soil_suitability": "S1",
        "soil_type": "Eutrophic Soils",
        "soil_description": "On volcanic ash",
        "site_class": null,
        "maz": "IV",
        "maz_zone": null,
        "tz": "4",
        "frost_risk": null,
        "source_layer": "SWIFT_SSMT_Uganda"
      }
    },
    {
      "type": "Feature",
      "geometry": {
        "type": "Polygon",
        "coordinates": [
          [
            [
              34.6850706328,
              2.55311927
            ],
            [
              34.6899832786,
              2.5574812283
            ],
            [
              34.6926947938,
              2.5579944456
            ],
            [
              34.6851000771,
              2.5580404764
            ],
            [
              34.6850706328,
              2.55311927
            ]
          ]
        ]
      },
      "properties": {
        "country": "Uganda",
        "country_code": "UGA",
        "species_name": "Eucalyptus_tereticornis",
        "genus": "Eucalyptus",
        "species": "tereticornis",
        "suitability_name": "Marginally suitable",
        "suitability_rank": 3,
        "soil_suitability": "S1",
        "soil_type": "Eutrophic Soils",
        "soil_description": "On volcanic ash",
        "site_class": null,
        "maz": "IV",
        "maz_zone": null,
        "tz": "4",
        "frost_risk": null,
        "source_layer": "SWIFT_SSMT_Uganda"
      }
    },
    {
      "type": "Feature",
      "geometry": {
        "type": "Polygon",
        "coordinates": [
          [
            [
              34.7537022671,
              2.432366268
            ],
            [
              34.7536391156,
              2.433642801
            ],
            [
              34.7607724717,
              2.443918347
            ],
            [
              34.7692919176,
              2.4492048145
            ],
            [
              34.7792405415,
              2.4569728133
            ],
            [
              34.7865831289,
              2.4655738952
            ],
            [
              34.7758875025,
              2.4656371424
            ],
            [
              34.7758388101,
              2.4572874236
            ],
            [
              34.7509333841,
              2.4574338663
            ],
            [
              34.7508850097,
              2.4490836473
            ],
            [
              34.7425829209,
              2.4491321934
            ],
            [
              34.7426312452,
              2.4574825793
            ],
            [
              34.734328941,
              2.4575312411
            ],
            [
              34.7343773787,
              2.4658817905
            ],
            [
              34.7297104907,
              2.4659092146
            ],
            [
              34.7279639784,
              2.4590528477
            ],
            [
              34.7260140204,
              2.4554264373
            ],
            [
              34.7259301908,
              2.4408784173
            ],
            [
              34.7425347619,
              2.4407818059
            ],
            [
              34.7424867674,
              2.4324314167
            ],
            [
              34.7537022671,
              2.432366268
            ]
          ]
        ]
      },
      "properties": {
        "country": "Uganda",
        "country_code": "UGA",
        "species_name": "Eucalyptus_tereticornis",
        "genus": "Eucalyptus",
        "species": "tereticornis",
        "suitability_name": "Marginally suitable",
        "suitability_rank": 3,
        "soil_suitability": "S1",
        "soil_type": "Eutrophic Soils",
        "soil_description": "On volcanic ash",
        "site_class": null,
        "maz": "IV",
        "maz_zone": null,
        "tz": "4",
        "frost_risk": null,
        "source_layer": "SWIFT_SSMT_Uganda"
      }
    },
    {
      "type": "Feature",
      "geometry": {
        "type": "Polygon",
        "coordinates": [
          [
            [
              34.6933041752,
              2.5412874399
            ],
            [
              34.6934039878,
              2.5579901455
            ],
            [
              34.6926947938,
              2.5579944456
            ],
            [
              34.6899832786,
              2.5574812283
            ],
            [
              34.6850706328,
              2.55311927
            ],
            [
              34.6850003698,
              2.541337441
            ],
            [
              34.6933041752,
              2.5412874399
            ]
          ]
        ]
      },
      "properties": {
        "country": "Uganda",
        "country_code": "UGA",
        "species_name": "Eucalyptus_tereticornis",
        "genus": "Eucalyptus",
        "species": "tereticornis",
        "suitability_name": "Marginally suitable",
        "suitability_rank": 3,
        "soil_suitability": "S1",
        "soil_type": "Ferrisols",
        "soil_description": "Humic of high altitudes",
        "site_class": null,
        "maz": "IV",
        "maz_zone": null,
        "tz": "4",
        "frost_risk": null,
        "source_layer": "SWIFT_SSMT_Uganda"
      }
    },
    {
      "type": "Feature",
      "geometry": {
        "type": "Polygon",
        "coordinates": [
          [
            [
              34.6932050191,
              2.5245847254
            ],
            [
              34.7015085566,
              2.5245350011
            ],
            [
              34.7016078172,
              2.5412373855
            ],
            [
              34.6933041752,
              2.5412874399
            ],
            [
              34.6932050191,
              2.5245847254
            ]
          ]
        ]
      },
      "properties": {
        "country": "Uganda",
        "country_code": "UGA",
        "species_name": "Eucalyptus_tereticornis",
        "genus": "Eucalyptus",
        "species": "tereticornis",
        "suitability_name": "Marginally suitable",
        "suitability_rank": 3,
        "soil_suitability": "S1",
        "soil_type": "Ferrisols",
        "soil_description": "Humic of high altitudes",
        "site_class": null,
        "maz": "IV",
        "maz_zone": null,
        "tz": "4",
        "frost_risk": null,
        "source_layer": "SWIFT_SSMT_Uganda"
      }
    },
    {
      "type": "Feature",
      "geometry": {
        "type": "Polygon",
        "coordinates": [
          [
            [
              34.72607486,
              2.4659305666
            ],
            [
              34.7261234115,
              2.4742812801
            ],
            [
              34.7095177765,
              2.4743790087
            ],
            [
              34.7094693267,
              2.466027966
            ],
            [
              34.72607486,
              2.4659305666
            ]
          ]
        ]
      },
      "properties": {
        "country": "Uganda",
        "country_code": "UGA",
        "species_name": "Eucalyptus_tereticornis",
        "genus": "Eucalyptus",
        "species": "tereticornis",
        "suitability_name": "Marginally suitable",
        "suitability_rank": 3,
        "soil_suitability": "S1",
        "soil_type": "Ferrisols",
        "soil_description": "Humic of high altitudes",
        "site_class": null,
        "maz": "IV",
        "maz_zone": null,
        "tz": "4",
        "frost_risk": null,
        "source_layer": "SWIFT_SSMT_Uganda"
      }
    },
    {
      "type": "Feature",
      "geometry": {
        "type": "Polygon",
        "coordinates": [
          [
            [
              34.7260140204,
              2.4554264373
            ],
            [
              34.7279639784,
              2.4590528477
            ],
            [
              34.7297104907,
              2.4659092146
            ],
            [
              34.72607486,
              2.4659305666
            ],
            [
              34.7260140204,
              2.4554264373
            ]
          ]
        ]
      },
      "properties": {
        "country": "Uganda",
        "country_code": "UGA",
        "species_name": "Eucalyptus_tereticornis",
        "genus": "Eucalyptus",
        "species": "tereticornis",
        "suitability_name": "Marginally suitable",
        "suitability_rank": 3,
        "soil_suitability": "S1",
        "soil_type": "Ferrisols",
        "soil_description": "Humic of high altitudes",
        "site_class": null,
        "maz": "IV",
        "maz_zone": null,
        "tz": "4",
        "frost_risk": null,
        "source_layer": "SWIFT_SSMT_Uganda"
      }
    },
    {
      "type": "Feature",
      "geometry": {
        "type": "Polygon",
        "coordinates": [
          [
            [
              34.8007271584,
              2.4544701937
            ],
            [
              34.7969449769,
              2.4604256931
            ],
            [
              34.7921372351,
              2.4655410164
            ],
            [
              34.7865831289,
              2.4655738952
            ],
            [
              34.7792405415,
              2.4569728133
            ],
            [
              34.7692919176,
              2.4492048145
            ],
            [
              34.7607724717,
              2.443918347
            ],
            [
              34.7536391156,
              2.433642801
            ],
            [
              34.7537022671,
              2.432366268
            ],
            [
              34.7839950555,
              2.4321898335
            ],
            [
              34.7840433002,
              2.4405393938
            ],
            [
              34.7923445105,
              2.4404907591
            ],
            [
              34.7923929721,
              2.4488401509
            ],
            [
              34.8006940676,
              2.4487912989
            ],
            [
              34.8007271584,
              2.4544701937
            ]
          ]
        ]
      },
      "properties": {
        "country": "Uganda",
        "country_code": "UGA",
        "species_name": "Eucalyptus_tereticornis",
        "genus": "Eucalyptus",
        "species": "tereticornis",
        "suitability_name": "Marginally suitable",
        "suitability_rank": 3,
        "soil_suitability": "S2",
        "soil_type": "Ferruginous Soils",
        "soil_description": "On crystalline acid rock - freely drained",
        "site_class": null,
        "maz": "IV",
        "maz_zone": null,
        "tz": "4",
        "frost_risk": null,
        "source_layer": "SWIFT_SSMT_Uganda"
      }
    },
    {
      "type": "Feature",
      "geometry": {
        "type": "Polygon",
        "coordinates": [
          [
            [
              34.776637764,
              2.5908826933
            ],
            [
              34.7766891078,
              2.5992323797
            ],
            [
              34.7600838854,
              2.59933571
            ],
            [
              34.7600529811,
              2.5943025287
            ],
            [
              34.7611319974,
              2.5909788789
            ],
            [
              34.776637764,
              2.5908826933
            ]
          ]
        ]
      },
      "properties": {
        "country": "Uganda",
        "country_code": "UGA",
        "species_name": "Eucalyptus_tereticornis",
        "genus": "Eucalyptus",
        "species": "tereticornis",
        "suitability_name": "Marginally suitable",
        "suitability_rank": 3,
        "soil_suitability": "S2",
        "soil_type": "Ferruginous Soils",
        "soil_description": "On crystalline acid rock - freely drained",
        "site_class": null,
        "maz": "IV",
        "maz_zone": null,
        "tz": "4",
        "frost_risk": null,
        "source_layer": "SWIFT_SSMT_Uganda"
      }
    },
    {
      "type": "Feature",
      "geometry": {
        "type": "Polygon",
        "coordinates": [
          [
            [
              34.8178414863,
              2.5405310993
            ],
            [
              34.8178920966,
              2.5488799651
            ],
            [
              34.8095907172,
              2.5489309223
            ],
            [
              34.809540158,
              2.5405818899
            ],
            [
              34.8178414863,
              2.5405310993
            ]
          ]
        ]
      },
      "properties": {
        "country": "Uganda",
        "country_code": "UGA",
        "species_name": "Eucalyptus_tereticornis",
        "genus": "Eucalyptus",
        "species": "tereticornis",
        "suitability_name": "Marginally suitable",
        "suitability_rank": 3,
        "soil_suitability": "S2",
        "soil_type": "Ferruginous Soils",
        "soil_description": "On crystalline acid rock - freely drained",
        "site_class": null,
        "maz": "IV",
        "maz_zone": null,
        "tz": "4",
        "frost_risk": null,
        "source_layer": "SWIFT_SSMT_Uganda"
      }
    },
    {
      "type": "Feature",
      "geometry": {
        "type": "Polygon",
        "coordinates": [
          [
            [
              34.8175413184,
              2.4904378624
            ],
            [
              34.8341428519,
              2.4903381312
            ],
            [
              34.834192567,
              2.4986866744
            ],
            [
              34.8424931344,
              2.4986365635
            ],
            [
              34.8425430671,
              2.5069849369
            ],
            [
              34.8342424477,
              2.5070352159
            ],
            [
              34.8342924958,
              2.5153837541
            ],
            [
              34.8259916568,
              2.5154341487
            ],
            [
              34.8258918321,
              2.4987367339
            ],
            [
              34.8175909299,
              2.4987867413
            ],
            [
              34.8175413184,
              2.4904378624
            ]
          ]
        ]
      },
      "properties": {
        "country": "Uganda",
        "country_code": "UGA",
        "species_name": "Eucalyptus_tereticornis",
        "genus": "Eucalyptus",
        "species": "tereticornis",
        "suitability_name": "Marginally suitable",
        "suitability_rank": 3,
        "soil_suitability": "S2",
        "soil_type": "Ferruginous Soils",
        "soil_description": "On crystalline acid rock - freely drained",
        "site_class": null,
        "maz": "IV",
        "maz_zone": null,
        "tz": "4",
        "frost_risk": null,
        "source_layer": "SWIFT_SSMT_Uganda"
      }
    },
    {
      "type": "Feature",
      "geometry": {
        "type": "Polygon",
        "coordinates": [
          [
            [
              31.1594395635,
              2.377963199
            ],
            [
              31.1594492507,
              2.3811901684
            ],
            [
              31.1510927648,
              2.3812155408
            ],
            [
              31.1510676096,
              2.3728100513
            ],
            [
              31.1573959489,
              2.3727909091
            ],
            [
              31.1594395635,
              2.377963199
            ]
          ]
        ]
      },
      "properties": {
        "country": "Uganda",
        "country_code": "UGA",
        "species_name": "Eucalyptus_tereticornis",
        "genus": "Eucalyptus",
        "species": "tereticornis",
        "suitability_name": "Marginally suitable",
        "suitability_rank": 3,
        "soil_suitability": "S4",
        "soil_type": "Lithosols",
        "soil_description": "Not differentiated",
        "site_class": null,
        "maz": "III",
        "maz_zone": null,
        "tz": "3",
        "frost_risk": null,
        "source_layer": "SWIFT_SSMT_Uganda"
      }
    },
    {
      "type": "Feature",
      "geometry": {
        "type": "Polygon",
        "coordinates": [
          [
            [
              31.106031713,
              3.5834097802
            ],
            [
              31.1054148973,
              3.5834125615
            ],
            [
              31.1054524734,
              3.5918183526
            ],
            [
              31.0887199534,
              3.5918937979
            ],
            [
              31.0886825292,
              3.5834878298
            ],
            [
              31.097048757,
              3.5834502344
            ],
            [
              31.0970113448,
              3.5750443521
            ],
            [
              31.1042583787,
              3.5750117998
            ],
            [
              31.1055143878,
              3.5769754467
            ],
            [
              31.1061284064,
              3.5814493253
            ],
            [
              31.106031713,
              3.5834097802
            ]
          ]
        ]
      },
      "properties": {
        "country": "Uganda",
        "country_code": "UGA",
        "species_name": "Eucalyptus_tereticornis",
        "genus": "Eucalyptus",
        "species": "tereticornis",
        "suitability_name": "Marginally suitable",
        "suitability_rank": 3,
        "soil_suitability": "S4",
        "soil_type": "Lithosols",
        "soil_description": "Not differentiated",
        "site_class": null,
        "maz": "III",
        "maz_zone": null,
        "tz": "2",
        "frost_risk": null,
        "source_layer": "SWIFT_SSMT_Uganda"
      }
    },
    {
      "type": "Feature",
      "geometry": {
        "type": "Polygon",
        "coordinates": [
          [
            [
              31.0513612154,
              3.2810191921
            ],
            [
              31.0455937918,
              3.2857990196
            ],
            [
              31.0455746219,
              3.2810427521
            ],
            [
              31.0513612154,
              3.2810191921
            ]
          ]
        ]
      },
      "properties": {
        "country": "Uganda",
        "country_code": "UGA",
        "species_name": "Eucalyptus_tereticornis",
        "genus": "Eucalyptus",
        "species": "tereticornis",
        "suitability_name": "Marginally suitable",
        "suitability_rank": 3,
        "soil_suitability": "S4",
        "soil_type": "Lithosols",
        "soil_description": "Not differentiated",
        "site_class": null,
        "maz": "III",
        "maz_zone": null,
        "tz": "2",
        "frost_risk": null,
        "source_layer": "SWIFT_SSMT_Uganda"
      }
    },
    {
      "type": "Feature",
      "geometry": {
        "type": "Polygon",
        "coordinates": [
          [
            [
              31.0420820424,
              3.0624838536
            ],
            [
              31.0363613873,
              3.0625055506
            ],
            [
              31.0363299036,
              3.0540989427
            ],
            [
              31.0446922277,
              3.0540673043
            ],
            [
              31.0446999639,
              3.0561309178
            ],
            [
              31.0433985416,
              3.0579205634
            ],
            [
              31.0420820424,
              3.0624838536
            ]
          ]
        ]
      },
      "properties": {
        "country": "Uganda",
        "country_code": "UGA",
        "species_name": "Eucalyptus_tereticornis",
        "genus": "Eucalyptus",
        "species": "tereticornis",
        "suitability_name": "Marginally suitable",
        "suitability_rank": 3,
        "soil_suitability": "S4",
        "soil_type": "Lithosols",
        "soil_description": "Not differentiated",
        "site_class": null,
        "maz": "III",
        "maz_zone": null,
        "tz": "2",
        "frost_risk": null,
        "source_layer": "SWIFT_SSMT_Uganda"
      }
    },
    {
      "type": "Feature",
      "geometry": {
        "type": "Polygon",
        "coordinates": [
          [
            [
              31.0527684839,
              2.9769052381
            ],
            [
              31.0527738746,
              2.9783776347
            ],
            [
              31.0444122136,
              2.9784085514
            ],
            [
              31.0444429772,
              2.9868150858
            ],
            [
              31.0277192678,
              2.9868769038
            ],
            [
              31.0277499928,
              2.9952836114
            ],
            [
              31.0193879438,
              2.9953145112
            ],
            [
              31.0194186914,
              3.0037213041
            ],
            [
              31.0277808042,
              3.0036903169
            ],
            [
              31.0278117012,
              3.012097021
            ],
            [
              31.0361737916,
              3.0120658827
            ],
            [
              31.0362985066,
              3.0456923346
            ],
            [
              31.0279361618,
              3.0457238209
            ],
            [
              31.0278737581,
              3.0289104235
            ],
            [
              31.0195114544,
              3.0289416723
            ],
            [
              31.0194495261,
              3.0121280957
            ],
            [
              31.0125073251,
              3.0121538442
            ],
            [
              31.0132178111,
              3.0055022934
            ],
            [
              31.0170577191,
              3.0001154914
            ],
            [
              31.0188183193,
              2.9944379252
            ],
            [
              31.0178548662,
              2.9869132476
            ],
            [
              31.0193572825,
              2.9869077178
            ],
            [
              31.0193267083,
              2.9785009223
            ],
            [
              31.0276886302,
              2.9784701957
            ],
            [
              31.027658079,
              2.9700634845
            ],
            [
              31.0192962195,
              2.9700941245
            ],
            [
              31.0192355033,
              2.9532805248
            ],
            [
              31.0351175647,
              2.9532226048
            ],
            [
              31.0454132403,
              2.9603142237
            ],
            [
              31.050797068,
              2.9713376481
            ],
            [
              31.0527684839,
              2.9769052381
            ]
          ]
        ]
      },
      "properties": {
        "country": "Uganda",
        "country_code": "UGA",
        "species_name": "Eucalyptus_tereticornis",
        "genus": "Eucalyptus",
        "species": "tereticornis",
        "suitability_name": "Marginally suitable",
        "suitability_rank": 3,
        "soil_suitability": "S4",
        "soil_type": "Lithosols",
        "soil_description": "Not differentiated",
        "site_class": null,
        "maz": "III",
        "maz_zone": null,
        "tz": "2",
        "frost_risk": null,
        "source_layer": "SWIFT_SSMT_Uganda"
      }
    },
    {
      "type": "Feature",
      "geometry": {
        "type": "Polygon",
        "coordinates": [
          [
            [
              31.0577203237,
              2.5636115437
            ],
            [
              31.0464498078,
              2.5657367352
            ],
            [
              31.0322235629,
              2.5717514248
            ],
            [
              31.0173968545,
              2.575678724
            ],
            [
              31.0049618888,
              2.585269589
            ],
            [
              30.9987602617,
              2.5951392827
            ],
            [
              30.9949282718,
              2.6035090974
            ],
            [
              30.994962239,
              2.6142545043
            ],
            [
              30.9962016104,
              2.6306672654
            ],
            [
              31.0012997969,
              2.6470674413
            ],
            [
              31.0016350454,
              2.6590057108
            ],
            [
              31.0010636127,
              2.665872711
            ],
            [
              30.998114844,
              2.6718520602
            ],
            [
              30.9916120561,
              2.6802310012
            ],
            [
              30.9886584283,
              2.6847180206
            ],
            [
              30.9880527099,
              2.6927690806
            ],
            [
              30.9848982712,
              2.6927794666
            ],
            [
              30.9847895093,
              2.6591506796
            ],
            [
              30.9931495063,
              2.65912348
            ],
            [
              30.9930686674,
              2.6339021329
            ],
            [
              30.9847088378,
              2.6339290746
            ],
            [
              30.9846024751,
              2.6003002479
            ],
            [
              30.9929620833,
              2.6002736514
            ],
            [
              30.9927530389,
              2.5330166203
            ],
            [
              30.9927272943,
              2.5246094853
            ],
            [
              30.9927016368,
              2.5162023494
            ],
            [
              31.0094195107,
              2.5161507169
            ],
            [
              31.0093938323,
              2.5077437519
            ],
            [
              31.0344698378,
              2.5076661614
            ],
            [
              31.0344956761,
              2.5160728655
            ],
            [
              31.0512126858,
              2.5160206966
            ],
            [
              31.0511867404,
              2.5076141671
            ],
            [
              31.0595450617,
              2.5075880902
            ],
            [
              31.0595191522,
              2.4991816461
            ],
            [
              31.0511608834,
              2.4992076358
            ],
            [
              31.0511094288,
              2.4823945686
            ],
            [
              31.0427511794,
              2.4824203308
            ],
            [
              31.0426495252,
              2.4487938322
            ],
            [
              31.0593655206,
              2.4487429553
            ],
            [
              31.0592898831,
              2.4235235918
            ],
            [
              31.067647595,
              2.423498338
            ],
            [
              31.0675975044,
              2.4066855988
            ],
            [
              31.0759550274,
              2.406660469
            ],
            [
              31.0759051839,
              2.3898478996
            ],
            [
              31.0842625177,
              2.3898228947
            ],
            [
              31.084237677,
              2.381416696
            ],
            [
              31.0925948719,
              2.3813917297
            ],
            [
              31.0926197633,
              2.3897978395
            ],
            [
              31.1168855427,
              2.3897248001
            ],
            [
              31.1176929868,
              2.3903974864
            ],
            [
              31.1177161023,
              2.3981282126
            ],
            [
              31.1260730453,
              2.3981028645
            ],
            [
              31.1260983152,
              2.406508617
            ],
            [
              31.142812037,
              2.4064575902
            ],
            [
              31.142786665,
              2.3980520156
            ],
            [
              31.1427361891,
              2.3812408623
            ],
            [
              31.1594492507,
              2.3811901684
            ],
            [
              31.1594395635,
              2.377963199
            ],
            [
              31.172672909,
              2.4107466286
            ],
            [
              31.1739071633,
              2.4262606676
            ],
            [
              31.1739374747,
              2.4361084382
            ],
            [
              31.1698178811,
              2.4471628889
            ],
            [
              31.1606934341,
              2.470767013
            ],
            [
              31.1542003718,
              2.4818292981
            ],
            [
              31.1459139304,
              2.4887193914
            ],
            [
              31.1316901903,
              2.4947330662
            ],
            [
              31.1222062631,
              2.4983443003
            ],
            [
              31.1133072647,
              2.499267718
            ],
            [
              31.1032193715,
              2.499597945
            ],
            [
              31.0931396859,
              2.5026141294
            ],
            [
              31.0848616188,
              2.5124890881
            ],
            [
              31.0801490779,
              2.523845221
            ],
            [
              31.0760431944,
              2.5393779404
            ],
            [
              31.0636414394,
              2.559115714
            ],
            [
              31.0577203237,
              2.5636115437
            ]
          ]
        ]
      },
      "properties": {
        "country": "Uganda",
        "country_code": "UGA",
        "species_name": "Eucalyptus_tereticornis",
        "genus": "Eucalyptus",
        "species": "tereticornis",
        "suitability_name": "Marginally suitable",
        "suitability_rank": 3,
        "soil_suitability": "S4",
        "soil_type": "Lithosols",
        "soil_description": "Not differentiated",
        "site_class": null,
        "maz": "III",
        "maz_zone": null,
        "tz": "2",
        "frost_risk": null,
        "source_layer": "SWIFT_SSMT_Uganda"
      }
    },
    {
      "type": "Feature",
      "geometry": {
        "type": "Polygon",
        "coordinates": [
          [
            [
              34.9635115493,
              1.8385514591
            ],
            [
              34.963548865,
              1.8468974401
            ],
            [
              34.9552543044,
              1.8469350545
            ],
            [
              34.9552170261,
              1.8385889029
            ],
            [
              34.9635115493,
              1.8385514591
            ]
          ]
        ]
      },
      "properties": {
        "country": "Uganda",
        "country_code": "UGA",
        "species_name": "Eucalyptus_tereticornis",
        "genus": "Eucalyptus",
        "species": "tereticornis",
        "suitability_name": "Marginally suitable",
        "suitability_rank": 3,
        "soil_suitability": "S2",
        "soil_type": "Ferruginous Soils",
        "soil_description": "On crystalline acid rock - freely drained",
        "site_class": null,
        "maz": "IV",
        "maz_zone": null,
        "tz": "2",
        "frost_risk": null,
        "source_layer": "SWIFT_SSMT_Uganda"
      }
    },
    {
      "type": "Feature",
      "geometry": {
        "type": "Polygon",
        "coordinates": [
          [
            [
              34.9717687178,
              1.8301681639
            ],
            [
              34.9718059027,
              1.8385139769
            ],
            [
              34.9635115493,
              1.8385514591
            ],
            [
              34.9634744026,
              1.8302054762
            ],
            [
              34.9717687178,
              1.8301681639
            ]
          ]
        ]
      },
      "properties": {
        "country": "Uganda",
        "country_code": "UGA",
        "species_name": "Eucalyptus_tereticornis",
        "genus": "Eucalyptus",
        "species": "tereticornis",
        "suitability_name": "Marginally suitable",
        "suitability_rank": 3,
        "soil_suitability": "S2",
        "soil_type": "Ferruginous Soils",
        "soil_description": "On crystalline acid rock - freely drained",
        "site_class": null,
        "maz": "IV",
        "maz_zone": null,
        "tz": "2",
        "frost_risk": null,
        "source_layer": "SWIFT_SSMT_Uganda"
      }
    },
    {
      "type": "Feature",
      "geometry": {
        "type": "Polygon",
        "coordinates": [
          [
            [
              34.7974804693,
              1.8142450555
            ],
            [
              34.7975165299,
              1.8225944102
            ],
            [
              34.7809207688,
              1.8226670718
            ],
            [
              34.7808847823,
              1.8143173833
            ],
            [
              34.7667281056,
              1.8143789618
            ],
            [
              34.7756100216,
              1.8084682579
            ],
            [
              34.7808386402,
              1.8035545288
            ],
            [
              34.7808489625,
              1.8059676948
            ],
            [
              34.7891468504,
              1.8059317153
            ],
            [
              34.7891827088,
              1.814281238
            ],
            [
              34.7974804693,
              1.8142450555
            ]
          ]
        ]
      },
      "properties": {
        "country": "Uganda",
        "country_code": "UGA",
        "species_name": "Eucalyptus_tereticornis",
        "genus": "Eucalyptus",
        "species": "tereticornis",
        "suitability_name": "Marginally suitable",
        "suitability_rank": 3,
        "soil_suitability": "S1",
        "soil_type": "Eutrophic Soils",
        "soil_description": "On volcanic ash",
        "site_class": null,
        "maz": "I",
        "maz_zone": null,
        "tz": "6",
        "frost_risk": null,
        "source_layer": "SWIFT_SSMT_Uganda"
      }
    },
    {
      "type": "Feature",
      "geometry": {
        "type": "Polygon",
        "coordinates": [
          [
            [
              34.7975165299,
              1.8225944102
            ],
            [
              34.7975527567,
              1.830943763
            ],
            [
              34.7809569212,
              1.8310167584
            ],
            [
              34.7809207688,
              1.8226670718
            ],
            [
              34.7975165299,
              1.8225944102
            ]
          ]
        ]
      },
      "properties": {
        "country": "Uganda",
        "country_code": "UGA",
        "species_name": "Eucalyptus_tereticornis",
        "genus": "Eucalyptus",
        "species": "tereticornis",
        "suitability_name": "Marginally suitable",
        "suitability_rank": 3,
        "soil_suitability": "S1",
        "soil_type": "Eutrophic Soils",
        "soil_description": "On volcanic ash",
        "site_class": null,
        "maz": "II",
        "maz_zone": null,
        "tz": "6",
        "frost_risk": null,
        "source_layer": "SWIFT_SSMT_Uganda"
      }
    },
    {
      "type": "Feature",
      "geometry": {
        "type": "Polygon",
        "coordinates": [
          [
            [
              34.7974804693,
              1.8142450555
            ],
            [
              34.8057780628,
              1.814208834
            ],
            [
              34.8058141622,
              1.8225580224
            ],
            [
              34.7975165299,
              1.8225944102
            ],
            [
              34.7974804693,
              1.8142450555
            ]
          ]
        ]
      },
      "properties": {
        "country": "Uganda",
        "country_code": "UGA",
        "species_name": "Eucalyptus_tereticornis",
        "genus": "Eucalyptus",
        "species": "tereticornis",
        "suitability_name": "Marginally suitable",
        "suitability_rank": 3,
        "soil_suitability": "S1",
        "soil_type": "Eutrophic Soils",
        "soil_description": "On volcanic ash",
        "site_class": null,
        "maz": "II",
        "maz_zone": null,
        "tz": "6",
        "frost_risk": null,
        "source_layer": "SWIFT_SSMT_Uganda"
      }
    },
    {
      "type": "Feature",
      "geometry": {
        "type": "Polygon",
        "coordinates": [
          [
            [
              34.7725866908,
              1.8143534924
            ],
            [
              34.7808847823,
              1.8143173833
            ],
            [
              34.7809207688,
              1.8226670718
            ],
            [
              34.7726226403,
              1.8227033466
            ],
            [
              34.7725866908,
              1.8143534924
            ]
          ]
        ]
      },
      "properties": {
        "country": "Uganda",
        "country_code": "UGA",
        "species_name": "Eucalyptus_tereticornis",
        "genus": "Eucalyptus",
        "species": "tereticornis",
        "suitability_name": "Marginally suitable",
        "suitability_rank": 3,
        "soil_suitability": "S1",
        "soil_type": "Eutrophic Soils",
        "soil_description": "On volcanic ash",
        "site_class": null,
        "maz": "II",
        "maz_zone": null,
        "tz": "6",
        "frost_risk": null,
        "source_layer": "SWIFT_SSMT_Uganda"
      }
    },
    {
      "type": "Feature",
      "geometry": {
        "type": "Polygon",
        "coordinates": [
          [
            [
              34.7974804693,
              1.8142450555
            ],
            [
              34.7891827088,
              1.814281238
            ],
            [
              34.7891468504,
              1.8059317153
            ],
            [
              34.7974445732,
              1.8058956988
            ],
            [
              34.7974804693,
              1.8142450555
            ]
          ]
        ]
      },
      "properties": {
        "country": "Uganda",
        "country_code": "UGA",
        "species_name": "Eucalyptus_tereticornis",
        "genus": "Eucalyptus",
        "species": "tereticornis",
        "suitability_name": "Marginally suitable",
        "suitability_rank": 3,
        "soil_suitability": "S1",
        "soil_type": "Eutrophic Soils",
        "soil_description": "On volcanic ash",
        "site_class": null,
        "maz": "II",
        "maz_zone": null,
        "tz": "6",
        "frost_risk": null,
        "source_layer": "SWIFT_SSMT_Uganda"
      }
    },
    {
      "type": "Feature",
      "geometry": {
        "type": "Polygon",
        "coordinates": [
          [
            [
              34.7891468504,
              1.8059317153
            ],
            [
              34.7808489625,
              1.8059676948
            ],
            [
              34.7808386402,
              1.8035545288
            ],
            [
              34.7851173325,
              1.7995335726
            ],
            [
              34.7857160678,
              1.7975968484
            ],
            [
              34.7891111588,
              1.7975821898
            ],
            [
              34.7891468504,
              1.8059317153
            ]
          ]
        ]
      },
      "properties": {
        "country": "Uganda",
        "country_code": "UGA",
        "species_name": "Eucalyptus_tereticornis",
        "genus": "Eucalyptus",
        "species": "tereticornis",
        "suitability_name": "Marginally suitable",
        "suitability_rank": 3,
        "soil_suitability": "S1",
        "soil_type": "Eutrophic Soils",
        "soil_description": "On volcanic ash",
        "site_class": null,
        "maz": "II",
        "maz_zone": null,
        "tz": "6",
        "frost_risk": null,
        "source_layer": "SWIFT_SSMT_Uganda"
      }
    },
    {
      "type": "Feature",
      "geometry": {
        "type": "Polygon",
        "coordinates": [
          [
            [
              34.9987381016,
              1.7465923444
            ],
            [
              34.9993300003,
              1.7524299998
            ],
            [
              35.0003100008,
              1.7585499999
            ],
            [
              35.0002477739,
              1.79665818
            ],
            [
              34.9965031577,
              1.7966747814
            ],
            [
              34.9964667094,
              1.788329473
            ],
            [
              34.9881730875,
              1.7883660444
            ],
            [
              34.9881368459,
              1.7800205636
            ],
            [
              34.9798430916,
              1.7800569274
            ],
            [
              34.9798070572,
              1.7717112744
            ],
            [
              34.9715131687,
              1.7717474317
            ],
            [
              34.9713357176,
              1.7300182928
            ],
            [
              34.9796294252,
              1.7299829876
            ],
            [
              34.9796646124,
              1.7383286478
            ],
            [
              34.9962515908,
              1.7382575903
            ],
            [
              34.9962870186,
              1.7466029079
            ],
            [
              34.9987381016,
              1.7465923444
            ]
          ]
        ]
      },
      "properties": {
        "country": "Uganda",
        "country_code": "UGA",
        "species_name": "Eucalyptus_tereticornis",
        "genus": "Eucalyptus",
        "species": "tereticornis",
        "suitability_name": "Marginally suitable",
        "suitability_rank": 3,
        "soil_suitability": "S2",
        "soil_type": "Ferruginous Soils",
        "soil_description": "On crystalline acid rock - freely drained",
        "site_class": null,
        "maz": "IV",
        "maz_zone": null,
        "tz": "2",
        "frost_risk": null,
        "source_layer": "SWIFT_SSMT_Uganda"
      }
    },
    {
      "type": "Feature",
      "geometry": {
        "type": "Polygon",
        "coordinates": [
          [
            [
              34.6869456948,
              1.2885671065
            ],
            [
              34.6876852406,
              1.288564846
            ],
            [
              34.6877105135,
              1.2969164332
            ],
            [
              34.6960082637,
              1.2968909
            ],
            [
              34.6959829635,
              1.2885394784
            ],
            [
              34.7042805235,
              1.2885140833
            ],
            [
              34.7043313407,
              1.3052165976
            ],
            [
              34.6960337267,
              1.3052423223
            ],
            [
              34.696085144,
              1.3219451614
            ],
            [
              34.6794893191,
              1.3219971863
            ],
            [
              34.6795152181,
              1.3303489341
            ],
            [
              34.6712170332,
              1.3303750689
            ],
            [
              34.6712117461,
              1.3286727096
            ],
            [
              34.6752271789,
              1.3280079127
            ],
            [
              34.67727112,
              1.3220710328
            ],
            [
              34.6766544924,
              1.3131772703
            ],
            [
              34.6766218589,
              1.3025025412
            ],
            [
              34.678669719,
              1.2977518796
            ],
            [
              34.6854277366,
              1.29180076
            ],
            [
              34.6869456948,
              1.2885671065
            ]
          ]
        ]
      },
      "properties": {
        "country": "Uganda",
        "country_code": "UGA",
        "species_name": "Eucalyptus_tereticornis",
        "genus": "Eucalyptus",
        "species": "tereticornis",
        "suitability_name": "Marginally suitable",
        "suitability_rank": 3,
        "soil_suitability": "S1",
        "soil_type": "Eutrophic Soils",
        "soil_description": "On volcanic ash",
        "site_class": null,
        "maz": "I",
        "maz_zone": null,
        "tz": "6",
        "frost_risk": null,
        "source_layer": "SWIFT_SSMT_Uganda"
      }
    },
    {
      "type": "Feature",
      "geometry": {
        "type": "Polygon",
        "coordinates": [
          [
            [
              34.6792498167,
              1.2421052751
            ],
            [
              34.6792635682,
              1.2468314163
            ],
            [
              34.687561325,
              1.2468068964
            ],
            [
              34.687585781,
              1.2551584879
            ],
            [
              34.6958833999,
              1.2551337778
            ],
            [
              34.6959080452,
              1.2634852052
            ],
            [
              34.6876104006,
              1.2635100799
            ],
            [
              34.6876349657,
              1.2717885167
            ],
            [
              34.6800406421,
              1.263647793
            ],
            [
              34.6756023198,
              1.2571375545
            ],
            [
              34.6729196192,
              1.246470616
            ],
            [
              34.6758536221,
              1.2423106299
            ],
            [
              34.6792498167,
              1.2421052751
            ]
          ]
        ]
      },
      "properties": {
        "country": "Uganda",
        "country_code": "UGA",
        "species_name": "Eucalyptus_tereticornis",
        "genus": "Eucalyptus",
        "species": "tereticornis",
        "suitability_name": "Marginally suitable",
        "suitability_rank": 3,
        "soil_suitability": "S1",
        "soil_type": "Eutrophic Soils",
        "soil_description": "On volcanic ash",
        "site_class": null,
        "maz": "I",
        "maz_zone": null,
        "tz": "6",
        "frost_risk": null,
        "source_layer": "SWIFT_SSMT_Uganda"
      }
    },
    {
      "type": "Feature",
      "geometry": {
        "type": "Polygon",
        "coordinates": [
          [
            [
              34.6712117461,
              1.3286727096
            ],
            [
              34.6711911615,
              1.3220231578
            ],
            [
              34.654594356,
              1.3220750181
            ],
            [
              34.6545687005,
              1.3137227779
            ],
            [
              34.6379713004,
              1.3137742009
            ],
            [
              34.6380485883,
              1.3388318988
            ],
            [
              34.6214503742,
              1.3388841927
            ],
            [
              34.6215026008,
              1.3555899724
            ],
            [
              34.6049036266,
              1.3556428063
            ],
            [
              34.604983013,
              1.3807024435
            ],
            [
              34.5966831988,
              1.3807293057
            ],
            [
              34.5967099565,
              1.3890826788
            ],
            [
              34.5635089706,
              1.3891904902
            ],
            [
              34.5634823288,
              1.3808364685
            ],
            [
              34.5219776217,
              1.3809697789
            ],
            [
              34.5219512816,
              1.3726149495
            ],
            [
              34.5136498883,
              1.3726413647
            ],
            [
              34.513597744,
              1.3559313811
            ],
            [
              34.5052962471,
              1.3559574467
            ],
            [
              34.5052704424,
              1.3476022926
            ],
            [
              34.4969688137,
              1.3476281687
            ],
            [
              34.4969945897,
              1.3559834832
            ],
            [
              34.4803907989,
              1.356035473
            ],
            [
              34.4803650777,
              1.3476798374
            ],
            [
              34.4720629715,
              1.3477056307
            ],
            [
              34.472088664,
              1.3560614262
            ],
            [
              34.4554839179,
              1.3561132464
            ],
            [
              34.455458282,
              1.3477571318
            ],
            [
              34.4471556981,
              1.3477828404
            ],
            [
              34.4471302475,
              1.3394265654
            ],
            [
              34.4388275339,
              1.339452087
            ],
            [
              34.4387771621,
              1.3227392155
            ],
            [
              34.4304743462,
              1.3227643906
            ],
            [
              34.4304000575,
              1.297694598
            ],
            [
              34.4220971636,
              1.2977192686
            ],
            [
              34.422048481,
              1.2810057514
            ],
            [
              34.4303513219,
              1.2809813973
            ],
            [
              34.4303271914,
              1.2726247961
            ],
            [
              34.4220243776,
              1.2726489906
            ],
            [
              34.4220004309,
              1.2642922295
            ],
            [
              34.4136974846,
              1.2643162383
            ],
            [
              34.4136737224,
              1.2559593175
            ],
            [
              34.4053706444,
              1.255983141
            ],
            [
              34.4053470653,
              1.2476260598
            ],
            [
              34.3970438566,
              1.2476497001
            ],
            [
              34.3970204603,
              1.2392924605
            ],
            [
              34.3887171191,
              1.2393159161
            ],
            [
              34.388693907,
              1.2309585165
            ],
            [
              34.3969972221,
              1.2309352189
            ],
            [
              34.3969741418,
              1.2225779761
            ],
            [
              34.4052772746,
              1.2225548121
            ],
            [
              34.4052543257,
              1.2141977281
            ],
            [
              34.4135572763,
              1.2141746955
            ],
            [
              34.4134893002,
              1.1891039114
            ],
            [
              34.4051864251,
              1.1891264682
            ],
            [
              34.405119941,
              1.1640552002
            ],
            [
              34.4134227441,
              1.1640331193
            ],
            [
              34.4134008742,
              1.1556761871
            ],
            [
              34.4217034953,
              1.1556542408
            ],
            [
              34.4216817594,
              1.1472974668
            ],
            [
              34.4299841993,
              1.1472756565
            ],
            [
              34.42989874,
              1.113849183
            ],
            [
              34.4132938892,
              1.1138915105
            ],
            [
              34.4132729648,
              1.1055345719
            ],
            [
              34.4049703261,
              1.1055555428
            ],
            [
              34.4049289961,
              1.088841347
            ],
            [
              34.4132315902,
              1.0888206937
            ],
            [
              34.4132111391,
              1.0804637531
            ],
            [
              34.4215135529,
              1.080443237
            ],
            [
              34.421534027,
              1.088800019
            ],
            [
              34.4298363043,
              1.0887793194
            ],
            [
              34.4298158091,
              1.080422697
            ],
            [
              34.4330543847,
              1.0804146791
            ],
            [
              34.4326046829,
              1.0816147527
            ],
            [
              34.4320546577,
              1.0976374634
            ],
            [
              34.4379846571,
              1.1115668582
            ],
            [
              34.4381981126,
              1.1127108642
            ],
            [
              34.4382433881,
              1.1305409051
            ],
            [
              34.4406351617,
              1.1305347025
            ],
            [
              34.4387248132,
              1.1472526687
            ],
            [
              34.4382864806,
              1.1472538217
            ],
            [
              34.4382967344,
              1.1511947067
            ],
            [
              34.4378208284,
              1.1556115701
            ],
            [
              34.4300059587,
              1.1556322718
            ],
            [
              34.4300278768,
              1.1639888868
            ],
            [
              34.4217253897,
              1.1640110154
            ],
            [
              34.4217920179,
              1.1890813311
            ],
            [
              34.4383969809,
              1.1890360963
            ],
            [
              34.4384422882,
              1.2057490005
            ],
            [
              34.4301398371,
              1.2057719483
            ],
            [
              34.4301627031,
              1.2141285579
            ],
            [
              34.4218600685,
              1.2141516388
            ],
            [
              34.4219062247,
              1.2308651728
            ],
            [
              34.4302089093,
              1.2308417728
            ],
            [
              34.4302557479,
              1.2475549856
            ],
            [
              34.4468607467,
              1.2475074726
            ],
            [
              34.446884454,
              1.2558637584
            ],
            [
              34.4551867418,
              1.2558398036
            ],
            [
              34.4552832633,
              1.2892643007
            ],
            [
              34.4635854972,
              1.2892396822
            ],
            [
              34.4636100506,
              1.2975956435
            ],
            [
              34.4885158794,
              1.297521145
            ],
            [
              34.4885406725,
              1.3058766274
            ],
            [
              34.4968423241,
              1.3058515792
            ],
            [
              34.4968673033,
              1.3142068994
            ],
            [
              34.5217713812,
              1.314131114
            ],
            [
              34.5218475213,
              1.3391956207
            ],
            [
              34.5301486431,
              1.3391698218
            ],
            [
              34.5301743712,
              1.3475244947
            ],
            [
              34.5799778977,
              1.347368144
            ],
            [
              34.5799520039,
              1.3390144405
            ],
            [
              34.5882520004,
              1.3389884467
            ],
            [
              34.5882262403,
              1.3306349053
            ],
            [
              34.5965260489,
              1.3306090453
            ],
            [
              34.5965004221,
              1.3222556651
            ],
            [
              34.6048000419,
              1.3222299402
            ],
            [
              34.6047492199,
              1.3055235015
            ],
            [
              34.6130486231,
              1.3054980748
            ],
            [
              34.6130234285,
              1.2971450174
            ],
            [
              34.6213226422,
              1.2971197258
            ],
            [
              34.6212975821,
              1.2887668293
            ],
            [
              34.6295966082,
              1.288741675
            ],
            [
              34.6295469217,
              1.2720362055
            ],
            [
              34.6212479481,
              1.2720610335
            ],
            [
              34.6211506241,
              1.2386494293
            ],
            [
              34.6543451301,
              1.2385525711
            ],
            [
              34.6542034042,
              1.1884390553
            ],
            [
              34.6580199429,
              1.1884283445
            ],
            [
              34.6602500006,
              1.1896099998
            ],
            [
              34.66142,
              1.1906899998
            ],
            [
              34.6628399999,
              1.1916599999
            ],
            [
              34.6633900004,
              1.1922800003
            ],
            [
              34.6646300004,
              1.1949500005
            ],
            [
              34.6650700003,
              1.1963400005
            ],
            [
              34.6655400004,
              1.1989900004
            ],
            [
              34.6665700013,
              1.2014899998
            ],
            [
              34.6674700003,
              1.2049100001
            ],
            [
              34.6683899998,
              1.2072700004
            ],
            [
              34.6687700001,
              1.2076900003
            ],
            [
              34.6695700008,
              1.2080700004
            ],
            [
              34.6718600001,
              1.20843
            ],
            [
              34.6748900001,
              1.2093899989
            ],
            [
              34.677130001,
              1.2095399997
            ],
            [
              34.6774,
              1.2097699997
            ],
            [
              34.6786400004,
              1.2102600004
            ],
            [
              34.6793599996,
              1.2102599995
            ],
            [
              34.6812900007,
              1.21092
            ],
            [
              34.6894699992,
              1.2120100001
            ],
            [
              34.69553,
              1.2133100007
            ],
            [
              34.6962200003,
              1.21377
            ],
            [
              34.6975300004,
              1.2139
            ],
            [
              34.6980800005,
              1.2141399993
            ],
            [
              34.7007200007,
              1.2158600001
            ],
            [
              34.703347678,
              1.2159
            ],
            [
              34.7042076767,
              1.21551
            ],
            [
              34.7055736514,
              1.2152737806
            ],
            [
              34.7071200001,
              1.2154400001
            ],
            [
              34.7095176777,
              1.2154400003
            ],
            [
              34.7108436386,
              1.2152345462
            ],
            [
              34.7117400009,
              1.2156500004
            ],
            [
              34.7123639031,
              1.2157075913
            ],
            [
              34.7124050376,
              1.2300309816
            ],
            [
              34.6875129025,
              1.2301037099
            ],
            [
              34.6875370324,
              1.2384553029
            ],
            [
              34.6792393019,
              1.2384796592
            ],
            [
              34.6792498167,
              1.2421052751
            ],
            [
              34.6758536221,
              1.2423106299
            ],
            [
              34.6729196192,
              1.246470616
            ],
            [
              34.6756023198,
              1.2571375545
            ],
            [
              34.6800406421,
              1.263647793
            ],
            [
              34.6876349657,
              1.2717885167
            ],
            [
              34.6793373489,
              1.271886682
            ],
            [
              34.6793125926,
              1.2635349277
            ],
            [
              34.6627164874,
              1.2635845462
            ],
            [
              34.6627411919,
              1.2719366288
            ],
            [
              34.6544428675,
              1.2719615625
            ],
            [
              34.6544677088,
              1.2803138078
            ],
            [
              34.6710642451,
              1.2802635854
            ],
            [
              34.6710893027,
              1.2886155025
            ],
            [
              34.6869456948,
              1.2885671065
            ],
            [
              34.6854277366,
              1.29180076
            ],
            [
              34.678669719,
              1.2977518796
            ],
            [
              34.6766218589,
              1.3025025412
            ],
            [
              34.6766544924,
              1.3131772703
            ],
            [
              34.67727112,
              1.3220710328
            ],
            [
              34.6752271789,
              1.3280079127
            ],
            [
              34.6712117461,
              1.3286727096
            ]
          ]
        ]
      },
      "properties": {
        "country": "Uganda",
        "country_code": "UGA",
        "species_name": "Eucalyptus_tereticornis",
        "genus": "Eucalyptus",
        "species": "tereticornis",
        "suitability_name": "Marginally suitable",
        "suitability_rank": 3,
        "soil_suitability": "S1",
        "soil_type": "Ferrallitic Soils",
        "soil_description": "Humic ferrallitic - Not differentiated",
        "site_class": null,
        "maz": "I",
        "maz_zone": null,
        "tz": "6",
        "frost_risk": null,
        "source_layer": "SWIFT_SSMT_Uganda"
      }
    },
    {
      "type": "Feature",
      "geometry": {
        "type": "Polygon",
        "coordinates": [
          [
            [
              34.4436873455,
              1.0135370737
            ],
            [
              34.4389555196,
              1.025525182
            ],
            [
              34.438120684,
              1.0465919526
            ],
            [
              34.4381689463,
              1.066766581
            ],
            [
              34.4361888222,
              1.0720503632
            ],
            [
              34.4297954709,
              1.0720660732
            ],
            [
              34.4297552695,
              1.0553528229
            ],
            [
              34.4380573013,
              1.0553327383
            ],
            [
              34.4379981194,
              1.030263334
            ],
            [
              34.4296961527,
              1.030282942
            ],
            [
              34.429619541,
              0.9968564226
            ],
            [
              34.4213174991,
              0.9968753732
            ],
            [
              34.4212801837,
              0.9801617907
            ],
            [
              34.4129780249,
              0.9801804033
            ],
            [
              34.412905364,
              0.9467525942
            ],
            [
              34.4212074428,
              0.9467346172
            ],
            [
              34.42117202,
              0.9300210262
            ],
            [
              34.4294739018,
              0.9300033457
            ],
            [
              34.4294564087,
              0.9216467086
            ],
            [
              34.4211545453,
              0.9216642287
            ],
            [
              34.4211200687,
              0.9049506333
            ],
            [
              34.4460250715,
              0.9048989687
            ],
            [
              34.4460422872,
              0.9132552896
            ],
            [
              34.4543436567,
              0.9132378714
            ],
            [
              34.4543264219,
              0.9048817096
            ],
            [
              34.4574975568,
              0.9048751121
            ],
            [
              34.4583500004,
              0.9075099996
            ],
            [
              34.4586300009,
              0.9079400001
            ],
            [
              34.4598700007,
              0.9087399995
            ],
            [
              34.46104,
              0.9100900006
            ],
            [
              34.4623900011,
              0.9103900002
            ],
            [
              34.4639400004,
              0.9113099994
            ],
            [
              34.4650100008,
              0.9127900005
            ],
            [
              34.4658400011,
              0.9146200001
            ],
            [
              34.4662400007,
              0.9163199997
            ],
            [
              34.4675300007,
              0.9172900006
            ],
            [
              34.4687700008,
              0.9193300011
            ],
            [
              34.4707400011,
              0.9213499998
            ],
            [
              34.4718600001,
              0.9257300002
            ],
            [
              34.4739500012,
              0.9283500001
            ],
            [
              34.4745,
              0.9301099996
            ],
            [
              34.4759,
              0.9322900004
            ],
            [
              34.4772900003,
              0.9356100005
            ],
            [
              34.4791500003,
              0.93752
            ],
            [
              34.4793300008,
              0.9385200005
            ],
            [
              34.4799,
              0.9399900005
            ],
            [
              34.4798300004,
              0.9422
            ],
            [
              34.4794,
              0.9439599992
            ],
            [
              34.4793300009,
              0.9448200004
            ],
            [
              34.4807599997,
              0.9479500003
            ],
            [
              34.4806200015,
              0.9506499997
            ],
            [
              34.48104,
              0.9520200002
            ],
            [
              34.4817600003,
              0.9529499998
            ],
            [
              34.4825400007,
              0.9548900002
            ],
            [
              34.4824700004,
              0.9557199997
            ],
            [
              34.4827900013,
              0.9577599996
            ],
            [
              34.4825500003,
              0.9592299998
            ],
            [
              34.4827200011,
              0.9610400005
            ],
            [
              34.4831900003,
              0.9616600002
            ],
            [
              34.4834699997,
              0.9623400003
            ],
            [
              34.4836224378,
              0.9633100932
            ],
            [
              34.4793538978,
              0.9633195804
            ],
            [
              34.4793356529,
              0.9549639036
            ],
            [
              34.4710346628,
              0.9549821775
            ],
            [
              34.4710528875,
              0.9633380159
            ],
            [
              34.4544503912,
              0.9633748257
            ],
            [
              34.454468734,
              0.9717309827
            ],
            [
              34.4378655647,
              0.9717680312
            ],
            [
              34.4378472607,
              0.963411556
            ],
            [
              34.4295454581,
              0.9634298906
            ],
            [
              34.4296007841,
              0.9884997906
            ],
            [
              34.4379026465,
              0.9884809786
            ],
            [
              34.4379594555,
              1.013550395
            ],
            [
              34.4436873455,
              1.0135370737
            ]
          ]
        ]
      },
      "properties": {
        "country": "Uganda",
        "country_code": "UGA",
        "species_name": "Eucalyptus_tereticornis",
        "genus": "Eucalyptus",
        "species": "tereticornis",
        "suitability_name": "Marginally suitable",
        "suitability_rank": 3,
        "soil_suitability": "S1",
        "soil_type": "Ferrallitic Soils",
        "soil_description": "Humic ferrallitic - Not differentiated",
        "site_class": null,
        "maz": "I",
        "maz_zone": null,
        "tz": "6",
        "frost_risk": null,
        "source_layer": "SWIFT_SSMT_Uganda"
      }
    },
    {
      "type": "Feature",
      "geometry": {
        "type": "Polygon",
        "coordinates": [
          [
            [
              31.4458245581,
              2.5819450722
            ],
            [
              31.4608989183,
              2.5818918811
            ],
            [
              31.4609578335,
              2.5986959151
            ],
            [
              31.4526033091,
              2.5987256096
            ],
            [
              31.4526328555,
              2.6071277201
            ],
            [
              31.4381957149,
              2.6071790676
            ],
            [
              31.4380514346,
              2.6066339599
            ],
            [
              31.4381746729,
              2.6062822967
            ],
            [
              31.4397349336,
              2.6031913588
            ],
            [
              31.440527136,
              2.6025418737
            ],
            [
              31.4423529612,
              2.6019103362
            ],
            [
              31.4432198359,
              2.6013444202
            ],
            [
              31.4443362727,
              2.6000891956
            ],
            [
              31.4443884873,
              2.5992944439
            ],
            [
              31.4448441016,
              2.598780688
            ],
            [
              31.4442245447,
              2.5982517877
            ],
            [
              31.4433994981,
              2.5966409685
            ],
            [
              31.4432554871,
              2.5959443667
            ],
            [
              31.4436527106,
              2.5942393177
            ],
            [
              31.4443006203,
              2.5925796982
            ],
            [
              31.4441740142,
              2.5917815764
            ],
            [
              31.4443997158,
              2.5899172334
            ],
            [
              31.4448017121,
              2.5887551037
            ],
            [
              31.445388144,
              2.5881342155
            ],
            [
              31.4453154359,
              2.5874549969
            ],
            [
              31.444689142,
              2.5857460103
            ],
            [
              31.4445757296,
              2.5841379798
            ],
            [
              31.4458245581,
              2.5819450722
            ]
          ]
        ]
      },
      "properties": {
        "country": "Uganda",
        "country_code": "UGA",
        "species_name": "Eucalyptus_tereticornis",
        "genus": "Eucalyptus",
        "species": "tereticornis",
        "suitability_name": "Marginally suitable",
        "suitability_rank": 3,
        "soil_suitability": "S3",
        "soil_type": "Ferruginous Soils",
        "soil_description": "On crystalline acid rock-Complex with Black clays",
        "site_class": null,
        "maz": "IV",
        "maz_zone": null,
        "tz": "1",
        "frost_risk": null,
        "source_layer": "SWIFT_SSMT_Uganda"
      }
    },
    {
      "type": "Feature",
      "geometry": {
        "type": "Polygon",
        "coordinates": [
          [
            [
              31.4374313728,
              2.5819746113
            ],
            [
              31.4364987531,
              2.5825400422
            ],
            [
              31.434857362,
              2.5832147769
            ],
            [
              31.4337984732,
              2.5840740394
            ],
            [
              31.4331194033,
              2.5848755313
            ],
            [
              31.4321194658,
              2.5854801551
            ],
            [
              31.4305726795,
              2.5870612621
            ],
            [
              31.4293661303,
              2.5889800136
            ],
            [
              31.4269033421,
              2.5914315919
            ],
            [
              31.425594609,
              2.5920406996
            ],
            [
              31.4246679404,
              2.5922633656
            ],
            [
              31.4221335686,
              2.5934911151
            ],
            [
              31.4208874372,
              2.5945320932
            ],
            [
              31.4203776435,
              2.5951462471
            ],
            [
              31.419173661,
              2.5958000653
            ],
            [
              31.4191258933,
              2.5820388403
            ],
            [
              31.4374313728,
              2.5819746113
            ]
          ]
        ]
      },
      "properties": {
        "country": "Uganda",
        "country_code": "UGA",
        "species_name": "Eucalyptus_tereticornis",
        "genus": "Eucalyptus",
        "species": "tereticornis",
        "suitability_name": "Marginally suitable",
        "suitability_rank": 3,
        "soil_suitability": "S3",
        "soil_type": "Ferrallitic Soils",
        "soil_description": "Red soils - On loose sandy sediments",
        "site_class": null,
        "maz": "IV",
        "maz_zone": null,
        "tz": "1",
        "frost_risk": null,
        "source_layer": "SWIFT_SSMT_Uganda"
      }
    },
    {
      "type": "Feature",
      "geometry": {
        "type": "Polygon",
        "coordinates": [
          [
            [
              31.4441026664,
              2.5567441914
            ],
            [
              31.4441316803,
              2.5651464059
            ],
            [
              31.4357771841,
              2.5651756059
            ],
            [
              31.4357482247,
              2.5567732962
            ],
            [
              31.4441026664,
              2.5567441914
            ]
          ]
        ]
      },
      "properties": {
        "country": "Uganda",
        "country_code": "UGA",
        "species_name": "Eucalyptus_tereticornis",
        "genus": "Eucalyptus",
        "species": "tereticornis",
        "suitability_name": "Marginally suitable",
        "suitability_rank": 3,
        "soil_suitability": "S3",
        "soil_type": "Ferrallitic Soils",
        "soil_description": "Red soils - On loose sandy sediments",
        "site_class": null,
        "maz": "IV",
        "maz_zone": null,
        "tz": "1",
        "frost_risk": null,
        "source_layer": "SWIFT_SSMT_Uganda"
      }
    },
    {
      "type": "Feature",
      "geometry": {
        "type": "Polygon",
        "coordinates": [
          [
            [
              31.4763722165,
              2.5146215271
            ],
            [
              31.477374773,
              2.5146180631
            ],
            [
              31.4774035223,
              2.5230198988
            ],
            [
              31.4857572709,
              2.5229909101
            ],
            [
              31.4857861686,
              2.5313926487
            ],
            [
              31.4774323671,
              2.5314217344
            ],
            [
              31.4774903455,
              2.5482253996
            ],
            [
              31.4671318199,
              2.5482616292
            ],
            [
              31.4675490207,
              2.5408303181
            ],
            [
              31.468251671,
              2.5366544476
            ],
            [
              31.468417018,
              2.5331443497
            ],
            [
              31.4691797426,
              2.5297699801
            ],
            [
              31.4700353882,
              2.5282577936
            ],
            [
              31.4721876951,
              2.5220115899
            ],
            [
              31.472754476,
              2.5210137428
            ],
            [
              31.4729633349,
              2.5203400973
            ],
            [
              31.4737923105,
              2.5187448859
            ],
            [
              31.4748674831,
              2.5175557669
            ],
            [
              31.475466827,
              2.516622982
            ],
            [
              31.4763722165,
              2.5146215271
            ]
          ]
        ]
      },
      "properties": {
        "country": "Uganda",
        "country_code": "UGA",
        "species_name": "Eucalyptus_tereticornis",
        "genus": "Eucalyptus",
        "species": "tereticornis",
        "suitability_name": "Marginally suitable",
        "suitability_rank": 3,
        "soil_suitability": "S3",
        "soil_type": "Ferruginous Soils",
        "soil_description": "On crystalline acid rock-Complex with Black clays",
        "site_class": null,
        "maz": "IV",
        "maz_zone": null,
        "tz": "1",
        "frost_risk": null,
        "source_layer": "SWIFT_SSMT_Uganda"
      }
    },
    {
      "type": "Feature",
      "geometry": {
        "type": "Polygon",
        "coordinates": [
          [
            [
              31.4665229776,
              2.5230575762
            ],
            [
              31.4639260028,
              2.5273508172
            ],
            [
              31.4622935953,
              2.5296157333
            ],
            [
              31.4607298202,
              2.5330393968
            ],
            [
              31.4606957366,
              2.5230777172
            ],
            [
              31.4665229776,
              2.5230575762
            ]
          ]
        ]
      },
      "properties": {
        "country": "Uganda",
        "country_code": "UGA",
        "species_name": "Eucalyptus_tereticornis",
        "genus": "Eucalyptus",
        "species": "tereticornis",
        "suitability_name": "Marginally suitable",
        "suitability_rank": 3,
        "soil_suitability": "S3",
        "soil_type": "Ferrallitic Soils",
        "soil_description": "Red soils - On loose sandy sediments",
        "site_class": null,
        "maz": "IV",
        "maz_zone": null,
        "tz": "1",
        "frost_risk": null,
        "source_layer": "SWIFT_SSMT_Uganda"
      }
    },
    {
      "type": "Feature",
      "geometry": {
        "type": "Polygon",
        "coordinates": [
          [
            [
              31.4704682556,
              2.5146419098
            ],
            [
              31.47002051,
              2.5154613457
            ],
            [
              31.4690309449,
              2.5175673139
            ],
            [
              31.4690209823,
              2.5146469029
            ],
            [
              31.4704682556,
              2.5146419098
            ]
          ]
        ]
      },
      "properties": {
        "country": "Uganda",
        "country_code": "UGA",
        "species_name": "Eucalyptus_tereticornis",
        "genus": "Eucalyptus",
        "species": "tereticornis",
        "suitability_name": "Marginally suitable",
        "suitability_rank": 3,
        "soil_suitability": "S3",
        "soil_type": "Ferrallitic Soils",
        "soil_description": "Red soils - On loose sandy sediments",
        "site_class": null,
        "maz": "IV",
        "maz_zone": null,
        "tz": "1",
        "frost_risk": null,
        "source_layer": "SWIFT_SSMT_Uganda"
      }
    },
    {
      "type": "Feature",
      "geometry": {
        "type": "Polygon",
        "coordinates": [
          [
            [
              31.3770198844,
              2.5065578783
            ],
            [
              31.3771510858,
              2.5233635914
            ],
            [
              31.385505978,
              2.5233352456
            ],
            [
              31.3855342353,
              2.5317381314
            ],
            [
              31.3938890859,
              2.5317096367
            ],
            [
              31.393945991,
              2.5485152165
            ],
            [
              31.3855910341,
              2.5485438999
            ],
            [
              31.3856482087,
              2.5653496635
            ],
            [
              31.3772930485,
              2.5653784817
            ],
            [
              31.3773217241,
              2.5737814553
            ],
            [
              31.3718208592,
              2.5738004609
            ],
            [
              31.370174124,
              2.5697363387
            ],
            [
              31.3680550409,
              2.5572131842
            ],
            [
              31.3665314924,
              2.5452846144
            ],
            [
              31.366485344,
              2.5315609086
            ],
            [
              31.3685288361,
              2.5217086215
            ],
            [
              31.3714732547,
              2.5151351195
            ],
            [
              31.3770198844,
              2.5065578783
            ]
          ]
        ]
      },
      "properties": {
        "country": "Uganda",
        "country_code": "UGA",
        "species_name": "Eucalyptus_tereticornis",
        "genus": "Eucalyptus",
        "species": "tereticornis",
        "suitability_name": "Marginally suitable",
        "suitability_rank": 3,
        "soil_suitability": "S3",
        "soil_type": "Ferrallitic Soils",
        "soil_description": "Red soils - On loose sandy sediments",
        "site_class": null,
        "maz": "IV",
        "maz_zone": null,
        "tz": "1",
        "frost_risk": null,
        "source_layer": "SWIFT_SSMT_Uganda"
      }
    },
    {
      "type": "Feature",
      "geometry": {
        "type": "Polygon",
        "coordinates": [
          [
            [
              31.3332052953,
              1.7512730403
            ],
            [
              31.3332226202,
              1.758785237
            ],
            [
              31.341573864,
              1.7587656737
            ],
            [
              31.3415933698,
              1.7671691388
            ],
            [
              31.3499445569,
              1.7671494444
            ],
            [
              31.3499641942,
              1.7755528159
            ],
            [
              31.3583153256,
              1.77553299
            ],
            [
              31.3583350929,
              1.7839362658
            ],
            [
              31.3499839247,
              1.7839561855
            ],
            [
              31.3499894028,
              1.7862825371
            ],
            [
              31.3433927451,
              1.7804534743
            ],
            [
              31.3297451946,
              1.7769055033
            ],
            [
              31.3212041997,
              1.7781177001
            ],
            [
              31.321256976,
              1.77478543
            ],
            [
              31.3208420665,
              1.7729890988
            ],
            [
              31.3211932509,
              1.7708723338
            ],
            [
              31.3216207937,
              1.7631583524
            ],
            [
              31.3201663652,
              1.758432639
            ],
            [
              31.3197085047,
              1.7575599996
            ],
            [
              31.3183573827,
              1.7534397902
            ],
            [
              31.3178571336,
              1.7527658081
            ],
            [
              31.3170654921,
              1.7504396974
            ],
            [
              31.3149586631,
              1.7474491401
            ],
            [
              31.3146100038,
              1.7466685296
            ],
            [
              31.3117092882,
              1.7437688788
            ],
            [
              31.3108746971,
              1.7422149509
            ],
            [
              31.3107798127,
              1.7416593759
            ],
            [
              31.3094458138,
              1.7394595188
            ],
            [
              31.3090859265,
              1.7379235453
            ],
            [
              31.3085154968,
              1.7363140549
            ],
            [
              31.3083742929,
              1.7350923459
            ],
            [
              31.3069751667,
              1.7324025625
            ],
            [
              31.3050522109,
              1.7304883406
            ],
            [
              31.3037544253,
              1.7298081771
            ],
            [
              31.30324014,
              1.7293463168
            ],
            [
              31.3030071398,
              1.7286229407
            ],
            [
              31.3030921992,
              1.7265684174
            ],
            [
              31.3081041208,
              1.7306731652
            ],
            [
              31.3081108173,
              1.7336321808
            ],
            [
              31.3117070796,
              1.7336239298
            ],
            [
              31.3164711162,
              1.737525537
            ],
            [
              31.3164813448,
              1.742016757
            ],
            [
              31.3219398022,
              1.7420041455
            ],
            [
              31.3248381407,
              1.7443777188
            ],
            [
              31.324851945,
              1.7504011092
            ],
            [
              31.3321270206,
              1.7503841831
            ],
            [
              31.3332052953,
              1.7512730403
            ]
          ]
        ]
      },
      "properties": {
        "country": "Uganda",
        "country_code": "UGA",
        "species_name": "Eucalyptus_tereticornis",
        "genus": "Eucalyptus",
        "species": "tereticornis",
        "suitability_name": "Marginally suitable",
        "suitability_rank": 3,
        "soil_suitability": "S3",
        "soil_type": "Ferrallitic Soils",
        "soil_description": "Red soils - On loose sandy sediments",
        "site_class": null,
        "maz": "IV",
        "maz_zone": null,
        "tz": "1",
        "frost_risk": null,
        "source_layer": "SWIFT_SSMT_Uganda"
      }
    },
    {
      "type": "Feature",
      "geometry": {
        "type": "Polygon",
        "coordinates": [
          [
            [
              31.2835325957,
              2.1875123739
            ],
            [
              31.2834777651,
              2.1879123275
            ],
            [
              31.2836310404,
              2.1883886483
            ],
            [
              31.2854602349,
              2.1918811032
            ],
            [
              31.2860713703,
              2.1944517689
            ],
            [
              31.2878943892,
              2.1950498329
            ],
            [
              31.2891017807,
              2.1950986429
            ],
            [
              31.2898005023,
              2.1953533528
            ],
            [
              31.2922245491,
              2.195315202
            ],
            [
              31.2951095446,
              2.1956181614
            ],
            [
              31.2958192131,
              2.1961180431
            ],
            [
              31.296641733,
              2.1964030483
            ],
            [
              31.2981601672,
              2.1974488165
            ],
            [
              31.2982848081,
              2.1980373412
            ],
            [
              31.2977884887,
              2.1986572834
            ],
            [
              31.2979047087,
              2.1998663107
            ],
            [
              31.2992016509,
              2.201650957
            ],
            [
              31.3006847143,
              2.2024100334
            ],
            [
              31.3029420119,
              2.2032095048
            ],
            [
              31.3037479679,
              2.2037312646
            ],
            [
              31.3043888602,
              2.2045341
            ],
            [
              31.3048964083,
              2.2058508405
            ],
            [
              31.3048149992,
              2.2064528274
            ],
            [
              31.3043063279,
              2.2072090965
            ],
            [
              31.3041620358,
              2.2079087015
            ],
            [
              31.3050474381,
              2.2099777796
            ],
            [
              31.3063171499,
              2.2115054613
            ],
            [
              31.3065826183,
              2.2126575448
            ],
            [
              31.3009920604,
              2.2126738865
            ],
            [
              31.3009678491,
              2.2042700133
            ],
            [
              31.2759057973,
              2.2043427334
            ],
            [
              31.2758579285,
              2.1875344284
            ],
            [
              31.2835325957,
              2.1875123739
            ]
          ]
        ]
      },
      "properties": {
        "country": "Uganda",
        "country_code": "UGA",
        "species_name": "Eucalyptus_tereticornis",
        "genus": "Eucalyptus",
        "species": "tereticornis",
        "suitability_name": "Marginally suitable",
        "suitability_rank": 3,
        "soil_suitability": "S2",
        "soil_type": "Eutrophic Soils",
        "soil_description": "On Alluvial deposits",
        "site_class": null,
        "maz": "IV",
        "maz_zone": null,
        "tz": "1",
        "frost_risk": null,
        "source_layer": "SWIFT_SSMT_Uganda"
      }
    },
    {
      "type": "Feature",
      "geometry": {
        "type": "Polygon",
        "coordinates": [
          [
            [
              30.2504724727,
              0.9195820595
            ],
            [
              30.2498737123,
              0.9214137133
            ],
            [
              30.2483191753,
              0.9195840342
            ],
            [
              30.2504724727,
              0.9195820595
            ]
          ]
        ]
      },
      "properties": {
        "country": "Uganda",
        "country_code": "UGA",
        "species_name": "Eucalyptus_tereticornis",
        "genus": "Eucalyptus",
        "species": "tereticornis",
        "suitability_name": "Marginally suitable",
        "suitability_rank": 3,
        "soil_suitability": "S4",
        "soil_type": "Lithosols",
        "soil_description": "Not differentiated",
        "site_class": null,
        "maz": "III",
        "maz_zone": null,
        "tz": "1",
        "frost_risk": null,
        "source_layer": "SWIFT_SSMT_Uganda"
      }
    },
    {
      "type": "Feature",
      "geometry": {
        "type": "Polygon",
        "coordinates": [
          [
            [
              31.725858265,
              2.0265933812
            ],
            [
              31.7401281216,
              2.0406831274
            ],
            [
              31.7618219574,
              2.0602984583
            ],
            [
              31.7743322488,
              2.0811329808
            ],
            [
              31.788042434,
              2.1064354671
            ],
            [
              31.7952335011,
              2.131757289
            ],
            [
              31.7973592089,
              2.1481496945
            ],
            [
              31.7962261041,
              2.1648505515
            ],
            [
              31.7943831629,
              2.1739174541
            ],
            [
              31.7926601433,
              2.1618802468
            ],
            [
              31.7887623549,
              2.1475805402
            ],
            [
              31.7830949472,
              2.1359697486
            ],
            [
              31.7756467316,
              2.1234697661
            ],
            [
              31.7628484235,
              2.1059169396
            ],
            [
              31.7435157536,
              2.0836122258
            ],
            [
              31.7277546275,
              2.0660664556
            ],
            [
              31.7090229928,
              2.0461428977
            ],
            [
              31.6911914145,
              2.0297939443
            ],
            [
              31.6614876846,
              2.0078119614
            ],
            [
              31.6207917646,
              1.9769113331
            ],
            [
              31.5892824763,
              1.9447879309
            ],
            [
              31.5658074817,
              1.9236753352
            ],
            [
              31.5349093723,
              1.8978082676
            ],
            [
              31.5007492801,
              1.8713502706
            ],
            [
              31.4467114839,
              1.8389730162
            ],
            [
              31.3982955191,
              1.8021006094
            ],
            [
              31.3638419315,
              1.7765262878
            ],
            [
              31.3332052953,
              1.7512730403
            ],
            [
              31.3332032445,
              1.7503816776
            ],
            [
              31.3321270206,
              1.7503841831
            ],
            [
              31.3252231645,
              1.7446930293
            ],
            [
              31.3248381407,
              1.7443777188
            ],
            [
              31.3248326991,
              1.7419974556
            ],
            [
              31.3219398022,
              1.7420041455
            ],
            [
              31.3164711162,
              1.737525537
            ],
            [
              31.3164622274,
              1.7336130094
            ],
            [
              31.3117070796,
              1.7336239298
            ],
            [
              31.3081041208,
              1.7306731652
            ],
            [
              31.3080729337,
              1.7168244962
            ],
            [
              31.3014216208,
              1.7168395905
            ],
            [
              31.3011184319,
              1.7154618309
            ],
            [
              31.2997125163,
              1.7128240081
            ],
            [
              31.2997027366,
              1.7084395085
            ],
            [
              31.2951718688,
              1.7084497232
            ],
            [
              31.2935796015,
              1.7077717549
            ],
            [
              31.2913491445,
              1.7075108759
            ],
            [
              31.2913326117,
              1.7000542975
            ],
            [
              31.3080354202,
              1.7000168059
            ],
            [
              31.3080541308,
              1.7084206511
            ],
            [
              31.3247566413,
              1.7083828291
            ],
            [
              31.3247755165,
              1.7167864874
            ],
            [
              31.3331266686,
              1.7167674278
            ],
            [
              31.3331456729,
              1.7251709919
            ],
            [
              31.3498477719,
              1.725132578
            ],
            [
              31.349866942,
              1.7335359522
            ],
            [
              31.3498862055,
              1.7419393274
            ],
            [
              31.366588078,
              1.7419003911
            ],
            [
              31.3666075085,
              1.7503035766
            ],
            [
              31.3749583409,
              1.7502839587
            ],
            [
              31.374997558,
              1.7670901374
            ],
            [
              31.3833483701,
              1.7670702934
            ],
            [
              31.3833681573,
              1.7754732875
            ],
            [
              31.3833880376,
              1.7838762797
            ],
            [
              31.3917388317,
              1.7838562098
            ],
            [
              31.3917588439,
              1.7922591066
            ],
            [
              31.4001095817,
              1.792238903
            ],
            [
              31.4001297261,
              1.8006417049
            ],
            [
              31.4084804066,
              1.8006213682
            ],
            [
              31.4085006828,
              1.8090240742
            ],
            [
              31.425201838,
              1.8089830951
            ],
            [
              31.4252222856,
              1.8173856087
            ],
            [
              31.4335727593,
              1.8173649667
            ],
            [
              31.4335933404,
              1.8257673839
            ],
            [
              31.4419437566,
              1.8257466073
            ],
            [
              31.4419644718,
              1.8341489288
            ],
            [
              31.4753653377,
              1.8340650491
            ],
            [
              31.4753863032,
              1.8424669847
            ],
            [
              31.4837363184,
              1.8424458209
            ],
            [
              31.4837574192,
              1.8508476589
            ],
            [
              31.5088070059,
              1.8507836414
            ],
            [
              31.5088283202,
              1.8591851872
            ],
            [
              31.5171780282,
              1.8591636722
            ],
            [
              31.5171994788,
              1.8675651206
            ],
            [
              31.5172210257,
              1.8759665662
            ],
            [
              31.5339203087,
              1.8759230288
            ],
            [
              31.5339420315,
              1.8843242789
            ],
            [
              31.5422915676,
              1.8843023516
            ],
            [
              31.542269804,
              1.8759011995
            ],
            [
              31.5589685032,
              1.8758574227
            ],
            [
              31.5589903457,
              1.8842583789
            ],
            [
              31.5673395882,
              1.8842363318
            ],
            [
              31.5673615689,
              1.8926371885
            ],
            [
              31.5757107523,
              1.8926150033
            ],
            [
              31.5757328705,
              1.9010157603
            ],
            [
              31.5840819966,
              1.9009934365
            ],
            [
              31.5841042538,
              1.9093940945
            ],
            [
              31.5841266077,
              1.9177947508
            ],
            [
              31.5924757163,
              1.9177721888
            ],
            [
              31.5924982106,
              1.9261727451
            ],
            [
              31.6091962125,
              1.9261272991
            ],
            [
              31.6092188868,
              1.9345276564
            ],
            [
              31.6175677801,
              1.9345047728
            ],
            [
              31.617590593,
              1.9429050303
            ],
            [
              31.6342881651,
              1.9428589406
            ],
            [
              31.6343111593,
              1.9512589962
            ],
            [
              31.6426598371,
              1.9512357896
            ],
            [
              31.6427062073,
              1.9680356993
            ],
            [
              31.6594034302,
              1.9679887609
            ],
            [
              31.6594268469,
              1.9763885123
            ],
            [
              31.6677753502,
              1.9763648803
            ],
            [
              31.6677989094,
              1.9847645317
            ],
            [
              31.6844956983,
              1.9847169394
            ],
            [
              31.6845194419,
              1.9931163875
            ],
            [
              31.6845432845,
              2.0015158339
            ],
            [
              31.6928916133,
              2.0014917722
            ],
            [
              31.6929155996,
              2.0098911172
            ],
            [
              31.6929396854,
              2.0182904596
            ],
            [
              31.7173774781,
              2.0182191889
            ],
            [
              31.7179860613,
              2.0188201336
            ],
            [
              31.7180086346,
              2.0266164517
            ],
            [
              31.725858265,
              2.0265933812
            ]
          ]
        ]
      },
      "properties": {
        "country": "Uganda",
        "country_code": "UGA",
        "species_name": "Eucalyptus_tereticornis",
        "genus": "Eucalyptus",
        "species": "tereticornis",
        "suitability_name": "Marginally suitable",
        "suitability_rank": 3,
        "soil_suitability": "S4",
        "soil_type": "Lithosols",
        "soil_description": "Not differentiated",
        "site_class": null,
        "maz": "III",
        "maz_zone": null,
        "tz": "1",
        "frost_risk": null,
        "source_layer": "SWIFT_SSMT_Uganda"
      }
    },
    {
      "type": "Feature",
      "geometry": {
        "type": "Polygon",
        "coordinates": [
          [
            [
              31.2913326117,
              1.7000542975
            ],
            [
              31.2860204855,
              1.7000661906
            ],
            [
              31.2847744272,
              1.6989154736
            ],
            [
              31.283903061,
              1.696950711
            ],
            [
              31.282971458,
              1.695714545
            ],
            [
              31.2829625585,
              1.6916688657
            ],
            [
              31.2913140649,
              1.6916502663
            ],
            [
              31.2913326117,
              1.7000542975
            ]
          ]
        ]
      },
      "properties": {
        "country": "Uganda",
        "country_code": "UGA",
        "species_name": "Eucalyptus_tereticornis",
        "genus": "Eucalyptus",
        "species": "tereticornis",
        "suitability_name": "Marginally suitable",
        "suitability_rank": 3,
        "soil_suitability": "S4",
        "soil_type": "Lithosols",
        "soil_description": "Not differentiated",
        "site_class": null,
        "maz": "III",
        "maz_zone": null,
        "tz": "1",
        "frost_risk": null,
        "source_layer": "SWIFT_SSMT_Uganda"
      }
    },
    {
      "type": "Feature",
      "geometry": {
        "type": "Polygon",
        "coordinates": [
          [
            [
              31.2829625585,
              1.6916688657
            ],
            [
              31.277297375,
              1.691681461
            ],
            [
              31.2761329153,
              1.6914413944
            ],
            [
              31.2752239328,
              1.6914268029
            ],
            [
              31.2749131719,
              1.69112207
            ],
            [
              31.2748617994,
              1.6904576064
            ],
            [
              31.2744704707,
              1.6896623823
            ],
            [
              31.2733116441,
              1.6886432369
            ],
            [
              31.2726320121,
              1.6882952916
            ],
            [
              31.2713168224,
              1.6870931935
            ],
            [
              31.2697818268,
              1.6865701517
            ],
            [
              31.2689006352,
              1.6856929897
            ],
            [
              31.2674672604,
              1.6849303131
            ],
            [
              31.2662439649,
              1.6846977719
            ],
            [
              31.2662409228,
              1.6833016463
            ],
            [
              31.2630098596,
              1.6833087686
            ],
            [
              31.2627073137,
              1.6825115207
            ],
            [
              31.262070633,
              1.681529412
            ],
            [
              31.2610827662,
              1.6807998451
            ],
            [
              31.2604516995,
              1.6800910429
            ],
            [
              31.2593234716,
              1.679599987
            ],
            [
              31.2578807967,
              1.6794598119
            ],
            [
              31.2578709571,
              1.6749156432
            ],
            [
              31.2504999715,
              1.674931771
            ],
            [
              31.2496163337,
              1.6736786959
            ],
            [
              31.2491146812,
              1.6721926172
            ],
            [
              31.2483210753,
              1.6714434047
            ],
            [
              31.2462720742,
              1.6710034177
            ],
            [
              31.2453097532,
              1.6709366334
            ],
            [
              31.2421507723,
              1.6712559617
            ],
            [
              31.2413377971,
              1.6710326007
            ],
            [
              31.2401155262,
              1.6702805812
            ],
            [
              31.2385184897,
              1.6696941178
            ],
            [
              31.2380979666,
              1.6687063908
            ],
            [
              31.2367072623,
              1.6668504715
            ],
            [
              31.2362218914,
              1.6655097422
            ],
            [
              31.2365118781,
              1.6623669644
            ],
            [
              31.2364759467,
              1.6603684915
            ],
            [
              31.2354091967,
              1.6592146413
            ],
            [
              31.2344901073,
              1.6585221058
            ],
            [
              31.2343393595,
              1.6569883131
            ],
            [
              31.2336456911,
              1.6560763427
            ],
            [
              31.2324888303,
              1.6553069202
            ],
            [
              31.2305866478,
              1.6532921652
            ],
            [
              31.2285648764,
              1.6516646458
            ],
            [
              31.2269787889,
              1.6512297054
            ],
            [
              31.2261697436,
              1.6512448583
            ],
            [
              31.225020461,
              1.6510259852
            ],
            [
              31.2244870868,
              1.6503912516
            ],
            [
              31.2243427946,
              1.6498277923
            ],
            [
              31.224335777,
              1.6487154652
            ],
            [
              31.2239464129,
              1.6480521101
            ],
            [
              31.2210122913,
              1.6455575081
            ],
            [
              31.2200861839,
              1.6455777123
            ],
            [
              31.2194284488,
              1.6453380728
            ],
            [
              31.2188661601,
              1.6449053755
            ],
            [
              31.2183673138,
              1.644079266
            ],
            [
              31.2182064597,
              1.6432245337
            ],
            [
              31.2177348446,
              1.6424786773
            ],
            [
              31.2161445449,
              1.6406311525
            ],
            [
              31.2153091117,
              1.6401861077
            ],
            [
              31.2125524074,
              1.6382235308
            ],
            [
              31.2115884026,
              1.6373267048
            ],
            [
              31.2091272987,
              1.635666622
            ],
            [
              31.2059489479,
              1.6327393051
            ],
            [
              31.2024547824,
              1.6302396337
            ],
            [
              31.2002059064,
              1.6278628663
            ],
            [
              31.1969649525,
              1.6256398704
            ],
            [
              31.1952328886,
              1.6240140126
            ],
            [
              31.1934601199,
              1.6231418744
            ],
            [
              31.1885673894,
              1.6187143912
            ],
            [
              31.1871500173,
              1.6177855669
            ],
            [
              31.1858890063,
              1.6166995994
            ],
            [
              31.1850027623,
              1.6165890378
            ],
            [
              31.1831384777,
              1.6155423559
            ],
            [
              31.1825823637,
              1.6154374067
            ],
            [
              31.1803626836,
              1.6155154173
            ],
            [
              31.179770076,
              1.6153240396
            ],
            [
              31.1791463083,
              1.6147156727
            ],
            [
              31.1784706069,
              1.6136802138
            ],
            [
              31.177841225,
              1.6131133779
            ],
            [
              31.1766498346,
              1.6126991935
            ],
            [
              31.1754118433,
              1.6125757241
            ],
            [
              31.1748273771,
              1.6118377136
            ],
            [
              31.1744767535,
              1.6106249064
            ],
            [
              31.172627908,
              1.6073086237
            ],
            [
              31.1720431611,
              1.6066222441
            ],
            [
              31.169895064,
              1.605547495
            ],
            [
              31.1685329948,
              1.6052741778
            ],
            [
              31.1677708299,
              1.6047864714
            ],
            [
              31.166213937,
              1.6028255447
            ],
            [
              31.1657844298,
              1.6016295683
            ],
            [
              31.1653619405,
              1.6012148213
            ],
            [
              31.1639552358,
              1.6005435922
            ],
            [
              31.1631714555,
              1.6003241523
            ],
            [
              31.162670925,
              1.5999784356
            ],
            [
              31.1625038949,
              1.5997545056
            ],
            [
              31.162430626,
              1.5990456734
            ],
            [
              31.1620432278,
              1.5984547004
            ],
            [
              31.1601295353,
              1.5970263726
            ],
            [
              31.1598516196,
              1.5969225463
            ],
            [
              31.1584513702,
              1.597042088
            ],
            [
              31.1568885826,
              1.5974871421
            ],
            [
              31.1556244842,
              1.5968473419
            ],
            [
              31.1552210848,
              1.5965897376
            ],
            [
              31.1546902367,
              1.5959577936
            ],
            [
              31.1542455703,
              1.5947825788
            ],
            [
              31.1536397693,
              1.593706702
            ],
            [
              31.1528750781,
              1.5928025599
            ],
            [
              31.1510402696,
              1.5917193853
            ],
            [
              31.1496708999,
              1.59142474
            ],
            [
              31.148496914,
              1.5909577955
            ],
            [
              31.147936871,
              1.5901282964
            ],
            [
              31.146614102,
              1.5892808382
            ],
            [
              31.1458626046,
              1.5882043967
            ],
            [
              31.1453104225,
              1.5877211763
            ],
            [
              31.143969967,
              1.5871026995
            ],
            [
              31.1415706222,
              1.5866385603
            ],
            [
              31.1373544368,
              1.586895605
            ],
            [
              31.1370669756,
              1.5867496839
            ],
            [
              31.1366377501,
              1.5860133483
            ],
            [
              31.1358056846,
              1.5851221112
            ],
            [
              31.1350491345,
              1.5847028709
            ],
            [
              31.1333092106,
              1.5843077632
            ],
            [
              31.1304848509,
              1.5844289898
            ],
            [
              31.1295329174,
              1.5845990436
            ],
            [
              31.1282595559,
              1.5837639292
            ],
            [
              31.126953349,
              1.5834872412
            ],
            [
              31.1251087149,
              1.5828463139
            ],
            [
              31.1228561897,
              1.581337719
            ],
            [
              31.1209812377,
              1.580752914
            ],
            [
              31.1179564415,
              1.5806878111
            ],
            [
              31.1148653954,
              1.5813500662
            ],
            [
              31.1073689115,
              1.5745016007
            ],
            [
              31.094000879,
              1.5628884804
            ],
            [
              31.0708233678,
              1.539355503
            ],
            [
              31.0336616724,
              1.491073828
            ],
            [
              31.0119597883,
              1.4624594834
            ],
            [
              31.0072791338,
              1.4568632637
            ],
            [
              31.0152156262,
              1.4568490226
            ],
            [
              31.0152305773,
              1.4652560353
            ],
            [
              31.0235840332,
              1.4652409291
            ],
            [
              31.0235991023,
              1.4736478528
            ],
            [
              31.0319525023,
              1.4736326286
            ],
            [
              31.0319676889,
              1.4820394649
            ],
            [
              31.040321034,
              1.4820241223
            ],
            [
              31.0403363385,
              1.490430871
            ],
            [
              31.0486896285,
              1.4904154097
            ],
            [
              31.0487050513,
              1.4988220706
            ],
            [
              31.0570582864,
              1.49880649
            ],
            [
              31.0570894548,
              1.5156196339
            ],
            [
              31.0654426666,
              1.5156038468
            ],
            [
              31.0654584137,
              1.5240103296
            ],
            [
              31.0738115707,
              1.5239944224
            ],
            [
              31.0738274374,
              1.5324008168
            ],
            [
              31.0821805396,
              1.5323847882
            ],
            [
              31.0821965254,
              1.5407910941
            ],
            [
              31.090549572,
              1.5407749455
            ],
            [
              31.090565679,
              1.5491811628
            ],
            [
              31.0989186707,
              1.5491648929
            ],
            [
              31.0989348976,
              1.5575710194
            ],
            [
              31.1156406829,
              1.5575382035
            ],
            [
              31.1156570638,
              1.5659441536
            ],
            [
              31.1240098572,
              1.5659276078
            ],
            [
              31.1240263597,
              1.5743334667
            ],
            [
              31.1407317482,
              1.5743000957
            ],
            [
              31.1407484051,
              1.582705777
            ],
            [
              31.1574535046,
              1.582672093
            ],
            [
              31.1574703184,
              1.5910775941
            ],
            [
              31.1658227675,
              1.5910606112
            ],
            [
              31.1658397046,
              1.5994660219
            ],
            [
              31.1825444019,
              1.5994317757
            ],
            [
              31.1825614955,
              1.6078370052
            ],
            [
              31.1909137444,
              1.6078197395
            ],
            [
              31.1909309612,
              1.6162248789
            ],
            [
              31.1992831544,
              1.6162074899
            ],
            [
              31.1993004949,
              1.6246125364
            ],
            [
              31.2076526325,
              1.624595022
            ],
            [
              31.2076700989,
              1.632999977
            ],
            [
              31.2243741691,
              1.6329646636
            ],
            [
              31.2243917952,
              1.6413694364
            ],
            [
              31.2327437294,
              1.641351636
            ],
            [
              31.2327614815,
              1.649756316
            ],
            [
              31.2494651465,
              1.6497204283
            ],
            [
              31.2494830579,
              1.6581249248
            ],
            [
              31.2495010611,
              1.6665294204
            ],
            [
              31.2662045023,
              1.6664930255
            ],
            [
              31.2662226678,
              1.6748973368
            ],
            [
              31.2745742854,
              1.6748789931
            ],
            [
              31.2745925768,
              1.6832832107
            ],
            [
              31.2829441401,
              1.6832647411
            ],
            [
              31.2829625585,
              1.6916688657
            ]
          ]
        ]
      },
      "properties": {
        "country": "Uganda",
        "country_code": "UGA",
        "species_name": "Eucalyptus_tereticornis",
        "genus": "Eucalyptus",
        "species": "tereticornis",
        "suitability_name": "Marginally suitable",
        "suitability_rank": 3,
        "soil_suitability": "S4",
        "soil_type": "Lithosols",
        "soil_description": "Not differentiated",
        "site_class": null,
        "maz": "III",
        "maz_zone": null,
        "tz": "1",
        "frost_risk": null,
        "source_layer": "SWIFT_SSMT_Uganda"
      }
    },
    {
      "type": "Feature",
      "geometry": {
        "type": "Polygon",
        "coordinates": [
          [
            [
              31.0068472802,
              1.4484569124
            ],
            [
              31.0068612288,
              1.456363609
            ],
            [
              31.0002580901,
              1.4484686455
            ],
            [
              31.0068472802,
              1.4484569124
            ]
          ]
        ]
      },
      "properties": {
        "country": "Uganda",
        "country_code": "UGA",
        "species_name": "Eucalyptus_tereticornis",
        "genus": "Eucalyptus",
        "species": "tereticornis",
        "suitability_name": "Marginally suitable",
        "suitability_rank": 3,
        "soil_suitability": "S4",
        "soil_type": "Lithosols",
        "soil_description": "Not differentiated",
        "site_class": null,
        "maz": "III",
        "maz_zone": null,
        "tz": "1",
        "frost_risk": null,
        "source_layer": "SWIFT_SSMT_Uganda"
      }
    },
    {
      "type": "Feature",
      "geometry": {
        "type": "Polygon",
        "coordinates": [
          [
            [
              30.9984789964,
              1.4400645971
            ],
            [
              30.9984899991,
              1.4463546092
            ],
            [
              30.9965048343,
              1.4439810085
            ],
            [
              30.9789869992,
              1.4329676827
            ],
            [
              30.9501852632,
              1.4142121057
            ],
            [
              30.9374317035,
              1.4065403561
            ],
            [
              30.9817138929,
              1.4064646337
            ],
            [
              30.9817426098,
              1.4232793567
            ],
            [
              30.9900962557,
              1.4232648048
            ],
            [
              30.9901107719,
              1.4316720784
            ],
            [
              30.9984643635,
              1.4316574112
            ],
            [
              30.9984789964,
              1.4400645971
            ]
          ]
        ]
      },
      "properties": {
        "country": "Uganda",
        "country_code": "UGA",
        "species_name": "Eucalyptus_tereticornis",
        "genus": "Eucalyptus",
        "species": "tereticornis",
        "suitability_name": "Marginally suitable",
        "suitability_rank": 3,
        "soil_suitability": "S4",
        "soil_type": "Lithosols",
        "soil_description": "Not differentiated",
        "site_class": null,
        "maz": "III",
        "maz_zone": null,
        "tz": "1",
        "frost_risk": null,
        "source_layer": "SWIFT_SSMT_Uganda"
      }
    },
    {
      "type": "Feature",
      "geometry": {
        "type": "Polygon",
        "coordinates": [
          [
            [
              30.9315765329,
              1.3981424071
            ],
            [
              30.9315860489,
              1.4038418984
            ],
            [
              30.8754,
              1.3904566212
            ],
            [
              30.8616060195,
              1.3814422475
            ],
            [
              30.9064861519,
              1.3813683145
            ],
            [
              30.9064999472,
              1.3897764437
            ],
            [
              30.9232084428,
              1.3897485318
            ],
            [
              30.923222381,
              1.3981564907
            ],
            [
              30.9315765329,
              1.3981424071
            ]
          ]
        ]
      },
      "properties": {
        "country": "Uganda",
        "country_code": "UGA",
        "species_name": "Eucalyptus_tereticornis",
        "genus": "Eucalyptus",
        "species": "tereticornis",
        "suitability_name": "Marginally suitable",
        "suitability_rank": 3,
        "soil_suitability": "S4",
        "soil_type": "Lithosols",
        "soil_description": "Not differentiated",
        "site_class": null,
        "maz": "III",
        "maz_zone": null,
        "tz": "1",
        "frost_risk": null,
        "source_layer": "SWIFT_SSMT_Uganda"
      }
    },
    {
      "type": "Feature",
      "geometry": {
        "type": "Polygon",
        "coordinates": [
          [
            [
              30.8327880578,
              1.3478537159
            ],
            [
              30.8395956463,
              1.3478429094
            ],
            [
              30.8396134064,
              1.3591177312
            ],
            [
              30.8395502961,
              1.3585341291
            ],
            [
              30.8386671397,
              1.3565926281
            ],
            [
              30.8368514206,
              1.3543216489
            ],
            [
              30.8346847951,
              1.3524048423
            ],
            [
              30.834210092,
              1.3517587969
            ],
            [
              30.8327880578,
              1.3478537159
            ]
          ]
        ]
      },
      "properties": {
        "country": "Uganda",
        "country_code": "UGA",
        "species_name": "Eucalyptus_tereticornis",
        "genus": "Eucalyptus",
        "species": "tereticornis",
        "suitability_name": "Marginally suitable",
        "suitability_rank": 3,
        "soil_suitability": "S4",
        "soil_type": "Lithosols",
        "soil_description": "Not differentiated",
        "site_class": null,
        "maz": "III",
        "maz_zone": null,
        "tz": "1",
        "frost_risk": null,
        "source_layer": "SWIFT_SSMT_Uganda"
      }
    },
    {
      "type": "Feature",
      "geometry": {
        "type": "Polygon",
        "coordinates": [
          [
            [
              30.7825448835,
              1.2974765816
            ],
            [
              30.7893884108,
              1.2974662599
            ],
            [
              30.7894009829,
              1.305875559
            ],
            [
              30.7977561435,
              1.3058628505
            ],
            [
              30.7977688249,
              1.3142720675
            ],
            [
              30.8144789587,
              1.3142464048
            ],
            [
              30.8144917771,
              1.3226554555
            ],
            [
              30.8228467493,
              1.3226424989
            ],
            [
              30.8228596769,
              1.331051467
            ],
            [
              30.8312145956,
              1.3310384011
            ],
            [
              30.8312343994,
              1.34379024
            ],
            [
              30.8299520782,
              1.3416735031
            ],
            [
              30.8288749423,
              1.3394485353
            ],
            [
              30.8262642139,
              1.3362766636
            ],
            [
              30.8255287182,
              1.3356979687
            ],
            [
              30.8245436591,
              1.3354857992
            ],
            [
              30.8232674894,
              1.3345411403
            ],
            [
              30.823113653,
              1.3341448663
            ],
            [
              30.8232332414,
              1.3333354795
            ],
            [
              30.8231479009,
              1.3323088705
            ],
            [
              30.8223433474,
              1.3314147267
            ],
            [
              30.8194097872,
              1.3291173434
            ],
            [
              30.8175991205,
              1.3282265665
            ],
            [
              30.8164442237,
              1.3279021369
            ],
            [
              30.8149625651,
              1.3271118323
            ],
            [
              30.814470457,
              1.3266150848
            ],
            [
              30.8126895469,
              1.3253981932
            ],
            [
              30.8099844952,
              1.3228274521
            ],
            [
              30.8014151291,
              1.3196033582
            ],
            [
              30.7997232079,
              1.3181759766
            ],
            [
              30.7977606708,
              1.3153105456
            ],
            [
              30.7974546807,
              1.3150590842
            ],
            [
              30.7966899902,
              1.3153571334
            ],
            [
              30.7961400529,
              1.3150770457
            ],
            [
              30.7957588305,
              1.3144663515
            ],
            [
              30.793457459,
              1.3121448168
            ],
            [
              30.7920063988,
              1.3103391146
            ],
            [
              30.7905803247,
              1.3093540322
            ],
            [
              30.7892168498,
              1.3089263217
            ],
            [
              30.7888597692,
              1.308659704
            ],
            [
              30.7882458273,
              1.3077374871
            ],
            [
              30.788155995,
              1.3073748865
            ],
            [
              30.788279795,
              1.3065312513
            ],
            [
              30.7876619226,
              1.3049629753
            ],
            [
              30.7861482606,
              1.3027828801
            ],
            [
              30.7846828847,
              1.3016810435
            ],
            [
              30.7842303572,
              1.3011786783
            ],
            [
              30.7825448835,
              1.2974765816
            ]
          ]
        ]
      },
      "properties": {
        "country": "Uganda",
        "country_code": "UGA",
        "species_name": "Eucalyptus_tereticornis",
        "genus": "Eucalyptus",
        "species": "tereticornis",
        "suitability_name": "Marginally suitable",
        "suitability_rank": 3,
        "soil_suitability": "S4",
        "soil_type": "Lithosols",
        "soil_description": "Not differentiated",
        "site_class": null,
        "maz": "III",
        "maz_zone": null,
        "tz": "1",
        "frost_risk": null,
        "source_layer": "SWIFT_SSMT_Uganda"
      }
    },
    {
      "type": "Feature",
      "geometry": {
        "type": "Polygon",
        "coordinates": [
          [
            [
              30.7751357086,
              1.2890782767
            ],
            [
              30.7810207327,
              1.2890694777
            ],
            [
              30.7810285598,
              1.2943572152
            ],
            [
              30.7803650762,
              1.2938014713
            ],
            [
              30.7795363801,
              1.2934377467
            ],
            [
              30.7792441468,
              1.2931582169
            ],
            [
              30.778697017,
              1.2923353456
            ],
            [
              30.7786018522,
              1.291615192
            ],
            [
              30.7784132049,
              1.2912952488
            ],
            [
              30.7773602114,
              1.2908366624
            ],
            [
              30.7760520395,
              1.2907182273
            ],
            [
              30.7751357086,
              1.2890782767
            ]
          ]
        ]
      },
      "properties": {
        "country": "Uganda",
        "country_code": "UGA",
        "species_name": "Eucalyptus_tereticornis",
        "genus": "Eucalyptus",
        "species": "tereticornis",
        "suitability_name": "Marginally suitable",
        "suitability_rank": 3,
        "soil_suitability": "S4",
        "soil_type": "Lithosols",
        "soil_description": "Not differentiated",
        "site_class": null,
        "maz": "III",
        "maz_zone": null,
        "tz": "1",
        "frost_risk": null,
        "source_layer": "SWIFT_SSMT_Uganda"
      }
    },
    {
      "type": "Feature",
      "geometry": {
        "type": "Polygon",
        "coordinates": [
          [
            [
              30.7726641052,
              1.2881596988
            ],
            [
              30.7704159539,
              1.2882080715
            ],
            [
              30.7696728786,
              1.2880054406
            ],
            [
              30.767071133,
              1.2865757957
            ],
            [
              30.7662825814,
              1.2859274879
            ],
            [
              30.7603200133,
              1.2788595172
            ],
            [
              30.7593400078,
              1.2779793874
            ],
            [
              30.7590236321,
              1.2773350071
            ],
            [
              30.7590258783,
              1.2765306529
            ],
            [
              30.7594343308,
              1.2752065278
            ],
            [
              30.7596448734,
              1.2731858178
            ],
            [
              30.7592974763,
              1.2722826677
            ],
            [
              30.7642855399,
              1.2722753388
            ],
            [
              30.7642977867,
              1.2806848831
            ],
            [
              30.7726531098,
              1.2806725035
            ],
            [
              30.7726641052,
              1.2881596988
            ]
          ]
        ]
      },
      "properties": {
        "country": "Uganda",
        "country_code": "UGA",
        "species_name": "Eucalyptus_tereticornis",
        "genus": "Eucalyptus",
        "species": "tereticornis",
        "suitability_name": "Marginally suitable",
        "suitability_rank": 3,
        "soil_suitability": "S4",
        "soil_type": "Lithosols",
        "soil_description": "Not differentiated",
        "site_class": null,
        "maz": "III",
        "maz_zone": null,
        "tz": "1",
        "frost_risk": null,
        "source_layer": "SWIFT_SSMT_Uganda"
      }
    },
    {
      "type": "Feature",
      "geometry": {
        "type": "Polygon",
        "coordinates": [
          [
            [
              30.7224146926,
              1.1882368676
            ],
            [
              30.7307465671,
              1.1882255401
            ],
            [
              30.7307693242,
              1.2050452897
            ],
            [
              30.7391247314,
              1.2050337438
            ],
            [
              30.7391362563,
              1.2134435374
            ],
            [
              30.7474916094,
              1.2134318851
            ],
            [
              30.7475032384,
              1.2218415968
            ],
            [
              30.7558585372,
              1.2218298377
            ],
            [
              30.7559059656,
              1.2554683554
            ],
            [
              30.7642612889,
              1.2554562453
            ],
            [
              30.7642733745,
              1.2638657932
            ],
            [
              30.7559180244,
              1.2638779833
            ],
            [
              30.7559208098,
              1.265812603
            ],
            [
              30.7555084122,
              1.2652309422
            ],
            [
              30.7551993351,
              1.2634532726
            ],
            [
              30.7546289051,
              1.2614056107
            ],
            [
              30.7538117187,
              1.2598608823
            ],
            [
              30.751977472,
              1.2577711195
            ],
            [
              30.75067323,
              1.2556965104
            ],
            [
              30.7465485597,
              1.2520973743
            ],
            [
              30.7457215484,
              1.2514995757
            ],
            [
              30.7444316229,
              1.2511566135
            ],
            [
              30.7417827157,
              1.2483360126
            ],
            [
              30.7400543018,
              1.2473974959
            ],
            [
              30.7389145641,
              1.2474867449
            ],
            [
              30.7372397682,
              1.2471864426
            ],
            [
              30.7350453529,
              1.2472470643
            ],
            [
              30.7335311301,
              1.246884455
            ],
            [
              30.7335794142,
              1.2465313888
            ],
            [
              30.734161354,
              1.2463012497
            ],
            [
              30.7351837491,
              1.2466924856
            ],
            [
              30.7360991886,
              1.2461002991
            ],
            [
              30.736799593,
              1.2460626914
            ],
            [
              30.7373009654,
              1.2452717996
            ],
            [
              30.7375892678,
              1.2442255091
            ],
            [
              30.7371434799,
              1.2433201077
            ],
            [
              30.7365576094,
              1.2426891903
            ],
            [
              30.7353819399,
              1.2422738169
            ],
            [
              30.7348940424,
              1.2424293015
            ],
            [
              30.7347458205,
              1.2428121185
            ],
            [
              30.7351253584,
              1.2441255945
            ],
            [
              30.7349296941,
              1.2449204167
            ],
            [
              30.7345526819,
              1.2451393294
            ],
            [
              30.7340333437,
              1.2446734376
            ],
            [
              30.7335878348,
              1.2430770586
            ],
            [
              30.7338230821,
              1.2413257558
            ],
            [
              30.7345246099,
              1.2385158098
            ],
            [
              30.7343356832,
              1.2376042327
            ],
            [
              30.7330305993,
              1.2348453627
            ],
            [
              30.7301385861,
              1.230104478
            ],
            [
              30.7273032779,
              1.2269577291
            ],
            [
              30.7254213074,
              1.2253686367
            ],
            [
              30.7228889001,
              1.2225811264
            ],
            [
              30.7225264867,
              1.2204789853
            ],
            [
              30.7225798247,
              1.2193400678
            ],
            [
              30.721120062,
              1.2164919285
            ],
            [
              30.7201204049,
              1.2151486888
            ],
            [
              30.7191533132,
              1.213161612
            ],
            [
              30.7181775185,
              1.210363424
            ],
            [
              30.7179150414,
              1.2088091231
            ],
            [
              30.7174748676,
              1.2077633808
            ],
            [
              30.7172853784,
              1.2057628272
            ],
            [
              30.7178664762,
              1.202842825
            ],
            [
              30.7182592093,
              1.202249506
            ],
            [
              30.7184829449,
              1.2022085295
            ],
            [
              30.7194079299,
              1.2028029707
            ],
            [
              30.719958148,
              1.2042455711
            ],
            [
              30.721599538,
              1.2065447499
            ],
            [
              30.7225177837,
              1.2067995901
            ],
            [
              30.7231819767,
              1.2073367761
            ],
            [
              30.7235289505,
              1.2074147996
            ],
            [
              30.7247175338,
              1.2064420272
            ],
            [
              30.7261792609,
              1.204485256
            ],
            [
              30.7268353114,
              1.2039974663
            ],
            [
              30.727455992,
              1.2031560429
            ],
            [
              30.727576422,
              1.2024341812
            ],
            [
              30.7274916444,
              1.2016230693
            ],
            [
              30.7264510013,
              1.198815888
            ],
            [
              30.7263235531,
              1.1964280142
            ],
            [
              30.725237996,
              1.1945015474
            ],
            [
              30.7252259239,
              1.1931829945
            ],
            [
              30.7245429244,
              1.1909444282
            ],
            [
              30.7237787945,
              1.1893205119
            ],
            [
              30.7234483826,
              1.1889966272
            ],
            [
              30.7228010342,
              1.1887490821
            ],
            [
              30.7224146926,
              1.1882368676
            ]
          ]
        ]
      },
      "properties": {
        "country": "Uganda",
        "country_code": "UGA",
        "species_name": "Eucalyptus_tereticornis",
        "genus": "Eucalyptus",
        "species": "tereticornis",
        "suitability_name": "Marginally suitable",
        "suitability_rank": 3,
        "soil_suitability": "S4",
        "soil_type": "Lithosols",
        "soil_description": "Not differentiated",
        "site_class": null,
        "maz": "III",
        "maz_zone": null,
        "tz": "1",
        "frost_risk": null,
        "source_layer": "SWIFT_SSMT_Uganda"
      }
    },
    {
      "type": "Feature",
      "geometry": {
        "type": "Polygon",
        "coordinates": [
          [
            [
              30.690412454,
              1.1462287497
            ],
            [
              30.6972693441,
              1.146219837
            ],
            [
              30.6972801843,
              1.1546300358
            ],
            [
              30.7056357616,
              1.1546190709
            ],
            [
              30.7056467055,
              1.1630291905
            ],
            [
              30.7140022282,
              1.163018122
            ],
            [
              30.7140132769,
              1.1714281596
            ],
            [
              30.7223687433,
              1.1714169853
            ],
            [
              30.7223910884,
              1.1882054103
            ],
            [
              30.7222395874,
              1.1878498374
            ],
            [
              30.7222811347,
              1.1861782067
            ],
            [
              30.7213505367,
              1.1841759542
            ],
            [
              30.7201804805,
              1.1825722416
            ],
            [
              30.7179234636,
              1.180392606
            ],
            [
              30.7177106744,
              1.1799985541
            ],
            [
              30.7156563411,
              1.1788203264
            ],
            [
              30.7138473576,
              1.1784318874
            ],
            [
              30.7118466416,
              1.1777824302
            ],
            [
              30.7101771783,
              1.1766064474
            ],
            [
              30.7097482339,
              1.1760771141
            ],
            [
              30.7085689138,
              1.1736330871
            ],
            [
              30.7073800502,
              1.1696409109
            ],
            [
              30.7066962074,
              1.1683739886
            ],
            [
              30.7050972065,
              1.1669543842
            ],
            [
              30.7047120532,
              1.166372845
            ],
            [
              30.7041831702,
              1.164059039
            ],
            [
              30.7035549105,
              1.1633029255
            ],
            [
              30.7021263092,
              1.1624289326
            ],
            [
              30.7013537582,
              1.1616060203
            ],
            [
              30.7003145198,
              1.1596520248
            ],
            [
              30.698572068,
              1.1572433472
            ],
            [
              30.6975940274,
              1.1566309336
            ],
            [
              30.6970519507,
              1.1559752971
            ],
            [
              30.696559562,
              1.1546803023
            ],
            [
              30.6958465237,
              1.1537232288
            ],
            [
              30.6949858257,
              1.1537282815
            ],
            [
              30.6935437487,
              1.1532601293
            ],
            [
              30.6921350788,
              1.1518730738
            ],
            [
              30.6920455276,
              1.1515452551
            ],
            [
              30.6911988655,
              1.15034793
            ],
            [
              30.6903395709,
              1.1485533455
            ],
            [
              30.6902604075,
              1.1470012554
            ],
            [
              30.690412454,
              1.1462287497
            ]
          ]
        ]
      },
      "properties": {
        "country": "Uganda",
        "country_code": "UGA",
        "species_name": "Eucalyptus_tereticornis",
        "genus": "Eucalyptus",
        "species": "tereticornis",
        "suitability_name": "Marginally suitable",
        "suitability_rank": 3,
        "soil_suitability": "S4",
        "soil_type": "Lithosols",
        "soil_description": "Not differentiated",
        "site_class": null,
        "maz": "III",
        "maz_zone": null,
        "tz": "1",
        "frost_risk": null,
        "source_layer": "SWIFT_SSMT_Uganda"
      }
    },
    {
      "type": "Feature",
      "geometry": {
        "type": "Polygon",
        "coordinates": [
          [
            [
              30.6482952502,
              1.1042297459
            ],
            [
              30.6637938051,
              1.1042105352
            ],
            [
              30.6638041554,
              1.112621055
            ],
            [
              30.6721599282,
              1.1126105856
            ],
            [
              30.6721703805,
              1.1210210252
            ],
            [
              30.6805260985,
              1.1210104522
            ],
            [
              30.6805366539,
              1.1294208131
            ],
            [
              30.6888923172,
              1.1294101361
            ],
            [
              30.6889073954,
              1.1412900145
            ],
            [
              30.6879871067,
              1.1405296223
            ],
            [
              30.6863162409,
              1.1383398503
            ],
            [
              30.6844741333,
              1.1367187111
            ],
            [
              30.6836634036,
              1.1356336472
            ],
            [
              30.6832237902,
              1.1346024716
            ],
            [
              30.6815203605,
              1.1330239915
            ],
            [
              30.6804168362,
              1.1316285064
            ],
            [
              30.6798012093,
              1.1305827345
            ],
            [
              30.6768336818,
              1.1279702676
            ],
            [
              30.6750631579,
              1.1268464681
            ],
            [
              30.6744217052,
              1.1260987655
            ],
            [
              30.6715936967,
              1.1238769864
            ],
            [
              30.6698860556,
              1.1219858342
            ],
            [
              30.6687401416,
              1.1209608279
            ],
            [
              30.6685851831,
              1.1207587457
            ],
            [
              30.6685674971,
              1.1202782395
            ],
            [
              30.6668110101,
              1.119903264
            ],
            [
              30.6642393018,
              1.1202580308
            ],
            [
              30.6634330639,
              1.1197314939
            ],
            [
              30.6633221777,
              1.1190898823
            ],
            [
              30.6634218351,
              1.1176736219
            ],
            [
              30.6636031822,
              1.117433929
            ],
            [
              30.6645422017,
              1.1169191805
            ],
            [
              30.66461912,
              1.1165964098
            ],
            [
              30.6643358705,
              1.1160839054
            ],
            [
              30.663707893,
              1.1160827832
            ],
            [
              30.6632890521,
              1.1158324249
            ],
            [
              30.6622798518,
              1.1144015678
            ],
            [
              30.6577388684,
              1.1105496437
            ],
            [
              30.6559360613,
              1.1097940783
            ],
            [
              30.6542289819,
              1.1084940106
            ],
            [
              30.6531776726,
              1.1080499885
            ],
            [
              30.6507440806,
              1.1060162458
            ],
            [
              30.649478578,
              1.105239909
            ],
            [
              30.6482952502,
              1.1042297459
            ]
          ]
        ]
      },
      "properties": {
        "country": "Uganda",
        "country_code": "UGA",
        "species_name": "Eucalyptus_tereticornis",
        "genus": "Eucalyptus",
        "species": "tereticornis",
        "suitability_name": "Marginally suitable",
        "suitability_rank": 3,
        "soil_suitability": "S4",
        "soil_type": "Lithosols",
        "soil_description": "Not differentiated",
        "site_class": null,
        "maz": "III",
        "maz_zone": null,
        "tz": "1",
        "frost_risk": null,
        "source_layer": "SWIFT_SSMT_Uganda"
      }
    },
    {
      "type": "Feature",
      "geometry": {
        "type": "Polygon",
        "coordinates": [
          [
            [
              30.6397884649,
              1.0958294947
            ],
            [
              30.6470718447,
              1.0958205672
            ],
            [
              30.6470807564,
              1.1031542472
            ],
            [
              30.6457721864,
              1.1013396984
            ],
            [
              30.644979142,
              1.1006531752
            ],
            [
              30.6436976395,
              1.0986800523
            ],
            [
              30.642230298,
              1.0967686763
            ],
            [
              30.641747172,
              1.0964060478
            ],
            [
              30.6399881583,
              1.0959912146
            ],
            [
              30.6397884649,
              1.0958294947
            ]
          ]
        ]
      },
      "properties": {
        "country": "Uganda",
        "country_code": "UGA",
        "species_name": "Eucalyptus_tereticornis",
        "genus": "Eucalyptus",
        "species": "tereticornis",
        "suitability_name": "Marginally suitable",
        "suitability_rank": 3,
        "soil_suitability": "S4",
        "soil_type": "Lithosols",
        "soil_description": "Not differentiated",
        "site_class": null,
        "maz": "III",
        "maz_zone": null,
        "tz": "1",
        "frost_risk": null,
        "source_layer": "SWIFT_SSMT_Uganda"
      }
    },
    {
      "type": "Feature",
      "geometry": {
        "type": "Polygon",
        "coordinates": [
          [
            [
              30.6323004769,
              1.0790169955
            ],
            [
              30.638695715,
              1.079009294
            ],
            [
              30.6387131876,
              1.0935976518
            ],
            [
              30.637776619,
              1.0919506553
            ],
            [
              30.6370282104,
              1.0894958923
            ],
            [
              30.6361329828,
              1.0882407228
            ],
            [
              30.6350954292,
              1.0871702365
            ],
            [
              30.634713925,
              1.0863843518
            ],
            [
              30.6339439009,
              1.0855148264
            ],
            [
              30.6328392537,
              1.0832874036
            ],
            [
              30.6327937767,
              1.0815079338
            ],
            [
              30.6323004769,
              1.0790169955
            ]
          ]
        ]
      },
      "properties": {
        "country": "Uganda",
        "country_code": "UGA",
        "species_name": "Eucalyptus_tereticornis",
        "genus": "Eucalyptus",
        "species": "tereticornis",
        "suitability_name": "Marginally suitable",
        "suitability_rank": 3,
        "soil_suitability": "S4",
        "soil_type": "Lithosols",
        "soil_description": "Not differentiated",
        "site_class": null,
        "maz": "III",
        "maz_zone": null,
        "tz": "1",
        "frost_risk": null,
        "source_layer": "SWIFT_SSMT_Uganda"
      }
    },
    {
      "type": "Feature",
      "geometry": {
        "type": "Polygon",
        "coordinates": [
          [
            [
              30.6280579894,
              1.0706112288
            ],
            [
              30.6303297758,
              1.070608518
            ],
            [
              30.6303335918,
              1.0738432242
            ],
            [
              30.6289826737,
              1.0728513896
            ],
            [
              30.6284355442,
              1.0720458535
            ],
            [
              30.6280579894,
              1.0706112288
            ]
          ]
        ]
      },
      "properties": {
        "country": "Uganda",
        "country_code": "UGA",
        "species_name": "Eucalyptus_tereticornis",
        "genus": "Eucalyptus",
        "species": "tereticornis",
        "suitability_name": "Marginally suitable",
        "suitability_rank": 3,
        "soil_suitability": "S4",
        "soil_type": "Lithosols",
        "soil_description": "Not differentiated",
        "site_class": null,
        "maz": "III",
        "maz_zone": null,
        "tz": "1",
        "frost_risk": null,
        "source_layer": "SWIFT_SSMT_Uganda"
      }
    },
    {
      "type": "Feature",
      "geometry": {
        "type": "Polygon",
        "coordinates": [
          [
            [
              30.6192585411,
              1.0453888505
            ],
            [
              30.621944427,
              1.0453857296
            ],
            [
              30.621962028,
              1.0606146879
            ],
            [
              30.6193319611,
              1.0594755454
            ],
            [
              30.6177882619,
              1.0593284707
            ],
            [
              30.6170112197,
              1.058936087
            ],
            [
              30.6165104094,
              1.0588962306
            ],
            [
              30.6154585379,
              1.0583601398
            ],
            [
              30.6149021436,
              1.057897587
            ],
            [
              30.6143333982,
              1.0577791412
            ],
            [
              30.6123683335,
              1.0561798511
            ],
            [
              30.6110969373,
              1.0545727008
            ],
            [
              30.6111143423,
              1.0542858497
            ],
            [
              30.61138917,
              1.0542106292
            ],
            [
              30.6129426939,
              1.055844163
            ],
            [
              30.6140246023,
              1.0567013464
            ],
            [
              30.6149111272,
              1.0571543577
            ],
            [
              30.6171178946,
              1.0571678297
            ],
            [
              30.6176961847,
              1.056737273
            ],
            [
              30.6177815246,
              1.0559300492
            ],
            [
              30.6175311192,
              1.0544121544
            ],
            [
              30.617594282,
              1.0537862463
            ],
            [
              30.6190447802,
              1.0510591973
            ],
            [
              30.6194161779,
              1.0507375419
            ],
            [
              30.6199223226,
              1.0505618389
            ],
            [
              30.6208950298,
              1.0492173985
            ],
            [
              30.621246495,
              1.0490035228
            ],
            [
              30.6213093778,
              1.0487408104
            ],
            [
              30.6210693584,
              1.0480789748
            ],
            [
              30.6196823042,
              1.0463848105
            ],
            [
              30.6192585411,
              1.0453888505
            ]
          ]
        ]
      },
      "properties": {
        "country": "Uganda",
        "country_code": "UGA",
        "species_name": "Eucalyptus_tereticornis",
        "genus": "Eucalyptus",
        "species": "tereticornis",
        "suitability_name": "Marginally suitable",
        "suitability_rank": 3,
        "soil_suitability": "S4",
        "soil_type": "Lithosols",
        "soil_description": "Not differentiated",
        "site_class": null,
        "maz": "III",
        "maz_zone": null,
        "tz": "1",
        "frost_risk": null,
        "source_layer": "SWIFT_SSMT_Uganda"
      }
    },
    {
      "type": "Feature",
      "geometry": {
        "type": "Polygon",
        "coordinates": [
          [
            [
              30.6157000333,
              1.0453929828
            ],
            [
              30.6145537669,
              1.0464342098
            ],
            [
              30.614122013,
              1.0466879418
            ],
            [
              30.6135939719,
              1.0467715831
            ],
            [
              30.6127911033,
              1.0463870561
            ],
            [
              30.611994971,
              1.0457796718
            ],
            [
              30.6112086641,
              1.0456168791
            ],
            [
              30.6088362703,
              1.0456006
            ],
            [
              30.6066707685,
              1.0450796635
            ],
            [
              30.6055119419,
              1.0445463774
            ],
            [
              30.6047430409,
              1.0439479743
            ],
            [
              30.6035718613,
              1.042156132
            ],
            [
              30.6027077951,
              1.0403693415
            ],
            [
              30.6008395804,
              1.0387969873
            ],
            [
              30.597930723,
              1.0372964858
            ],
            [
              30.5967216471,
              1.0362967119
            ],
            [
              30.5942198395,
              1.0347984545
            ],
            [
              30.5928049918,
              1.0341506503
            ],
            [
              30.5917623849,
              1.0339019698
            ],
            [
              30.590736341,
              1.0334641126
            ],
            [
              30.589733877,
              1.033404047
            ],
            [
              30.5878378704,
              1.032901072
            ],
            [
              30.5868084572,
              1.0325401204
            ],
            [
              30.5865673151,
              1.0322454085
            ],
            [
              30.586664727,
              1.032053986
            ],
            [
              30.5888664412,
              1.0318305668
            ],
            [
              30.5895710582,
              1.0313573431
            ],
            [
              30.5901886492,
              1.0306893297
            ],
            [
              30.591793546,
              1.0307449037
            ],
            [
              30.59323506,
              1.0302907663
            ],
            [
              30.5938046487,
              1.0302873983
            ],
            [
              30.5961590763,
              1.0318019373
            ],
            [
              30.5971452584,
              1.0327534357
            ],
            [
              30.5978147841,
              1.0329353155
            ],
            [
              30.5980761382,
              1.0328365164
            ],
            [
              30.5986757637,
              1.0315004889
            ],
            [
              30.5989160628,
              1.0313040143
            ],
            [
              30.5991965052,
              1.0312214957
            ],
            [
              30.6008370535,
              1.0313646413
            ],
            [
              30.6018998736,
              1.0310345639
            ],
            [
              30.6023223616,
              1.0306174757
            ],
            [
              30.6029455683,
              1.0304064063
            ],
            [
              30.6044519304,
              1.0306775409
            ],
            [
              30.604935617,
              1.03042044
            ],
            [
              30.6052146394,
              1.0298854568
            ],
            [
              30.6052226648,
              1.0369940388
            ],
            [
              30.6135787793,
              1.0369844364
            ],
            [
              30.6135883685,
              1.0453954316
            ],
            [
              30.6157000333,
              1.0453929828
            ]
          ]
        ]
      },
      "properties": {
        "country": "Uganda",
        "country_code": "UGA",
        "species_name": "Eucalyptus_tereticornis",
        "genus": "Eucalyptus",
        "species": "tereticornis",
        "suitability_name": "Marginally suitable",
        "suitability_rank": 3,
        "soil_suitability": "S4",
        "soil_type": "Lithosols",
        "soil_description": "Not differentiated",
        "site_class": null,
        "maz": "III",
        "maz_zone": null,
        "tz": "1",
        "frost_risk": null,
        "source_layer": "SWIFT_SSMT_Uganda"
      }
    },
    {
      "type": "Feature",
      "geometry": {
        "type": "Polygon",
        "coordinates": [
          [
            [
              30.5968520603,
              1.0241727677
            ],
            [
              30.5958202436,
              1.0242887395
            ],
            [
              30.59396803,
              1.0236650713
            ],
            [
              30.5924521232,
              1.0239092624
            ],
            [
              30.5908828783,
              1.0249505797
            ],
            [
              30.5904826212,
              1.0201884796
            ],
            [
              30.5968476139,
              1.0201813156
            ],
            [
              30.5968520603,
              1.0241727677
            ]
          ]
        ]
      },
      "properties": {
        "country": "Uganda",
        "country_code": "UGA",
        "species_name": "Eucalyptus_tereticornis",
        "genus": "Eucalyptus",
        "species": "tereticornis",
        "suitability_name": "Marginally suitable",
        "suitability_rank": 3,
        "soil_suitability": "S4",
        "soil_type": "Lithosols",
        "soil_description": "Not differentiated",
        "site_class": null,
        "maz": "III",
        "maz_zone": null,
        "tz": "1",
        "frost_risk": null,
        "source_layer": "SWIFT_SSMT_Uganda"
      }
    },
    {
      "type": "Feature",
      "geometry": {
        "type": "Polygon",
        "coordinates": [
          [
            [
              30.5879705249,
              1.0117800595
            ],
            [
              30.5884820963,
              1.0117794891
            ],
            [
              30.588483167,
              1.0127521484
            ],
            [
              30.5879705249,
              1.0117800595
            ]
          ]
        ]
      },
      "properties": {
        "country": "Uganda",
        "country_code": "UGA",
        "species_name": "Eucalyptus_tereticornis",
        "genus": "Eucalyptus",
        "species": "tereticornis",
        "suitability_name": "Marginally suitable",
        "suitability_rank": 3,
        "soil_suitability": "S4",
        "soil_type": "Lithosols",
        "soil_description": "Not differentiated",
        "site_class": null,
        "maz": "III",
        "maz_zone": null,
        "tz": "1",
        "frost_risk": null,
        "source_layer": "SWIFT_SSMT_Uganda"
      }
    },
    {
      "type": "Feature",
      "geometry": {
        "type": "Polygon",
        "coordinates": [
          [
            [
              30.5528545344,
              0.9781727284
            ],
            [
              30.5550204516,
              0.978170416
            ],
            [
              30.5550219838,
              0.9796238767
            ],
            [
              30.5528545344,
              0.9781727284
            ]
          ]
        ]
      },
      "properties": {
        "country": "Uganda",
        "country_code": "UGA",
        "species_name": "Eucalyptus_tereticornis",
        "genus": "Eucalyptus",
        "species": "tereticornis",
        "suitability_name": "Marginally suitable",
        "suitability_rank": 3,
        "soil_suitability": "S4",
        "soil_type": "Lithosols",
        "soil_description": "Not differentiated",
        "site_class": null,
        "maz": "III",
        "maz_zone": null,
        "tz": "1",
        "frost_risk": null,
        "source_layer": "SWIFT_SSMT_Uganda"
      }
    },
    {
      "type": "Feature",
      "geometry": {
        "type": "Polygon",
        "coordinates": [
          [
            [
              30.5258505456,
              0.9613777969
            ],
            [
              30.529933266,
              0.9613735459
            ],
            [
              30.5299356835,
              0.9637219116
            ],
            [
              30.5258505456,
              0.9613777969
            ]
          ]
        ]
      },
      "properties": {
        "country": "Uganda",
        "country_code": "UGA",
        "species_name": "Eucalyptus_tereticornis",
        "genus": "Eucalyptus",
        "species": "tereticornis",
        "suitability_name": "Marginally suitable",
        "suitability_rank": 3,
        "soil_suitability": "S4",
        "soil_type": "Lithosols",
        "soil_description": "Not differentiated",
        "site_class": null,
        "maz": "III",
        "maz_zone": null,
        "tz": "1",
        "frost_risk": null,
        "source_layer": "SWIFT_SSMT_Uganda"
      }
    },
    {
      "type": "Feature",
      "geometry": {
        "type": "Polygon",
        "coordinates": [
          [
            [
              30.5215679853,
              0.9529703944
            ],
            [
              30.5215740578,
              0.9589238598
            ],
            [
              30.5193261726,
              0.9576339664
            ],
            [
              30.5128041151,
              0.952979413
            ],
            [
              30.5215679853,
              0.9529703944
            ]
          ]
        ]
      },
      "properties": {
        "country": "Uganda",
        "country_code": "UGA",
        "species_name": "Eucalyptus_tereticornis",
        "genus": "Eucalyptus",
        "species": "tereticornis",
        "suitability_name": "Marginally suitable",
        "suitability_rank": 3,
        "soil_suitability": "S4",
        "soil_type": "Lithosols",
        "soil_description": "Not differentiated",
        "site_class": null,
        "maz": "III",
        "maz_zone": null,
        "tz": "1",
        "frost_risk": null,
        "source_layer": "SWIFT_SSMT_Uganda"
      }
    },
    {
      "type": "Feature",
      "geometry": {
        "type": "Polygon",
        "coordinates": [
          [
            [
              30.5011489051,
              0.9445793299
            ],
            [
              30.5048459458,
              0.9445755749
            ],
            [
              30.5048486848,
              0.947301812
            ],
            [
              30.5012738969,
              0.9447505347
            ],
            [
              30.5011489051,
              0.9445793299
            ]
          ]
        ]
      },
      "properties": {
        "country": "Uganda",
        "country_code": "UGA",
        "species_name": "Eucalyptus_tereticornis",
        "genus": "Eucalyptus",
        "species": "tereticornis",
        "suitability_name": "Marginally suitable",
        "suitability_rank": 3,
        "soil_suitability": "S4",
        "soil_type": "Lithosols",
        "soil_description": "Not differentiated",
        "site_class": null,
        "maz": "III",
        "maz_zone": null,
        "tz": "1",
        "frost_risk": null,
        "source_layer": "SWIFT_SSMT_Uganda"
      }
    },
    {
      "type": "Feature",
      "geometry": {
        "type": "Polygon",
        "coordinates": [
          [
            [
              30.4947074446,
              0.9361737639
            ],
            [
              30.4964806906,
              0.9361719823
            ],
            [
              30.4964826919,
              0.9381877758
            ],
            [
              30.4960448159,
              0.9375879875
            ],
            [
              30.4947074446,
              0.9361737639
            ]
          ]
        ]
      },
      "properties": {
        "country": "Uganda",
        "country_code": "UGA",
        "species_name": "Eucalyptus_tereticornis",
        "genus": "Eucalyptus",
        "species": "tereticornis",
        "suitability_name": "Marginally suitable",
        "suitability_rank": 3,
        "soil_suitability": "S4",
        "soil_type": "Lithosols",
        "soil_description": "Not differentiated",
        "site_class": null,
        "maz": "III",
        "maz_zone": null,
        "tz": "1",
        "frost_risk": null,
        "source_layer": "SWIFT_SSMT_Uganda"
      }
    },
    {
      "type": "Feature",
      "geometry": {
        "type": "Polygon",
        "coordinates": [
          [
            [
              30.4867600641,
              0.9277695649
            ],
            [
              30.4881154754,
              0.9277682186
            ],
            [
              30.4881168847,
              0.9292043904
            ],
            [
              30.4867600641,
              0.9277695649
            ]
          ]
        ]
      },
      "properties": {
        "country": "Uganda",
        "country_code": "UGA",
        "species_name": "Eucalyptus_tereticornis",
        "genus": "Eucalyptus",
        "species": "tereticornis",
        "suitability_name": "Marginally suitable",
        "suitability_rank": 3,
        "soil_suitability": "S4",
        "soil_type": "Lithosols",
        "soil_description": "Not differentiated",
        "site_class": null,
        "maz": "III",
        "maz_zone": null,
        "tz": "1",
        "frost_risk": null,
        "source_layer": "SWIFT_SSMT_Uganda"
      }
    },
    {
      "type": "Feature",
      "geometry": {
        "type": "Polygon",
        "coordinates": [
          [
            [
              32.7242360735,
              3.7256209125
            ],
            [
              32.7191645974,
              3.7256540851
            ],
            [
              32.7192189828,
              3.734039388
            ],
            [
              32.7025244895,
              3.7341486232
            ],
            [
              32.7025788418,
              3.7425341691
            ],
            [
              32.694231331,
              3.7425887915
            ],
            [
              32.6942857271,
              3.7509744585
            ],
            [
              32.6859380161,
              3.7510291233
            ],
            [
              32.6860309884,
              3.7653390965
            ],
            [
              32.6547065304,
              3.7631739928
            ],
            [
              32.6592874559,
              3.7509396429
            ],
            [
              32.6687936255,
              3.735871168
            ],
            [
              32.6904007068,
              3.7221536917
            ],
            [
              32.7124452212,
              3.7212956099
            ],
            [
              32.7242360735,
              3.7256209125
            ]
          ]
        ]
      },
      "properties": {
        "country": "Uganda",
        "country_code": "UGA",
        "species_name": "Eucalyptus_tereticornis",
        "genus": "Eucalyptus",
        "species": "tereticornis",
        "suitability_name": "Marginally suitable",
        "suitability_rank": 3,
        "soil_suitability": "S4",
        "soil_type": "Lithosols",
        "soil_description": "Not differentiated",
        "site_class": null,
        "maz": "III",
        "maz_zone": null,
        "tz": "1",
        "frost_risk": null,
        "source_layer": "SWIFT_SSMT_Uganda"
      }
    },
    {
      "type": "Feature",
      "geometry": {
        "type": "Polygon",
        "coordinates": [
          [
            [
              32.5992706242,
              3.1679840813
            ],
            [
              32.5943187983,
              3.1726565074
            ],
            [
              32.5790323832,
              3.1727396968
            ],
            [
              32.5573482296,
              3.1732146812
            ],
            [
              32.5438633158,
              3.177933471
            ],
            [
              32.5325112173,
              3.1826407685
            ],
            [
              32.5208071107,
              3.1880647988
            ],
            [
              32.5169247958,
              3.1934466314
            ],
            [
              32.5187504431,
              3.2023714966
            ],
            [
              32.522344378,
              3.2094997415
            ],
            [
              32.5259500109,
              3.2187721351
            ],
            [
              32.5260080539,
              3.2294933768
            ],
            [
              32.5210768018,
              3.2380976987
            ],
            [
              32.5086747251,
              3.2460283929
            ],
            [
              32.4955689032,
              3.2553927409
            ],
            [
              32.4721775921,
              3.2698176283
            ],
            [
              32.4502250158,
              3.2874520605
            ],
            [
              32.4317946403,
              3.2989913797
            ],
            [
              32.4133985596,
              3.3169650121
            ],
            [
              32.4035084618,
              3.329530508
            ],
            [
              32.393641718,
              3.3463857526
            ],
            [
              32.3784297908,
              3.3614837654
            ],
            [
              32.3639091278,
              3.3730036313
            ],
            [
              32.3476192446,
              3.3863211075
            ],
            [
              32.3391429666,
              3.3974505493
            ],
            [
              32.3310499645,
              3.413583095
            ],
            [
              32.3215419473,
              3.4311539453
            ],
            [
              32.3130872818,
              3.4462167424
            ],
            [
              32.3035573149,
              3.4598558667
            ],
            [
              32.3007690142,
              3.4702395891
            ],
            [
              32.301546624,
              3.4820332878
            ],
            [
              32.3055547213,
              3.4988138056
            ],
            [
              32.3049057584,
              3.5099004908
            ],
            [
              32.300298701,
              3.5131444634
            ],
            [
              32.2870954902,
              3.5200039162
            ],
            [
              32.2747686077,
              3.5220953266
            ],
            [
              32.265903555,
              3.5275088833
            ],
            [
              32.2603017106,
              3.5332018622
            ],
            [
              32.256189146,
              3.5400782245
            ],
            [
              32.2439258875,
              3.5738175138
            ],
            [
              32.2322256706,
              3.602191335
            ],
            [
              32.2240592567,
              3.6175703274
            ],
            [
              32.2174541596,
              3.6132474617
            ],
            [
              32.2174429692,
              3.6112933389
            ],
            [
              32.2145900595,
              3.6113098218
            ],
            [
              32.2006826024,
              3.6019006279
            ],
            [
              32.2006469961,
              3.5956391533
            ],
            [
              32.2016076856,
              3.595089999
            ],
            [
              32.2016896097,
              3.5945984558
            ],
            [
              32.2047345063,
              3.5945809884
            ],
            [
              32.2060200096,
              3.5948
            ],
            [
              32.2068610867,
              3.5947000609
            ],
            [
              32.2074476866,
              3.5948
            ],
            [
              32.2082776864,
              3.5947199998
            ],
            [
              32.2083664977,
              3.5945601391
            ],
            [
              32.2089941655,
              3.5945565348
            ],
            [
              32.2089878245,
              3.5934417489
            ],
            [
              32.2096276856,
              3.5921599995
            ],
            [
              32.2103776864,
              3.5898299992
            ],
            [
              32.2113476863,
              3.5878
            ],
            [
              32.2117732488,
              3.5861478109
            ],
            [
              32.2172993353,
              3.5861161136
            ],
            [
              32.2171873987,
              3.5663705645
            ],
            [
              32.2192376858,
              3.5646899997
            ],
            [
              32.2193176858,
              3.5637099999
            ],
            [
              32.2189376855,
              3.5628099992
            ],
            [
              32.2171578771,
              3.5611447339
            ],
            [
              32.2171567148,
              3.560938869
            ],
            [
              32.2169391786,
              3.5609401091
            ],
            [
              32.2145276868,
              3.5587399998
            ],
            [
              32.2119076862,
              3.5558
            ],
            [
              32.2102576868,
              3.5525599991
            ],
            [
              32.2100376852,
              3.5503799995
            ],
            [
              32.208987686,
              3.5487899996
            ],
            [
              32.2087272238,
              3.5473224104
            ],
            [
              32.2087095547,
              3.5441733694
            ],
            [
              32.2102176859,
              3.5423899997
            ],
            [
              32.2108576862,
              3.5410300004
            ],
            [
              32.210787686,
              3.5396699995
            ],
            [
              32.2102976856,
              3.53876
            ],
            [
              32.2086749329,
              3.5379952645
            ],
            [
              32.2086626944,
              3.5358088274
            ],
            [
              32.2069280432,
              3.5358186257
            ],
            [
              32.2063476861,
              3.5345199996
            ],
            [
              32.2052476853,
              3.5329200001
            ],
            [
              32.2041976868,
              3.5307199987
            ],
            [
              32.2036076857,
              3.5288
            ],
            [
              32.202687686,
              3.5245799989
            ],
            [
              32.2027376867,
              3.5237599997
            ],
            [
              32.204017686,
              3.5179099999
            ],
            [
              32.2052276858,
              3.51624
            ],
            [
              32.2055776855,
              3.5148600005
            ],
            [
              32.2052176861,
              3.5131500005
            ],
            [
              32.2039376856,
              3.5101399993
            ],
            [
              32.203667685,
              3.5083100002
            ],
            [
              32.2031776869,
              3.50771
            ],
            [
              32.2022676858,
              3.5071
            ],
            [
              32.2010300359,
              3.5072273802
            ],
            [
              32.2008400089,
              3.5071
            ],
            [
              32.1998000083,
              3.5071599999
            ],
            [
              32.1936600092,
              3.50957
            ],
            [
              32.1887377648,
              3.5107419718
            ],
            [
              32.1834650853,
              3.5107714195
            ],
            [
              32.1834719013,
              3.5120041685
            ],
            [
              32.1536242967,
              3.5193310519
            ],
            [
              32.1501000403,
              3.5193506523
            ],
            [
              32.1501046558,
              3.5201887724
            ],
            [
              32.1185066958,
              3.5279197555
            ],
            [
              32.1167327382,
              3.5279295795
            ],
            [
              32.1167356585,
              3.5284619934
            ],
            [
              32.1078000101,
              3.5305
            ],
            [
              32.1041800108,
              3.5314099998
            ],
            [
              32.1024900092,
              3.5320400005
            ],
            [
              32.0998900107,
              3.5325700002
            ],
            [
              32.0967094863,
              3.5327596852
            ],
            [
              32.0858437986,
              3.5326985957
            ],
            [
              32.1091911986,
              3.5039507957
            ],
            [
              32.128248679,
              3.4633160921
            ],
            [
              32.1458749212,
              3.4322273259
            ],
            [
              32.1555632438,
              3.4139967248
            ],
            [
              32.1632061013,
              3.4014395332
            ],
            [
              32.1844487829,
              3.3813596855
            ],
            [
              32.1988838266,
              3.3637010826
            ],
            [
              32.2188539262,
              3.3275392138
            ],
            [
              32.2244209549,
              3.3149948538
            ],
            [
              32.2359344751,
              3.305696745
            ],
            [
              32.2489299606,
              3.2963909734
            ],
            [
              32.2491190167,
              3.2961114425
            ],
            [
              32.2492756181,
              3.3257719672
            ],
            [
              32.2659755858,
              3.3256823648
            ],
            [
              32.265930995,
              3.3172905641
            ],
            [
              32.2742807397,
              3.3172457706
            ],
            [
              32.2741917577,
              3.3004623914
            ],
            [
              32.282541249,
              3.3004177546
            ],
            [
              32.2824084193,
              3.2752430117
            ],
            [
              32.2991066474,
              3.275154214
            ],
            [
              32.2990624598,
              3.2667628575
            ],
            [
              32.3074113339,
              3.266718468
            ],
            [
              32.3073671922,
              3.2583272232
            ],
            [
              32.3324129214,
              3.2581939873
            ],
            [
              32.3323686885,
              3.2498030836
            ],
            [
              32.3407169683,
              3.2497586491
            ],
            [
              32.3406287102,
              3.2329770675
            ],
            [
              32.3573246504,
              3.2328884525
            ],
            [
              32.3572365811,
              3.216107324
            ],
            [
              32.37393179,
              3.2160188969
            ],
            [
              32.3738877922,
              3.2076285613
            ],
            [
              32.3905824042,
              3.2075400942
            ],
            [
              32.3905383877,
              3.1991499879
            ],
            [
              32.3988854523,
              3.19910577
            ],
            [
              32.3988414853,
              3.1907157772
            ],
            [
              32.4071883664,
              3.1906716079
            ],
            [
              32.4071444483,
              3.1822817307
            ],
            [
              32.415491146,
              3.1822376095
            ],
            [
              32.4154472772,
              3.1738478463
            ],
            [
              32.4237937923,
              3.1738037754
            ],
            [
              32.4238817796,
              3.1905830665
            ],
            [
              32.4489210266,
              3.1904497465
            ],
            [
              32.4488767727,
              3.1820604543
            ],
            [
              32.4572228869,
              3.1820159971
            ],
            [
              32.4571786843,
              3.1736268198
            ],
            [
              32.465524615,
              3.1735824129
            ],
            [
              32.4654804622,
              3.1651933506
            ],
            [
              32.4738262086,
              3.1651489954
            ],
            [
              32.4737381236,
              3.1483711013
            ],
            [
              32.4820836185,
              3.1483269144
            ],
            [
              32.482039687,
              3.1399380809
            ],
            [
              32.4903849986,
              3.1398939467
            ],
            [
              32.490341119,
              3.1315052305
            ],
            [
              32.4986862465,
              3.1314611475
            ],
            [
              32.4986424185,
              3.1230725488
            ],
            [
              32.5153321895,
              3.1229844209
            ],
            [
              32.5152883486,
              3.1145960561
            ],
            [
              32.5305409864,
              3.1145155015
            ],
            [
              32.5319805384,
              3.1150855198
            ],
            [
              32.5320214865,
              3.1228960298
            ],
            [
              32.5487103072,
              3.1228073748
            ],
            [
              32.5486941121,
              3.1197298939
            ],
            [
              32.5512081594,
              3.1203806702
            ],
            [
              32.5669139976,
              3.1211904227
            ],
            [
              32.5817480848,
              3.1252802798
            ],
            [
              32.5909503569,
              3.1288044071
            ],
            [
              32.596746531,
              3.1336637831
            ],
            [
              32.6003521988,
              3.1431734308
            ],
            [
              32.6009989141,
              3.1532945603
            ],
            [
              32.5992706242,
              3.1679840813
            ]
          ]
        ]
      },
      "properties": {
        "country": "Uganda",
        "country_code": "UGA",
        "species_name": "Eucalyptus_tereticornis",
        "genus": "Eucalyptus",
        "species": "tereticornis",
        "suitability_name": "Marginally suitable",
        "suitability_rank": 3,
        "soil_suitability": "S4",
        "soil_type": "Lithosols",
        "soil_description": "Not differentiated",
        "site_class": null,
        "maz": "III",
        "maz_zone": null,
        "tz": "1",
        "frost_risk": null,
        "source_layer": "SWIFT_SSMT_Uganda"
      }
    },
    {
      "type": "Feature",
      "geometry": {
        "type": "Polygon",
        "coordinates": [
          [
            [
              32.2573919565,
              3.2814355238
            ],
            [
              32.2574482529,
              3.2921595345
            ],
            [
              32.2517714429,
              3.2921896703
            ],
            [
              32.2554017469,
              3.2868220687
            ],
            [
              32.2573919565,
              3.2814355238
            ]
          ]
        ]
      },
      "properties": {
        "country": "Uganda",
        "country_code": "UGA",
        "species_name": "Eucalyptus_tereticornis",
        "genus": "Eucalyptus",
        "species": "tereticornis",
        "suitability_name": "Marginally suitable",
        "suitability_rank": 3,
        "soil_suitability": "S4",
        "soil_type": "Lithosols",
        "soil_description": "Not differentiated",
        "site_class": null,
        "maz": "III",
        "maz_zone": null,
        "tz": "1",
        "frost_risk": null,
        "source_layer": "SWIFT_SSMT_Uganda"
      }
    },
    {
      "type": "Feature",
      "geometry": {
        "type": "Polygon",
        "coordinates": [
          [
            [
              32.2656218879,
              3.2585209223
            ],
            [
              32.265709738,
              3.2753315328
            ],
            [
              32.2596354115,
              3.2753636639
            ],
            [
              32.2612478643,
              3.2709996571
            ],
            [
              32.2656218879,
              3.2585209223
            ]
          ]
        ]
      },
      "properties": {
        "country": "Uganda",
        "country_code": "UGA",
        "species_name": "Eucalyptus_tereticornis",
        "genus": "Eucalyptus",
        "species": "tereticornis",
        "suitability_name": "Marginally suitable",
        "suitability_rank": 3,
        "soil_suitability": "S4",
        "soil_type": "Lithosols",
        "soil_description": "Not differentiated",
        "site_class": null,
        "maz": "III",
        "maz_zone": null,
        "tz": "1",
        "frost_risk": null,
        "source_layer": "SWIFT_SSMT_Uganda"
      }
    },
    {
      "type": "Feature",
      "geometry": {
        "type": "Polygon",
        "coordinates": [
          [
            [
              31.9581165659,
              3.5874138457
            ],
            [
              31.9576500123,
              3.5880599996
            ],
            [
              31.9578200107,
              3.5886700003
            ],
            [
              31.9569100118,
              3.5890699991
            ],
            [
              31.9572200116,
              3.5897599993
            ],
            [
              31.9568000118,
              3.5912400003
            ],
            [
              31.9570800111,
              3.5924299993
            ],
            [
              31.9567100122,
              3.5936199997
            ],
            [
              31.9566300111,
              3.5948299994
            ],
            [
              31.9561900114,
              3.5952299996
            ],
            [
              31.9557652936,
              3.5959755788
            ],
            [
              31.9499984019,
              3.5960070749
            ],
            [
              31.9502267153,
              3.6379866345
            ],
            [
              31.9544694106,
              3.6379631965
            ],
            [
              31.9545100121,
              3.6382299998
            ],
            [
              31.9551700119,
              3.63861
            ],
            [
              31.9554600122,
              3.6389500002
            ],
            [
              31.9557700115,
              3.6390200002
            ],
            [
              31.9559200116,
              3.6393399999
            ],
            [
              31.9558200119,
              3.6397499997
            ],
            [
              31.9586194426,
              3.644506922
            ],
            [
              31.9586920949,
              3.6577171662
            ],
            [
              31.9574500122,
              3.6599
            ],
            [
              31.9545053048,
              3.6631513137
            ],
            [
              31.9503649838,
              3.663174344
            ],
            [
              31.9503865846,
              3.6670934502
            ],
            [
              31.9490600124,
              3.6691
            ],
            [
              31.9480165783,
              3.6715835853
            ],
            [
              31.942054159,
              3.6716167762
            ],
            [
              31.9421041626,
              3.6806771581
            ],
            [
              31.9405100124,
              3.6831099996
            ],
            [
              31.9375385219,
              3.6884345239
            ],
            [
              31.9337895415,
              3.6884554481
            ],
            [
              31.933828757,
              3.6955425985
            ],
            [
              31.9331442278,
              3.6968554226
            ],
            [
              31.9254784345,
              3.6968982508
            ],
            [
              31.9255400886,
              3.7080275512
            ],
            [
              31.9206861763,
              3.713718051
            ],
            [
              31.9172136952,
              3.7137374974
            ],
            [
              31.9172367023,
              3.717882568
            ],
            [
              31.9153600122,
              3.7203
            ],
            [
              31.9142555832,
              3.7221506646
            ],
            [
              31.9089023036,
              3.7221806669
            ],
            [
              31.9089620064,
              3.7329212795
            ],
            [
              31.9063900115,
              3.7371299995
            ],
            [
              31.9049314038,
              3.7389963548
            ],
            [
              31.9006374397,
              3.7390204856
            ],
            [
              31.900669188,
              3.7447198701
            ],
            [
              31.8988170545,
              3.7474275128
            ],
            [
              31.8923257601,
              3.7474640189
            ],
            [
              31.8923694444,
              3.7552995154
            ],
            [
              31.8918655139,
              3.7558634955
            ],
            [
              31.8840139235,
              3.7559076814
            ],
            [
              31.8840595844,
              3.7640930494
            ],
            [
              31.8838412464,
              3.764305642
            ],
            [
              31.8757019269,
              3.7643514735
            ],
            [
              31.8757694389,
              3.7764409387
            ],
            [
              31.8748400127,
              3.7783199997
            ],
            [
              31.872695931,
              3.7811626365
            ],
            [
              31.8674366645,
              3.7811923224
            ],
            [
              31.867467731,
              3.7867447502
            ],
            [
              31.864760013,
              3.7892
            ],
            [
              31.8641422942,
              3.789608136
            ],
            [
              31.859124376,
              3.7896364728
            ],
            [
              31.8591419572,
              3.7927782657
            ],
            [
              31.8534800132,
              3.7964299997
            ],
            [
              31.8512625821,
              3.7980782052
            ],
            [
              31.8424523485,
              3.7981279171
            ],
            [
              31.8424813359,
              3.8033126701
            ],
            [
              31.8417900128,
              3.8037200001
            ],
            [
              31.8387447482,
              3.8065463588
            ],
            [
              31.8341395544,
              3.8065723453
            ],
            [
              31.8341645872,
              3.8110480492
            ],
            [
              31.8306190948,
              3.8149898425
            ],
            [
              31.8258265988,
              3.815016898
            ],
            [
              31.8258511745,
              3.8194087174
            ],
            [
              31.8244600126,
              3.8203200001
            ],
            [
              31.8212100129,
              3.8219699994
            ],
            [
              31.8173436409,
              3.8234625357
            ],
            [
              31.8007929071,
              3.8235558071
            ],
            [
              31.8007290556,
              3.812087125
            ],
            [
              31.8020176906,
              3.8113399993
            ],
            [
              31.8023176914,
              3.8108400007
            ],
            [
              31.802547691,
              3.8098800004
            ],
            [
              31.8036376911,
              3.8072700009
            ],
            [
              31.80376769,
              3.8064399992
            ],
            [
              31.8036576904,
              3.80469
            ],
            [
              31.8020276901,
              3.8020499987
            ],
            [
              31.8018376904,
              3.8006700002
            ],
            [
              31.8006606602,
              3.7997637218
            ],
            [
              31.8006528977,
              3.7983625416
            ],
            [
              31.798170687,
              3.7983764108
            ],
            [
              31.7946676908,
              3.79609
            ],
            [
              31.7944476903,
              3.7956
            ],
            [
              31.7934376908,
              3.7944599992
            ],
            [
              31.7922661579,
              3.793606499
            ],
            [
              31.7922463134,
              3.7900113618
            ],
            [
              31.786774251,
              3.7900418061
            ],
            [
              31.7849476905,
              3.7887699995
            ],
            [
              31.7838783115,
              3.7886454023
            ],
            [
              31.7838459331,
              3.7827595153
            ],
            [
              31.7900142141,
              3.7719195315
            ],
            [
              31.7941335749,
              3.7653371043
            ],
            [
              31.7940731765,
              3.7543053701
            ],
            [
              31.7907839005,
              3.7498510303
            ],
            [
              31.7866010115,
              3.7448052103
            ],
            [
              31.780645449,
              3.7412598733
            ],
            [
              31.7624611295,
              3.7267486651
            ],
            [
              31.746054913,
              3.7116303379
            ],
            [
              31.7314205702,
              3.6947123359
            ],
            [
              31.7176867533,
              3.6795777681
            ],
            [
              31.7048563929,
              3.666823232
            ],
            [
              31.7015477676,
              3.6584910078
            ],
            [
              31.7015010939,
              3.64954513
            ],
            [
              31.7041413076,
              3.6435671779
            ],
            [
              31.7082732981,
              3.6390724407
            ],
            [
              31.7174477299,
              3.6339548535
            ],
            [
              31.7266017921,
              3.6249608974
            ],
            [
              31.7351714044,
              3.6177592917
            ],
            [
              31.7416928736,
              3.6162340846
            ],
            [
              31.7532750378,
              3.6176640375
            ],
            [
              31.7592323903,
              3.6218071237
            ],
            [
              31.7696366752,
              3.6250320087
            ],
            [
              31.7776432043,
              3.6237968478
            ],
            [
              31.7841485426,
              3.6192897684
            ],
            [
              31.7894526383,
              3.6121056056
            ],
            [
              31.7900085923,
              3.6049466719
            ],
            [
              31.7974180781,
              3.6031184391
            ],
            [
              31.813406462,
              3.5961759829
            ],
            [
              31.8264379301,
              3.5913363284
            ],
            [
              31.8448180145,
              3.5879589013
            ],
            [
              31.8845766906,
              3.5874480044
            ],
            [
              31.9178137027,
              3.5884612574
            ],
            [
              31.9427356017,
              3.5883260588
            ],
            [
              31.9525244801,
              3.5879746739
            ],
            [
              31.9581165659,
              3.5874138457
            ]
          ],
          [
            [
              31.8836889765,
              3.6971305545
            ],
            [
              31.8836429768,
              3.6887338133
            ],
            [
              31.8920010018,
              3.6886876155
            ],
            [
              31.8919550298,
              3.6802909773
            ],
            [
              31.900312871,
              3.6802448062
            ],
            [
              31.9001753554,
              3.6550551974
            ],
            [
              31.891817746,
              3.6551010514
            ],
            [
              31.8917721964,
              3.6467044043
            ],
            [
              31.8834145576,
              3.6467500767
            ],
            [
              31.8833691899,
              3.6383533226
            ],
            [
              31.8750115242,
              3.6383988111
            ],
            [
              31.8749663381,
              3.6300019495
            ],
            [
              31.8833239278,
              3.6299565666
            ],
            [
              31.8832787696,
              3.6215598076
            ],
            [
              31.8749212573,
              3.6216050867
            ],
            [
              31.8748762811,
              3.6132082211
            ],
            [
              31.866518739,
              3.613253317
            ],
            [
              31.8664739445,
              3.6048563448
            ],
            [
              31.8497587001,
              3.6049460982
            ],
            [
              31.8498033413,
              3.6133432805
            ],
            [
              31.841445485,
              3.6133881471
            ],
            [
              31.8414901563,
              3.6217854313
            ],
            [
              31.833132119,
              3.6218303258
            ],
            [
              31.8331768173,
              3.6302277136
            ],
            [
              31.8081018529,
              3.6303622463
            ],
            [
              31.8081464251,
              3.6387599438
            ],
            [
              31.7997878184,
              3.6388047373
            ],
            [
              31.79987712,
              3.6556003324
            ],
            [
              31.8082358802,
              3.6555553312
            ],
            [
              31.8083257491,
              3.6723507108
            ],
            [
              31.7999668347,
              3.6723959188
            ],
            [
              31.8001021838,
              3.6975892826
            ],
            [
              31.7917429325,
              3.6976347236
            ],
            [
              31.7918335257,
              3.7144304955
            ],
            [
              31.7918789777,
              3.7228283786
            ],
            [
              31.8085978475,
              3.7227367959
            ],
            [
              31.8085522388,
              3.7143391205
            ],
            [
              31.8085067331,
              3.7059414422
            ],
            [
              31.825224874,
              3.7058499601
            ],
            [
              31.8251338631,
              3.6890550136
            ],
            [
              31.833492621,
              3.6890093633
            ],
            [
              31.8334471931,
              3.6806119902
            ],
            [
              31.8585226094,
              3.6804748819
            ],
            [
              31.8585682704,
              3.6888719404
            ],
            [
              31.8502098257,
              3.6889178262
            ],
            [
              31.8503932041,
              3.7225064574
            ],
            [
              31.8587519617,
              3.7224601523
            ],
            [
              31.8588444363,
              3.7392542454
            ],
            [
              31.8504855214,
              3.7393007596
            ],
            [
              31.8505318361,
              3.7476979079
            ],
            [
              31.842172737,
              3.7477444475
            ],
            [
              31.842219078,
              3.7561416978
            ],
            [
              31.8338597946,
              3.7561882613
            ],
            [
              31.8339061606,
              3.7645856154
            ],
            [
              31.8339526304,
              3.7729829658
            ],
            [
              31.8255930845,
              3.7730296583
            ],
            [
              31.8256395787,
              3.7814271105
            ],
            [
              31.8256861782,
              3.7898245608
            ],
            [
              31.8257328804,
              3.7982220093
            ],
            [
              31.8340926672,
              3.7981750032
            ],
            [
              31.8340458837,
              3.7897776593
            ],
            [
              31.8424054854,
              3.7897306778
            ],
            [
              31.842358727,
              3.7813334359
            ],
            [
              31.8507181446,
              3.7812864777
            ],
            [
              31.85067141,
              3.7728893387
            ],
            [
              31.8590306434,
              3.772842406
            ],
            [
              31.8589839348,
              3.7644453693
            ],
            [
              31.867342983,
              3.7643984615
            ],
            [
              31.867296299,
              3.7560015273
            ],
            [
              31.8672497212,
              3.7476045904
            ],
            [
              31.8756085058,
              3.7475578133
            ],
            [
              31.8755619531,
              3.7391609799
            ],
            [
              31.8839205538,
              3.7391142277
            ],
            [
              31.8838740275,
              3.7307174971
            ],
            [
              31.8837812911,
              3.7139240301
            ],
            [
              31.8921395502,
              3.7138775159
            ],
            [
              31.8920470787,
              3.697084251
            ],
            [
              31.8836889765,
              3.6971305545
            ]
          ],
          [
            [
              31.7497667355,
              3.6642671253
            ],
            [
              31.7498111795,
              3.6726655345
            ],
            [
              31.749855727,
              3.6810639427
            ],
            [
              31.7499003762,
              3.6894623489
            ],
            [
              31.7666196504,
              3.6893723783
            ],
            [
              31.766574846,
              3.6809741777
            ],
            [
              31.7749342502,
              3.6809291782
            ],
            [
              31.7748894709,
              3.6725310778
            ],
            [
              31.7748447947,
              3.6641329756
            ],
            [
              31.7497667355,
              3.6642671253
            ]
          ]
        ]
      },
      "properties": {
        "country": "Uganda",
        "country_code": "UGA",
        "species_name": "Eucalyptus_tereticornis",
        "genus": "Eucalyptus",
        "species": "tereticornis",
        "suitability_name": "Marginally suitable",
        "suitability_rank": 3,
        "soil_suitability": "S4",
        "soil_type": "Lithosols",
        "soil_description": "Not differentiated",
        "site_class": null,
        "maz": "III",
        "maz_zone": null,
        "tz": "1",
        "frost_risk": null,
        "source_layer": "SWIFT_SSMT_Uganda"
      }
    },
    {
      "type": "Feature",
      "geometry": {
        "type": "Polygon",
        "coordinates": [
          [
            [
              31.106031713,
              3.5834097802
            ],
            [
              31.1055837073,
              3.5924941681
            ],
            [
              31.1008579173,
              3.5984844056
            ],
            [
              31.0940594965,
              3.6059762987
            ],
            [
              31.0818954697,
              3.6093142052
            ],
            [
              31.0685216929,
              3.6078821917
            ],
            [
              31.0417722838,
              3.6047189635
            ],
            [
              31.0302012747,
              3.6030434946
            ],
            [
              31.0301533631,
              3.5921554474
            ],
            [
              31.0468871126,
              3.5920810733
            ],
            [
              31.0468500685,
              3.5836746652
            ],
            [
              31.0803162131,
              3.5835253494
            ],
            [
              31.080353561,
              3.5919314058
            ],
            [
              31.1054524734,
              3.5918183526
            ],
            [
              31.1054148973,
              3.5834125615
            ],
            [
              31.106031713,
              3.5834097802
            ]
          ]
        ]
      },
      "properties": {
        "country": "Uganda",
        "country_code": "UGA",
        "species_name": "Eucalyptus_tereticornis",
        "genus": "Eucalyptus",
        "species": "tereticornis",
        "suitability_name": "Marginally suitable",
        "suitability_rank": 3,
        "soil_suitability": "S4",
        "soil_type": "Lithosols",
        "soil_description": "Not differentiated",
        "site_class": null,
        "maz": "III",
        "maz_zone": null,
        "tz": "1",
        "frost_risk": null,
        "source_layer": "SWIFT_SSMT_Uganda"
      }
    },
    {
      "type": "Feature",
      "geometry": {
        "type": "Polygon",
        "coordinates": [
          [
            [
              31.0704753544,
              3.2557220671
            ],
            [
              31.0703201288,
              3.2616645306
            ],
            [
              31.0593836696,
              3.2742443417
            ],
            [
              31.0513612154,
              3.2810191921
            ],
            [
              31.0455746219,
              3.2810427521
            ],
            [
              31.0455070788,
              3.264229799
            ],
            [
              31.0622348108,
              3.2641619488
            ],
            [
              31.062201032,
              3.255755645
            ],
            [
              31.0704753544,
              3.2557220671
            ]
          ]
        ]
      },
      "properties": {
        "country": "Uganda",
        "country_code": "UGA",
        "species_name": "Eucalyptus_tereticornis",
        "genus": "Eucalyptus",
        "species": "tereticornis",
        "suitability_name": "Marginally suitable",
        "suitability_rank": 3,
        "soil_suitability": "S4",
        "soil_type": "Lithosols",
        "soil_description": "Not differentiated",
        "site_class": null,
        "maz": "III",
        "maz_zone": null,
        "tz": "1",
        "frost_risk": null,
        "source_layer": "SWIFT_SSMT_Uganda"
      }
    },
    {
      "type": "Feature",
      "geometry": {
        "type": "Polygon",
        "coordinates": [
          [
            [
              31.0704561358,
              3.2286113052
            ],
            [
              31.0716827335,
              3.2312164129
            ],
            [
              31.0717101663,
              3.2380808042
            ],
            [
              31.0705527867,
              3.2527583539
            ],
            [
              31.0705309381,
              3.2473154859
            ],
            [
              31.0704561358,
              3.2286113052
            ]
          ]
        ]
      },
      "properties": {
        "country": "Uganda",
        "country_code": "UGA",
        "species_name": "Eucalyptus_tereticornis",
        "genus": "Eucalyptus",
        "species": "tereticornis",
        "suitability_name": "Marginally suitable",
        "suitability_rank": 3,
        "soil_suitability": "S4",
        "soil_type": "Lithosols",
        "soil_description": "Not differentiated",
        "site_class": null,
        "maz": "III",
        "maz_zone": null,
        "tz": "1",
        "frost_risk": null,
        "source_layer": "SWIFT_SSMT_Uganda"
      }
    },
    {
      "type": "Feature",
      "geometry": {
        "type": "Polygon",
        "coordinates": [
          [
            [
              31.0527684839,
              2.9769052381
            ],
            [
              31.0564966236,
              2.9874335978
            ],
            [
              31.0583020167,
              2.9939930578
            ],
            [
              31.0601649902,
              3.0160722689
            ],
            [
              31.0581368367,
              3.0295106835
            ],
            [
              31.0566825191,
              3.0375746581
            ],
            [
              31.0516689707,
              3.0465475262
            ],
            [
              31.0446999639,
              3.0561309178
            ],
            [
              31.0446922277,
              3.0540673043
            ],
            [
              31.0363299036,
              3.0540989427
            ],
            [
              31.0362985066,
              3.0456923346
            ],
            [
              31.0361737916,
              3.0120658827
            ],
            [
              31.0278117012,
              3.012097021
            ],
            [
              31.0277808042,
              3.0036903169
            ],
            [
              31.0194186914,
              3.0037213041
            ],
            [
              31.0193879438,
              2.9953145112
            ],
            [
              31.0277499928,
              2.9952836114
            ],
            [
              31.0277192678,
              2.9868769038
            ],
            [
              31.0444429772,
              2.9868150858
            ],
            [
              31.0444122136,
              2.9784085514
            ],
            [
              31.0527738746,
              2.9783776347
            ],
            [
              31.0527684839,
              2.9769052381
            ]
          ]
        ]
      },
      "properties": {
        "country": "Uganda",
        "country_code": "UGA",
        "species_name": "Eucalyptus_tereticornis",
        "genus": "Eucalyptus",
        "species": "tereticornis",
        "suitability_name": "Marginally suitable",
        "suitability_rank": 3,
        "soil_suitability": "S4",
        "soil_type": "Lithosols",
        "soil_description": "Not differentiated",
        "site_class": null,
        "maz": "III",
        "maz_zone": null,
        "tz": "1",
        "frost_risk": null,
        "source_layer": "SWIFT_SSMT_Uganda"
      }
    },
    {
      "type": "Feature",
      "geometry": {
        "type": "Polygon",
        "coordinates": [
          [
            [
              34.7388644469,
              2.3856985002
            ],
            [
              34.7268326031,
              2.3846995506
            ],
            [
              34.7141269256,
              2.3897528463
            ],
            [
              34.6982772707,
              2.4019404549
            ],
            [
              34.6806723969,
              2.4166296157
            ],
            [
              34.6711551521,
              2.4227332369
            ],
            [
              34.6615933898,
              2.4210087493
            ],
            [
              34.6456674016,
              2.4200321209
            ],
            [
              34.6427729645,
              2.4193508311
            ],
            [
              34.6427557991,
              2.4163013354
            ],
            [
              34.6427088961,
              2.4079489654
            ],
            [
              34.6344049261,
              2.4079960346
            ],
            [
              34.6342653444,
              2.3829384212
            ],
            [
              34.6259613598,
              2.3829849513
            ],
            [
              34.6259152072,
              2.374632246
            ],
            [
              34.6425229147,
              2.3745394641
            ],
            [
              34.6424309013,
              2.3578347013
            ],
            [
              34.6590377608,
              2.3577423778
            ],
            [
              34.658991902,
              2.3493903201
            ],
            [
              34.6839008225,
              2.3492519601
            ],
            [
              34.6838549813,
              2.3409003931
            ],
            [
              34.7087622836,
              2.3407620879
            ],
            [
              34.7088082697,
              2.34911316
            ],
            [
              34.725412413,
              2.3490203841
            ],
            [
              34.7253663305,
              2.340669641
            ],
            [
              34.7419697196,
              2.3405770009
            ],
            [
              34.7418778553,
              2.323876173
            ],
            [
              34.7438959569,
              2.3238649807
            ],
            [
              34.74637213,
              2.336559179
            ],
            [
              34.7458067794,
              2.3621779691
            ],
            [
              34.7395199075,
              2.3764445363
            ],
            [
              34.7388644469,
              2.3856985002
            ]
          ]
        ]
      },
      "properties": {
        "country": "Uganda",
        "country_code": "UGA",
        "species_name": "Eucalyptus_tereticornis",
        "genus": "Eucalyptus",
        "species": "tereticornis",
        "suitability_name": "Marginally suitable",
        "suitability_rank": 3,
        "soil_suitability": "S3",
        "soil_type": "Ferruginous Soils",
        "soil_description": "On crystalline acid rock-Complex with Black clays",
        "site_class": null,
        "maz": "IV",
        "maz_zone": null,
        "tz": "3",
        "frost_risk": null,
        "source_layer": "SWIFT_SSMT_Uganda"
      }
    },
    {
      "type": "Feature",
      "geometry": {
        "type": "Polygon",
        "coordinates": [
          [
            [
              34.7015040566,
              2.5844114008
            ],
            [
              34.6852658095,
              2.5855643518
            ],
            [
              34.685250868,
              2.5830950136
            ],
            [
              34.6769466341,
              2.5831457841
            ],
            [
              34.67689626,
              2.5747941097
            ],
            [
              34.668591915,
              2.5748446623
            ],
            [
              34.6685417577,
              2.566492821
            ],
            [
              34.6684917641,
              2.5581409773
            ],
            [
              34.6601873623,
              2.5581911491
            ],
            [
              34.660087971,
              2.5414871285
            ],
            [
              34.65178351,
              2.5415369194
            ],
            [
              34.6515381483,
              2.4997760143
            ],
            [
              34.6598423478,
              2.4997270423
            ],
            [
              34.6597937128,
              2.4913750185
            ],
            [
              34.6514895644,
              2.4914238264
            ],
            [
              34.6511067707,
              2.4246062575
            ],
            [
              34.6428028643,
              2.4246537039
            ],
            [
              34.6427729645,
              2.4193508311
            ],
            [
              34.6456674016,
              2.4200321209
            ],
            [
              34.6615933898,
              2.4210087493
            ],
            [
              34.6711551521,
              2.4227332369
            ],
            [
              34.6806723969,
              2.4166296157
            ],
            [
              34.6982772707,
              2.4019404549
            ],
            [
              34.7141269256,
              2.3897528463
            ],
            [
              34.7268326031,
              2.3846995506
            ],
            [
              34.7388644469,
              2.3856985002
            ],
            [
              34.7456146996,
              2.3909966662
            ],
            [
              34.751675717,
              2.3995004854
            ],
            [
              34.7542730693,
              2.4208315408
            ],
            [
              34.7537022671,
              2.432366268
            ],
            [
              34.7424867674,
              2.4324314167
            ],
            [
              34.7425347619,
              2.4407818059
            ],
            [
              34.7259301908,
              2.4408784173
            ],
            [
              34.7260140204,
              2.4554264373
            ],
            [
              34.7251033201,
              2.4537327396
            ],
            [
              34.720126513,
              2.4494922646
            ],
            [
              34.7155218704,
              2.4484516972
            ],
            [
              34.712336221,
              2.4481144393
            ],
            [
              34.7081399077,
              2.448361068
            ],
            [
              34.7031574205,
              2.4513701011
            ],
            [
              34.696143973,
              2.4620853538
            ],
            [
              34.68774233,
              2.4774347467
            ],
            [
              34.6712184985,
              2.4953234406
            ],
            [
              34.6656536421,
              2.5117249394
            ],
            [
              34.6660911563,
              2.525955971
            ],
            [
              34.6732660587,
              2.542637369
            ],
            [
              34.6850706328,
              2.55311927
            ],
            [
              34.6851000771,
              2.5580404764
            ],
            [
              34.6926947938,
              2.5579944456
            ],
            [
              34.7017183175,
              2.5597022897
            ],
            [
              34.7017579404,
              2.5662909475
            ],
            [
              34.7100615756,
              2.5662403469
            ],
            [
              34.7101119981,
              2.5745913648
            ],
            [
              34.7101625854,
              2.5829423811
            ],
            [
              34.7113440168,
              2.58293513
            ],
            [
              34.7071255943,
              2.5840627058
            ],
            [
              34.7015040566,
              2.5844114008
            ]
          ]
        ]
      },
      "properties": {
        "country": "Uganda",
        "country_code": "UGA",
        "species_name": "Eucalyptus_tereticornis",
        "genus": "Eucalyptus",
        "species": "tereticornis",
        "suitability_name": "Marginally suitable",
        "suitability_rank": 3,
        "soil_suitability": "S1",
        "soil_type": "Eutrophic Soils",
        "soil_description": "On volcanic ash",
        "site_class": null,
        "maz": "IV",
        "maz_zone": null,
        "tz": "3",
        "frost_risk": null,
        "source_layer": "SWIFT_SSMT_Uganda"
      }
    },
    {
      "type": "Feature",
      "geometry": {
        "type": "Polygon",
        "coordinates": [
          [
            [
              34.7017077351,
              2.5579397629
            ],
            [
              34.7017183175,
              2.5597022897
            ],
            [
              34.6926947938,
              2.5579944456
            ],
            [
              34.7017077351,
              2.5579397629
            ]
          ]
        ]
      },
      "properties": {
        "country": "Uganda",
        "country_code": "UGA",
        "species_name": "Eucalyptus_tereticornis",
        "genus": "Eucalyptus",
        "species": "tereticornis",
        "suitability_name": "Marginally suitable",
        "suitability_rank": 3,
        "soil_suitability": "S1",
        "soil_type": "Ferrisols",
        "soil_description": "Humic of high altitudes",
        "site_class": null,
        "maz": "IV",
        "maz_zone": null,
        "tz": "3",
        "frost_risk": null,
        "source_layer": "SWIFT_SSMT_Uganda"
      }
    },
    {
      "type": "Feature",
      "geometry": {
        "type": "Polygon",
        "coordinates": [
          [
            [
              34.6933041752,
              2.5412874399
            ],
            [
              34.6850003698,
              2.541337441
            ],
            [
              34.6850706328,
              2.55311927
            ],
            [
              34.6732660587,
              2.542637369
            ],
            [
              34.6660911563,
              2.525955971
            ],
            [
              34.6656536421,
              2.5117249394
            ],
            [
              34.6712184985,
              2.4953234406
            ],
            [
              34.68774233,
              2.4774347467
            ],
            [
              34.696143973,
              2.4620853538
            ],
            [
              34.7031574205,
              2.4513701011
            ],
            [
              34.7081399077,
              2.448361068
            ],
            [
              34.712336221,
              2.4481144393
            ],
            [
              34.7155218704,
              2.4484516972
            ],
            [
              34.720126513,
              2.4494922646
            ],
            [
              34.7251033201,
              2.4537327396
            ],
            [
              34.7260140204,
              2.4554264373
            ],
            [
              34.72607486,
              2.4659305666
            ],
            [
              34.7094693267,
              2.466027966
            ],
            [
              34.7095177765,
              2.4743790087
            ],
            [
              34.7095663909,
              2.4827300499
            ],
            [
              34.7012632757,
              2.4827790027
            ],
            [
              34.7013120039,
              2.4911302066
            ],
            [
              34.6930086734,
              2.4911792725
            ],
            [
              34.6932050191,
              2.5245847254
            ],
            [
              34.6933041752,
              2.5412874399
            ]
          ]
        ]
      },
      "properties": {
        "country": "Uganda",
        "country_code": "UGA",
        "species_name": "Eucalyptus_tereticornis",
        "genus": "Eucalyptus",
        "species": "tereticornis",
        "suitability_name": "Marginally suitable",
        "suitability_rank": 3,
        "soil_suitability": "S1",
        "soil_type": "Ferrisols",
        "soil_description": "Humic of high altitudes",
        "site_class": null,
        "maz": "IV",
        "maz_zone": null,
        "tz": "3",
        "frost_risk": null,
        "source_layer": "SWIFT_SSMT_Uganda"
      }
    },
    {
      "type": "Feature",
      "geometry": {
        "type": "Polygon",
        "coordinates": [
          [
            [
              34.8670065113,
              2.4329617384
            ],
            [
              34.8600922026,
              2.4337307979
            ],
            [
              34.8321626101,
              2.4349623076
            ],
            [
              34.8106257137,
              2.4411359522
            ],
            [
              34.8007271584,
              2.4544701937
            ],
            [
              34.8006940676,
              2.4487912989
            ],
            [
              34.7923929721,
              2.4488401509
            ],
            [
              34.7923445105,
              2.4404907591
            ],
            [
              34.7840433002,
              2.4405393938
            ],
            [
              34.7839950555,
              2.4321898335
            ],
            [
              34.7537022671,
              2.432366268
            ],
            [
              34.7542730693,
              2.4208315408
            ],
            [
              34.751675717,
              2.3995004854
            ],
            [
              34.7456146996,
              2.3909966662
            ],
            [
              34.7388644469,
              2.3856985002
            ],
            [
              34.7395199075,
              2.3764445363
            ],
            [
              34.7458067794,
              2.3621779691
            ],
            [
              34.74637213,
              2.336559179
            ],
            [
              34.7438959569,
              2.3238649807
            ],
            [
              34.7916834824,
              2.3235990814
            ],
            [
              34.7917296197,
              2.3319484998
            ],
            [
              34.8000300262,
              2.3319019821
            ],
            [
              34.8000763773,
              2.3402512326
            ],
            [
              34.8166767879,
              2.3401577195
            ],
            [
              34.8167234017,
              2.3485066325
            ],
            [
              34.8250234048,
              2.3484596365
            ],
            [
              34.8251172308,
              2.3651571238
            ],
            [
              34.8417169314,
              2.3650623142
            ],
            [
              34.8417641914,
              2.3734107193
            ],
            [
              34.85006384,
              2.3733630737
            ],
            [
              34.8501589593,
              2.3900595442
            ],
            [
              34.8667579515,
              2.3899634323
            ],
            [
              34.8670065113,
              2.4329617384
            ]
          ]
        ]
      },
      "properties": {
        "country": "Uganda",
        "country_code": "UGA",
        "species_name": "Eucalyptus_tereticornis",
        "genus": "Eucalyptus",
        "species": "tereticornis",
        "suitability_name": "Marginally suitable",
        "suitability_rank": 3,
        "soil_suitability": "S2",
        "soil_type": "Ferruginous Soils",
        "soil_description": "On crystalline acid rock - freely drained",
        "site_class": null,
        "maz": "IV",
        "maz_zone": null,
        "tz": "3",
        "frost_risk": null,
        "source_layer": "SWIFT_SSMT_Uganda"
      }
    },
    {
      "type": "Feature",
      "geometry": {
        "type": "Polygon",
        "coordinates": [
          [
            [
              34.7603425478,
              2.6410857736
            ],
            [
              34.74394355,
              2.6411892388
            ],
            [
              34.7551233474,
              2.6229014931
            ],
            [
              34.7589287355,
              2.6090028829
            ],
            [
              34.7599024105,
              2.5947663306
            ],
            [
              34.7600529811,
              2.5943025287
            ],
            [
              34.7600838854,
              2.59933571
            ],
            [
              34.7766891078,
              2.5992323797
            ],
            [
              34.776637764,
              2.5908826933
            ],
            [
              34.7765865864,
              2.5825330045
            ],
            [
              34.7848888431,
              2.5824815911
            ],
            [
              34.7848377781,
              2.5741320667
            ],
            [
              34.8014416859,
              2.5740294139
            ],
            [
              34.8013906811,
              2.5656802205
            ],
            [
              34.8013398431,
              2.5573310265
            ],
            [
              34.8096414416,
              2.5572799532
            ],
            [
              34.8095907172,
              2.5489309223
            ],
            [
              34.8178920966,
              2.5488799651
            ],
            [
              34.8178414863,
              2.5405310993
            ],
            [
              34.8176906523,
              2.5154844908
            ],
            [
              34.8342924958,
              2.5153837541
            ],
            [
              34.8342424477,
              2.5070352159
            ],
            [
              34.8425430671,
              2.5069849369
            ],
            [
              34.8424931344,
              2.4986365635
            ],
            [
              34.834192567,
              2.4986866744
            ],
            [
              34.8341428519,
              2.4903381312
            ],
            [
              34.8092403011,
              2.4904876518
            ],
            [
              34.8092244456,
              2.4878106195
            ],
            [
              34.8140482873,
              2.4820230765
            ],
            [
              34.8228539053,
              2.4759233752
            ],
            [
              34.8324023063,
              2.4758663347
            ],
            [
              34.8441123206,
              2.4825543859
            ],
            [
              34.8561906976,
              2.4917294858
            ],
            [
              34.8624508826,
              2.4985158621
            ],
            [
              34.8590937691,
              2.4985361871
            ],
            [
              34.8591438048,
              2.5068842245
            ],
            [
              34.8508435198,
              2.5069346064
            ],
            [
              34.8509439898,
              2.5236310108
            ],
            [
              34.8343427105,
              2.5237322915
            ],
            [
              34.8343930926,
              2.5320808265
            ],
            [
              34.8345452402,
              2.5571264181
            ],
            [
              34.817942874,
              2.5572288283
            ],
            [
              34.8179938186,
              2.5655776891
            ],
            [
              34.8096923338,
              2.5656289825
            ],
            [
              34.8097433911,
              2.5739780076
            ],
            [
              34.8097946144,
              2.5823270319
            ],
            [
              34.8014928574,
              2.5823786057
            ],
            [
              34.8015441947,
              2.5907277941
            ],
            [
              34.7932422171,
              2.5907794811
            ],
            [
              34.7932936681,
              2.5991288344
            ],
            [
              34.7849914707,
              2.5991806343
            ],
            [
              34.7850430341,
              2.6075301531
            ],
            [
              34.776740617,
              2.6075820646
            ],
            [
              34.7767922915,
              2.615931747
            ],
            [
              34.7684896556,
              2.6159837714
            ],
            [
              34.768593394,
              2.6326834624
            ],
            [
              34.7602904853,
              2.6327357652
            ],
            [
              34.7603425478,
              2.6410857736
            ]
          ]
        ]
      },
      "properties": {
        "country": "Uganda",
        "country_code": "UGA",
        "species_name": "Eucalyptus_tereticornis",
        "genus": "Eucalyptus",
        "species": "tereticornis",
        "suitability_name": "Marginally suitable",
        "suitability_rank": 3,
        "soil_suitability": "S2",
        "soil_type": "Ferruginous Soils",
        "soil_description": "On crystalline acid rock - freely drained",
        "site_class": null,
        "maz": "IV",
        "maz_zone": null,
        "tz": "3",
        "frost_risk": null,
        "source_layer": "SWIFT_SSMT_Uganda"
      }
    },
    {
      "type": "Feature",
      "geometry": {
        "type": "Polygon",
        "coordinates": [
          [
            [
              34.7015040566,
              2.5844114008
            ],
            [
              34.6948492261,
              2.6015730122
            ],
            [
              34.6936881613,
              2.6049553073
            ],
            [
              34.6936563903,
              2.599746875
            ],
            [
              34.6936055817,
              2.5913955332
            ],
            [
              34.6853014591,
              2.5914465218
            ],
            [
              34.6852658095,
              2.5855643518
            ],
            [
              34.7015040566,
              2.5844114008
            ]
          ]
        ]
      },
      "properties": {
        "country": "Uganda",
        "country_code": "UGA",
        "species_name": "Eucalyptus_tereticornis",
        "genus": "Eucalyptus",
        "species": "tereticornis",
        "suitability_name": "Marginally suitable",
        "suitability_rank": 3,
        "soil_suitability": "S2",
        "soil_type": "Ferruginous Soils",
        "soil_description": "On crystalline acid rock - freely drained",
        "site_class": null,
        "maz": "IV",
        "maz_zone": null,
        "tz": "3",
        "frost_risk": null,
        "source_layer": "SWIFT_SSMT_Uganda"
      }
    },
    {
      "type": "Feature",
      "geometry": {
        "type": "Polygon",
        "coordinates": [
          [
            [
              34.716881894,
              2.3073122419
            ],
            [
              34.7169272708,
              2.315663157
            ],
            [
              34.7086253087,
              2.3157088609
            ],
            [
              34.7085799789,
              2.3073577814
            ],
            [
              34.716881894,
              2.3073122419
            ]
          ]
        ]
      },
      "properties": {
        "country": "Uganda",
        "country_code": "UGA",
        "species_name": "Eucalyptus_tereticornis",
        "genus": "Eucalyptus",
        "species": "tereticornis",
        "suitability_name": "Marginally suitable",
        "suitability_rank": 3,
        "soil_suitability": "S3",
        "soil_type": "Ferruginous Soils",
        "soil_description": "On crystalline acid rock-Complex with Black clays",
        "site_class": null,
        "maz": "IV",
        "maz_zone": null,
        "tz": "3",
        "frost_risk": null,
        "source_layer": "SWIFT_SSMT_Uganda"
      }
    },
    {
      "type": "Feature",
      "geometry": {
        "type": "Polygon",
        "coordinates": [
          [
            [
              34.9270583783,
              2.3311839495
            ],
            [
              34.9229643219,
              2.3562483587
            ],
            [
              34.9163597695,
              2.3562863598
            ],
            [
              34.9162181912,
              2.3312456734
            ],
            [
              34.9270583783,
              2.3311839495
            ]
          ]
        ]
      },
      "properties": {
        "country": "Uganda",
        "country_code": "UGA",
        "species_name": "Eucalyptus_tereticornis",
        "genus": "Eucalyptus",
        "species": "tereticornis",
        "suitability_name": "Marginally suitable",
        "suitability_rank": 3,
        "soil_suitability": "S2",
        "soil_type": "Ferruginous Soils",
        "soil_description": "On crystalline acid rock - freely drained",
        "site_class": null,
        "maz": "IV",
        "maz_zone": null,
        "tz": "3",
        "frost_risk": null,
        "source_layer": "SWIFT_SSMT_Uganda"
      }
    },
    {
      "type": "Feature",
      "geometry": {
        "type": "Polygon",
        "coordinates": [
          [
            [
              34.9335352095,
              2.289412978
            ],
            [
              34.932615171,
              2.2956305437
            ],
            [
              34.9325807438,
              2.2894183231
            ],
            [
              34.9335352095,
              2.289412978
            ]
          ]
        ]
      },
      "properties": {
        "country": "Uganda",
        "country_code": "UGA",
        "species_name": "Eucalyptus_tereticornis",
        "genus": "Eucalyptus",
        "species": "tereticornis",
        "suitability_name": "Marginally suitable",
        "suitability_rank": 3,
        "soil_suitability": "S2",
        "soil_type": "Ferruginous Soils",
        "soil_description": "On crystalline acid rock - freely drained",
        "site_class": null,
        "maz": "IV",
        "maz_zone": null,
        "tz": "3",
        "frost_risk": null,
        "source_layer": "SWIFT_SSMT_Uganda"
      }
    },
    {
      "type": "Feature",
      "geometry": {
        "type": "Polygon",
        "coordinates": [
          [
            [
              34.8410728235,
              2.2481844359
            ],
            [
              34.8493717594,
              2.2481393059
            ],
            [
              34.8494167278,
              2.2564875711
            ],
            [
              34.8577155426,
              2.2564422271
            ],
            [
              34.8577607253,
              2.2647903221
            ],
            [
              34.8660594189,
              2.2647447626
            ],
            [
              34.8661503788,
              2.2814406112
            ],
            [
              34.8578515913,
              2.2814865053
            ],
            [
              34.8578060748,
              2.2731384136
            ],
            [
              34.8412080925,
              2.2732297265
            ],
            [
              34.8411628357,
              2.2648812983
            ],
            [
              34.8162647494,
              2.2650174116
            ],
            [
              34.8161750158,
              2.2483195447
            ],
            [
              34.8244744516,
              2.2482745548
            ],
            [
              34.824385292,
              2.2315770145
            ],
            [
              34.8326844692,
              2.2315323137
            ],
            [
              34.832729012,
              2.2398809168
            ],
            [
              34.8410280681,
              2.2398360016
            ],
            [
              34.8410728235,
              2.2481844359
            ]
          ]
        ]
      },
      "properties": {
        "country": "Uganda",
        "country_code": "UGA",
        "species_name": "Eucalyptus_tereticornis",
        "genus": "Eucalyptus",
        "species": "tereticornis",
        "suitability_name": "Marginally suitable",
        "suitability_rank": 3,
        "soil_suitability": "S2",
        "soil_type": "Ferruginous Soils",
        "soil_description": "On crystalline acid rock - freely drained",
        "site_class": null,
        "maz": "IV",
        "maz_zone": null,
        "tz": "3",
        "frost_risk": null,
        "source_layer": "SWIFT_SSMT_Uganda"
      }
    },
    {
      "type": "Feature",
      "geometry": {
        "type": "Polygon",
        "coordinates": [
          [
            [
              34.9784309464,
              1.6391316315
            ],
            [
              34.9667026152,
              1.6427802869
            ],
            [
              34.9596414019,
              1.6442311333
            ],
            [
              34.944803371,
              1.6450021889
            ],
            [
              34.9101980071,
              1.6515427434
            ],
            [
              34.8826410121,
              1.6537875312
            ],
            [
              34.87977852,
              1.6527635046
            ],
            [
              34.8797224902,
              1.6385795563
            ],
            [
              34.8880176713,
              1.6385464998
            ],
            [
              34.8879522724,
              1.6218514137
            ],
            [
              34.8962472188,
              1.6218186595
            ],
            [
              34.8961502803,
              1.5967765271
            ],
            [
              34.9044449595,
              1.5967442461
            ],
            [
              34.9044129496,
              1.588397035
            ],
            [
              34.9127074283,
              1.5883648893
            ],
            [
              34.9126755533,
              1.5800178457
            ],
            [
              34.9209698315,
              1.5799858366
            ],
            [
              34.9209380925,
              1.5716389606
            ],
            [
              34.9362911972,
              1.571579937
            ],
            [
              34.937529453,
              1.5724629101
            ],
            [
              34.9375578824,
              1.5799217217
            ],
            [
              34.9458515154,
              1.5798532487
            ],
            [
              34.9514699991,
              1.5893899999
            ],
            [
              34.9530499997,
              1.5926100001
            ],
            [
              34.9603299996,
              1.6039
            ],
            [
              34.9623,
              1.6077899998
            ],
            [
              34.9688900005,
              1.61988
            ],
            [
              34.9716,
              1.6251699993
            ],
            [
              34.9745200011,
              1.631920001
            ],
            [
              34.9784309464,
              1.6391316315
            ]
          ]
        ]
      },
      "properties": {
        "country": "Uganda",
        "country_code": "UGA",
        "species_name": "Eucalyptus_tereticornis",
        "genus": "Eucalyptus",
        "species": "tereticornis",
        "suitability_name": "Marginally suitable",
        "suitability_rank": 3,
        "soil_suitability": "S3",
        "soil_type": "Ferruginous Soils",
        "soil_description": "On crystalline acid rock-Complex with Black clays",
        "site_class": null,
        "maz": "IV",
        "maz_zone": null,
        "tz": "3",
        "frost_risk": null,
        "source_layer": "SWIFT_SSMT_Uganda"
      }
    },
    {
      "type": "Feature",
      "geometry": {
        "type": "Polygon",
        "coordinates": [
          [
            [
              34.7249209963,
              2.2583753405
            ],
            [
              34.7250483571,
              2.2822143946
            ],
            [
              34.7167467482,
              2.2822594866
            ],
            [
              34.7167916327,
              2.2906104067
            ],
            [
              34.6918856814,
              2.2907458913
            ],
            [
              34.691840938,
              2.2823944768
            ],
            [
              34.6752362456,
              2.2824842333
            ],
            [
              34.6752808953,
              2.2908359762
            ],
            [
              34.6669782556,
              2.2908809475
            ],
            [
              34.6670230206,
              2.2992328532
            ],
            [
              34.6587201706,
              2.299277941
            ],
            [
              34.6587650515,
              2.3076300093
            ],
            [
              34.6504619913,
              2.3076752132
            ],
            [
              34.6505521465,
              2.3243796712
            ],
            [
              34.6256417018,
              2.3245159763
            ],
            [
              34.6255966865,
              2.3161632589
            ],
            [
              34.5923806785,
              2.3163436726
            ],
            [
              34.5922471772,
              2.2912835529
            ],
            [
              34.60055128,
              2.2912390086
            ],
            [
              34.6004190937,
              2.2661793609
            ],
            [
              34.5921151317,
              2.2662234162
            ],
            [
              34.5920714407,
              2.2578700346
            ],
            [
              34.6003753558,
              2.2578261412
            ],
            [
              34.6003317791,
              2.2494729198
            ],
            [
              34.5920279107,
              2.2495166505
            ],
            [
              34.5918554088,
              2.2161030953
            ],
            [
              34.6001590933,
              2.2160600154
            ],
            [
              34.600073721,
              2.1993535529
            ],
            [
              34.6083771531,
              2.1993107509
            ],
            [
              34.6083346647,
              2.19095768
            ],
            [
              34.6166378891,
              2.1909149962
            ],
            [
              34.6164276554,
              2.1491504278
            ],
            [
              34.6247304925,
              2.1491085137
            ],
            [
              34.6245650497,
              2.1156974798
            ],
            [
              34.63286755,
              2.1156561738
            ],
            [
              34.6328265503,
              2.107303574
            ],
            [
              34.6411288444,
              2.1072623886
            ],
            [
              34.6409663044,
              2.0738526276
            ],
            [
              34.6492682624,
              2.0738120517
            ],
            [
              34.6491479386,
              2.0487552044
            ],
            [
              34.6408461079,
              2.048795289
            ],
            [
              34.6408063669,
              2.040442839
            ],
            [
              34.6491081556,
              2.0404029181
            ],
            [
              34.6490685366,
              2.0320506301
            ],
            [
              34.6656715419,
              2.0319709879
            ],
            [
              34.6655926238,
              2.0152670636
            ],
            [
              34.6738937978,
              2.0152275071
            ],
            [
              34.6738154509,
              1.9985239043
            ],
            [
              34.6655143593,
              1.9985631323
            ],
            [
              34.6654367475,
              1.9818591948
            ],
            [
              34.6571355751,
              1.9818980541
            ],
            [
              34.6569446028,
              1.9401373624
            ],
            [
              34.6901475064,
              1.9399849628
            ],
            [
              34.6901096407,
              1.9316334767
            ],
            [
              34.6984099179,
              1.9315954398
            ],
            [
              34.6982971863,
              1.9065414648
            ],
            [
              34.7065971807,
              1.9065038831
            ],
            [
              34.7065598918,
              1.8981527203
            ],
            [
              34.7231593109,
              1.8980777679
            ],
            [
              34.7230850695,
              1.881376097
            ],
            [
              34.7313844545,
              1.8813388923
            ],
            [
              34.7313107941,
              1.864637546
            ],
            [
              34.764506379,
              1.8644896632
            ],
            [
              34.7645432816,
              1.8728396743
            ],
            [
              34.8226294596,
              1.8725782267
            ],
            [
              34.8225922884,
              1.8642293809
            ],
            [
              34.8267000237,
              1.8642109024
            ],
            [
              34.8270222313,
              1.8645461889
            ],
            [
              34.8349904944,
              1.8677708412
            ],
            [
              34.8468013877,
              1.8739419751
            ],
            [
              34.8553932466,
              1.8848697029
            ],
            [
              34.8581128374,
              1.8999734673
            ],
            [
              34.860807216,
              1.9094456616
            ],
            [
              34.8642674654,
              1.9123839129
            ],
            [
              34.8620039445,
              1.9187053597
            ],
            [
              34.8595459051,
              1.9222735309
            ],
            [
              34.8595754202,
              1.9286755224
            ],
            [
              34.8601745363,
              1.930846012
            ],
            [
              34.8560838587,
              1.9308651538
            ],
            [
              34.8561613502,
              1.9475614759
            ],
            [
              34.8478641361,
              1.947600609
            ],
            [
              34.8479030915,
              1.9559489351
            ],
            [
              34.83960567,
              1.9559881944
            ],
            [
              34.8396447518,
              1.9643366877
            ],
            [
              34.8313471231,
              1.9643760728
            ],
            [
              34.8314257084,
              1.9810733888
            ],
            [
              34.8231278319,
              1.9811130691
            ],
            [
              34.8231673322,
              1.9894618916
            ],
            [
              34.8148692491,
              1.9895016986
            ],
            [
              34.8149886281,
              2.014548658
            ],
            [
              34.8066902535,
              2.0145889244
            ],
            [
              34.8068110043,
              2.0396363705
            ],
            [
              34.7985123394,
              2.0396770961
            ],
            [
              34.7985743558,
              2.0524356951
            ],
            [
              34.7835065011,
              2.0652775742
            ],
            [
              34.7652316632,
              2.0881363771
            ],
            [
              34.7561295617,
              2.1066815274
            ],
            [
              34.7435380428,
              2.1344952585
            ],
            [
              34.7355358573,
              2.1605079984
            ],
            [
              34.7263935911,
              2.1708729384
            ],
            [
              34.7179458174,
              2.1787440991
            ],
            [
              34.7077222592,
              2.1852015375
            ],
            [
              34.6911449042,
              2.1941829731
            ],
            [
              34.6795407604,
              2.2074089325
            ],
            [
              34.6764144997,
              2.2184560172
            ],
            [
              34.6757681484,
              2.2302018421
            ],
            [
              34.6807665798,
              2.2390711385
            ],
            [
              34.6846704213,
              2.2415412057
            ],
            [
              34.6963444374,
              2.2418349882
            ],
            [
              34.7055610582,
              2.2456998093
            ],
            [
              34.7172721675,
              2.2531090206
            ],
            [
              34.7249209963,
              2.2583753405
            ]
          ]
        ]
      },
      "properties": {
        "country": "Uganda",
        "country_code": "UGA",
        "species_name": "Eucalyptus_tereticornis",
        "genus": "Eucalyptus",
        "species": "tereticornis",
        "suitability_name": "Marginally suitable",
        "suitability_rank": 3,
        "soil_suitability": "S3",
        "soil_type": "Ferruginous Soils",
        "soil_description": "On crystalline acid rock-Complex with Black clays",
        "site_class": null,
        "maz": "IV",
        "maz_zone": null,
        "tz": "3",
        "frost_risk": null,
        "source_layer": "SWIFT_SSMT_Uganda"
      }
    },
    {
      "type": "Feature",
      "geometry": {
        "type": "Polygon",
        "coordinates": [
          [
            [
              34.8726231625,
              1.9189900838
            ],
            [
              34.8726390535,
              1.9224396138
            ],
            [
              34.8643422923,
              1.9224783219
            ],
            [
              34.8643808261,
              1.9308263186
            ],
            [
              34.8601745363,
              1.930846012
            ],
            [
              34.8595754202,
              1.9286755224
            ],
            [
              34.8595459051,
              1.9222735309
            ],
            [
              34.8620039445,
              1.9187053597
            ],
            [
              34.8642674654,
              1.9123839129
            ],
            [
              34.8687917674,
              1.916225609
            ],
            [
              34.8726231625,
              1.9189900838
            ]
          ]
        ]
      },
      "properties": {
        "country": "Uganda",
        "country_code": "UGA",
        "species_name": "Eucalyptus_tereticornis",
        "genus": "Eucalyptus",
        "species": "tereticornis",
        "suitability_name": "Marginally suitable",
        "suitability_rank": 3,
        "soil_suitability": "S2",
        "soil_type": "Ferruginous Soils",
        "soil_description": "On crystalline acid rock - freely drained",
        "site_class": null,
        "maz": "IV",
        "maz_zone": null,
        "tz": "3",
        "frost_risk": null,
        "source_layer": "SWIFT_SSMT_Uganda"
      }
    },
    {
      "type": "Feature",
      "geometry": {
        "type": "Polygon",
        "coordinates": [
          [
            [
              34.9552917523,
              1.8552812051
            ],
            [
              34.9469969843,
              1.8553189513
            ],
            [
              34.9470345631,
              1.8636652694
            ],
            [
              34.9387395878,
              1.8637031461
            ],
            [
              34.9387772972,
              1.8720496336
            ],
            [
              34.9353955604,
              1.8720651334
            ],
            [
              34.9345560793,
              1.8693930143
            ],
            [
              34.9271399239,
              1.8575730922
            ],
            [
              34.9197293534,
              1.8469380902
            ],
            [
              34.9120310526,
              1.8377857454
            ],
            [
              34.9046169789,
              1.8262608589
            ],
            [
              34.8972096599,
              1.8162173356
            ],
            [
              34.8862283756,
              1.7970014897
            ],
            [
              34.8852988559,
              1.7863360192
            ],
            [
              34.8873035406,
              1.7729904573
            ],
            [
              34.8916535286,
              1.7569676375
            ],
            [
              34.8998227815,
              1.738558028
            ],
            [
              34.9071311488,
              1.7254872096
            ],
            [
              34.9194302488,
              1.7085433913
            ],
            [
              34.9293723679,
              1.6913139223
            ],
            [
              34.9361212746,
              1.6853592089
            ],
            [
              34.9440407838,
              1.6776218525
            ],
            [
              34.9557762705,
              1.666905878
            ],
            [
              34.9698457658,
              1.650847288
            ],
            [
              34.9736522378,
              1.6454982236
            ],
            [
              34.9785775939,
              1.6394101392
            ],
            [
              34.98796,
              1.6570599999
            ],
            [
              34.9912400001,
              1.6643600004
            ],
            [
              34.9932800001,
              1.6848800001
            ],
            [
              34.995,
              1.7097300004
            ],
            [
              34.9965,
              1.7281700004
            ],
            [
              34.9972900005,
              1.7358699996
            ],
            [
              34.9987381016,
              1.7465923444
            ],
            [
              34.9962870186,
              1.7466029079
            ],
            [
              34.9962515908,
              1.7382575903
            ],
            [
              34.9796646124,
              1.7383286478
            ],
            [
              34.9796294252,
              1.7299829876
            ],
            [
              34.9713357176,
              1.7300182928
            ],
            [
              34.9715131687,
              1.7717474317
            ],
            [
              34.9798070572,
              1.7717112744
            ],
            [
              34.9798430916,
              1.7800569274
            ],
            [
              34.9881368459,
              1.7800205636
            ],
            [
              34.9881730875,
              1.7883660444
            ],
            [
              34.9964667094,
              1.788329473
            ],
            [
              34.9965031577,
              1.7966747814
            ],
            [
              35.0002477739,
              1.79665818
            ],
            [
              35.0002238909,
              1.8133490749
            ],
            [
              34.9965765634,
              1.813365394
            ],
            [
              34.9966135217,
              1.8217106991
            ],
            [
              34.9883197515,
              1.8217479533
            ],
            [
              34.9883568415,
              1.830093426
            ],
            [
              34.9634744026,
              1.8302054762
            ],
            [
              34.9635115493,
              1.8385514591
            ],
            [
              34.9552170261,
              1.8385889029
            ],
            [
              34.9552543044,
              1.8469350545
            ],
            [
              34.9552917523,
              1.8552812051
            ]
          ]
        ]
      },
      "properties": {
        "country": "Uganda",
        "country_code": "UGA",
        "species_name": "Eucalyptus_tereticornis",
        "genus": "Eucalyptus",
        "species": "tereticornis",
        "suitability_name": "Marginally suitable",
        "suitability_rank": 3,
        "soil_suitability": "S2",
        "soil_type": "Ferruginous Soils",
        "soil_description": "On crystalline acid rock - freely drained",
        "site_class": null,
        "maz": "IV",
        "maz_zone": null,
        "tz": "3",
        "frost_risk": null,
        "source_layer": "SWIFT_SSMT_Uganda"
      }
    },
    {
      "type": "Feature",
      "geometry": {
        "type": "Polygon",
        "coordinates": [
          [
            [
              30.4797502991,
              0.9193642845
            ],
            [
              30.4797512626,
              0.9203577216
            ],
            [
              30.4788127298,
              0.919365205
            ],
            [
              30.4797502991,
              0.9193642845
            ]
          ]
        ]
      },
      "properties": {
        "country": "Uganda",
        "country_code": "UGA",
        "species_name": "Eucalyptus_tereticornis",
        "genus": "Eucalyptus",
        "species": "tereticornis",
        "suitability_name": "Marginally suitable",
        "suitability_rank": 3,
        "soil_suitability": "S4",
        "soil_type": "Lithosols",
        "soil_description": "Not differentiated",
        "site_class": null,
        "maz": "III",
        "maz_zone": null,
        "tz": "2",
        "frost_risk": null,
        "source_layer": "SWIFT_SSMT_Uganda"
      }
    },
    {
      "type": "Feature",
      "geometry": {
        "type": "Polygon",
        "coordinates": [
          [
            [
              30.1122634463,
              0.6504144412
            ],
            [
              30.1185483576,
              0.6612680832
            ],
            [
              30.1331598987,
              0.6759583512
            ],
            [
              30.1648892609,
              0.7243370438
            ],
            [
              30.1712403106,
              0.7429412444
            ],
            [
              30.1619912346,
              0.7429479239
            ],
            [
              30.1619852801,
              0.7345329638
            ],
            [
              30.1536259231,
              0.734538915
            ],
            [
              30.1536142491,
              0.7177088562
            ],
            [
              30.1452548544,
              0.717714656
            ],
            [
              30.1452434813,
              0.700884459
            ],
            [
              30.1368840493,
              0.7008901082
            ],
            [
              30.1368784785,
              0.6924749413
            ],
            [
              30.1285189937,
              0.6924805071
            ],
            [
              30.1285135056,
              0.6840652727
            ],
            [
              30.1201539689,
              0.6840707573
            ],
            [
              30.1201432212,
              0.6672401515
            ],
            [
              30.1117836462,
              0.6672454865
            ],
            [
              30.1117783869,
              0.6588301161
            ],
            [
              30.095059064,
              0.6588406095
            ],
            [
              30.0950539002,
              0.650425104
            ],
            [
              30.0866941533,
              0.650430263
            ],
            [
              30.0866840503,
              0.633599119
            ],
            [
              30.0783242643,
              0.6336041299
            ],
            [
              30.0783193255,
              0.6251884907
            ],
            [
              30.0699594866,
              0.6251934228
            ],
            [
              30.0699546275,
              0.6167777166
            ],
            [
              30.0615947357,
              0.6167825695
            ],
            [
              30.0615899551,
              0.6083667975
            ],
            [
              30.0532300121,
              0.6083715697
            ],
            [
              30.0532253088,
              0.5999557311
            ],
            [
              30.0365052504,
              0.5999651056
            ],
            [
              30.0364916121,
              0.5747171937
            ],
            [
              30.0281315226,
              0.5747216658
            ],
            [
              30.0281271194,
              0.5663056283
            ],
            [
              30.0114067683,
              0.5663144054
            ],
            [
              30.0114024544,
              0.5578982375
            ],
            [
              29.9946818693,
              0.5579068365
            ],
            [
              29.994677643,
              0.5494905389
            ],
            [
              29.9863172658,
              0.5494947565
            ],
            [
              29.9863131156,
              0.5410783929
            ],
            [
              29.9779526857,
              0.5410825341
            ],
            [
              29.9779504126,
              0.536403495
            ],
            [
              29.9794500738,
              0.5353099993
            ],
            [
              29.979590075,
              0.53423
            ],
            [
              29.9787000749,
              0.5336899989
            ],
            [
              29.9779487645,
              0.5329887774
            ],
            [
              29.9779445983,
              0.5242496795
            ],
            [
              29.9863050056,
              0.5242456678
            ],
            [
              29.986309028,
              0.5326620309
            ],
            [
              29.9946693822,
              0.5326579422
            ],
            [
              29.9946734812,
              0.5410742411
            ],
            [
              30.0197541909,
              0.5410617153
            ],
            [
              30.0197583875,
              0.5494778182
            ],
            [
              30.0364785606,
              0.5494692789
            ],
            [
              30.0364828459,
              0.557885251
            ],
            [
              30.0448428466,
              0.5578808976
            ],
            [
              30.0448561302,
              0.5831286146
            ],
            [
              30.0532161026,
              0.5831240523
            ],
            [
              30.0532206732,
              0.5915398922
            ],
            [
              30.078300231,
              0.5915259314
            ],
            [
              30.0783096462,
              0.6083572118
            ],
            [
              30.086669393,
              0.6083524002
            ],
            [
              30.0866790987,
              0.6251835459
            ],
            [
              30.0980499468,
              0.6251767986
            ],
            [
              30.1034042559,
              0.6349848348
            ],
            [
              30.1034084693,
              0.6420044937
            ],
            [
              30.1073922935,
              0.6420020559
            ],
            [
              30.1117726748,
              0.6495668961
            ],
            [
              30.1117731949,
              0.6504147456
            ],
            [
              30.1122634463,
              0.6504144412
            ]
          ]
        ]
      },
      "properties": {
        "country": "Uganda",
        "country_code": "UGA",
        "species_name": "Eucalyptus_tereticornis",
        "genus": "Eucalyptus",
        "species": "tereticornis",
        "suitability_name": "Marginally suitable",
        "suitability_rank": 3,
        "soil_suitability": "S1",
        "soil_type": "Ferrisols",
        "soil_description": "Humic of high altitudes",
        "site_class": null,
        "maz": "I",
        "maz_zone": null,
        "tz": "6",
        "frost_risk": null,
        "source_layer": "SWIFT_SSMT_Uganda"
      }
    },
    {
      "type": "Feature",
      "geometry": {
        "type": "Polygon",
        "coordinates": [
          [
            [
              30.1678714704,
              0.7008690917
            ],
            [
              30.1703213712,
              0.7008674225
            ],
            [
              30.1703251333,
              0.7064337791
            ],
            [
              30.1687923321,
              0.7031820367
            ],
            [
              30.1678714704,
              0.7008690917
            ]
          ]
        ]
      },
      "properties": {
        "country": "Uganda",
        "country_code": "UGA",
        "species_name": "Eucalyptus_tereticornis",
        "genus": "Eucalyptus",
        "species": "tereticornis",
        "suitability_name": "Marginally suitable",
        "suitability_rank": 3,
        "soil_suitability": "S1",
        "soil_type": "Ferrisols",
        "soil_description": "Humic of high altitudes",
        "site_class": null,
        "maz": "I",
        "maz_zone": null,
        "tz": "6",
        "frost_risk": null,
        "source_layer": "SWIFT_SSMT_Uganda"
      }
    },
    {
      "type": "Feature",
      "geometry": {
        "type": "Polygon",
        "coordinates": [
          [
            [
              30.1571354825,
              0.6756313792
            ],
            [
              30.1619455012,
              0.6756282271
            ],
            [
              30.1619522646,
              0.6860013141
            ],
            [
              30.160944136,
              0.6834690362
            ],
            [
              30.1571354825,
              0.6756313792
            ]
          ]
        ]
      },
      "properties": {
        "country": "Uganda",
        "country_code": "UGA",
        "species_name": "Eucalyptus_tereticornis",
        "genus": "Eucalyptus",
        "species": "tereticornis",
        "suitability_name": "Marginally suitable",
        "suitability_rank": 3,
        "soil_suitability": "S1",
        "soil_type": "Ferrisols",
        "soil_description": "Humic of high altitudes",
        "site_class": null,
        "maz": "I",
        "maz_zone": null,
        "tz": "6",
        "frost_risk": null,
        "source_layer": "SWIFT_SSMT_Uganda"
      }
    },
    {
      "type": "Feature",
      "geometry": {
        "type": "Polygon",
        "coordinates": [
          [
            [
              30.1468831239,
              0.6588079004
            ],
            [
              30.1535755221,
              0.6588036372
            ],
            [
              30.153581552,
              0.6683177463
            ],
            [
              30.1534551951,
              0.6680577122
            ],
            [
              30.1468831239,
              0.6588079004
            ]
          ]
        ]
      },
      "properties": {
        "country": "Uganda",
        "country_code": "UGA",
        "species_name": "Eucalyptus_tereticornis",
        "genus": "Eucalyptus",
        "species": "tereticornis",
        "suitability_name": "Marginally suitable",
        "suitability_rank": 3,
        "soil_suitability": "S1",
        "soil_type": "Ferrisols",
        "soil_description": "Humic of high altitudes",
        "site_class": null,
        "maz": "I",
        "maz_zone": null,
        "tz": "6",
        "frost_risk": null,
        "source_layer": "SWIFT_SSMT_Uganda"
      }
    },
    {
      "type": "Feature",
      "geometry": {
        "type": "Polygon",
        "coordinates": [
          [
            [
              30.1395341831,
              0.6167368198
            ],
            [
              30.1451906642,
              0.6167334548
            ],
            [
              30.1452006876,
              0.6335636585
            ],
            [
              30.1535599384,
              0.633558538
            ],
            [
              30.1535702596,
              0.650388604
            ],
            [
              30.1452109821,
              0.6503938607
            ],
            [
              30.1452147575,
              0.6564597365
            ],
            [
              30.144543683,
              0.6555152193
            ],
            [
              30.1395501155,
              0.643328591
            ],
            [
              30.1395341831,
              0.6167368198
            ]
          ]
        ]
      },
      "properties": {
        "country": "Uganda",
        "country_code": "UGA",
        "species_name": "Eucalyptus_tereticornis",
        "genus": "Eucalyptus",
        "species": "tereticornis",
        "suitability_name": "Marginally suitable",
        "suitability_rank": 3,
        "soil_suitability": "S1",
        "soil_type": "Ferrisols",
        "soil_description": "Humic of high altitudes",
        "site_class": null,
        "maz": "I",
        "maz_zone": null,
        "tz": "6",
        "frost_risk": null,
        "source_layer": "SWIFT_SSMT_Uganda"
      }
    },
    {
      "type": "Feature",
      "geometry": {
        "type": "Polygon",
        "coordinates": [
          [
            [
              30.1351490362,
              0.591493864
            ],
            [
              30.1368168812,
              0.5914929144
            ],
            [
              30.1368198439,
              0.5967417124
            ],
            [
              30.1363159261,
              0.5942127725
            ],
            [
              30.1351490362,
              0.591493864
            ]
          ]
        ]
      },
      "properties": {
        "country": "Uganda",
        "country_code": "UGA",
        "species_name": "Eucalyptus_tereticornis",
        "genus": "Eucalyptus",
        "species": "tereticornis",
        "suitability_name": "Marginally suitable",
        "suitability_rank": 3,
        "soil_suitability": "S1",
        "soil_type": "Ferrisols",
        "soil_description": "Humic of high altitudes",
        "site_class": null,
        "maz": "I",
        "maz_zone": null,
        "tz": "6",
        "frost_risk": null,
        "source_layer": "SWIFT_SSMT_Uganda"
      }
    },
    {
      "type": "Feature",
      "geometry": {
        "type": "Polygon",
        "coordinates": [
          [
            [
              30.1280378913,
              0.5746674181
            ],
            [
              30.1284482615,
              0.5746671917
            ],
            [
              30.1284489164,
              0.5758689788
            ],
            [
              30.1280378913,
              0.5746674181
            ]
          ]
        ]
      },
      "properties": {
        "country": "Uganda",
        "country_code": "UGA",
        "species_name": "Eucalyptus_tereticornis",
        "genus": "Eucalyptus",
        "species": "tereticornis",
        "suitability_name": "Marginally suitable",
        "suitability_rank": 3,
        "soil_suitability": "S1",
        "soil_type": "Ferrisols",
        "soil_description": "Humic of high altitudes",
        "site_class": null,
        "maz": "I",
        "maz_zone": null,
        "tz": "6",
        "frost_risk": null,
        "source_layer": "SWIFT_SSMT_Uganda"
      }
    },
    {
      "type": "Feature",
      "geometry": {
        "type": "Polygon",
        "coordinates": [
          [
            [
              30.0865924805,
              0.4533820384
            ],
            [
              30.0865939652,
              0.4568720352
            ],
            [
              30.0849165074,
              0.4568727612
            ],
            [
              30.0865924805,
              0.4533820384
            ]
          ]
        ]
      },
      "properties": {
        "country": "Uganda",
        "country_code": "UGA",
        "species_name": "Eucalyptus_tereticornis",
        "genus": "Eucalyptus",
        "species": "tereticornis",
        "suitability_name": "Marginally suitable",
        "suitability_rank": 3,
        "soil_suitability": "S1",
        "soil_type": "Ferrisols",
        "soil_description": "Humic of high altitudes",
        "site_class": null,
        "maz": "I",
        "maz_zone": null,
        "tz": "6",
        "frost_risk": null,
        "source_layer": "SWIFT_SSMT_Uganda"
      }
    },
    {
      "type": "Feature",
      "geometry": {
        "type": "Polygon",
        "coordinates": [
          [
            [
              30.0305278428,
              0.2549115068
            ],
            [
              30.0363696102,
              0.2549101198
            ],
            [
              30.0363707945,
              0.2599090242
            ],
            [
              30.0305278428,
              0.2549115068
            ]
          ]
        ]
      },
      "properties": {
        "country": "Uganda",
        "country_code": "UGA",
        "species_name": "Eucalyptus_tereticornis",
        "genus": "Eucalyptus",
        "species": "tereticornis",
        "suitability_name": "Marginally suitable",
        "suitability_rank": 3,
        "soil_suitability": "S1",
        "soil_type": "Ferrisols",
        "soil_description": "Humic of high altitudes",
        "site_class": null,
        "maz": "I",
        "maz_zone": null,
        "tz": "6",
        "frost_risk": null,
        "source_layer": "SWIFT_SSMT_Uganda"
      }
    },
    {
      "type": "Feature",
      "geometry": {
        "type": "Polygon",
        "coordinates": [
          [
            [
              30.0201149651,
              0.2464978652
            ],
            [
              30.0280079207,
              0.2464960591
            ],
            [
              30.0280093627,
              0.2527929265
            ],
            [
              30.0201149651,
              0.2464978652
            ]
          ]
        ]
      },
      "properties": {
        "country": "Uganda",
        "country_code": "UGA",
        "species_name": "Eucalyptus_tereticornis",
        "genus": "Eucalyptus",
        "species": "tereticornis",
        "suitability_name": "Marginally suitable",
        "suitability_rank": 3,
        "soil_suitability": "S1",
        "soil_type": "Ferrisols",
        "soil_description": "Humic of high altitudes",
        "site_class": null,
        "maz": "I",
        "maz_zone": null,
        "tz": "6",
        "frost_risk": null,
        "source_layer": "SWIFT_SSMT_Uganda"
      }
    },
    {
      "type": "Feature",
      "geometry": {
        "type": "Polygon",
        "coordinates": [
          [
            [
              30.0096082327,
              0.2380840731
            ],
            [
              30.0196462406,
              0.2380818617
            ],
            [
              30.0196480219,
              0.2461255182
            ],
            [
              30.0097423061,
              0.2382264852
            ],
            [
              30.0096082327,
              0.2380840731
            ]
          ]
        ]
      },
      "properties": {
        "country": "Uganda",
        "country_code": "UGA",
        "species_name": "Eucalyptus_tereticornis",
        "genus": "Eucalyptus",
        "species": "tereticornis",
        "suitability_name": "Marginally suitable",
        "suitability_rank": 3,
        "soil_suitability": "S1",
        "soil_type": "Ferrisols",
        "soil_description": "Humic of high altitudes",
        "site_class": null,
        "maz": "I",
        "maz_zone": null,
        "tz": "6",
        "frost_risk": null,
        "source_layer": "SWIFT_SSMT_Uganda"
      }
    },
    {
      "type": "Feature",
      "geometry": {
        "type": "Polygon",
        "coordinates": [
          [
            [
              29.7931674583,
              0.1371162319
            ],
            [
              29.7917290456,
              0.1392889387
            ],
            [
              29.7855306084,
              0.142800032
            ],
            [
              29.7855299372,
              0.1371171285
            ],
            [
              29.7931674583,
              0.1371162319
            ]
          ]
        ]
      },
      "properties": {
        "country": "Uganda",
        "country_code": "UGA",
        "species_name": "Eucalyptus_tereticornis",
        "genus": "Eucalyptus",
        "species": "tereticornis",
        "suitability_name": "Marginally suitable",
        "suitability_rank": 3,
        "soil_suitability": "S1",
        "soil_type": "Ferrisols",
        "soil_description": "Humic of high altitudes",
        "site_class": null,
        "maz": "I",
        "maz_zone": null,
        "tz": "6",
        "frost_risk": null,
        "source_layer": "SWIFT_SSMT_Uganda"
      }
    },
    {
      "type": "Feature",
      "geometry": {
        "type": "Polygon",
        "coordinates": [
          [
            [
              29.799594395,
              0.1286977103
            ],
            [
              29.7974278426,
              0.1306810136
            ],
            [
              29.7938913192,
              0.1360228501
            ],
            [
              29.7938904992,
              0.1286983402
            ],
            [
              29.799594395,
              0.1286977103
            ]
          ]
        ]
      },
      "properties": {
        "country": "Uganda",
        "country_code": "UGA",
        "species_name": "Eucalyptus_tereticornis",
        "genus": "Eucalyptus",
        "species": "tereticornis",
        "suitability_name": "Marginally suitable",
        "suitability_rank": 3,
        "soil_suitability": "S1",
        "soil_type": "Ferrisols",
        "soil_description": "Humic of high altitudes",
        "site_class": null,
        "maz": "I",
        "maz_zone": null,
        "tz": "6",
        "frost_risk": null,
        "source_layer": "SWIFT_SSMT_Uganda"
      }
    },
    {
      "type": "Feature",
      "geometry": {
        "type": "Polygon",
        "coordinates": [
          [
            [
              29.8356972326,
              0.129691627
            ],
            [
              29.8298447181,
              0.1299601048
            ],
            [
              29.8173763346,
              0.1260165894
            ],
            [
              29.8106128895,
              0.1246154968
            ],
            [
              29.8106116057,
              0.1118611184
            ],
            [
              29.8479843118,
              0.1118574875
            ],
            [
              29.8444484521,
              0.1166894901
            ],
            [
              29.8401745782,
              0.1242209859
            ],
            [
              29.8381019996,
              0.1286934228
            ],
            [
              29.8356971222,
              0.1286936922
            ],
            [
              29.8356972326,
              0.129691627
            ]
          ]
        ]
      },
      "properties": {
        "country": "Uganda",
        "country_code": "UGA",
        "species_name": "Eucalyptus_tereticornis",
        "genus": "Eucalyptus",
        "species": "tereticornis",
        "suitability_name": "Marginally suitable",
        "suitability_rank": 3,
        "soil_suitability": "S1",
        "soil_type": "Ferrisols",
        "soil_description": "Humic of high altitudes",
        "site_class": null,
        "maz": "I",
        "maz_zone": null,
        "tz": "6",
        "frost_risk": null,
        "source_layer": "SWIFT_SSMT_Uganda"
      }
    },
    {
      "type": "Feature",
      "geometry": {
        "type": "Polygon",
        "coordinates": [
          [
            [
              29.9977426923,
              0.0284279295
            ],
            [
              30.0018812366,
              0.0331262104
            ],
            [
              30.0107857756,
              0.0428072476
            ],
            [
              30.0168408474,
              0.0489026126
            ],
            [
              30.0261017451,
              0.0618104206
            ],
            [
              30.0342941949,
              0.0740009618
            ],
            [
              30.0399934846,
              0.0843987298
            ],
            [
              30.0488984318,
              0.0969474273
            ],
            [
              30.0570911888,
              0.1098545386
            ],
            [
              30.062435389,
              0.1274229242
            ],
            [
              30.0638619676,
              0.1431989194
            ],
            [
              30.0627948468,
              0.1528799039
            ],
            [
              30.0614293474,
              0.1539376764
            ],
            [
              30.0614281762,
              0.1454989682
            ],
            [
              30.0530686715,
              0.1455001104
            ],
            [
              30.0530665382,
              0.1286684123
            ],
            [
              30.0447069749,
              0.1286694197
            ],
            [
              30.0447051079,
              0.1118375889
            ],
            [
              30.0363454835,
              0.1118384621
            ],
            [
              30.0363446509,
              0.1034224814
            ],
            [
              30.0279849644,
              0.1034232863
            ],
            [
              30.0279834974,
              0.0865911944
            ],
            [
              30.0196237499,
              0.0865918657
            ],
            [
              30.0196225468,
              0.069759642
            ],
            [
              30.019621603,
              0.0529274197
            ],
            [
              30.011261796,
              0.052927829
            ],
            [
              30.0112614224,
              0.044511653
            ],
            [
              30.0029015516,
              0.0445119959
            ],
            [
              30.0029012438,
              0.0360957537
            ],
            [
              29.9945413101,
              0.0360960324
            ],
            [
              29.9945410687,
              0.0277373303
            ],
            [
              29.9977426923,
              0.0284279295
            ]
          ]
        ]
      },
      "properties": {
        "country": "Uganda",
        "country_code": "UGA",
        "species_name": "Eucalyptus_tereticornis",
        "genus": "Eucalyptus",
        "species": "tereticornis",
        "suitability_name": "Marginally suitable",
        "suitability_rank": 3,
        "soil_suitability": "S4",
        "soil_type": "Lithosols",
        "soil_description": "Not differentiated",
        "site_class": null,
        "maz": "III",
        "maz_zone": null,
        "tz": "2",
        "frost_risk": null,
        "source_layer": "SWIFT_SSMT_Uganda"
      }
    },
    {
      "type": "Feature",
      "geometry": {
        "type": "Polygon",
        "coordinates": [
          [
            [
              29.9880959123,
              0.0276798893
            ],
            [
              29.9910941117,
              0.0269938093
            ],
            [
              29.9942740453,
              0.0276797323
            ],
            [
              29.9880959123,
              0.0276798893
            ]
          ]
        ]
      },
      "properties": {
        "country": "Uganda",
        "country_code": "UGA",
        "species_name": "Eucalyptus_tereticornis",
        "genus": "Eucalyptus",
        "species": "tereticornis",
        "suitability_name": "Marginally suitable",
        "suitability_rank": 3,
        "soil_suitability": "S4",
        "soil_type": "Lithosols",
        "soil_description": "Not differentiated",
        "site_class": null,
        "maz": "III",
        "maz_zone": null,
        "tz": "2",
        "frost_risk": null,
        "source_layer": "SWIFT_SSMT_Uganda"
      }
    },
    {
      "type": "Feature",
      "geometry": {
        "type": "Polygon",
        "coordinates": [
          [
            [
              30.103235494,
              0.2100521995
            ],
            [
              30.1044011217,
              0.2128165758
            ],
            [
              30.1032360435,
              0.2128168117
            ],
            [
              30.103235494,
              0.2100521995
            ]
          ]
        ]
      },
      "properties": {
        "country": "Uganda",
        "country_code": "UGA",
        "species_name": "Eucalyptus_tereticornis",
        "genus": "Eucalyptus",
        "species": "tereticornis",
        "suitability_name": "Marginally suitable",
        "suitability_rank": 3,
        "soil_suitability": "S4",
        "soil_type": "Lithosols",
        "soil_description": "Not differentiated",
        "site_class": null,
        "maz": "III",
        "maz_zone": null,
        "tz": "2",
        "frost_risk": null,
        "source_layer": "SWIFT_SSMT_Uganda"
      }
    },
    {
      "type": "Feature",
      "geometry": {
        "type": "Polygon",
        "coordinates": [
          [
            [
              30.0697939794,
              0.1867126697
            ],
            [
              30.0706354514,
              0.1865821893
            ],
            [
              30.0802514198,
              0.186580495
            ],
            [
              30.0873749341,
              0.1901646497
            ],
            [
              30.0944988081,
              0.1958999865
            ],
            [
              30.099485838,
              0.2016356519
            ],
            [
              30.1007181989,
              0.2044018526
            ],
            [
              30.0865159281,
              0.2044046097
            ],
            [
              30.0865143523,
              0.1959890259
            ],
            [
              30.0697956306,
              0.1959921225
            ],
            [
              30.0697939794,
              0.1867126697
            ]
          ]
        ]
      },
      "properties": {
        "country": "Uganda",
        "country_code": "UGA",
        "species_name": "Eucalyptus_tereticornis",
        "genus": "Eucalyptus",
        "species": "tereticornis",
        "suitability_name": "Marginally suitable",
        "suitability_rank": 3,
        "soil_suitability": "S4",
        "soil_type": "Lithosols",
        "soil_description": "Not differentiated",
        "site_class": null,
        "maz": "III",
        "maz_zone": null,
        "tz": "2",
        "frost_risk": null,
        "source_layer": "SWIFT_SSMT_Uganda"
      }
    },
    {
      "type": "Feature",
      "geometry": {
        "type": "Polygon",
        "coordinates": [
          [
            [
              30.1701261013,
              0.2907173801
            ],
            [
              30.1766925705,
              0.296950278
            ],
            [
              30.1701278602,
              0.2969521769
            ],
            [
              30.1701261013,
              0.2907173801
            ]
          ]
        ]
      },
      "properties": {
        "country": "Uganda",
        "country_code": "UGA",
        "species_name": "Eucalyptus_tereticornis",
        "genus": "Eucalyptus",
        "species": "tereticornis",
        "suitability_name": "Marginally suitable",
        "suitability_rank": 3,
        "soil_suitability": "S4",
        "soil_type": "Lithosols",
        "soil_description": "Not differentiated",
        "site_class": null,
        "maz": "III",
        "maz_zone": null,
        "tz": "2",
        "frost_risk": null,
        "source_layer": "SWIFT_SSMT_Uganda"
      }
    },
    {
      "type": "Feature",
      "geometry": {
        "type": "Polygon",
        "coordinates": [
          [
            [
              30.1617652052,
              0.2827810868
            ],
            [
              30.1678300165,
              0.2885379141
            ],
            [
              30.1617667806,
              0.2885396144
            ],
            [
              30.1617652052,
              0.2827810868
            ]
          ]
        ]
      },
      "properties": {
        "country": "Uganda",
        "country_code": "UGA",
        "species_name": "Eucalyptus_tereticornis",
        "genus": "Eucalyptus",
        "species": "tereticornis",
        "suitability_name": "Marginally suitable",
        "suitability_rank": 3,
        "soil_suitability": "S4",
        "soil_type": "Lithosols",
        "soil_description": "Not differentiated",
        "site_class": null,
        "maz": "III",
        "maz_zone": null,
        "tz": "2",
        "frost_risk": null,
        "source_layer": "SWIFT_SSMT_Uganda"
      }
    },
    {
      "type": "Feature",
      "geometry": {
        "type": "Polygon",
        "coordinates": [
          [
            [
              30.3038464097,
              0.2548437746
            ],
            [
              30.3038561843,
              0.2906536861
            ],
            [
              30.3024315417,
              0.2826816114
            ],
            [
              30.3027246363,
              0.2695377905
            ],
            [
              30.3033137131,
              0.2528092494
            ],
            [
              30.30384554,
              0.2514101819
            ],
            [
              30.3038464097,
              0.2548437746
            ]
          ]
        ]
      },
      "properties": {
        "country": "Uganda",
        "country_code": "UGA",
        "species_name": "Eucalyptus_tereticornis",
        "genus": "Eucalyptus",
        "species": "tereticornis",
        "suitability_name": "Marginally suitable",
        "suitability_rank": 3,
        "soil_suitability": "S4",
        "soil_type": "Lithosols",
        "soil_description": "Not differentiated",
        "site_class": null,
        "maz": "III",
        "maz_zone": null,
        "tz": "2",
        "frost_risk": null,
        "source_layer": "SWIFT_SSMT_Uganda"
      }
    },
    {
      "type": "Feature",
      "geometry": {
        "type": "Polygon",
        "coordinates": [
          [
            [
              30.3121997606,
              0.2380141772
            ],
            [
              30.3090250933,
              0.2380149451
            ],
            [
              30.3121982548,
              0.2316221177
            ],
            [
              30.3121997606,
              0.2380141772
            ]
          ]
        ]
      },
      "properties": {
        "country": "Uganda",
        "country_code": "UGA",
        "species_name": "Eucalyptus_tereticornis",
        "genus": "Eucalyptus",
        "species": "tereticornis",
        "suitability_name": "Marginally suitable",
        "suitability_rank": 3,
        "soil_suitability": "S4",
        "soil_type": "Lithosols",
        "soil_description": "Not differentiated",
        "site_class": null,
        "maz": "III",
        "maz_zone": null,
        "tz": "2",
        "frost_risk": null,
        "source_layer": "SWIFT_SSMT_Uganda"
      }
    },
    {
      "type": "Feature",
      "geometry": {
        "type": "Polygon",
        "coordinates": [
          [
            [
              30.3205504884,
              0.2081460563
            ],
            [
              30.3205533043,
              0.2211848602
            ],
            [
              30.3173153956,
              0.2211855901
            ],
            [
              30.3205504884,
              0.2081460563
            ]
          ]
        ]
      },
      "properties": {
        "country": "Uganda",
        "country_code": "UGA",
        "species_name": "Eucalyptus_tereticornis",
        "genus": "Eucalyptus",
        "species": "tereticornis",
        "suitability_name": "Marginally suitable",
        "suitability_rank": 3,
        "soil_suitability": "S4",
        "soil_type": "Lithosols",
        "soil_description": "Not differentiated",
        "site_class": null,
        "maz": "III",
        "maz_zone": null,
        "tz": "2",
        "frost_risk": null,
        "source_layer": "SWIFT_SSMT_Uganda"
      }
    },
    {
      "type": "Feature",
      "geometry": {
        "type": "Polygon",
        "coordinates": [
          [
            [
              30.3127136015,
              0.111808345
            ],
            [
              30.3205349862,
              0.1118074538
            ],
            [
              30.3205370214,
              0.1286347481
            ],
            [
              30.3288943294,
              0.1286336501
            ],
            [
              30.3288979245,
              0.1538743763
            ],
            [
              30.3372551708,
              0.1538730605
            ],
            [
              30.3372565148,
              0.1622865625
            ],
            [
              30.3456136924,
              0.1622851712
            ],
            [
              30.3456166037,
              0.1791120334
            ],
            [
              30.3372594192,
              0.1791135689
            ],
            [
              30.3372609786,
              0.1875270716
            ],
            [
              30.3289037184,
              0.1875286749
            ],
            [
              30.3289070429,
              0.2043558246
            ],
            [
              30.3214904899,
              0.2043573718
            ],
            [
              30.3222920768,
              0.2011266164
            ],
            [
              30.3208020318,
              0.1661771728
            ],
            [
              30.3178325172,
              0.1515405557
            ],
            [
              30.31515989,
              0.1366050925
            ],
            [
              30.3130800036,
              0.1139028016
            ],
            [
              30.3127136015,
              0.111808345
            ]
          ]
        ]
      },
      "properties": {
        "country": "Uganda",
        "country_code": "UGA",
        "species_name": "Eucalyptus_tereticornis",
        "genus": "Eucalyptus",
        "species": "tereticornis",
        "suitability_name": "Marginally suitable",
        "suitability_rank": 3,
        "soil_suitability": "S4",
        "soil_type": "Lithosols",
        "soil_description": "Not differentiated",
        "site_class": null,
        "maz": "III",
        "maz_zone": null,
        "tz": "2",
        "frost_risk": null,
        "source_layer": "SWIFT_SSMT_Uganda"
      }
    },
    {
      "type": "Feature",
      "geometry": {
        "type": "Polygon",
        "coordinates": [
          [
            [
              30.3205324686,
              0.086566512
            ],
            [
              30.3121751,
              0.0865672486
            ],
            [
              30.3121772728,
              0.1087424878
            ],
            [
              30.3065486019,
              0.0765635377
            ],
            [
              30.3056574623,
              0.0625237473
            ],
            [
              30.3026940848,
              0.0421979352
            ],
            [
              30.3041979197,
              0.0406987316
            ],
            [
              30.3046823088,
              0.0385759708
            ],
            [
              30.304941626,
              0.0379710129
            ],
            [
              30.305507144,
              0.0374385506
            ],
            [
              30.3055476384,
              0.0369558452
            ],
            [
              30.3054170314,
              0.0365636054
            ],
            [
              30.3043710567,
              0.0362983917
            ],
            [
              30.3035985049,
              0.0354705378
            ],
            [
              30.3034533703,
              0.0350201876
            ],
            [
              30.3037581656,
              0.0343595049
            ],
            [
              30.3037601315,
              0.033768021
            ],
            [
              30.3035400442,
              0.0330954062
            ],
            [
              30.3014426178,
              0.0320187627
            ],
            [
              30.3012707453,
              0.0317649882
            ],
            [
              30.3011718603,
              0.0309691378
            ],
            [
              30.3007889538,
              0.0304511323
            ],
            [
              30.3003122851,
              0.0301342653
            ],
            [
              30.3003939049,
              0.0285982871
            ],
            [
              30.2985287087,
              0.0276438977
            ],
            [
              30.2983428701,
              0.0267232648
            ],
            [
              30.2986099787,
              0.0254309533
            ],
            [
              30.2985597986,
              0.0243896104
            ],
            [
              30.2982595648,
              0.0241688906
            ],
            [
              30.298558957,
              0.0227053392
            ],
            [
              30.2984310176,
              0.0200699772
            ],
            [
              30.2985177603,
              0.0191723632
            ],
            [
              30.2993009791,
              0.0177753432
            ],
            [
              30.2999589951,
              0.0161552176
            ],
            [
              30.2998704963,
              0.0133945121
            ],
            [
              30.3000907951,
              0.0116747304
            ],
            [
              30.3004394523,
              0.011000783
            ],
            [
              30.3003490605,
              0.0087702939
            ],
            [
              30.2997309775,
              0.0070844791
            ],
            [
              30.2986524376,
              0.0057289356
            ],
            [
              30.2986063978,
              0.0048064775
            ],
            [
              30.2978632538,
              0.0034936034
            ],
            [
              30.2978184085,
              0.0028303947
            ],
            [
              30.2973003319,
              0.0013449471
            ],
            [
              30.2964230719,
              0.0004984953
            ],
            [
              30.2962551292,
              -0.0006181536
            ],
            [
              30.2959926524,
              -0.0013412268
            ],
            [
              30.2956364842,
              -0.0016584439
            ],
            [
              30.2944592714,
              -0.0036793036
            ],
            [
              30.2920097467,
              -0.0056153132
            ],
            [
              30.2914920223,
              -0.0066707628
            ],
            [
              30.2913494151,
              -0.0078050965
            ],
            [
              30.2910898166,
              -0.008164844
            ],
            [
              30.2903875165,
              -0.0100976249
            ],
            [
              30.2899954156,
              -0.010269008
            ],
            [
              30.2892061614,
              -0.0102727964
            ],
            [
              30.2879942082,
              -0.0107078484
            ],
            [
              30.2864646153,
              -0.0107998551
            ],
            [
              30.2839431569,
              -0.01154644
            ],
            [
              30.2835982174,
              -0.0113654427
            ],
            [
              30.2828270703,
              -0.0112933672
            ],
            [
              30.2823065386,
              -0.0114230608
            ],
            [
              30.2816477518,
              -0.0118287769
            ],
            [
              30.280354669,
              -0.0139622759
            ],
            [
              30.279782765,
              -0.0151961255
            ],
            [
              30.2795197964,
              -0.0164791026
            ],
            [
              30.2793427305,
              -0.0190922169
            ],
            [
              30.2789107675,
              -0.0197350047
            ],
            [
              30.2787686511,
              -0.021179677
            ],
            [
              30.2783786557,
              -0.0221135738
            ],
            [
              30.2785546697,
              -0.0235271577
            ],
            [
              30.278418027,
              -0.0239486637
            ],
            [
              30.2777310964,
              -0.0247006517
            ],
            [
              30.2764590686,
              -0.0272894844
            ],
            [
              30.275852285,
              -0.0281708151
            ],
            [
              30.275798525,
              -0.0287396311
            ],
            [
              30.2754117592,
              -0.0294506337
            ],
            [
              30.2753219976,
              -0.0300511012
            ],
            [
              30.2757578913,
              -0.0314258743
            ],
            [
              30.2757576811,
              -0.0320941365
            ],
            [
              30.275533382,
              -0.0327061136
            ],
            [
              30.2746235574,
              -0.0335416868
            ],
            [
              30.2746150663,
              -0.0344624609
            ],
            [
              30.2737893175,
              -0.0352946655
            ],
            [
              30.27312667,
              -0.0349402507
            ],
            [
              30.2713494794,
              -0.0350861568
            ],
            [
              30.2710008207,
              -0.0357745618
            ],
            [
              30.2705211347,
              -0.0359661552
            ],
            [
              30.270382527,
              -0.036615469
            ],
            [
              30.2692964083,
              -0.0376636195
            ],
            [
              30.2688060542,
              -0.0384624182
            ],
            [
              30.2680355375,
              -0.0391181182
            ],
            [
              30.2680253612,
              -0.0398727024
            ],
            [
              30.2673307116,
              -0.0406604836
            ],
            [
              30.2666343067,
              -0.0417917992
            ],
            [
              30.2659715187,
              -0.0421117538
            ],
            [
              30.2649326312,
              -0.0434261711
            ],
            [
              30.263520942,
              -0.0444555134
            ],
            [
              30.2736214556,
              -0.0552240437
            ],
            [
              30.2807437829,
              -0.0686066602
            ],
            [
              30.2821695218,
              -0.087247159
            ],
            [
              30.2769490841,
              -0.1078001791
            ],
            [
              30.2612847698,
              -0.1340904463
            ],
            [
              30.2446709159,
              -0.1579917691
            ],
            [
              30.2375343134,
              -0.1658567658
            ],
            [
              30.2787548576,
              -0.1658499276
            ],
            [
              30.2787535065,
              -0.1574359245
            ],
            [
              30.2787522264,
              -0.1490219216
            ],
            [
              30.2871098958,
              -0.1490206661
            ],
            [
              30.2871086826,
              -0.1406067341
            ],
            [
              30.2871064673,
              -0.1237788687
            ],
            [
              30.2954640579,
              -0.1237778244
            ],
            [
              30.2954604653,
              -0.0901223781
            ],
            [
              30.2954597427,
              -0.0817085171
            ],
            [
              30.2954571947,
              -0.0396392086
            ],
            [
              30.3038146979,
              -0.0396388726
            ],
            [
              30.3038141718,
              -0.0228112918
            ],
            [
              30.3038140149,
              -0.0143975024
            ],
            [
              30.3121714446,
              -0.0143973794
            ],
            [
              30.3121713436,
              0.0024300586
            ],
            [
              30.312171399,
              0.0108437776
            ],
            [
              30.3205287585,
              0.0108436846
            ],
            [
              30.3205296949,
              0.0444982748
            ],
            [
              30.3205305912,
              0.0613255693
            ],
            [
              30.3288878827,
              0.0613250467
            ],
            [
              30.3288884386,
              0.0697386228
            ],
            [
              30.3205311456,
              0.0697392171
            ],
            [
              30.3205324686,
              0.086566512
            ]
          ]
        ]
      },
      "properties": {
        "country": "Uganda",
        "country_code": "UGA",
        "species_name": "Eucalyptus_tereticornis",
        "genus": "Eucalyptus",
        "species": "tereticornis",
        "suitability_name": "Marginally suitable",
        "suitability_rank": 3,
        "soil_suitability": "S4",
        "soil_type": "Lithosols",
        "soil_description": "Not differentiated",
        "site_class": null,
        "maz": "III",
        "maz_zone": null,
        "tz": "2",
        "frost_risk": null,
        "source_layer": "SWIFT_SSMT_Uganda"
      }
    },
    {
      "type": "Feature",
      "geometry": {
        "type": "Polygon",
        "coordinates": [
          [
            [
              30.2222619934,
              -0.1826882324
            ],
            [
              30.2286101979,
              -0.1826870841
            ],
            [
              30.2286089718,
              -0.1756932296
            ],
            [
              30.2222619934,
              -0.1826882324
            ]
          ]
        ]
      },
      "properties": {
        "country": "Uganda",
        "country_code": "UGA",
        "species_name": "Eucalyptus_tereticornis",
        "genus": "Eucalyptus",
        "species": "tereticornis",
        "suitability_name": "Marginally suitable",
        "suitability_rank": 3,
        "soil_suitability": "S4",
        "soil_type": "Lithosols",
        "soil_description": "Not differentiated",
        "site_class": null,
        "maz": "III",
        "maz_zone": null,
        "tz": "2",
        "frost_risk": null,
        "source_layer": "SWIFT_SSMT_Uganda"
      }
    },
    {
      "type": "Feature",
      "geometry": {
        "type": "Polygon",
        "coordinates": [
          [
            [
              30.2136505944,
              -0.1911043353
            ],
            [
              30.2202535597,
              -0.1911030892
            ],
            [
              30.2202524229,
              -0.184902997
            ],
            [
              30.2195116982,
              -0.1857193593
            ],
            [
              30.2136505944,
              -0.1911043353
            ]
          ]
        ]
      },
      "properties": {
        "country": "Uganda",
        "country_code": "UGA",
        "species_name": "Eucalyptus_tereticornis",
        "genus": "Eucalyptus",
        "species": "tereticornis",
        "suitability_name": "Marginally suitable",
        "suitability_rank": 3,
        "soil_suitability": "S4",
        "soil_type": "Lithosols",
        "soil_description": "Not differentiated",
        "site_class": null,
        "maz": "III",
        "maz_zone": null,
        "tz": "2",
        "frost_risk": null,
        "source_layer": "SWIFT_SSMT_Uganda"
      }
    },
    {
      "type": "Feature",
      "geometry": {
        "type": "Polygon",
        "coordinates": [
          [
            [
              30.1487257535,
              -0.9034409734
            ],
            [
              30.1488484165,
              -0.897982813
            ],
            [
              30.1203139157,
              -0.8980074664
            ],
            [
              30.1203176222,
              -0.902364845
            ],
            [
              30.1208840623,
              -0.9022970826
            ],
            [
              30.1212982177,
              -0.902618953
            ],
            [
              30.1218303122,
              -0.902704985
            ],
            [
              30.1221468278,
              -0.9024017973
            ],
            [
              30.1232789683,
              -0.9024048156
            ],
            [
              30.1240180608,
              -0.9029457627
            ],
            [
              30.1255566704,
              -0.9032961591
            ],
            [
              30.1262600415,
              -0.9040461021
            ],
            [
              30.1269473928,
              -0.9043421409
            ],
            [
              30.1273376686,
              -0.9036068948
            ],
            [
              30.1277958089,
              -0.9032931686
            ],
            [
              30.1284239633,
              -0.9023937983
            ],
            [
              30.1288312757,
              -0.9021993454
            ],
            [
              30.1292420259,
              -0.9012774152
            ],
            [
              30.1301599576,
              -0.9010717316
            ],
            [
              30.1304914568,
              -0.9006241778
            ],
            [
              30.1309713541,
              -0.9004052101
            ],
            [
              30.1316684429,
              -0.9005529137
            ],
            [
              30.1327470356,
              -0.9002438355
            ],
            [
              30.1336111017,
              -0.9001999693
            ],
            [
              30.1341027537,
              -0.9003630186
            ],
            [
              30.1345455248,
              -0.9007695528
            ],
            [
              30.1347319255,
              -0.901431431
            ],
            [
              30.1351277099,
              -0.9020326343
            ],
            [
              30.1353262705,
              -0.9030280226
            ],
            [
              30.1353100414,
              -0.9040318264
            ],
            [
              30.1357237918,
              -0.9041182486
            ],
            [
              30.1368332991,
              -0.9034360911
            ],
            [
              30.1369264647,
              -0.9027303524
            ],
            [
              30.1374637685,
              -0.9023228497
            ],
            [
              30.1375665134,
              -0.9013467406
            ],
            [
              30.1386602305,
              -0.9001550372
            ],
            [
              30.1392902613,
              -0.8998061844
            ],
            [
              30.1406393137,
              -0.9007128622
            ],
            [
              30.1411030684,
              -0.9017190255
            ],
            [
              30.1416625151,
              -0.9025043362
            ],
            [
              30.1419342908,
              -0.90258646
            ],
            [
              30.142286283,
              -0.9024545623
            ],
            [
              30.1432207765,
              -0.9029779945
            ],
            [
              30.1434445663,
              -0.9028549249
            ],
            [
              30.1436450724,
              -0.9023617157
            ],
            [
              30.1441332682,
              -0.9019597953
            ],
            [
              30.1442227497,
              -0.9012773846
            ],
            [
              30.1444555391,
              -0.9010785645
            ],
            [
              30.1449991073,
              -0.9009825737
            ],
            [
              30.1467242937,
              -0.9015708577
            ],
            [
              30.1471897691,
              -0.9020925664
            ],
            [
              30.1484218988,
              -0.9028256816
            ],
            [
              30.1487257535,
              -0.9034409734
            ]
          ]
        ]
      },
      "properties": {
        "country": "Uganda",
        "country_code": "UGA",
        "species_name": "Eucalyptus_tereticornis",
        "genus": "Eucalyptus",
        "species": "tereticornis",
        "suitability_name": "Marginally suitable",
        "suitability_rank": 3,
        "soil_suitability": "S4",
        "soil_type": "Lithosols",
        "soil_description": "Not differentiated",
        "site_class": null,
        "maz": "III",
        "maz_zone": null,
        "tz": "3",
        "frost_risk": null,
        "source_layer": "SWIFT_SSMT_Uganda"
      }
    },
    {
      "type": "Feature",
      "geometry": {
        "type": "Polygon",
        "coordinates": [
          [
            [
              33.6505841931,
              3.3507502614
            ],
            [
              33.6422552156,
              3.350807277
            ],
            [
              33.6423119841,
              3.3591779313
            ],
            [
              33.6006646164,
              3.359462665
            ],
            [
              33.6006081987,
              3.3510912995
            ],
            [
              33.592278369,
              3.3511478936
            ],
            [
              33.5922221618,
              3.3427763858
            ],
            [
              33.5838922614,
              3.3428327672
            ],
            [
              33.5838362653,
              3.3344611147
            ],
            [
              33.5671761795,
              3.3345733875
            ],
            [
              33.5672320363,
              3.3429453225
            ],
            [
              33.5589017129,
              3.3430014945
            ],
            [
              33.5589576407,
              3.3513735681
            ],
            [
              33.5506271068,
              3.3514298116
            ],
            [
              33.5506831061,
              3.3598020228
            ],
            [
              33.5423523608,
              3.3598583366
            ],
            [
              33.5424646392,
              3.3766030359
            ],
            [
              33.5507955243,
              3.37654644
            ],
            [
              33.551022049,
              3.4100352465
            ],
            [
              33.5426908812,
              3.4100924038
            ],
            [
              33.5425209892,
              3.3849753808
            ],
            [
              33.5341898932,
              3.3850320462
            ],
            [
              33.5339098988,
              3.3431695907
            ],
            [
              33.5422406435,
              3.3431136281
            ],
            [
              33.5421294882,
              3.3263689106
            ],
            [
              33.5504599535,
              3.3263131599
            ],
            [
              33.5504045168,
              3.3179409387
            ],
            [
              33.5753948624,
              3.3177736901
            ],
            [
              33.5754505069,
              3.3261454895
            ],
            [
              33.6004397924,
              3.3259771915
            ],
            [
              33.6004957863,
              3.3343485632
            ],
            [
              33.6338131273,
              3.3341226223
            ],
            [
              33.6338695412,
              3.342493423
            ],
            [
              33.6505274974,
              3.3423797485
            ],
            [
              33.6505841931,
              3.3507502614
            ]
          ]
        ]
      },
      "properties": {
        "country": "Uganda",
        "country_code": "UGA",
        "species_name": "Eucalyptus_tereticornis",
        "genus": "Eucalyptus",
        "species": "tereticornis",
        "suitability_name": "Marginally suitable",
        "suitability_rank": 3,
        "soil_suitability": "S4",
        "soil_type": "Lithosols",
        "soil_description": "Not differentiated",
        "site_class": null,
        "maz": "III",
        "maz_zone": null,
        "tz": "2",
        "frost_risk": null,
        "source_layer": "SWIFT_SSMT_Uganda"
      }
    },
    {
      "type": "Feature",
      "geometry": {
        "type": "Polygon",
        "coordinates": [
          [
            [
              33.6576743748,
              3.3841847955
            ],
            [
              33.6590778154,
              3.3849190792
            ],
            [
              33.6630154975,
              3.3898845951
            ],
            [
              33.666608213,
              3.396278921
            ],
            [
              33.6684292261,
              3.4030421226
            ],
            [
              33.6673006491,
              3.4092299413
            ],
            [
              33.6593143813,
              3.4092857024
            ],
            [
              33.6592566172,
              3.4009153488
            ],
            [
              33.6509273608,
              3.4009732908
            ],
            [
              33.6508124013,
              3.3842322915
            ],
            [
              33.6576743748,
              3.3841847955
            ]
          ]
        ]
      },
      "properties": {
        "country": "Uganda",
        "country_code": "UGA",
        "species_name": "Eucalyptus_tereticornis",
        "genus": "Eucalyptus",
        "species": "tereticornis",
        "suitability_name": "Marginally suitable",
        "suitability_rank": 3,
        "soil_suitability": "S4",
        "soil_type": "Lithosols",
        "soil_description": "Not differentiated",
        "site_class": null,
        "maz": "III",
        "maz_zone": null,
        "tz": "2",
        "frost_risk": null,
        "source_layer": "SWIFT_SSMT_Uganda"
      }
    },
    {
      "type": "Feature",
      "geometry": {
        "type": "Polygon",
        "coordinates": [
          [
            [
              34.1883576774,
              2.8619602209
            ],
            [
              34.1884101256,
              2.8703212147
            ],
            [
              34.1800944551,
              2.8703739964
            ],
            [
              34.1800420664,
              2.8620128489
            ],
            [
              34.1717263021,
              2.8620654161
            ],
            [
              34.171674126,
              2.853704113
            ],
            [
              34.1883053826,
              2.8535992251
            ],
            [
              34.1883576774,
              2.8619602209
            ]
          ]
        ]
      },
      "properties": {
        "country": "Uganda",
        "country_code": "UGA",
        "species_name": "Eucalyptus_tereticornis",
        "genus": "Eucalyptus",
        "species": "tereticornis",
        "suitability_name": "Marginally suitable",
        "suitability_rank": 3,
        "soil_suitability": "S3",
        "soil_type": "Ferruginous Soils",
        "soil_description": "On crystalline acid rock-Complex with Black clays",
        "site_class": null,
        "maz": "IV",
        "maz_zone": null,
        "tz": "2",
        "frost_risk": null,
        "source_layer": "SWIFT_SSMT_Uganda"
      }
    },
    {
      "type": "Feature",
      "geometry": {
        "type": "Polygon",
        "coordinates": [
          [
            [
              34.2049432633,
              2.8546502583
            ],
            [
              34.2049884373,
              2.8618547874
            ],
            [
              34.1966731341,
              2.861907534
            ],
            [
              34.1966207808,
              2.8535466922
            ],
            [
              34.199709341,
              2.8535271645
            ],
            [
              34.2049432633,
              2.8546502583
            ]
          ]
        ]
      },
      "properties": {
        "country": "Uganda",
        "country_code": "UGA",
        "species_name": "Eucalyptus_tereticornis",
        "genus": "Eucalyptus",
        "species": "tereticornis",
        "suitability_name": "Marginally suitable",
        "suitability_rank": 3,
        "soil_suitability": "S3",
        "soil_type": "Ferruginous Soils",
        "soil_description": "On crystalline acid rock-Complex with Black clays",
        "site_class": null,
        "maz": "IV",
        "maz_zone": null,
        "tz": "2",
        "frost_risk": null,
        "source_layer": "SWIFT_SSMT_Uganda"
      }
    },
    {
      "type": "Feature",
      "geometry": {
        "type": "Polygon",
        "coordinates": [
          [
            [
              34.6259152072,
              2.374632246
            ],
            [
              34.6259613598,
              2.3829849513
            ],
            [
              34.6342653444,
              2.3829384212
            ],
            [
              34.6344049261,
              2.4079960346
            ],
            [
              34.6427088961,
              2.4079489654
            ],
            [
              34.6427557991,
              2.4163013354
            ],
            [
              34.6261475976,
              2.4163957515
            ],
            [
              34.6261007949,
              2.4080430543
            ],
            [
              34.6177965001,
              2.4080900246
            ],
            [
              34.6176111101,
              2.374678563
            ],
            [
              34.6259152072,
              2.374632246
            ]
          ]
        ]
      },
      "properties": {
        "country": "Uganda",
        "country_code": "UGA",
        "species_name": "Eucalyptus_tereticornis",
        "genus": "Eucalyptus",
        "species": "tereticornis",
        "suitability_name": "Marginally suitable",
        "suitability_rank": 3,
        "soil_suitability": "S3",
        "soil_type": "Ferruginous Soils",
        "soil_description": "On crystalline acid rock-Complex with Black clays",
        "site_class": null,
        "maz": "IV",
        "maz_zone": null,
        "tz": "2",
        "frost_risk": null,
        "source_layer": "SWIFT_SSMT_Uganda"
      }
    },
    {
      "type": "Feature",
      "geometry": {
        "type": "Polygon",
        "coordinates": [
          [
            [
              34.6852658095,
              2.5855643518
            ],
            [
              34.676961896,
              2.5856707877
            ],
            [
              34.6769466341,
              2.5831457841
            ],
            [
              34.685250868,
              2.5830950136
            ],
            [
              34.6852658095,
              2.5855643518
            ]
          ]
        ]
      },
      "properties": {
        "country": "Uganda",
        "country_code": "UGA",
        "species_name": "Eucalyptus_tereticornis",
        "genus": "Eucalyptus",
        "species": "tereticornis",
        "suitability_name": "Marginally suitable",
        "suitability_rank": 3,
        "soil_suitability": "S1",
        "soil_type": "Eutrophic Soils",
        "soil_description": "On volcanic ash",
        "site_class": null,
        "maz": "IV",
        "maz_zone": null,
        "tz": "2",
        "frost_risk": null,
        "source_layer": "SWIFT_SSMT_Uganda"
      }
    },
    {
      "type": "Feature",
      "geometry": {
        "type": "Polygon",
        "coordinates": [
          [
            [
              34.6769466341,
              2.5831457841
            ],
            [
              34.6686422363,
              2.5831965012
            ],
            [
              34.668591915,
              2.5748446623
            ],
            [
              34.67689626,
              2.5747941097
            ],
            [
              34.6769466341,
              2.5831457841
            ]
          ]
        ]
      },
      "properties": {
        "country": "Uganda",
        "country_code": "UGA",
        "species_name": "Eucalyptus_tereticornis",
        "genus": "Eucalyptus",
        "species": "tereticornis",
        "suitability_name": "Marginally suitable",
        "suitability_rank": 3,
        "soil_suitability": "S1",
        "soil_type": "Eutrophic Soils",
        "soil_description": "On volcanic ash",
        "site_class": null,
        "maz": "IV",
        "maz_zone": null,
        "tz": "2",
        "frost_risk": null,
        "source_layer": "SWIFT_SSMT_Uganda"
      }
    },
    {
      "type": "Feature",
      "geometry": {
        "type": "Polygon",
        "coordinates": [
          [
            [
              34.6601873623,
              2.5581911491
            ],
            [
              34.6684917641,
              2.5581409773
            ],
            [
              34.6685417577,
              2.566492821
            ],
            [
              34.6602373042,
              2.5665431554
            ],
            [
              34.6601873623,
              2.5581911491
            ]
          ]
        ]
      },
      "properties": {
        "country": "Uganda",
        "country_code": "UGA",
        "species_name": "Eucalyptus_tereticornis",
        "genus": "Eucalyptus",
        "species": "tereticornis",
        "suitability_name": "Marginally suitable",
        "suitability_rank": 3,
        "soil_suitability": "S1",
        "soil_type": "Eutrophic Soils",
        "soil_description": "On volcanic ash",
        "site_class": null,
        "maz": "IV",
        "maz_zone": null,
        "tz": "2",
        "frost_risk": null,
        "source_layer": "SWIFT_SSMT_Uganda"
      }
    },
    {
      "type": "Feature",
      "geometry": {
        "type": "Polygon",
        "coordinates": [
          [
            [
              34.8179938186,
              2.5655776891
            ],
            [
              34.8180449294,
              2.5739265483
            ],
            [
              34.8097433911,
              2.5739780076
            ],
            [
              34.8096923338,
              2.5656289825
            ],
            [
              34.8179938186,
              2.5655776891
            ]
          ]
        ]
      },
      "properties": {
        "country": "Uganda",
        "country_code": "UGA",
        "species_name": "Eucalyptus_tereticornis",
        "genus": "Eucalyptus",
        "species": "tereticornis",
        "suitability_name": "Marginally suitable",
        "suitability_rank": 3,
        "soil_suitability": "S2",
        "soil_type": "Ferruginous Soils",
        "soil_description": "On crystalline acid rock - freely drained",
        "site_class": null,
        "maz": "IV",
        "maz_zone": null,
        "tz": "2",
        "frost_risk": null,
        "source_layer": "SWIFT_SSMT_Uganda"
      }
    },
    {
      "type": "Feature",
      "geometry": {
        "type": "Polygon",
        "coordinates": [
          [
            [
              34.8345452402,
              2.5571264181
            ],
            [
              34.8345962894,
              2.5654749448
            ],
            [
              34.8179938186,
              2.5655776891
            ],
            [
              34.817942874,
              2.5572288283
            ],
            [
              34.8345452402,
              2.5571264181
            ]
          ]
        ]
      },
      "properties": {
        "country": "Uganda",
        "country_code": "UGA",
        "species_name": "Eucalyptus_tereticornis",
        "genus": "Eucalyptus",
        "species": "tereticornis",
        "suitability_name": "Marginally suitable",
        "suitability_rank": 3,
        "soil_suitability": "S2",
        "soil_type": "Ferruginous Soils",
        "soil_description": "On crystalline acid rock - freely drained",
        "site_class": null,
        "maz": "IV",
        "maz_zone": null,
        "tz": "2",
        "frost_risk": null,
        "source_layer": "SWIFT_SSMT_Uganda"
      }
    },
    {
      "type": "Feature",
      "geometry": {
        "type": "Polygon",
        "coordinates": [
          [
            [
              34.8426434335,
              2.5236816771
            ],
            [
              34.8426938682,
              2.5320300448
            ],
            [
              34.8343930926,
              2.5320808265
            ],
            [
              34.8343427105,
              2.5237322915
            ],
            [
              34.8426434335,
              2.5236816771
            ]
          ]
        ]
      },
      "properties": {
        "country": "Uganda",
        "country_code": "UGA",
        "species_name": "Eucalyptus_tereticornis",
        "genus": "Eucalyptus",
        "species": "tereticornis",
        "suitability_name": "Marginally suitable",
        "suitability_rank": 3,
        "soil_suitability": "S2",
        "soil_type": "Ferruginous Soils",
        "soil_description": "On crystalline acid rock - freely drained",
        "site_class": null,
        "maz": "IV",
        "maz_zone": null,
        "tz": "2",
        "frost_risk": null,
        "source_layer": "SWIFT_SSMT_Uganda"
      }
    },
    {
      "type": "Feature",
      "geometry": {
        "type": "Polygon",
        "coordinates": [
          [
            [
              34.6853014591,
              2.5914465218
            ],
            [
              34.6936055817,
              2.5913955332
            ],
            [
              34.6936563903,
              2.599746875
            ],
            [
              34.6853522135,
              2.5997980276
            ],
            [
              34.6853014591,
              2.5914465218
            ]
          ]
        ]
      },
      "properties": {
        "country": "Uganda",
        "country_code": "UGA",
        "species_name": "Eucalyptus_tereticornis",
        "genus": "Eucalyptus",
        "species": "tereticornis",
        "suitability_name": "Marginally suitable",
        "suitability_rank": 3,
        "soil_suitability": "S2",
        "soil_type": "Ferruginous Soils",
        "soil_description": "On crystalline acid rock - freely drained",
        "site_class": null,
        "maz": "IV",
        "maz_zone": null,
        "tz": "2",
        "frost_risk": null,
        "source_layer": "SWIFT_SSMT_Uganda"
      }
    },
    {
      "type": "Feature",
      "geometry": {
        "type": "Polygon",
        "coordinates": [
          [
            [
              34.6853014591,
              2.5914465218
            ],
            [
              34.6769971713,
              2.591497456
            ],
            [
              34.676961896,
              2.5856707877
            ],
            [
              34.6852658095,
              2.5855643518
            ],
            [
              34.6853014591,
              2.5914465218
            ]
          ]
        ]
      },
      "properties": {
        "country": "Uganda",
        "country_code": "UGA",
        "species_name": "Eucalyptus_tereticornis",
        "genus": "Eucalyptus",
        "species": "tereticornis",
        "suitability_name": "Marginally suitable",
        "suitability_rank": 3,
        "soil_suitability": "S2",
        "soil_type": "Ferruginous Soils",
        "soil_description": "On crystalline acid rock - freely drained",
        "site_class": null,
        "maz": "IV",
        "maz_zone": null,
        "tz": "2",
        "frost_risk": null,
        "source_layer": "SWIFT_SSMT_Uganda"
      }
    },
    {
      "type": "Feature",
      "geometry": {
        "type": "Polygon",
        "coordinates": [
          [
            [
              34.5508126059,
              2.3082139272
            ],
            [
              34.5591176101,
              2.3081692973
            ],
            [
              34.5591620827,
              2.3165233174
            ],
            [
              34.5508570296,
              2.3165681082
            ],
            [
              34.5508126059,
              2.3082139272
            ]
          ]
        ]
      },
      "properties": {
        "country": "Uganda",
        "country_code": "UGA",
        "species_name": "Eucalyptus_tereticornis",
        "genus": "Eucalyptus",
        "species": "tereticornis",
        "suitability_name": "Marginally suitable",
        "suitability_rank": 3,
        "soil_suitability": "S3",
        "soil_type": "Ferruginous Soils",
        "soil_description": "On crystalline acid rock-Complex with Black clays",
        "site_class": null,
        "maz": "IV",
        "maz_zone": null,
        "tz": "2",
        "frost_risk": null,
        "source_layer": "SWIFT_SSMT_Uganda"
      }
    },
    {
      "type": "Feature",
      "geometry": {
        "type": "Polygon",
        "coordinates": [
          [
            [
              34.368630583,
              2.416429463
            ],
            [
              34.3686381972,
              2.4178335303
            ],
            [
              34.3437098342,
              2.4179701081
            ],
            [
              34.3437550996,
              2.4263282512
            ],
            [
              34.3354452817,
              2.4263738339
            ],
            [
              34.3354906538,
              2.4347321335
            ],
            [
              34.3188704468,
              2.4348234607
            ],
            [
              34.3189158752,
              2.4431820715
            ],
            [
              34.3022949441,
              2.4432735097
            ],
            [
              34.3023404254,
              2.451632432
            ],
            [
              34.2940296748,
              2.4516782312
            ],
            [
              34.294075263,
              2.4600373073
            ],
            [
              34.2857643057,
              2.4600832118
            ],
            [
              34.2858099979,
              2.4684424426
            ],
            [
              34.2691875172,
              2.4685344097
            ],
            [
              34.2692332621,
              2.4768939504
            ],
            [
              34.2526100575,
              2.4769860223
            ],
            [
              34.2526558545,
              2.4853458724
            ],
            [
              34.2480616125,
              2.4853713672
            ],
            [
              34.2471041226,
              2.4690066122
            ],
            [
              34.245413765,
              2.4292421015
            ],
            [
              34.2408513854,
              2.4037400877
            ],
            [
              34.2374740243,
              2.3788249155
            ],
            [
              34.236501966,
              2.3622078531
            ],
            [
              34.2390822412,
              2.3476499143
            ],
            [
              34.2430591539,
              2.3176501877
            ],
            [
              34.250033494,
              2.2965401633
            ],
            [
              34.2667570901,
              2.2777555815
            ],
            [
              34.2814687985,
              2.2696670265
            ],
            [
              34.2997322104,
              2.2639350557
            ],
            [
              34.3171486525,
              2.2659236867
            ],
            [
              34.3295689855,
              2.2717954565
            ],
            [
              34.3467666583,
              2.2889187335
            ],
            [
              34.3530301478,
              2.3022399114
            ],
            [
              34.3530960943,
              2.3149997097
            ],
            [
              34.3490215769,
              2.3257040802
            ],
            [
              34.3449658363,
              2.3399695753
            ],
            [
              34.3441774516,
              2.358372472
            ],
            [
              34.3442606635,
              2.3740999695
            ],
            [
              34.3448917211,
              2.3818121626
            ],
            [
              34.351455012,
              2.3954272261
            ],
            [
              34.3565340795,
              2.4072694842
            ],
            [
              34.3642412692,
              2.4140524475
            ],
            [
              34.368630583,
              2.416429463
            ]
          ]
        ]
      },
      "properties": {
        "country": "Uganda",
        "country_code": "UGA",
        "species_name": "Eucalyptus_tereticornis",
        "genus": "Eucalyptus",
        "species": "tereticornis",
        "suitability_name": "Marginally suitable",
        "suitability_rank": 3,
        "soil_suitability": "S3",
        "soil_type": "Ferruginous Soils",
        "soil_description": "On crystalline acid rock-Complex with Black clays",
        "site_class": null,
        "maz": "IV",
        "maz_zone": null,
        "tz": "2",
        "frost_risk": null,
        "source_layer": "SWIFT_SSMT_Uganda"
      }
    },
    {
      "type": "Feature",
      "geometry": {
        "type": "Polygon",
        "coordinates": [
          [
            [
              34.5508126059,
              2.3082139272
            ],
            [
              34.5342021135,
              2.3083030415
            ],
            [
              34.5341579465,
              2.2999485349
            ],
            [
              34.5258525066,
              2.2999928598
            ],
            [
              34.5258966276,
              2.3083475277
            ],
            [
              34.5175909794,
              2.3083919639
            ],
            [
              34.5176796058,
              2.3251016162
            ],
            [
              34.5093737028,
              2.3251463269
            ],
            [
              34.5094182077,
              2.3335013112
            ],
            [
              34.4928058248,
              2.3335909099
            ],
            [
              34.4928503927,
              2.341946213
            ],
            [
              34.4894442572,
              2.3419646256
            ],
            [
              34.4917697799,
              2.3231653035
            ],
            [
              34.4946607627,
              2.3121736837
            ],
            [
              34.5010642214,
              2.2961205261
            ],
            [
              34.5068828967,
              2.2809608271
            ],
            [
              34.510657739,
              2.2696685633
            ],
            [
              34.5162173772,
              2.261333518
            ],
            [
              34.5226708369,
              2.2547737922
            ],
            [
              34.5381992941,
              2.2354121371
            ],
            [
              34.5460874152,
              2.221133578
            ],
            [
              34.5489664211,
              2.2074744551
            ],
            [
              34.5494795992,
              2.1923445206
            ],
            [
              34.5481724419,
              2.1668423361
            ],
            [
              34.5457181866,
              2.1475746539
            ],
            [
              34.5429975874,
              2.1339438114
            ],
            [
              34.5390923456,
              2.1191321478
            ],
            [
              34.5378482934,
              2.1057903073
            ],
            [
              34.5380873615,
              2.0942209083
            ],
            [
              34.5433273991,
              2.0802543765
            ],
            [
              34.5444515538,
              2.068680882
            ],
            [
              34.5443603564,
              2.0494012273
            ],
            [
              34.5546141955,
              2.0532557031
            ],
            [
              34.5652491092,
              2.0578318189
            ],
            [
              34.5744485476,
              2.0581435619
            ],
            [
              34.5829217035,
              2.0545437428
            ],
            [
              34.5885478986,
              2.0473986434
            ],
            [
              34.5937885003,
              2.0334934688
            ],
            [
              34.5937367598,
              2.0224608417
            ],
            [
              34.592258802,
              2.008943625
            ],
            [
              34.592207699,
              1.9979109542
            ],
            [
              34.5909361199,
              1.9854129091
            ],
            [
              34.5941256491,
              1.9738313825
            ],
            [
              34.5996721731,
              1.9619426086
            ],
            [
              34.6075809357,
              1.9509330442
            ],
            [
              34.6164127497,
              1.9485200774
            ],
            [
              34.6267341729,
              1.9496590612
            ],
            [
              34.634678672,
              1.9466570846
            ],
            [
              34.6417307838,
              1.941879973
            ],
            [
              34.6473062935,
              1.931828974
            ],
            [
              34.6569068966,
              1.9317852198
            ],
            [
              34.6569446028,
              1.9401373624
            ],
            [
              34.6571355751,
              1.9818980541
            ],
            [
              34.6654367475,
              1.9818591948
            ],
            [
              34.6655143593,
              1.9985631323
            ],
            [
              34.6738154509,
              1.9985239043
            ],
            [
              34.6738937978,
              2.0152275071
            ],
            [
              34.6655926238,
              2.0152670636
            ],
            [
              34.6656715419,
              2.0319709879
            ],
            [
              34.6490685366,
              2.0320506301
            ],
            [
              34.6491081556,
              2.0404029181
            ],
            [
              34.6408063669,
              2.040442839
            ],
            [
              34.6408461079,
              2.048795289
            ],
            [
              34.6491479386,
              2.0487552044
            ],
            [
              34.6492682624,
              2.0738120517
            ],
            [
              34.6409663044,
              2.0738526276
            ],
            [
              34.6411288444,
              2.1072623886
            ],
            [
              34.6328265503,
              2.107303574
            ],
            [
              34.63286755,
              2.1156561738
            ],
            [
              34.6245650497,
              2.1156974798
            ],
            [
              34.6247304925,
              2.1491085137
            ],
            [
              34.6164276554,
              2.1491504278
            ],
            [
              34.6166378891,
              2.1909149962
            ],
            [
              34.6083346647,
              2.19095768
            ],
            [
              34.6083771531,
              2.1993107509
            ],
            [
              34.600073721,
              2.1993535529
            ],
            [
              34.6001590933,
              2.2160600154
            ],
            [
              34.5918554088,
              2.2161030953
            ],
            [
              34.5920279107,
              2.2495166505
            ],
            [
              34.6003317791,
              2.2494729198
            ],
            [
              34.6003753558,
              2.2578261412
            ],
            [
              34.5920714407,
              2.2578700346
            ],
            [
              34.5921151317,
              2.2662234162
            ],
            [
              34.6004190937,
              2.2661793609
            ],
            [
              34.60055128,
              2.2912390086
            ],
            [
              34.5922471772,
              2.2912835529
            ],
            [
              34.5923806785,
              2.3163436726
            ],
            [
              34.6255966865,
              2.3161632589
            ],
            [
              34.6256417018,
              2.3245159763
            ],
            [
              34.5758164317,
              2.3247872852
            ],
            [
              34.5757717024,
              2.3164335908
            ],
            [
              34.5674669728,
              2.3164784783
            ],
            [
              34.5672459903,
              2.27470917
            ],
            [
              34.5755504837,
              2.2746650925
            ],
            [
              34.5755067239,
              2.2663113876
            ],
            [
              34.5672022776,
              2.266355303
            ],
            [
              34.5671587262,
              2.2580014344
            ],
            [
              34.5505494434,
              2.2580887995
            ],
            [
              34.550592901,
              2.266442991
            ],
            [
              34.542287972,
              2.2664867654
            ],
            [
              34.5423752776,
              2.2831954678
            ],
            [
              34.5506803009,
              2.2831513709
            ],
            [
              34.5508126059,
              2.3082139272
            ]
          ]
        ]
      },
      "properties": {
        "country": "Uganda",
        "country_code": "UGA",
        "species_name": "Eucalyptus_tereticornis",
        "genus": "Eucalyptus",
        "species": "tereticornis",
        "suitability_name": "Marginally suitable",
        "suitability_rank": 3,
        "soil_suitability": "S3",
        "soil_type": "Ferruginous Soils",
        "soil_description": "On crystalline acid rock-Complex with Black clays",
        "site_class": null,
        "maz": "IV",
        "maz_zone": null,
        "tz": "2",
        "frost_risk": null,
        "source_layer": "SWIFT_SSMT_Uganda"
      }
    },
    {
      "type": "Feature",
      "geometry": {
        "type": "Polygon",
        "coordinates": [
          [
            [
              34.5443603564,
              2.0494012273
            ],
            [
              34.5381677883,
              2.0491341068
            ],
            [
              34.52815495,
              2.0515547696
            ],
            [
              34.5216980187,
              2.0578147739
            ],
            [
              34.5158643917,
              2.0711912317
            ],
            [
              34.5106674638,
              2.0943540805
            ],
            [
              34.5065488386,
              2.1569657117
            ],
            [
              34.5031962745,
              2.1943597583
            ],
            [
              34.4962028301,
              2.2110076418
            ],
            [
              34.488886263,
              2.2220212398
            ],
            [
              34.4791849661,
              2.2280041935
            ],
            [
              34.4659416019,
              2.2334122148
            ],
            [
              34.4568598079,
              2.2453259383
            ],
            [
              34.4539789084,
              2.2586913646
            ],
            [
              34.4519876933,
              2.2729423611
            ],
            [
              34.4473102804,
              2.2809772295
            ],
            [
              34.4399416522,
              2.2819058438
            ],
            [
              34.4331581698,
              2.2819413112
            ],
            [
              34.4281212763,
              2.2775171735
            ],
            [
              34.4272013657,
              2.2706979262
            ],
            [
              34.4250321751,
              2.2502369722
            ],
            [
              34.4249060938,
              2.2253149125
            ],
            [
              34.4221595862,
              2.2069334486
            ],
            [
              34.4203074798,
              2.1903274877
            ],
            [
              34.423139875,
              2.166577305
            ],
            [
              34.4239392561,
              2.1490680815
            ],
            [
              34.4273464281,
              2.121755206
            ],
            [
              34.4307298664,
              2.089102366
            ],
            [
              34.4349177158,
              2.0386447474
            ],
            [
              34.4362764808,
              2.0134196963
            ],
            [
              34.4347360492,
              1.9988889139
            ],
            [
              34.4311452852,
              1.9873342885
            ],
            [
              34.4302240625,
              1.9745873315
            ],
            [
              34.4495162307,
              1.974499987
            ],
            [
              34.4494788897,
              1.9661438094
            ],
            [
              34.4577840038,
              1.9661062981
            ],
            [
              34.4577467801,
              1.9577502792
            ],
            [
              34.5158778397,
              1.9574876777
            ],
            [
              34.5158033062,
              1.9407778775
            ],
            [
              34.5432621585,
              1.9406541951
            ],
            [
              34.5456434982,
              1.943503285
            ],
            [
              34.5490420896,
              1.9461963432
            ],
            [
              34.5490545632,
              1.9489824718
            ],
            [
              34.5525382558,
              1.948966668
            ],
            [
              34.5571816011,
              1.9526459238
            ],
            [
              34.5660479073,
              1.9576477972
            ],
            [
              34.5749396895,
              1.9682846107
            ],
            [
              34.5826363102,
              1.975367383
            ],
            [
              34.5909361199,
              1.9854129091
            ],
            [
              34.592207699,
              1.9979109542
            ],
            [
              34.592258802,
              2.008943625
            ],
            [
              34.5937367598,
              2.0224608417
            ],
            [
              34.5937885003,
              2.0334934688
            ],
            [
              34.5885478986,
              2.0473986434
            ],
            [
              34.5829217035,
              2.0545437428
            ],
            [
              34.5744485476,
              2.0581435619
            ],
            [
              34.5652491092,
              2.0578318189
            ],
            [
              34.5546141955,
              2.0532557031
            ],
            [
              34.5443603564,
              2.0494012273
            ]
          ]
        ]
      },
      "properties": {
        "country": "Uganda",
        "country_code": "UGA",
        "species_name": "Eucalyptus_tereticornis",
        "genus": "Eucalyptus",
        "species": "tereticornis",
        "suitability_name": "Marginally suitable",
        "suitability_rank": 3,
        "soil_suitability": "S2",
        "soil_type": "Ferruginous Soils",
        "soil_description": "On crystalline acid rock - freely drained",
        "site_class": null,
        "maz": "IV",
        "maz_zone": null,
        "tz": "2",
        "frost_risk": null,
        "source_layer": "SWIFT_SSMT_Uganda"
      }
    },
    {
      "type": "Feature",
      "geometry": {
        "type": "Polygon",
        "coordinates": [
          [
            [
              34.2135658174,
              2.1594903866
            ],
            [
              34.213223157,
              2.1599325994
            ],
            [
              34.1973268559,
              2.1678456611
            ],
            [
              34.174315822,
              2.1690247938
            ],
            [
              34.1679100203,
              2.1666279621
            ],
            [
              34.1678773685,
              2.1597089328
            ],
            [
              34.1761887645,
              2.1596692785
            ],
            [
              34.1761494008,
              2.151307969
            ],
            [
              34.2093932705,
              2.1511495201
            ],
            [
              34.2094328114,
              2.1595102129
            ],
            [
              34.2135658174,
              2.1594903866
            ]
          ]
        ]
      },
      "properties": {
        "country": "Uganda",
        "country_code": "UGA",
        "species_name": "Eucalyptus_tereticornis",
        "genus": "Eucalyptus",
        "species": "tereticornis",
        "suitability_name": "Marginally suitable",
        "suitability_rank": 3,
        "soil_suitability": "S1",
        "soil_type": "Eutrophic Soils",
        "soil_description": "On volcanic ash",
        "site_class": null,
        "maz": "IV",
        "maz_zone": null,
        "tz": "2",
        "frost_risk": null,
        "source_layer": "SWIFT_SSMT_Uganda"
      }
    },
    {
      "type": "Feature",
      "geometry": {
        "type": "Polygon",
        "coordinates": [
          [
            [
              34.1596929758,
              2.1866008481
            ],
            [
              34.1662610871,
              2.1879443714
            ],
            [
              34.1828956111,
              2.1860827831
            ],
            [
              34.2037836311,
              2.1852691786
            ],
            [
              34.2182974079,
              2.1844863221
            ],
            [
              34.2299987716,
              2.1879913888
            ],
            [
              34.2402991823,
              2.1947087092
            ],
            [
              34.2452818463,
              2.2000270529
            ],
            [
              34.2470954153,
              2.2089226833
            ],
            [
              34.2467813502,
              2.2171164102
            ],
            [
              34.2411512647,
              2.2242679877
            ],
            [
              34.2327640994,
              2.2467497244
            ],
            [
              34.2254327819,
              2.2678021277
            ],
            [
              34.2205879475,
              2.2902673374
            ],
            [
              34.2156862597,
              2.3013346983
            ],
            [
              34.2054766608,
              2.3131419624
            ],
            [
              34.1973681418,
              2.3203079852
            ],
            [
              34.1842636519,
              2.3200190943
            ],
            [
              34.1753760311,
              2.3132961599
            ],
            [
              34.1707381044,
              2.3065512639
            ],
            [
              34.1696327329,
              2.2980070667
            ],
            [
              34.1770035875,
              2.2847888763
            ],
            [
              34.1773009614,
              2.2733877981
            ],
            [
              34.1758473741,
              2.2659141083
            ],
            [
              34.1676918667,
              2.2638174624
            ],
            [
              34.1492714293,
              2.2628406244
            ],
            [
              34.1234251064,
              2.2643942855
            ],
            [
              34.1149477909,
              2.2690680845
            ],
            [
              34.1128630683,
              2.2772730516
            ],
            [
              34.1186180919,
              2.2950584667
            ],
            [
              34.1214798861,
              2.3007445521
            ],
            [
              34.1190290995,
              2.3064574357
            ],
            [
              34.1123049828,
              2.3075602833
            ],
            [
              34.087844323,
              2.3034080189
            ],
            [
              34.0641015513,
              2.3013892362
            ],
            [
              34.0428640565,
              2.2941228748
            ],
            [
              34.0438270084,
              2.2941180835
            ],
            [
              34.0437043003,
              2.2690269151
            ],
            [
              34.0520185665,
              2.268985973
            ],
            [
              34.0519779179,
              2.2606223973
            ],
            [
              34.0602919878,
              2.2605815583
            ],
            [
              34.0602110474,
              2.2438547051
            ],
            [
              34.076838547,
              2.2437734931
            ],
            [
              34.0767982099,
              2.2354103667
            ],
            [
              34.0851116865,
              2.2353698419
            ],
            [
              34.0850714544,
              2.2270068662
            ],
            [
              34.0933847347,
              2.2269664468
            ],
            [
              34.0933446078,
              2.2186036212
            ],
            [
              34.1016576892,
              2.2185633067
            ],
            [
              34.1015777986,
              2.2018379553
            ],
            [
              34.1265158598,
              2.2017176521
            ],
            [
              34.1265558669,
              2.2100798713
            ],
            [
              34.1514926971,
              2.2099586957
            ],
            [
              34.1514525532,
              2.2015969351
            ],
            [
              34.1597644798,
              2.2015566039
            ],
            [
              34.1596929758,
              2.1866008481
            ]
          ]
        ]
      },
      "properties": {
        "country": "Uganda",
        "country_code": "UGA",
        "species_name": "Eucalyptus_tereticornis",
        "genus": "Eucalyptus",
        "species": "tereticornis",
        "suitability_name": "Marginally suitable",
        "suitability_rank": 3,
        "soil_suitability": "S2",
        "soil_type": "Ferruginous Soils",
        "soil_description": "On crystalline acid rock - freely drained",
        "site_class": null,
        "maz": "IV",
        "maz_zone": null,
        "tz": "2",
        "frost_risk": null,
        "source_layer": "SWIFT_SSMT_Uganda"
      }
    },
    {
      "type": "Feature",
      "geometry": {
        "type": "Polygon",
        "coordinates": [
          [
            [
              33.7953653603,
              3.7849058954
            ],
            [
              33.7870349691,
              3.7849716828
            ],
            [
              33.7869695882,
              3.776603612
            ],
            [
              33.7786391311,
              3.7766691746
            ],
            [
              33.7785739755,
              3.7683009555
            ],
            [
              33.7869043544,
              3.7682355382
            ],
            [
              33.7868392659,
              3.7598674603
            ],
            [
              33.7951694206,
              3.7598021107
            ],
            [
              33.7953653603,
              3.7849058954
            ]
          ]
        ]
      },
      "properties": {
        "country": "Uganda",
        "country_code": "UGA",
        "species_name": "Eucalyptus_tereticornis",
        "genus": "Eucalyptus",
        "species": "tereticornis",
        "suitability_name": "Marginally suitable",
        "suitability_rank": 3,
        "soil_suitability": "S2",
        "soil_type": "Ferruginous Soils",
        "soil_description": "On crystalline acid rock - freely drained",
        "site_class": null,
        "maz": "IV",
        "maz_zone": null,
        "tz": "2",
        "frost_risk": null,
        "source_layer": "SWIFT_SSMT_Uganda"
      }
    },
    {
      "type": "Feature",
      "geometry": {
        "type": "Polygon",
        "coordinates": [
          [
            [
              33.7950395236,
              3.7430662401
            ],
            [
              33.8033693774,
              3.7430011032
            ],
            [
              33.8034994299,
              3.759736681
            ],
            [
              33.7951694206,
              3.7598021107
            ],
            [
              33.7950395236,
              3.7430662401
            ]
          ]
        ]
      },
      "properties": {
        "country": "Uganda",
        "country_code": "UGA",
        "species_name": "Eucalyptus_tereticornis",
        "genus": "Eucalyptus",
        "species": "tereticornis",
        "suitability_name": "Marginally suitable",
        "suitability_rank": 3,
        "soil_suitability": "S2",
        "soil_type": "Ferruginous Soils",
        "soil_description": "On crystalline acid rock - freely drained",
        "site_class": null,
        "maz": "IV",
        "maz_zone": null,
        "tz": "2",
        "frost_risk": null,
        "source_layer": "SWIFT_SSMT_Uganda"
      }
    },
    {
      "type": "Feature",
      "geometry": {
        "type": "Polygon",
        "coordinates": [
          [
            [
              33.8032722247,
              3.7304499306
            ],
            [
              33.8033045695,
              3.7346333106
            ],
            [
              33.794974795,
              3.734698302
            ],
            [
              33.794937764,
              3.7299025604
            ],
            [
              33.8032722247,
              3.7304499306
            ]
          ]
        ]
      },
      "properties": {
        "country": "Uganda",
        "country_code": "UGA",
        "species_name": "Eucalyptus_tereticornis",
        "genus": "Eucalyptus",
        "species": "tereticornis",
        "suitability_name": "Marginally suitable",
        "suitability_rank": 3,
        "soil_suitability": "S2",
        "soil_type": "Ferruginous Soils",
        "soil_description": "On crystalline acid rock - freely drained",
        "site_class": null,
        "maz": "IV",
        "maz_zone": null,
        "tz": "2",
        "frost_risk": null,
        "source_layer": "SWIFT_SSMT_Uganda"
      }
    },
    {
      "type": "Feature",
      "geometry": {
        "type": "Polygon",
        "coordinates": [
          [
            [
              33.7532364766,
              3.7236420498
            ],
            [
              33.7562926736,
              3.7233303745
            ],
            [
              33.7758261833,
              3.7249619151
            ],
            [
              33.7812296084,
              3.7264366895
            ],
            [
              33.7532595407,
              3.7266534165
            ],
            [
              33.7532364766,
              3.7236420498
            ]
          ]
        ]
      },
      "properties": {
        "country": "Uganda",
        "country_code": "UGA",
        "species_name": "Eucalyptus_tereticornis",
        "genus": "Eucalyptus",
        "species": "tereticornis",
        "suitability_name": "Marginally suitable",
        "suitability_rank": 3,
        "soil_suitability": "S2",
        "soil_type": "Ferruginous Soils",
        "soil_description": "On crystalline acid rock - freely drained",
        "site_class": null,
        "maz": "IV",
        "maz_zone": null,
        "tz": "2",
        "frost_risk": null,
        "source_layer": "SWIFT_SSMT_Uganda"
      }
    },
    {
      "type": "Feature",
      "geometry": {
        "type": "Polygon",
        "coordinates": [
          [
            [
              33.8362345777,
              3.6841692654
            ],
            [
              33.8195769781,
              3.6842980339
            ],
            [
              33.8195983682,
              3.6870929682
            ],
            [
              33.8109644605,
              3.6790539851
            ],
            [
              33.7966454803,
              3.6627636674
            ],
            [
              33.7873113286,
              3.6485734807
            ],
            [
              33.7793570651,
              3.6290240317
            ],
            [
              33.7716421887,
              3.5937838685
            ],
            [
              33.767327601,
              3.5378372898
            ],
            [
              33.767136033,
              3.5114537691
            ],
            [
              33.7742350118,
              3.5117584421
            ],
            [
              33.7830821075,
              3.5084848398
            ],
            [
              33.7929624126,
              3.5009253029
            ],
            [
              33.8021174233,
              3.4912321043
            ],
            [
              33.8066241395,
              3.4765817205
            ],
            [
              33.8089871393,
              3.4598079972
            ],
            [
              33.8152479227,
              3.4422932934
            ],
            [
              33.8222464354,
              3.4286953409
            ],
            [
              33.8260650031,
              3.4169030725
            ],
            [
              33.8334235118,
              3.4040161521
            ],
            [
              33.8383040186,
              3.391860242
            ],
            [
              33.8396299498,
              3.378660327
            ],
            [
              33.8395348494,
              3.3651140436
            ],
            [
              33.8631220054,
              3.3639008824
            ],
            [
              33.8829024559,
              3.3604926639
            ],
            [
              33.9170511389,
              3.3511475454
            ],
            [
              33.9170942761,
              3.357254615
            ],
            [
              33.9337426242,
              3.3571355936
            ],
            [
              33.9338019834,
              3.3655011447
            ],
            [
              33.9421260043,
              3.3654413799
            ],
            [
              33.9421855825,
              3.3738067782
            ],
            [
              33.9505095242,
              3.3737467945
            ],
            [
              33.9507496069,
              3.4072077709
            ],
            [
              33.959073682,
              3.4071471187
            ],
            [
              33.9591341457,
              3.4155122079
            ],
            [
              33.9341612603,
              3.4156943961
            ],
            [
              33.9341010095,
              3.4073288609
            ],
            [
              33.9091270005,
              3.4075099621
            ],
            [
              33.9090671094,
              3.3991439782
            ],
            [
              33.8757666416,
              3.3993838585
            ],
            [
              33.8758262477,
              3.4077504331
            ],
            [
              33.8841516576,
              3.4076904229
            ],
            [
              33.8842714562,
              3.4244232704
            ],
            [
              33.8759459041,
              3.4244835767
            ],
            [
              33.8760059545,
              3.4328501449
            ],
            [
              33.8427019904,
              3.4330912441
            ],
            [
              33.8428219583,
              3.4498255506
            ],
            [
              33.8511483127,
              3.4497650897
            ],
            [
              33.8512085888,
              3.458132092
            ],
            [
              33.8428821624,
              3.4581927002
            ],
            [
              33.8429425137,
              3.4665598475
            ],
            [
              33.8512690122,
              3.4664990928
            ],
            [
              33.851329582,
              3.4748660894
            ],
            [
              33.8560263421,
              3.474831705
            ],
            [
              33.8596920001,
              3.4797617076
            ],
            [
              33.8597777305,
              3.4915388083
            ],
            [
              33.8681041527,
              3.491477467
            ],
            [
              33.8681653085,
              3.499844163
            ],
            [
              33.874329206,
              3.4997985955
            ],
            [
              33.876708582,
              3.5031611518
            ],
            [
              33.8757124221,
              3.5124368082
            ],
            [
              33.869403075,
              3.5228214628
            ],
            [
              33.8677266507,
              3.536023631
            ],
            [
              33.8762059915,
              3.5499867567
            ],
            [
              33.8518813215,
              3.5501689531
            ],
            [
              33.8521929879,
              3.5920037867
            ],
            [
              33.8605204412,
              3.591940751
            ],
            [
              33.8608361582,
              3.6337747831
            ],
            [
              33.8525083291,
              3.6338385543
            ],
            [
              33.8525718376,
              3.6422054996
            ],
            [
              33.8359155886,
              3.6423331078
            ],
            [
              33.8359790928,
              3.6507003447
            ],
            [
              33.8276506722,
              3.6507641811
            ],
            [
              33.8278418369,
              3.6758663152
            ],
            [
              33.8361704867,
              3.6758020384
            ],
            [
              33.8362345777,
              3.6841692654
            ]
          ]
        ]
      },
      "properties": {
        "country": "Uganda",
        "country_code": "UGA",
        "species_name": "Eucalyptus_tereticornis",
        "genus": "Eucalyptus",
        "species": "tereticornis",
        "suitability_name": "Marginally suitable",
        "suitability_rank": 3,
        "soil_suitability": "S2",
        "soil_type": "Ferruginous Soils",
        "soil_description": "On crystalline acid rock - freely drained",
        "site_class": null,
        "maz": "IV",
        "maz_zone": null,
        "tz": "2",
        "frost_risk": null,
        "source_layer": "SWIFT_SSMT_Uganda"
      }
    },
    {
      "type": "Feature",
      "geometry": {
        "type": "Polygon",
        "coordinates": [
          [
            [
              33.9188084809,
              3.5914974029
            ],
            [
              33.9021554954,
              3.5916244488
            ],
            [
              33.9020924202,
              3.5832583737
            ],
            [
              33.893765779,
              3.583321636
            ],
            [
              33.8937029271,
              3.5749554099
            ],
            [
              33.9020294927,
              3.5748922953
            ],
            [
              33.9019667146,
              3.5665262146
            ],
            [
              33.8936402217,
              3.5665891815
            ],
            [
              33.8935776647,
              3.5582229499
            ],
            [
              33.8852510997,
              3.5582856937
            ],
            [
              33.8852297135,
              3.5554176121
            ],
            [
              33.8859672926,
              3.5558493159
            ],
            [
              33.8976898947,
              3.5578997478
            ],
            [
              33.9102088284,
              3.55522088
            ],
            [
              33.9104189129,
              3.5831950363
            ],
            [
              33.9187452569,
              3.5831316237
            ],
            [
              33.9188084809,
              3.5914974029
            ]
          ]
        ]
      },
      "properties": {
        "country": "Uganda",
        "country_code": "UGA",
        "species_name": "Eucalyptus_tereticornis",
        "genus": "Eucalyptus",
        "species": "tereticornis",
        "suitability_name": "Marginally suitable",
        "suitability_rank": 3,
        "soil_suitability": "S2",
        "soil_type": "Ferruginous Soils",
        "soil_description": "On crystalline acid rock - freely drained",
        "site_class": null,
        "maz": "IV",
        "maz_zone": null,
        "tz": "2",
        "frost_risk": null,
        "source_layer": "SWIFT_SSMT_Uganda"
      }
    },
    {
      "type": "Feature",
      "geometry": {
        "type": "Polygon",
        "coordinates": [
          [
            [
              33.9675188265,
              3.4238162723
            ],
            [
              33.9758427459,
              3.4237551792
            ],
            [
              33.9759036497,
              3.4321199625
            ],
            [
              33.9675796599,
              3.4321812057
            ],
            [
              33.9675188265,
              3.4238162723
            ]
          ]
        ]
      },
      "properties": {
        "country": "Uganda",
        "country_code": "UGA",
        "species_name": "Eucalyptus_tereticornis",
        "genus": "Eucalyptus",
        "species": "tereticornis",
        "suitability_name": "Marginally suitable",
        "suitability_rank": 3,
        "soil_suitability": "S2",
        "soil_type": "Ferruginous Soils",
        "soil_description": "On crystalline acid rock - freely drained",
        "site_class": null,
        "maz": "IV",
        "maz_zone": null,
        "tz": "2",
        "frost_risk": null,
        "source_layer": "SWIFT_SSMT_Uganda"
      }
    },
    {
      "type": "Feature",
      "geometry": {
        "type": "Polygon",
        "coordinates": [
          [
            [
              33.9591341457,
              3.4155122079
            ],
            [
              33.9674581429,
              3.4154513355
            ],
            [
              33.9675188265,
              3.4238162723
            ],
            [
              33.959194759,
              3.4238772938
            ],
            [
              33.9591341457,
              3.4155122079
            ]
          ]
        ]
      },
      "properties": {
        "country": "Uganda",
        "country_code": "UGA",
        "species_name": "Eucalyptus_tereticornis",
        "genus": "Eucalyptus",
        "species": "tereticornis",
        "suitability_name": "Marginally suitable",
        "suitability_rank": 3,
        "soil_suitability": "S2",
        "soil_type": "Ferruginous Soils",
        "soil_description": "On crystalline acid rock - freely drained",
        "site_class": null,
        "maz": "IV",
        "maz_zone": null,
        "tz": "2",
        "frost_risk": null,
        "source_layer": "SWIFT_SSMT_Uganda"
      }
    },
    {
      "type": "Feature",
      "geometry": {
        "type": "Polygon",
        "coordinates": [
          [
            [
              33.9102088284,
              3.55522088
            ],
            [
              33.8976898947,
              3.5578997478
            ],
            [
              33.8859672926,
              3.5558493159
            ],
            [
              33.8852297135,
              3.5554176121
            ],
            [
              33.8851887651,
              3.5499193114
            ],
            [
              33.8762059915,
              3.5499867567
            ],
            [
              33.8677266507,
              3.536023631
            ],
            [
              33.869403075,
              3.5228214628
            ],
            [
              33.8757124221,
              3.5124368082
            ],
            [
              33.876708582,
              3.5031611518
            ],
            [
              33.874329206,
              3.4997985955
            ],
            [
              33.876491655,
              3.4997826006
            ],
            [
              33.8764304273,
              3.4914160526
            ],
            [
              33.884756554,
              3.4913545641
            ],
            [
              33.8848178546,
              3.4997209639
            ],
            [
              33.9097955677,
              3.4995356187
            ],
            [
              33.909919051,
              3.5162675229
            ],
            [
              33.9015931491,
              3.5163296742
            ],
            [
              33.9017792659,
              3.5414279564
            ],
            [
              33.9101053878,
              3.5413653599
            ],
            [
              33.9102088284,
              3.55522088
            ]
          ]
        ]
      },
      "properties": {
        "country": "Uganda",
        "country_code": "UGA",
        "species_name": "Eucalyptus_tereticornis",
        "genus": "Eucalyptus",
        "species": "tereticornis",
        "suitability_name": "Marginally suitable",
        "suitability_rank": 3,
        "soil_suitability": "S3",
        "soil_type": "Ferruginous Soils",
        "soil_description": "On crystalline acid rock-Complex with Lithosols",
        "site_class": null,
        "maz": "IV",
        "maz_zone": null,
        "tz": "2",
        "frost_risk": null,
        "source_layer": "SWIFT_SSMT_Uganda"
      }
    },
    {
      "type": "Feature",
      "geometry": {
        "type": "Polygon",
        "coordinates": [
          [
            [
              33.8560263421,
              3.474831705
            ],
            [
              33.8596560056,
              3.4748051156
            ],
            [
              33.8596920001,
              3.4797617076
            ],
            [
              33.8560263421,
              3.474831705
            ]
          ]
        ]
      },
      "properties": {
        "country": "Uganda",
        "country_code": "UGA",
        "species_name": "Eucalyptus_tereticornis",
        "genus": "Eucalyptus",
        "species": "tereticornis",
        "suitability_name": "Marginally suitable",
        "suitability_rank": 3,
        "soil_suitability": "S3",
        "soil_type": "Ferruginous Soils",
        "soil_description": "On crystalline acid rock-Complex with Lithosols",
        "site_class": null,
        "maz": "IV",
        "maz_zone": null,
        "tz": "2",
        "frost_risk": null,
        "source_layer": "SWIFT_SSMT_Uganda"
      }
    },
    {
      "type": "Feature",
      "geometry": {
        "type": "Polygon",
        "coordinates": [
          [
            [
              33.7532364766,
              3.7236420498
            ],
            [
              33.7531954903,
              3.7182847448
            ],
            [
              33.7448649981,
              3.7183489771
            ],
            [
              33.7447374871,
              3.7016113357
            ],
            [
              33.7364070045,
              3.7016751995
            ],
            [
              33.7363435442,
              3.6933062309
            ],
            [
              33.71135146,
              3.6934969275
            ],
            [
              33.7114146895,
              3.7018663303
            ],
            [
              33.7030836291,
              3.7019298849
            ],
            [
              33.7032103675,
              3.7186689708
            ],
            [
              33.6948790081,
              3.7187327366
            ],
            [
              33.6949425146,
              3.7271024196
            ],
            [
              33.6866109349,
              3.727166251
            ],
            [
              33.6866745079,
              3.7355360741
            ],
            [
              33.6700107615,
              3.7356637902
            ],
            [
              33.6700743231,
              3.7440338977
            ],
            [
              33.6617421565,
              3.7440977819
            ],
            [
              33.661805782,
              3.7524680307
            ],
            [
              33.6368081923,
              3.7526596395
            ],
            [
              33.6369354028,
              3.7694009856
            ],
            [
              33.6247666551,
              3.7694944148
            ],
            [
              33.6187816674,
              3.7529154182
            ],
            [
              33.6164420214,
              3.7251135025
            ],
            [
              33.6163986612,
              3.7193295235
            ],
            [
              33.6198903309,
              3.7193031197
            ],
            [
              33.619768976,
              3.7030751457
            ],
            [
              33.6200660907,
              3.7025589062
            ],
            [
              33.6280976324,
              3.7024983925
            ],
            [
              33.6280351734,
              3.6941275575
            ],
            [
              33.6363674453,
              3.6940648417
            ],
            [
              33.6363050514,
              3.6856941463
            ],
            [
              33.6446371041,
              3.6856314963
            ],
            [
              33.6446072833,
              3.6816288961
            ],
            [
              33.6584874928,
              3.6771563934
            ],
            [
              33.6695698476,
              3.6770729579
            ],
            [
              33.6695296328,
              3.6716822389
            ],
            [
              33.673183766,
              3.6697621959
            ],
            [
              33.6737582369,
              3.6686708622
            ],
            [
              33.6861699443,
              3.668577409
            ],
            [
              33.686107519,
              3.6602075643
            ],
            [
              33.6944384834,
              3.6601448819
            ],
            [
              33.6941899181,
              3.6266660506
            ],
            [
              33.7025204349,
              3.6266038685
            ],
            [
              33.7024585766,
              3.6182342973
            ],
            [
              33.7107888744,
              3.6181721831
            ],
            [
              33.7107270845,
              3.6098027531
            ],
            [
              33.7190571632,
              3.6097407082
            ],
            [
              33.7189338673,
              3.5930021304
            ],
            [
              33.7106039393,
              3.5930638882
            ],
            [
              33.7105425814,
              3.5846944506
            ],
            [
              33.718872436,
              3.5846328373
            ],
            [
              33.7185068719,
              3.5344170268
            ],
            [
              33.7268361363,
              3.5343562049
            ],
            [
              33.7267152887,
              3.5176178705
            ],
            [
              33.7266550808,
              3.5092486989
            ],
            [
              33.7349839807,
              3.5091882363
            ],
            [
              33.734923845,
              3.5008192072
            ],
            [
              33.743252527,
              3.5007588158
            ],
            [
              33.7431924621,
              3.4923899285
            ],
            [
              33.7435705775,
              3.4923871914
            ],
            [
              33.7453964263,
              3.4984192357
            ],
            [
              33.7496928816,
              3.5037365526
            ],
            [
              33.7557558437,
              3.5079712004
            ],
            [
              33.767136033,
              3.5114537691
            ],
            [
              33.767327601,
              3.5378372898
            ],
            [
              33.7716421887,
              3.5937838685
            ],
            [
              33.7793570651,
              3.6290240317
            ],
            [
              33.7873113286,
              3.6485734807
            ],
            [
              33.7966454803,
              3.6627636674
            ],
            [
              33.8109644605,
              3.6790539851
            ],
            [
              33.8195983682,
              3.6870929682
            ],
            [
              33.8197052941,
              3.7010330658
            ],
            [
              33.8030468016,
              3.7011621119
            ],
            [
              33.8031110245,
              3.7095299151
            ],
            [
              33.8114404213,
              3.7094652849
            ],
            [
              33.8115694606,
              3.7262005915
            ],
            [
              33.8032399089,
              3.7262655149
            ],
            [
              33.8032722247,
              3.7304499306
            ],
            [
              33.794937764,
              3.7299025604
            ],
            [
              33.7949102117,
              3.7263303599
            ],
            [
              33.7812296084,
              3.7264366895
            ],
            [
              33.7758261833,
              3.7249619151
            ],
            [
              33.7562926736,
              3.7233303745
            ],
            [
              33.7532364766,
              3.7236420498
            ]
          ]
        ]
      },
      "properties": {
        "country": "Uganda",
        "country_code": "UGA",
        "species_name": "Eucalyptus_tereticornis",
        "genus": "Eucalyptus",
        "species": "tereticornis",
        "suitability_name": "Marginally suitable",
        "suitability_rank": 3,
        "soil_suitability": "S3",
        "soil_type": "Ferruginous Soils",
        "soil_description": "On crystalline acid rock-Complex with Lithosols",
        "site_class": null,
        "maz": "IV",
        "maz_zone": null,
        "tz": "2",
        "frost_risk": null,
        "source_layer": "SWIFT_SSMT_Uganda"
      }
    },
    {
      "type": "Feature",
      "geometry": {
        "type": "Polygon",
        "coordinates": [
          [
            [
              33.6036699761,
              3.7785297302
            ],
            [
              33.5810700249,
              3.7899413365
            ],
            [
              33.5744264818,
              3.7949957521
            ],
            [
              33.5704576373,
              3.7950261575
            ],
            [
              33.5703941657,
              3.7866543588
            ],
            [
              33.5787282889,
              3.7865906317
            ],
            [
              33.5785384844,
              3.7614756423
            ],
            [
              33.5868722299,
              3.7614122599
            ],
            [
              33.5868091662,
              3.7530407325
            ],
            [
              33.5951426919,
              3.7529774133
            ],
            [
              33.5950796911,
              3.7446060256
            ],
            [
              33.6034129971,
              3.74454277
            ],
            [
              33.6033500604,
              3.7361715203
            ],
            [
              33.6116831467,
              3.7361083287
            ],
            [
              33.6115575425,
              3.7193661074
            ],
            [
              33.6163986612,
              3.7193295235
            ],
            [
              33.6164420214,
              3.7251135025
            ],
            [
              33.6187816674,
              3.7529154182
            ],
            [
              33.6247666551,
              3.7694944148
            ],
            [
              33.6202693154,
              3.7695289012
            ],
            [
              33.6202834797,
              3.7713930315
            ],
            [
              33.6068915855,
              3.7769029922
            ],
            [
              33.6046795061,
              3.7780199725
            ],
            [
              33.6036661632,
              3.778027739
            ],
            [
              33.6036699761,
              3.7785297302
            ]
          ]
        ]
      },
      "properties": {
        "country": "Uganda",
        "country_code": "UGA",
        "species_name": "Eucalyptus_tereticornis",
        "genus": "Eucalyptus",
        "species": "tereticornis",
        "suitability_name": "Marginally suitable",
        "suitability_rank": 3,
        "soil_suitability": "S2",
        "soil_type": "Ferruginous Soils",
        "soil_description": "On crystalline acid rock - freely drained",
        "site_class": null,
        "maz": "IV",
        "maz_zone": null,
        "tz": "2",
        "frost_risk": null,
        "source_layer": "SWIFT_SSMT_Uganda"
      }
    },
    {
      "type": "Feature",
      "geometry": {
        "type": "Polygon",
        "coordinates": [
          [
            [
              33.6200660907,
              3.7025589062
            ],
            [
              33.619768976,
              3.7030751457
            ],
            [
              33.6197651413,
              3.7025611719
            ],
            [
              33.6200660907,
              3.7025589062
            ]
          ]
        ]
      },
      "properties": {
        "country": "Uganda",
        "country_code": "UGA",
        "species_name": "Eucalyptus_tereticornis",
        "genus": "Eucalyptus",
        "species": "tereticornis",
        "suitability_name": "Marginally suitable",
        "suitability_rank": 3,
        "soil_suitability": "S2",
        "soil_type": "Ferruginous Soils",
        "soil_description": "On crystalline acid rock - freely drained",
        "site_class": null,
        "maz": "IV",
        "maz_zone": null,
        "tz": "2",
        "frost_risk": null,
        "source_layer": "SWIFT_SSMT_Uganda"
      }
    },
    {
      "type": "Feature",
      "geometry": {
        "type": "Polygon",
        "coordinates": [
          [
            [
              33.6584874928,
              3.6771563934
            ],
            [
              33.6446072833,
              3.6816288961
            ],
            [
              33.6445747765,
              3.6772609408
            ],
            [
              33.6584874928,
              3.6771563934
            ]
          ]
        ]
      },
      "properties": {
        "country": "Uganda",
        "country_code": "UGA",
        "species_name": "Eucalyptus_tereticornis",
        "genus": "Eucalyptus",
        "species": "tereticornis",
        "suitability_name": "Marginally suitable",
        "suitability_rank": 3,
        "soil_suitability": "S2",
        "soil_type": "Ferruginous Soils",
        "soil_description": "On crystalline acid rock - freely drained",
        "site_class": null,
        "maz": "IV",
        "maz_zone": null,
        "tz": "2",
        "frost_risk": null,
        "source_layer": "SWIFT_SSMT_Uganda"
      }
    },
    {
      "type": "Feature",
      "geometry": {
        "type": "Polygon",
        "coordinates": [
          [
            [
              33.6737582369,
              3.6686708622
            ],
            [
              33.673183766,
              3.6697621959
            ],
            [
              33.6695296328,
              3.6716822389
            ],
            [
              33.6695074326,
              3.6687028289
            ],
            [
              33.6737582369,
              3.6686708622
            ]
          ]
        ]
      },
      "properties": {
        "country": "Uganda",
        "country_code": "UGA",
        "species_name": "Eucalyptus_tereticornis",
        "genus": "Eucalyptus",
        "species": "tereticornis",
        "suitability_name": "Marginally suitable",
        "suitability_rank": 3,
        "soil_suitability": "S2",
        "soil_type": "Ferruginous Soils",
        "soil_description": "On crystalline acid rock - freely drained",
        "site_class": null,
        "maz": "IV",
        "maz_zone": null,
        "tz": "2",
        "frost_risk": null,
        "source_layer": "SWIFT_SSMT_Uganda"
      }
    },
    {
      "type": "Feature",
      "geometry": {
        "type": "Polygon",
        "coordinates": [
          [
            [
              33.3496972029,
              3.409851403
            ],
            [
              33.350080511,
              3.4141310682
            ],
            [
              33.3494198117,
              3.4216293523
            ],
            [
              33.3462948333,
              3.4323558182
            ],
            [
              33.3399645928,
              3.4416764733
            ],
            [
              33.3236982389,
              3.4521345865
            ],
            [
              33.3145006222,
              3.4575493592
            ],
            [
              33.3017941192,
              3.4694116842
            ],
            [
              33.2876523872,
              3.4791427006
            ],
            [
              33.2696413461,
              3.4946105396
            ],
            [
              33.2403897511,
              3.5290718976
            ],
            [
              33.2326661325,
              3.5426875205
            ],
            [
              33.2178355784,
              3.5559948252
            ],
            [
              33.210087702,
              3.5660419293
            ],
            [
              33.2015979536,
              3.5714539228
            ],
            [
              33.1813941052,
              3.5783734885
            ],
            [
              33.1735998653,
              3.5816391447
            ],
            [
              33.1612228709,
              3.5902906271
            ],
            [
              33.1559272511,
              3.5953243563
            ],
            [
              33.1442891757,
              3.6082550765
            ],
            [
              33.1365399482,
              3.618303708
            ],
            [
              33.1241666493,
              3.6276701131
            ],
            [
              33.1117567875,
              3.6316818278
            ],
            [
              33.104975929,
              3.6233237837
            ],
            [
              33.0924793254,
              3.614482912
            ],
            [
              33.0874687803,
              3.6091613322
            ],
            [
              33.0771427814,
              3.6008332432
            ],
            [
              33.0771208527,
              3.597536924
            ],
            [
              33.0938014667,
              3.597424802
            ],
            [
              33.0933586773,
              3.5303877706
            ],
            [
              33.0850190311,
              3.5304428215
            ],
            [
              33.0849097912,
              3.5136832785
            ],
            [
              33.1015886549,
              3.5135736265
            ],
            [
              33.1015340846,
              3.5051941121
            ],
            [
              33.1098732461,
              3.5051393076
            ],
            [
              33.1097643515,
              3.4883805363
            ],
            [
              33.1264419879,
              3.4882712296
            ],
            [
              33.1263875917,
              3.4798921039
            ],
            [
              33.1180489114,
              3.4799466626
            ],
            [
              33.1179947194,
              3.4715674038
            ],
            [
              33.1263333266,
              3.4715129771
            ],
            [
              33.1262791934,
              3.4631338466
            ],
            [
              33.1596320134,
              3.4629159393
            ],
            [
              33.159577723,
              3.4545373356
            ],
            [
              33.1679155251,
              3.4544828088
            ],
            [
              33.1677964568,
              3.4360602999
            ],
            [
              33.1712448254,
              3.439936669
            ],
            [
              33.1816478354,
              3.4555753026
            ],
            [
              33.1870504497,
              3.4669626493
            ],
            [
              33.1931100867,
              3.4701353356
            ],
            [
              33.1987818023,
              3.4683131077
            ],
            [
              33.2022825608,
              3.4604370322
            ],
            [
              33.2036544827,
              3.4529320047
            ],
            [
              33.2060735105,
              3.44256454
            ],
            [
              33.2041703626,
              3.4229447151
            ],
            [
              33.2011160833,
              3.4123734532
            ],
            [
              33.2093309223,
              3.4123200238
            ],
            [
              33.20938498,
              3.420697841
            ],
            [
              33.2260582813,
              3.4205889148
            ],
            [
              33.2260040802,
              3.412211364
            ],
            [
              33.2343404585,
              3.4121569266
            ],
            [
              33.23428632,
              3.4037795081
            ],
            [
              33.2509585333,
              3.4036706868
            ],
            [
              33.2509043865,
              3.3952935346
            ],
            [
              33.2592402204,
              3.3952391513
            ],
            [
              33.2592944385,
              3.4036161694
            ],
            [
              33.284301347,
              3.403452187
            ],
            [
              33.2842469169,
              3.3950755738
            ],
            [
              33.2925822122,
              3.3950209053
            ],
            [
              33.2925278446,
              3.3866444239
            ],
            [
              33.2841926204,
              3.3866989568
            ],
            [
              33.2840844318,
              3.3699457181
            ],
            [
              33.2924195162,
              3.3698914557
            ],
            [
              33.2923117273,
              3.3531384781
            ],
            [
              33.3006465353,
              3.3530844146
            ],
            [
              33.3004322993,
              3.3195789725
            ],
            [
              33.308766694,
              3.3195253817
            ],
            [
              33.3087391134,
              3.3151929926
            ],
            [
              33.312154207,
              3.3151710415
            ],
            [
              33.3185705569,
              3.3190553674
            ],
            [
              33.323571189,
              3.3236624353
            ],
            [
              33.3271836096,
              3.3332745064
            ],
            [
              33.3272638873,
              3.3457643253
            ],
            [
              33.3316539446,
              3.3657201344
            ],
            [
              33.333536046,
              3.382123488
            ],
            [
              33.336472307,
              3.3967354408
            ],
            [
              33.3443544814,
              3.4073889425
            ],
            [
              33.3496972029,
              3.409851403
            ]
          ]
        ]
      },
      "properties": {
        "country": "Uganda",
        "country_code": "UGA",
        "species_name": "Eucalyptus_tereticornis",
        "genus": "Eucalyptus",
        "species": "tereticornis",
        "suitability_name": "Marginally suitable",
        "suitability_rank": 3,
        "soil_suitability": "S2",
        "soil_type": "Ferrallitic Soils",
        "soil_description": "Red soils - Not differentiated; sandy loams",
        "site_class": null,
        "maz": "IV",
        "maz_zone": null,
        "tz": "2",
        "frost_risk": null,
        "source_layer": "SWIFT_SSMT_Uganda"
      }
    },
    {
      "type": "Feature",
      "geometry": {
        "type": "Polygon",
        "coordinates": [
          [
            [
              33.1987001376,
              3.4040108134
            ],
            [
              33.2009402889,
              3.4039962913
            ],
            [
              33.2009913592,
              3.4119417423
            ],
            [
              33.1987001376,
              3.4040108134
            ]
          ]
        ]
      },
      "properties": {
        "country": "Uganda",
        "country_code": "UGA",
        "species_name": "Eucalyptus_tereticornis",
        "genus": "Eucalyptus",
        "species": "tereticornis",
        "suitability_name": "Marginally suitable",
        "suitability_rank": 3,
        "soil_suitability": "S2",
        "soil_type": "Ferrallitic Soils",
        "soil_description": "Red soils - Not differentiated; sandy loams",
        "site_class": null,
        "maz": "IV",
        "maz_zone": null,
        "tz": "2",
        "frost_risk": null,
        "source_layer": "SWIFT_SSMT_Uganda"
      }
    },
    {
      "type": "Feature",
      "geometry": {
        "type": "Polygon",
        "coordinates": [
          [
            [
              33.2201157883,
              3.7725039847
            ],
            [
              33.17841507,
              3.7728033949
            ],
            [
              33.1784591993,
              3.7790209646
            ],
            [
              33.1756586058,
              3.7812018327
            ],
            [
              33.1701339288,
              3.781241418
            ],
            [
              33.1701633302,
              3.7853814374
            ],
            [
              33.1645417708,
              3.7896603445
            ],
            [
              33.1618526296,
              3.7896796254
            ],
            [
              33.1618675194,
              3.7917750057
            ],
            [
              33.1536132314,
              3.7981177127
            ],
            [
              33.1452299936,
              3.7981778177
            ],
            [
              33.1452739563,
              3.8043640885
            ],
            [
              33.1423504518,
              3.8065776858
            ],
            [
              33.1369481649,
              3.8066164412
            ],
            [
              33.13697687,
              3.8106534513
            ],
            [
              33.1312300252,
              3.8150368435
            ],
            [
              33.1286661769,
              3.815055247
            ],
            [
              33.1286798847,
              3.8169819527
            ],
            [
              33.1091156963,
              3.8319548605
            ],
            [
              33.1037595634,
              3.8319933288
            ],
            [
              33.1037885659,
              3.8360670881
            ],
            [
              33.09809243,
              3.8404139303
            ],
            [
              33.0954768841,
              3.8404327264
            ],
            [
              33.0954908851,
              3.8423982809
            ],
            [
              33.0816600029,
              3.8528599995
            ],
            [
              33.0788908841,
              3.8544853581
            ],
            [
              33.078791753,
              3.8405524438
            ],
            [
              33.0717618086,
              3.8406027871
            ],
            [
              33.0704325477,
              3.8382931592
            ],
            [
              33.0703896229,
              3.8322322409
            ],
            [
              33.0669585047,
              3.8322567314
            ],
            [
              33.0637018471,
              3.8265978
            ],
            [
              33.0619818094,
              3.8230827809
            ],
            [
              33.0619286277,
              3.815531616
            ],
            [
              33.0582994775,
              3.815557372
            ],
            [
              33.0536038927,
              3.8059606251
            ],
            [
              33.0456495763,
              3.7867357363
            ],
            [
              33.0366274059,
              3.7671606014
            ],
            [
              33.0432892928,
              3.7539028939
            ],
            [
              33.0530934435,
              3.7324114213
            ],
            [
              33.0608314482,
              3.7205751618
            ],
            [
              33.0672040947,
              3.7169605949
            ],
            [
              33.0725447795,
              3.7183517651
            ],
            [
              33.077929663,
              3.7261692171
            ],
            [
              33.0825768042,
              3.7300642588
            ],
            [
              33.0910863334,
              3.7271487323
            ],
            [
              33.0935444217,
              3.7228472903
            ],
            [
              33.0917183168,
              3.7157194678
            ],
            [
              33.0877257719,
              3.7036081981
            ],
            [
              33.0830325906,
              3.6929296914
            ],
            [
              33.0800825358,
              3.6772405093
            ],
            [
              33.0800170685,
              3.6676010252
            ],
            [
              33.0824223924,
              3.6554454342
            ],
            [
              33.0859566531,
              3.6525650567
            ],
            [
              33.102554247,
              3.6370997877
            ],
            [
              33.1117567875,
              3.6316818278
            ],
            [
              33.1241666493,
              3.6276701131
            ],
            [
              33.1365399482,
              3.618303708
            ],
            [
              33.1442891757,
              3.6082550765
            ],
            [
              33.1559272511,
              3.5953243563
            ],
            [
              33.1612228709,
              3.5902906271
            ],
            [
              33.1735998653,
              3.5816391447
            ],
            [
              33.1813941052,
              3.5783734885
            ],
            [
              33.2015979536,
              3.5714539228
            ],
            [
              33.210087702,
              3.5660419293
            ],
            [
              33.2178355784,
              3.5559948252
            ],
            [
              33.2326661325,
              3.5426875205
            ],
            [
              33.2403897511,
              3.5290718976
            ],
            [
              33.2696413461,
              3.4946105396
            ],
            [
              33.2876523872,
              3.4791427006
            ],
            [
              33.3017941192,
              3.4694116842
            ],
            [
              33.3145006222,
              3.4575493592
            ],
            [
              33.3236982389,
              3.4521345865
            ],
            [
              33.3399645928,
              3.4416764733
            ],
            [
              33.3462948333,
              3.4323558182
            ],
            [
              33.3494198117,
              3.4216293523
            ],
            [
              33.350080511,
              3.4141310682
            ],
            [
              33.3496972029,
              3.409851403
            ],
            [
              33.3533427419,
              3.4017094357
            ],
            [
              33.3663053814,
              3.3929996466
            ],
            [
              33.3867114866,
              3.3913772301
            ],
            [
              33.4148071444,
              3.3894058163
            ],
            [
              33.4290219905,
              3.3913920583
            ],
            [
              33.4379251256,
              3.3954949197
            ],
            [
              33.4453846972,
              3.4049590419
            ],
            [
              33.4496061222,
              3.4168232902
            ],
            [
              33.4544436231,
              3.4322509152
            ],
            [
              33.4618879957,
              3.4393356754
            ],
            [
              33.4695658722,
              3.4372020698
            ],
            [
              33.4751305316,
              3.4288395452
            ],
            [
              33.4777248383,
              3.4187135891
            ],
            [
              33.4773071442,
              3.4005810244
            ],
            [
              33.4753832883,
              3.3782963287
            ],
            [
              33.4773296753,
              3.3595532358
            ],
            [
              33.4831045176,
              3.3381091271
            ],
            [
              33.4904135008,
              3.3249795591
            ],
            [
              33.4971289989,
              3.311556952
            ],
            [
              33.5068217847,
              3.3010878669
            ],
            [
              33.5242237752,
              3.2935409911
            ],
            [
              33.5451876571,
              3.2880516164
            ],
            [
              33.5593562562,
              3.2837962542
            ],
            [
              33.5814954188,
              3.2774074027
            ],
            [
              33.5903417738,
              3.273484664
            ],
            [
              33.6026799446,
              3.2609192386
            ],
            [
              33.6123293399,
              3.244210947
            ],
            [
              33.6199205614,
              3.2293000336
            ],
            [
              33.6257724981,
              3.2197507452
            ],
            [
              33.6425123784,
              3.2021058558
            ],
            [
              33.6681789413,
              3.1933192662
            ],
            [
              33.698003933,
              3.1877745337
            ],
            [
              33.7154535735,
              3.1888484647
            ],
            [
              33.7356097887,
              3.1970356437
            ],
            [
              33.748688777,
              3.2079430722
            ],
            [
              33.7588020887,
              3.2173839239
            ],
            [
              33.7704311159,
              3.2324594672
            ],
            [
              33.7770693733,
              3.2526189879
            ],
            [
              33.7813177439,
              3.2689316858
            ],
            [
              33.784040417,
              3.2781237368
            ],
            [
              33.7879275657,
              3.2846336629
            ],
            [
              33.7923838012,
              3.2878713302
            ],
            [
              33.8028342151,
              3.2901460478
            ],
            [
              33.8028755421,
              3.296206704
            ],
            [
              33.7986846717,
              3.305861875
            ],
            [
              33.7909685576,
              3.3187504188
            ],
            [
              33.7744450816,
              3.3406141485
            ],
            [
              33.765662152,
              3.3531545937
            ],
            [
              33.7554822686,
              3.36891423
            ],
            [
              33.7466893186,
              3.380029308
            ],
            [
              33.7414392786,
              3.3904066735
            ],
            [
              33.7383081641,
              3.3993430166
            ],
            [
              33.7276317377,
              3.3947825668
            ],
            [
              33.7215925296,
              3.3937551869
            ],
            [
              33.7123945306,
              3.3977421615
            ],
            [
              33.7057271927,
              3.4084868151
            ],
            [
              33.6969855511,
              3.4270916127
            ],
            [
              33.6867872064,
              3.440358136
            ],
            [
              33.6755291234,
              3.4543458513
            ],
            [
              33.6398961246,
              3.4845559778
            ],
            [
              33.6201314245,
              3.5003893566
            ],
            [
              33.6078069701,
              3.5143871384
            ],
            [
              33.5990267042,
              3.5276467489
            ],
            [
              33.5927159163,
              3.5387489543
            ],
            [
              33.5871379365,
              3.5530562915
            ],
            [
              33.5804824511,
              3.565588245
            ],
            [
              33.578063872,
              3.5748796371
            ],
            [
              33.5749840761,
              3.5909530705
            ],
            [
              33.5747523937,
              3.6080760274
            ],
            [
              33.5716657159,
              3.6230797284
            ],
            [
              33.5678485883,
              3.6352353829
            ],
            [
              33.5608468011,
              3.6488414381
            ],
            [
              33.5489110189,
              3.6674781555
            ],
            [
              33.5415258407,
              3.6780285285
            ],
            [
              33.5195802548,
              3.6781904522
            ],
            [
              33.5196414317,
              3.6865631306
            ],
            [
              33.5113072594,
              3.6866246211
            ],
            [
              33.5114913961,
              3.7117430567
            ],
            [
              33.5031568525,
              3.7118048898
            ],
            [
              33.5032184333,
              3.7201778372
            ],
            [
              33.4948836727,
              3.7202397324
            ],
            [
              33.4949453158,
              3.7286128157
            ],
            [
              33.4782752212,
              3.7287366509
            ],
            [
              33.4784605181,
              3.7538567223
            ],
            [
              33.4867958695,
              3.7537944262
            ],
            [
              33.4867974118,
              3.7540025325
            ],
            [
              33.4618044687,
              3.7560218839
            ],
            [
              33.4616660393,
              3.7372338107
            ],
            [
              33.470001513,
              3.7371719494
            ],
            [
              33.4698785544,
              3.7204249482
            ],
            [
              33.4865487725,
              3.7203015482
            ],
            [
              33.4863649125,
              3.6951818626
            ],
            [
              33.4946995805,
              3.6951204653
            ],
            [
              33.4944560782,
              3.6616280726
            ],
            [
              33.5027903001,
              3.6615671558
            ],
            [
              33.5027296971,
              3.6531941906
            ],
            [
              33.5110637025,
              3.6531333363
            ],
            [
              33.5110031624,
              3.6447605088
            ],
            [
              33.5193369523,
              3.6446997183
            ],
            [
              33.5192764765,
              3.6363270279
            ],
            [
              33.4692721017,
              3.6366897878
            ],
            [
              33.4693321213,
              3.6450633154
            ],
            [
              33.4526627315,
              3.6451839033
            ],
            [
              33.4526028631,
              3.6368100982
            ],
            [
              33.4359330705,
              3.6369301023
            ],
            [
              33.4358734924,
              3.6285560174
            ],
            [
              33.4192032992,
              3.6286754419
            ],
            [
              33.4191440106,
              3.620301078
            ],
            [
              33.402473417,
              3.6204199206
            ],
            [
              33.4025325532,
              3.6287945598
            ],
            [
              33.3691894133,
              3.6290318828
            ],
            [
              33.3691305802,
              3.6206566954
            ],
            [
              33.3607945279,
              3.6207156992
            ],
            [
              33.3607359057,
              3.6123403713
            ],
            [
              33.3690718829,
              3.6122815041
            ],
            [
              33.3688384639,
              3.5787807155
            ],
            [
              33.3521669752,
              3.5788972798
            ],
            [
              33.3522831113,
              3.5956482259
            ],
            [
              33.3439470122,
              3.5957066671
            ],
            [
              33.3440635442,
              3.6124578767
            ],
            [
              33.3357271584,
              3.6125165158
            ],
            [
              33.3357855532,
              3.6208922532
            ],
            [
              33.3107753522,
              3.6210681238
            ],
            [
              33.3105434958,
              3.5875635289
            ],
            [
              33.2938699527,
              3.5876793114
            ],
            [
              33.2939853104,
              3.6044321562
            ],
            [
              33.2856481847,
              3.6044902048
            ],
            [
              33.2857639317,
              3.6212433097
            ],
            [
              33.2690889765,
              3.6213597204
            ],
            [
              33.2691469003,
              3.6297365393
            ],
            [
              33.2608091452,
              3.629794765
            ],
            [
              33.2609834982,
              3.6549256112
            ],
            [
              33.2526453787,
              3.6549841644
            ],
            [
              33.2527036894,
              3.6633612414
            ],
            [
              33.2610418851,
              3.6633025549
            ],
            [
              33.2611004063,
              3.6716794949
            ],
            [
              33.2527621351,
              3.6717383183
            ],
            [
              33.2528207139,
              3.6801153906
            ],
            [
              33.2444822293,
              3.6801742702
            ],
            [
              33.2445408663,
              3.6885514756
            ],
            [
              33.2362021711,
              3.688610412
            ],
            [
              33.2362608649,
              3.6969877484
            ],
            [
              33.2279219591,
              3.6970467421
            ],
            [
              33.2279807085,
              3.7054242103
            ],
            [
              33.2363196925,
              3.7053650829
            ],
            [
              33.23649698,
              3.73049707
            ],
            [
              33.2198184123,
              3.7306160494
            ],
            [
              33.2199369614,
              3.7473712316
            ],
            [
              33.2282764685,
              3.7473115128
            ],
            [
              33.2283360227,
              3.7556889663
            ],
            [
              33.2199964373,
              3.7557488187
            ],
            [
              33.2201157883,
              3.7725039847
            ]
          ],
          [
            [
              33.1109910876,
              3.6727264887
            ],
            [
              33.094309627,
              3.6728412771
            ],
            [
              33.0944239933,
              3.6896004668
            ],
            [
              33.1111057612,
              3.6894851538
            ],
            [
              33.1109910876,
              3.6727264887
            ]
          ],
          [
            [
              33.5930801167,
              3.4683487662
            ],
            [
              33.5931384455,
              3.4767202381
            ],
            [
              33.6264611818,
              3.4764849231
            ],
            [
              33.6264025625,
              3.4681140185
            ],
            [
              33.6347328188,
              3.4680551496
            ],
            [
              33.6346742712,
              3.4596843852
            ],
            [
              33.634615866,
              3.4513136177
            ],
            [
              33.6512756636,
              3.4511962344
            ],
            [
              33.6512172559,
              3.4428257501
            ],
            [
              33.6595468687,
              3.4427670919
            ],
            [
              33.6594885328,
              3.4343967484
            ],
            [
              33.6678179308,
              3.4343381612
            ],
            [
              33.6677596672,
              3.4259679587
            ],
            [
              33.6844178912,
              3.425850856
            ],
            [
              33.684359627,
              3.4174809382
            ],
            [
              33.6926884528,
              3.4174224224
            ],
            [
              33.6925722127,
              3.4006828655
            ],
            [
              33.6759147011,
              3.4007992498
            ],
            [
              33.6758569383,
              3.3924291796
            ],
            [
              33.6675280379,
              3.3924871218
            ],
            [
              33.6673558178,
              3.3673764688
            ],
            [
              33.6672986973,
              3.3590062459
            ],
            [
              33.6672417199,
              3.3506360206
            ],
            [
              33.6583021676,
              3.3506973665
            ],
            [
              33.6588272167,
              3.348187723
            ],
            [
              33.6587692208,
              3.3396289547
            ],
            [
              33.6558774917,
              3.3318027679
            ],
            [
              33.6480469653,
              3.3282897174
            ],
            [
              33.6334598999,
              3.3226824168
            ],
            [
              33.6135520885,
              3.3174671195
            ],
            [
              33.5940057287,
              3.3133185985
            ],
            [
              33.5762332332,
              3.3091574898
            ],
            [
              33.5638120116,
              3.3092404943
            ],
            [
              33.5460880385,
              3.312569079
            ],
            [
              33.5383152368,
              3.3179716304
            ],
            [
              33.5309184231,
              3.3265822938
            ],
            [
              33.5299126643,
              3.3355071249
            ],
            [
              33.5324800959,
              3.3479752334
            ],
            [
              33.5336878008,
              3.3693704359
            ],
            [
              33.5295122385,
              3.3818840517
            ],
            [
              33.5263896867,
              3.3926070541
            ],
            [
              33.5236246431,
              3.4036844708
            ],
            [
              33.5212316531,
              3.4172565731
            ],
            [
              33.520912998,
              3.4226097245
            ],
            [
              33.5238300245,
              3.4321436631
            ],
            [
              33.5252430042,
              3.4329251347
            ],
            [
              33.5316957677,
              3.4421555107
            ],
            [
              33.5448661089,
              3.4474151414
            ],
            [
              33.5722489932,
              3.4547154806
            ],
            [
              33.5846782451,
              3.4581902863
            ],
            [
              33.5846910371,
              3.460035654
            ],
            [
              33.5930219303,
              3.4599772911
            ],
            [
              33.5930801167,
              3.4683487662
            ]
          ]
        ]
      },
      "properties": {
        "country": "Uganda",
        "country_code": "UGA",
        "species_name": "Eucalyptus_tereticornis",
        "genus": "Eucalyptus",
        "species": "tereticornis",
        "suitability_name": "Marginally suitable",
        "suitability_rank": 3,
        "soil_suitability": "S2",
        "soil_type": "Ferruginous Soils",
        "soil_description": "On crystalline acid rock - freely drained",
        "site_class": null,
        "maz": "IV",
        "maz_zone": null,
        "tz": "2",
        "frost_risk": null,
        "source_layer": "SWIFT_SSMT_Uganda"
      }
    },
    {
      "type": "Feature",
      "geometry": {
        "type": "Polygon",
        "coordinates": [
          [
            [
              33.5130943099,
              3.2344573079
            ],
            [
              33.5117413472,
              3.238626329
            ],
            [
              33.5006227465,
              3.2574274672
            ],
            [
              33.4935778658,
              3.2657974643
            ],
            [
              33.4835885139,
              3.2762679463
            ],
            [
              33.4730073818,
              3.2867426118
            ],
            [
              33.4674411595,
              3.2951035966
            ],
            [
              33.4624800515,
              3.3055419372
            ],
            [
              33.4593365366,
              3.3225093621
            ],
            [
              33.4523458364,
              3.3392051555
            ],
            [
              33.4467856307,
              3.348458861
            ],
            [
              33.4400264455,
              3.3553421162
            ],
            [
              33.4300168263,
              3.3628417645
            ],
            [
              33.4164235161,
              3.3653106858
            ],
            [
              33.4001572936,
              3.3663105159
            ],
            [
              33.3883129976,
              3.3649020839
            ],
            [
              33.372912151,
              3.3626247802
            ],
            [
              33.3678609446,
              3.3593870048
            ],
            [
              33.3645772898,
              3.3549480696
            ],
            [
              33.3624386615,
              3.3445541917
            ],
            [
              33.3644617073,
              3.3371067743
            ],
            [
              33.3715260941,
              3.3314107418
            ],
            [
              33.3851050301,
              3.3265643959
            ],
            [
              33.3942419308,
              3.3211524162
            ],
            [
              33.3947952441,
              3.3152018071
            ],
            [
              33.3938311412,
              3.3033140674
            ],
            [
              33.3892044436,
              3.2938787369
            ],
            [
              33.4086068625,
              3.2937530718
            ],
            [
              33.4085531543,
              3.2853784741
            ],
            [
              33.4168854991,
              3.2853245284
            ],
            [
              33.4169392761,
              3.2936989885
            ],
            [
              33.43360369,
              3.2935906146
            ],
            [
              33.4335497757,
              3.2852164301
            ],
            [
              33.4585451545,
              3.2850537666
            ],
            [
              33.4584911725,
              3.2766799955
            ],
            [
              33.4751539289,
              3.2765714864
            ],
            [
              33.4750461089,
              3.2598244952
            ],
            [
              33.4917080371,
              3.2597162677
            ],
            [
              33.4916005007,
              3.2429698237
            ],
            [
              33.5082616015,
              3.2428618818
            ],
            [
              33.508207906,
              3.2344889357
            ],
            [
              33.5130943099,
              3.2344573079
            ]
          ]
        ]
      },
      "properties": {
        "country": "Uganda",
        "country_code": "UGA",
        "species_name": "Eucalyptus_tereticornis",
        "genus": "Eucalyptus",
        "species": "tereticornis",
        "suitability_name": "Marginally suitable",
        "suitability_rank": 3,
        "soil_suitability": "S3",
        "soil_type": "Ferrallitic Soils",
        "soil_description": "On sandy sediments",
        "site_class": null,
        "maz": "IV",
        "maz_zone": null,
        "tz": "2",
        "frost_risk": null,
        "source_layer": "SWIFT_SSMT_Uganda"
      }
    },
    {
      "type": "Feature",
      "geometry": {
        "type": "Polygon",
        "coordinates": [
          [
            [
              33.7256129905,
              3.1462584429
            ],
            [
              33.7216761189,
              3.1454229022
            ],
            [
              33.7080666887,
              3.1437283124
            ],
            [
              33.6965510108,
              3.1458831096
            ],
            [
              33.6856186638,
              3.1468453958
            ],
            [
              33.6631865782,
              3.1526368765
            ],
            [
              33.6472747858,
              3.1610611185
            ],
            [
              33.6331173515,
              3.1665022339
            ],
            [
              33.6263436123,
              3.1707069278
            ],
            [
              33.6154303,
              3.1749384301
            ],
            [
              33.5977026178,
              3.177133357
            ],
            [
              33.5870577185,
              3.1772018993
            ],
            [
              33.5828055768,
              3.1764082717
            ],
            [
              33.5827991587,
              3.1753992711
            ],
            [
              33.5994561016,
              3.1752920983
            ],
            [
              33.5993496321,
              3.1585492648
            ],
            [
              33.6076777591,
              3.1584958634
            ],
            [
              33.6076246713,
              3.1501245843
            ],
            [
              33.6242803703,
              3.1500178659
            ],
            [
              33.6242272925,
              3.1416468694
            ],
            [
              33.6325548625,
              3.1415935538
            ],
            [
              33.6325018616,
              3.1332226972
            ],
            [
              33.6491564457,
              3.1331161538
            ],
            [
              33.649103457,
              3.1247455799
            ],
            [
              33.6657573415,
              3.12463906
            ],
            [
              33.665704364,
              3.1162687705
            ],
            [
              33.6740310269,
              3.1162155561
            ],
            [
              33.6739781277,
              3.1078454073
            ],
            [
              33.6823045831,
              3.1077922696
            ],
            [
              33.6821990853,
              3.0910522521
            ],
            [
              33.690525269,
              3.0909993369
            ],
            [
              33.6904726701,
              3.0826294684
            ],
            [
              33.6987986456,
              3.0825766326
            ],
            [
              33.6985894276,
              3.0490977112
            ],
            [
              33.7069150047,
              3.0490453871
            ],
            [
              33.7068629965,
              3.0406757945
            ],
            [
              33.7151883661,
              3.0406235502
            ],
            [
              33.7151364378,
              3.0322541001
            ],
            [
              33.7234616007,
              3.0322019368
            ],
            [
              33.723358049,
              3.0154633184
            ],
            [
              33.7316829419,
              3.0154113802
            ],
            [
              33.7313753683,
              2.9651963394
            ],
            [
              33.7396997447,
              2.9651452057
            ],
            [
              33.7396489249,
              2.9567761692
            ],
            [
              33.747973094,
              2.9567251179
            ],
            [
              33.7479223586,
              2.9483562245
            ],
            [
              33.7562463222,
              2.948305256
            ],
            [
              33.7561956688,
              2.939936505
            ],
            [
              33.764519427,
              2.9398856197
            ],
            [
              33.7644184317,
              2.9231484019
            ],
            [
              33.7810652687,
              2.9230470293
            ],
            [
              33.7808645326,
              2.8895737308
            ],
            [
              33.7891874925,
              2.8895235353
            ],
            [
              33.7891376108,
              2.881155351
            ],
            [
              33.797460365,
              2.8811052408
            ],
            [
              33.7973114136,
              2.856001112
            ],
            [
              33.8056338443,
              2.8559513796
            ],
            [
              33.8055351518,
              2.8392155759
            ],
            [
              33.8138573179,
              2.8391660752
            ],
            [
              33.8137101952,
              2.8140627923
            ],
            [
              33.8220320385,
              2.8140136714
            ],
            [
              33.8219345693,
              2.7972784319
            ],
            [
              33.8302561505,
              2.7972295461
            ],
            [
              33.8301591494,
              2.7804945905
            ],
            [
              33.838480468,
              2.7804459389
            ],
            [
              33.8382879879,
              2.7469765912
            ],
            [
              33.8466089308,
              2.7469284683
            ],
            [
              33.846513454,
              2.7301940765
            ],
            [
              33.838192625,
              2.7302419054
            ],
            [
              33.8381451627,
              2.7218745583
            ],
            [
              33.8464659358,
              2.7218268772
            ],
            [
              33.8463242582,
              2.6967252669
            ],
            [
              33.8546447158,
              2.6966779695
            ],
            [
              33.8545508842,
              2.6799438468
            ],
            [
              33.8628710824,
              2.6798967867
            ],
            [
              33.8628243316,
              2.6715298702
            ],
            [
              33.8711443282,
              2.6714829007
            ],
            [
              33.8710047888,
              2.64638258
            ],
            [
              33.8793244727,
              2.6463359987
            ],
            [
              33.8791860903,
              2.6212361021
            ],
            [
              33.8958246893,
              2.6211436578
            ],
            [
              33.8957329521,
              2.6044109751
            ],
            [
              33.912370745,
              2.6043189055
            ],
            [
              33.9123249892,
              2.5959528578
            ],
            [
              33.9206436099,
              2.5959068883
            ],
            [
              33.9205070696,
              2.5708091784
            ],
            [
              33.9288253817,
              2.5707636003
            ],
            [
              33.9287349876,
              2.5540320809
            ],
            [
              33.9453709547,
              2.5539413612
            ],
            [
              33.9453155249,
              2.5436516257
            ],
            [
              33.9460920808,
              2.5433993331
            ],
            [
              33.9622223549,
              2.5225212908
            ],
            [
              33.9700797909,
              2.5007979204
            ],
            [
              33.9732165058,
              2.47969436
            ],
            [
              33.9757186263,
              2.4499815884
            ],
            [
              33.9750879907,
              2.44226304
            ],
            [
              33.9697208967,
              2.4321932334
            ],
            [
              33.9616904801,
              2.4209489905
            ],
            [
              33.9586769777,
              2.4090844132
            ],
            [
              33.9586391605,
              2.4016594788
            ],
            [
              33.9621658015,
              2.3983742973
            ],
            [
              33.9686511081,
              2.3962619509
            ],
            [
              33.9751453725,
              2.3959315553
            ],
            [
              33.9810686952,
              2.3994649577
            ],
            [
              33.9879035857,
              2.4080423052
            ],
            [
              33.9980292502,
              2.4249176823
            ],
            [
              34.0057935527,
              2.4418046856
            ],
            [
              34.0147379703,
              2.4583878462
            ],
            [
              34.0257199234,
              2.4693171112
            ],
            [
              34.0414305971,
              2.4811112093
            ],
            [
              34.0678637167,
              2.5103653925
            ],
            [
              34.0753054448,
              2.5216080918
            ],
            [
              34.0786094692,
              2.5319824447
            ],
            [
              34.0765899326,
              2.5406045588
            ],
            [
              34.0669074901,
              2.5516447583
            ],
            [
              34.0628214758,
              2.5602786656
            ],
            [
              34.0640466383,
              2.5682891752
            ],
            [
              34.0682325983,
              2.5777677259
            ],
            [
              34.0686054461,
              2.5917215945
            ],
            [
              34.0648236253,
              2.6018388024
            ],
            [
              34.0568933745,
              2.6093072227
            ],
            [
              34.0457017862,
              2.6144187632
            ],
            [
              34.042787458,
              2.6212651806
            ],
            [
              34.0416632128,
              2.6313679624
            ],
            [
              34.0409237925,
              2.6572071134
            ],
            [
              34.0402542076,
              2.6949240995
            ],
            [
              34.0429960665,
              2.7094587382
            ],
            [
              34.0472027372,
              2.7219058975
            ],
            [
              34.0606353654,
              2.746472607
            ],
            [
              34.0621697497,
              2.7562624652
            ],
            [
              34.0613473365,
              2.7669572469
            ],
            [
              34.0593492913,
              2.7785499909
            ],
            [
              34.0587995935,
              2.787500059
            ],
            [
              34.0548329067,
              2.787524074
            ],
            [
              34.0549333368,
              2.8042509834
            ],
            [
              34.046615702,
              2.8043015984
            ],
            [
              34.0466660851,
              2.8126652008
            ],
            [
              34.0383482426,
              2.8127159086
            ],
            [
              34.0383987182,
              2.8210796597
            ],
            [
              34.0300806671,
              2.821130459
            ],
            [
              34.0301819499,
              2.8378582578
            ],
            [
              34.0228326305,
              2.8379033562
            ],
            [
              34.0204376064,
              2.8335516659
            ],
            [
              34.0010623833,
              2.794112483
            ],
            [
              33.9959655628,
              2.7713349074
            ],
            [
              33.995162413,
              2.7553026264
            ],
            [
              33.9934692416,
              2.7079140478
            ],
            [
              33.9972731994,
              2.6914985019
            ],
            [
              34.0039532316,
              2.6821940787
            ],
            [
              34.0123806751,
              2.6686034153
            ],
            [
              34.0211342417,
              2.6500222873
            ],
            [
              34.0228354906,
              2.6375400189
            ],
            [
              34.021308066,
              2.617948984
            ],
            [
              34.0179526009,
              2.5880336012
            ],
            [
              34.0125414815,
              2.570601931
            ],
            [
              34.0064944042,
              2.5663590304
            ],
            [
              33.9994135171,
              2.5674673293
            ],
            [
              33.9905861222,
              2.5732182473
            ],
            [
              33.9867390658,
              2.5825055615
            ],
            [
              33.9825731176,
              2.5982097873
            ],
            [
              33.9777622553,
              2.6253224538
            ],
            [
              33.9774815765,
              2.6385105592
            ],
            [
              33.9747105678,
              2.6499308884
            ],
            [
              33.9730069519,
              2.6620580426
            ],
            [
              33.9667430494,
              2.6824086598
            ],
            [
              33.9605042338,
              2.7070365155
            ],
            [
              33.9556613916,
              2.7277363345
            ],
            [
              33.9484129791,
              2.7612816429
            ],
            [
              33.9453504559,
              2.7830411832
            ],
            [
              33.9447509467,
              2.8015784805
            ],
            [
              33.9448589302,
              2.8197551449
            ],
            [
              33.9467164013,
              2.834000612
            ],
            [
              33.9528837822,
              2.8574864203
            ],
            [
              33.9561560338,
              2.8710099711
            ],
            [
              33.9598202498,
              2.8905898166
            ],
            [
              33.9630848075,
              2.9026873505
            ],
            [
              33.9628182523,
              2.9169451893
            ],
            [
              33.9618564558,
              2.9333458448
            ],
            [
              33.963421186,
              2.9568586879
            ],
            [
              33.9645517705,
              2.9675436274
            ],
            [
              33.970295438,
              2.9789118588
            ],
            [
              33.9753825727,
              2.9984810866
            ],
            [
              33.9766798944,
              3.0054890327
            ],
            [
              33.9729879939,
              3.0055128427
            ],
            [
              33.9732566731,
              3.0473373408
            ],
            [
              33.9649357785,
              3.0473917043
            ],
            [
              33.9650441679,
              3.0641217864
            ],
            [
              33.9567229978,
              3.0641763844
            ],
            [
              33.9568199313,
              3.0790785016
            ],
            [
              33.9533763509,
              3.0809295345
            ],
            [
              33.9485104094,
              3.0809615897
            ],
            [
              33.9485269555,
              3.0834995736
            ],
            [
              33.9270302555,
              3.0875427479
            ],
            [
              33.9082710169,
              3.092656246
            ],
            [
              33.8934182673,
              3.0988135283
            ],
            [
              33.851000596,
              3.1197677681
            ],
            [
              33.8244820076,
              3.1320630721
            ],
            [
              33.8050178324,
              3.1386082693
            ],
            [
              33.7862389168,
              3.1415837464
            ],
            [
              33.7688779388,
              3.144549829
            ],
            [
              33.7362545457,
              3.1461891474
            ],
            [
              33.7256129905,
              3.1462584429
            ]
          ]
        ]
      },
      "properties": {
        "country": "Uganda",
        "country_code": "UGA",
        "species_name": "Eucalyptus_tereticornis",
        "genus": "Eucalyptus",
        "species": "tereticornis",
        "suitability_name": "Marginally suitable",
        "suitability_rank": 3,
        "soil_suitability": "S2",
        "soil_type": "Ferruginous Soils",
        "soil_description": "On crystalline acid rock - freely drained",
        "site_class": null,
        "maz": "IV",
        "maz_zone": null,
        "tz": "2",
        "frost_risk": null,
        "source_layer": "SWIFT_SSMT_Uganda"
      }
    },
    {
      "type": "Feature",
      "geometry": {
        "type": "Polygon",
        "coordinates": [
          [
            [
              33.9170511389,
              3.3511475454
            ],
            [
              33.8829024559,
              3.3604926639
            ],
            [
              33.8631220054,
              3.3639008824
            ],
            [
              33.8395348494,
              3.3651140436
            ],
            [
              33.8369720831,
              3.3537241507
            ],
            [
              33.8330155856,
              3.3459089529
            ],
            [
              33.8276082624,
              3.3334691778
            ],
            [
              33.8285984128,
              3.3227670413
            ],
            [
              33.8310247794,
              3.3145504939
            ],
            [
              33.8401953576,
              3.3070001468
            ],
            [
              33.8532746014,
              3.3004922998
            ],
            [
              33.866311719,
              3.2879247884
            ],
            [
              33.8813885187,
              3.2625108353
            ],
            [
              33.8872692459,
              3.240725989
            ],
            [
              33.8927287141,
              3.2089636874
            ],
            [
              33.8965217288,
              3.1928973771
            ],
            [
              33.903494654,
              3.1750276134
            ],
            [
              33.909087449,
              3.1628707293
            ],
            [
              33.9147300533,
              3.1581990468
            ],
            [
              33.9214552758,
              3.1563716703
            ],
            [
              33.926790554,
              3.1588308346
            ],
            [
              33.9303743435,
              3.1645095902
            ],
            [
              33.9304506242,
              3.1759148329
            ],
            [
              33.9290920753,
              3.1848348038
            ],
            [
              33.9263201164,
              3.1944773098
            ],
            [
              33.9246120652,
              3.2041126607
            ],
            [
              33.9247303448,
              3.2215771396
            ],
            [
              33.9276958489,
              3.2404476964
            ],
            [
              33.9335334079,
              3.2642880455
            ],
            [
              33.9404213552,
              3.2859818673
            ],
            [
              33.9454216736,
              3.2901257998
            ],
            [
              33.941596494,
              3.2901526727
            ],
            [
              33.9416547339,
              3.2985180947
            ],
            [
              33.9333312665,
              3.2985766684
            ],
            [
              33.9332730949,
              3.290211098
            ],
            [
              33.9166258528,
              3.2903277427
            ],
            [
              33.9166838868,
              3.2986936103
            ],
            [
              33.9083599749,
              3.2987519775
            ],
            [
              33.9084180889,
              3.3071179904
            ],
            [
              33.9000939608,
              3.3071764374
            ],
            [
              33.9001521536,
              3.3155425963
            ],
            [
              33.8918278077,
              3.3156011218
            ],
            [
              33.891944499,
              3.3323337298
            ],
            [
              33.9002689821,
              3.3322749075
            ],
            [
              33.9003864037,
              3.3490072096
            ],
            [
              33.9170352044,
              3.3488887642
            ],
            [
              33.9170511389,
              3.3511475454
            ]
          ]
        ]
      },
      "properties": {
        "country": "Uganda",
        "country_code": "UGA",
        "species_name": "Eucalyptus_tereticornis",
        "genus": "Eucalyptus",
        "species": "tereticornis",
        "suitability_name": "Marginally suitable",
        "suitability_rank": 3,
        "soil_suitability": "S3",
        "soil_type": "Ferruginous Soils",
        "soil_description": "On crystalline acid rock-Complex with Lithosols",
        "site_class": null,
        "maz": "IV",
        "maz_zone": null,
        "tz": "2",
        "frost_risk": null,
        "source_layer": "SWIFT_SSMT_Uganda"
      }
    },
    {
      "type": "Feature",
      "geometry": {
        "type": "Polygon",
        "coordinates": [
          [
            [
              31.5841042538,
              1.9093940945
            ],
            [
              31.5924533217,
              1.9093716309
            ],
            [
              31.5924757163,
              1.9177721888
            ],
            [
              31.5841266077,
              1.9177947508
            ],
            [
              31.5841042538,
              1.9093940945
            ]
          ]
        ]
      },
      "properties": {
        "country": "Uganda",
        "country_code": "UGA",
        "species_name": "Eucalyptus_tereticornis",
        "genus": "Eucalyptus",
        "species": "tereticornis",
        "suitability_name": "Marginally suitable",
        "suitability_rank": 3,
        "soil_suitability": "S4",
        "soil_type": "Lithosols",
        "soil_description": "Not differentiated",
        "site_class": null,
        "maz": "III",
        "maz_zone": null,
        "tz": "2",
        "frost_risk": null,
        "source_layer": "SWIFT_SSMT_Uganda"
      }
    },
    {
      "type": "Feature",
      "geometry": {
        "type": "Polygon",
        "coordinates": [
          [
            [
              31.542269804,
              1.8759011995
            ],
            [
              31.5422915676,
              1.8843023516
            ],
            [
              31.5339420315,
              1.8843242789
            ],
            [
              31.5339203087,
              1.8759230288
            ],
            [
              31.542269804,
              1.8759011995
            ]
          ]
        ]
      },
      "properties": {
        "country": "Uganda",
        "country_code": "UGA",
        "species_name": "Eucalyptus_tereticornis",
        "genus": "Eucalyptus",
        "species": "tereticornis",
        "suitability_name": "Marginally suitable",
        "suitability_rank": 3,
        "soil_suitability": "S4",
        "soil_type": "Lithosols",
        "soil_description": "Not differentiated",
        "site_class": null,
        "maz": "III",
        "maz_zone": null,
        "tz": "2",
        "frost_risk": null,
        "source_layer": "SWIFT_SSMT_Uganda"
      }
    },
    {
      "type": "Feature",
      "geometry": {
        "type": "Polygon",
        "coordinates": [
          [
            [
              31.5171994788,
              1.8675651206
            ],
            [
              31.5338986824,
              1.8675217769
            ],
            [
              31.5339203087,
              1.8759230288
            ],
            [
              31.5172210257,
              1.8759665662
            ],
            [
              31.5171994788,
              1.8675651206
            ]
          ]
        ]
      },
      "properties": {
        "country": "Uganda",
        "country_code": "UGA",
        "species_name": "Eucalyptus_tereticornis",
        "genus": "Eucalyptus",
        "species": "tereticornis",
        "suitability_name": "Marginally suitable",
        "suitability_rank": 3,
        "soil_suitability": "S4",
        "soil_type": "Lithosols",
        "soil_description": "Not differentiated",
        "site_class": null,
        "maz": "III",
        "maz_zone": null,
        "tz": "2",
        "frost_risk": null,
        "source_layer": "SWIFT_SSMT_Uganda"
      }
    },
    {
      "type": "Feature",
      "geometry": {
        "type": "Polygon",
        "coordinates": [
          [
            [
              31.5088070059,
              1.8507836414
            ],
            [
              31.5171566746,
              1.8507622239
            ],
            [
              31.5171780282,
              1.8591636722
            ],
            [
              31.5088283202,
              1.8591851872
            ],
            [
              31.5088070059,
              1.8507836414
            ]
          ]
        ]
      },
      "properties": {
        "country": "Uganda",
        "country_code": "UGA",
        "species_name": "Eucalyptus_tereticornis",
        "genus": "Eucalyptus",
        "species": "tereticornis",
        "suitability_name": "Marginally suitable",
        "suitability_rank": 3,
        "soil_suitability": "S4",
        "soil_type": "Lithosols",
        "soil_description": "Not differentiated",
        "site_class": null,
        "maz": "III",
        "maz_zone": null,
        "tz": "2",
        "frost_risk": null,
        "source_layer": "SWIFT_SSMT_Uganda"
      }
    },
    {
      "type": "Feature",
      "geometry": {
        "type": "Polygon",
        "coordinates": [
          [
            [
              31.4753653377,
              1.8340650491
            ],
            [
              31.4753444675,
              1.8256631126
            ],
            [
              31.4836944058,
              1.8256421414
            ],
            [
              31.4837153139,
              1.834043982
            ],
            [
              31.4920651947,
              1.834022875
            ],
            [
              31.4920862381,
              1.8424246179
            ],
            [
              31.5004360612,
              1.8424033764
            ],
            [
              31.5004572403,
              1.8508050204
            ],
            [
              31.4837574192,
              1.8508476589
            ],
            [
              31.4837363184,
              1.8424458209
            ],
            [
              31.4753863032,
              1.8424669847
            ],
            [
              31.4753653377,
              1.8340650491
            ]
          ]
        ]
      },
      "properties": {
        "country": "Uganda",
        "country_code": "UGA",
        "species_name": "Eucalyptus_tereticornis",
        "genus": "Eucalyptus",
        "species": "tereticornis",
        "suitability_name": "Marginally suitable",
        "suitability_rank": 3,
        "soil_suitability": "S4",
        "soil_type": "Lithosols",
        "soil_description": "Not differentiated",
        "site_class": null,
        "maz": "III",
        "maz_zone": null,
        "tz": "2",
        "frost_risk": null,
        "source_layer": "SWIFT_SSMT_Uganda"
      }
    },
    {
      "type": "Feature",
      "geometry": {
        "type": "Polygon",
        "coordinates": [
          [
            [
              31.4419437566,
              1.8257466073
            ],
            [
              31.466994433,
              1.8256840449
            ],
            [
              31.4670152645,
              1.834086077
            ],
            [
              31.4419644718,
              1.8341489288
            ],
            [
              31.4419437566,
              1.8257466073
            ]
          ]
        ]
      },
      "properties": {
        "country": "Uganda",
        "country_code": "UGA",
        "species_name": "Eucalyptus_tereticornis",
        "genus": "Eucalyptus",
        "species": "tereticornis",
        "suitability_name": "Marginally suitable",
        "suitability_rank": 3,
        "soil_suitability": "S4",
        "soil_type": "Lithosols",
        "soil_description": "Not differentiated",
        "site_class": null,
        "maz": "III",
        "maz_zone": null,
        "tz": "2",
        "frost_risk": null,
        "source_layer": "SWIFT_SSMT_Uganda"
      }
    },
    {
      "type": "Feature",
      "geometry": {
        "type": "Polygon",
        "coordinates": [
          [
            [
              31.4084804066,
              1.8006213682
            ],
            [
              31.4251814836,
              1.8005805796
            ],
            [
              31.425201838,
              1.8089830951
            ],
            [
              31.4085006828,
              1.8090240742
            ],
            [
              31.4084804066,
              1.8006213682
            ]
          ]
        ]
      },
      "properties": {
        "country": "Uganda",
        "country_code": "UGA",
        "species_name": "Eucalyptus_tereticornis",
        "genus": "Eucalyptus",
        "species": "tereticornis",
        "suitability_name": "Marginally suitable",
        "suitability_rank": 3,
        "soil_suitability": "S4",
        "soil_type": "Lithosols",
        "soil_description": "Not differentiated",
        "site_class": null,
        "maz": "III",
        "maz_zone": null,
        "tz": "2",
        "frost_risk": null,
        "source_layer": "SWIFT_SSMT_Uganda"
      }
    },
    {
      "type": "Feature",
      "geometry": {
        "type": "Polygon",
        "coordinates": [
          [
            [
              31.4001095817,
              1.792238903
            ],
            [
              31.4084602241,
              1.7922186612
            ],
            [
              31.4084804066,
              1.8006213682
            ],
            [
              31.4001297261,
              1.8006417049
            ],
            [
              31.4001095817,
              1.792238903
            ]
          ]
        ]
      },
      "properties": {
        "country": "Uganda",
        "country_code": "UGA",
        "species_name": "Eucalyptus_tereticornis",
        "genus": "Eucalyptus",
        "species": "tereticornis",
        "suitability_name": "Marginally suitable",
        "suitability_rank": 3,
        "soil_suitability": "S4",
        "soil_type": "Lithosols",
        "soil_description": "Not differentiated",
        "site_class": null,
        "maz": "III",
        "maz_zone": null,
        "tz": "2",
        "frost_risk": null,
        "source_layer": "SWIFT_SSMT_Uganda"
      }
    },
    {
      "type": "Feature",
      "geometry": {
        "type": "Polygon",
        "coordinates": [
          [
            [
              31.3833681573,
              1.7754732875
            ],
            [
              31.400069576,
              1.7754332965
            ],
            [
              31.4001095817,
              1.792238903
            ],
            [
              31.3917588439,
              1.7922591066
            ],
            [
              31.3917388317,
              1.7838562098
            ],
            [
              31.3833880376,
              1.7838762797
            ],
            [
              31.3833681573,
              1.7754732875
            ]
          ]
        ]
      },
      "properties": {
        "country": "Uganda",
        "country_code": "UGA",
        "species_name": "Eucalyptus_tereticornis",
        "genus": "Eucalyptus",
        "species": "tereticornis",
        "suitability_name": "Marginally suitable",
        "suitability_rank": 3,
        "soil_suitability": "S4",
        "soil_type": "Lithosols",
        "soil_description": "Not differentiated",
        "site_class": null,
        "maz": "III",
        "maz_zone": null,
        "tz": "2",
        "frost_risk": null,
        "source_layer": "SWIFT_SSMT_Uganda"
      }
    },
    {
      "type": "Feature",
      "geometry": {
        "type": "Polygon",
        "coordinates": [
          [
            [
              31.3749583409,
              1.7502839587
            ],
            [
              31.3833090795,
              1.7502643026
            ],
            [
              31.3833483701,
              1.7670702934
            ],
            [
              31.374997558,
              1.7670901374
            ],
            [
              31.3749583409,
              1.7502839587
            ]
          ]
        ]
      },
      "properties": {
        "country": "Uganda",
        "country_code": "UGA",
        "species_name": "Eucalyptus_tereticornis",
        "genus": "Eucalyptus",
        "species": "tereticornis",
        "suitability_name": "Marginally suitable",
        "suitability_rank": 3,
        "soil_suitability": "S4",
        "soil_type": "Lithosols",
        "soil_description": "Not differentiated",
        "site_class": null,
        "maz": "III",
        "maz_zone": null,
        "tz": "2",
        "frost_risk": null,
        "source_layer": "SWIFT_SSMT_Uganda"
      }
    },
    {
      "type": "Feature",
      "geometry": {
        "type": "Polygon",
        "coordinates": [
          [
            [
              31.349866942,
              1.7335359522
            ],
            [
              31.3582178888,
              1.7335165965
            ],
            [
              31.3582371889,
              1.7419198778
            ],
            [
              31.3498862055,
              1.7419393274
            ],
            [
              31.349866942,
              1.7335359522
            ]
          ]
        ]
      },
      "properties": {
        "country": "Uganda",
        "country_code": "UGA",
        "species_name": "Eucalyptus_tereticornis",
        "genus": "Eucalyptus",
        "species": "tereticornis",
        "suitability_name": "Marginally suitable",
        "suitability_rank": 3,
        "soil_suitability": "S4",
        "soil_type": "Lithosols",
        "soil_description": "Not differentiated",
        "site_class": null,
        "maz": "III",
        "maz_zone": null,
        "tz": "2",
        "frost_risk": null,
        "source_layer": "SWIFT_SSMT_Uganda"
      }
    },
    {
      "type": "Feature",
      "geometry": {
        "type": "Polygon",
        "coordinates": [
          [
            [
              31.299684062,
              1.7000355698
            ],
            [
              31.2913326117,
              1.7000542975
            ],
            [
              31.2913140649,
              1.6916502663
            ],
            [
              31.2996654794,
              1.691631631
            ],
            [
              31.299684062,
              1.7000355698
            ]
          ]
        ]
      },
      "properties": {
        "country": "Uganda",
        "country_code": "UGA",
        "species_name": "Eucalyptus_tereticornis",
        "genus": "Eucalyptus",
        "species": "tereticornis",
        "suitability_name": "Marginally suitable",
        "suitability_rank": 3,
        "soil_suitability": "S4",
        "soil_type": "Lithosols",
        "soil_description": "Not differentiated",
        "site_class": null,
        "maz": "III",
        "maz_zone": null,
        "tz": "2",
        "frost_risk": null,
        "source_layer": "SWIFT_SSMT_Uganda"
      }
    },
    {
      "type": "Feature",
      "geometry": {
        "type": "Polygon",
        "coordinates": [
          [
            [
              31.2829441401,
              1.6832647411
            ],
            [
              31.29129561,
              1.6832462332
            ],
            [
              31.2913140649,
              1.6916502663
            ],
            [
              31.2829625585,
              1.6916688657
            ],
            [
              31.2829441401,
              1.6832647411
            ]
          ]
        ]
      },
      "properties": {
        "country": "Uganda",
        "country_code": "UGA",
        "species_name": "Eucalyptus_tereticornis",
        "genus": "Eucalyptus",
        "species": "tereticornis",
        "suitability_name": "Marginally suitable",
        "suitability_rank": 3,
        "soil_suitability": "S4",
        "soil_type": "Lithosols",
        "soil_description": "Not differentiated",
        "site_class": null,
        "maz": "III",
        "maz_zone": null,
        "tz": "2",
        "frost_risk": null,
        "source_layer": "SWIFT_SSMT_Uganda"
      }
    },
    {
      "type": "Feature",
      "geometry": {
        "type": "Polygon",
        "coordinates": [
          [
            [
              31.2494830579,
              1.6581249248
            ],
            [
              31.2578347895,
              1.658106837
            ],
            [
              31.2578528277,
              1.6665112411
            ],
            [
              31.2495010611,
              1.6665294204
            ],
            [
              31.2494830579,
              1.6581249248
            ]
          ]
        ]
      },
      "properties": {
        "country": "Uganda",
        "country_code": "UGA",
        "species_name": "Eucalyptus_tereticornis",
        "genus": "Eucalyptus",
        "species": "tereticornis",
        "suitability_name": "Marginally suitable",
        "suitability_rank": 3,
        "soil_suitability": "S4",
        "soil_type": "Lithosols",
        "soil_description": "Not differentiated",
        "site_class": null,
        "maz": "III",
        "maz_zone": null,
        "tz": "2",
        "frost_risk": null,
        "source_layer": "SWIFT_SSMT_Uganda"
      }
    },
    {
      "type": "Feature",
      "geometry": {
        "type": "Polygon",
        "coordinates": [
          [
            [
              30.5403109346,
              0.9697744035
            ],
            [
              30.5466551449,
              0.9697677106
            ],
            [
              30.5466595914,
              0.9740250553
            ],
            [
              30.5403109346,
              0.9697744035
            ]
          ]
        ]
      },
      "properties": {
        "country": "Uganda",
        "country_code": "UGA",
        "species_name": "Eucalyptus_tereticornis",
        "genus": "Eucalyptus",
        "species": "tereticornis",
        "suitability_name": "Marginally suitable",
        "suitability_rank": 3,
        "soil_suitability": "S4",
        "soil_type": "Lithosols",
        "soil_description": "Not differentiated",
        "site_class": null,
        "maz": "III",
        "maz_zone": null,
        "tz": "2",
        "frost_risk": null,
        "source_layer": "SWIFT_SSMT_Uganda"
      }
    },
    {
      "type": "Feature",
      "geometry": {
        "type": "Polygon",
        "coordinates": [
          [
            [
              33.0766302242,
              3.8558122681
            ],
            [
              33.0740150226,
              3.8573472776
            ],
            [
              33.0705681169,
              3.8573720566
            ],
            [
              33.070583652,
              3.8595522198
            ],
            [
              33.0641542375,
              3.8657985894
            ],
            [
              33.0622847419,
              3.8658120386
            ],
            [
              33.0620468108,
              3.8322917671
            ],
            [
              33.0669585047,
              3.8322567314
            ],
            [
              33.0704325477,
              3.8382931592
            ],
            [
              33.0704489906,
              3.8406121826
            ],
            [
              33.0717618086,
              3.8406027871
            ],
            [
              33.0741385691,
              3.8447323816
            ],
            [
              33.0766302242,
              3.8558122681
            ]
          ]
        ]
      },
      "properties": {
        "country": "Uganda",
        "country_code": "UGA",
        "species_name": "Eucalyptus_tereticornis",
        "genus": "Eucalyptus",
        "species": "tereticornis",
        "suitability_name": "Marginally suitable",
        "suitability_rank": 3,
        "soil_suitability": "S4",
        "soil_type": "Lithosols",
        "soil_description": "Not differentiated",
        "site_class": null,
        "maz": "III",
        "maz_zone": null,
        "tz": "2",
        "frost_risk": null,
        "source_layer": "SWIFT_SSMT_Uganda"
      }
    },
    {
      "type": "Feature",
      "geometry": {
        "type": "Polygon",
        "coordinates": [
          [
            [
              33.0619876543,
              3.8239116928
            ],
            [
              33.0453017993,
              3.8240302422
            ],
            [
              33.0453607954,
              3.8324105767
            ],
            [
              33.0370175924,
              3.8324698618
            ],
            [
              33.0370766384,
              3.8408503241
            ],
            [
              33.0287332248,
              3.8409096569
            ],
            [
              33.0287923205,
              3.8492902467
            ],
            [
              33.0037610602,
              3.8494681508
            ],
            [
              33.0038200427,
              3.8578491256
            ],
            [
              32.9954759504,
              3.8579083936
            ],
            [
              32.9954170479,
              3.8495272894
            ],
            [
              32.9870729072,
              3.8495863479
            ],
            [
              32.9869507145,
              3.8321165042
            ],
            [
              32.9989712323,
              3.8179362759
            ],
            [
              33.0123425255,
              3.79820282
            ],
            [
              33.0176174096,
              3.7899530902
            ],
            [
              33.0200022644,
              3.7854874167
            ],
            [
              33.0200383143,
              3.7906845424
            ],
            [
              33.0283813774,
              3.7906260672
            ],
            [
              33.0284981405,
              3.8073872739
            ],
            [
              33.0451841974,
              3.8072695655
            ],
            [
              33.0452429327,
              3.815649906
            ],
            [
              33.0582994775,
              3.815557372
            ],
            [
              33.0619818094,
              3.8230827809
            ],
            [
              33.0619876543,
              3.8239116928
            ]
          ]
        ]
      },
      "properties": {
        "country": "Uganda",
        "country_code": "UGA",
        "species_name": "Eucalyptus_tereticornis",
        "genus": "Eucalyptus",
        "species": "tereticornis",
        "suitability_name": "Marginally suitable",
        "suitability_rank": 3,
        "soil_suitability": "S4",
        "soil_type": "Lithosols",
        "soil_description": "Not differentiated",
        "site_class": null,
        "maz": "III",
        "maz_zone": null,
        "tz": "2",
        "frost_risk": null,
        "source_layer": "SWIFT_SSMT_Uganda"
      }
    },
    {
      "type": "Feature",
      "geometry": {
        "type": "Polygon",
        "coordinates": [
          [
            [
              32.9811463525,
              3.7591399375
            ],
            [
              32.986559118,
              3.7708867393
            ],
            [
              32.9894691728,
              3.7805081179
            ],
            [
              32.9866869253,
              3.7894548502
            ],
            [
              32.9799845748,
              3.7970005985
            ],
            [
              32.9700828539,
              3.8063482032
            ],
            [
              32.9698620839,
              3.774270689
            ],
            [
              32.9782057644,
              3.7742129508
            ],
            [
              32.9780674341,
              3.7540013751
            ],
            [
              32.9811463525,
              3.7591399375
            ]
          ]
        ]
      },
      "properties": {
        "country": "Uganda",
        "country_code": "UGA",
        "species_name": "Eucalyptus_tereticornis",
        "genus": "Eucalyptus",
        "species": "tereticornis",
        "suitability_name": "Marginally suitable",
        "suitability_rank": 3,
        "soil_suitability": "S4",
        "soil_type": "Lithosols",
        "soil_description": "Not differentiated",
        "site_class": null,
        "maz": "III",
        "maz_zone": null,
        "tz": "2",
        "frost_risk": null,
        "source_layer": "SWIFT_SSMT_Uganda"
      }
    },
    {
      "type": "Feature",
      "geometry": {
        "type": "Polygon",
        "coordinates": [
          [
            [
              32.7946154115,
              3.7754648339
            ],
            [
              32.7862689473,
              3.7755208226
            ],
            [
              32.7863247064,
              3.7839051202
            ],
            [
              32.7812312559,
              3.7839393234
            ],
            [
              32.761249044,
              3.7787468845
            ],
            [
              32.7612288059,
              3.775688311
            ],
            [
              32.7498568424,
              3.7757641373
            ],
            [
              32.7361615233,
              3.7719012851
            ],
            [
              32.7361323879,
              3.7674700389
            ],
            [
              32.736022439,
              3.7506999437
            ],
            [
              32.7193281241,
              3.7508099864
            ],
            [
              32.7193828792,
              3.759195282
            ],
            [
              32.711035458,
              3.759250309
            ],
            [
              32.7110866052,
              3.7670775827
            ],
            [
              32.6860309884,
              3.7653390965
            ],
            [
              32.6859380161,
              3.7510291233
            ],
            [
              32.6942857271,
              3.7509744585
            ],
            [
              32.694231331,
              3.7425887915
            ],
            [
              32.7025788418,
              3.7425341691
            ],
            [
              32.7025244895,
              3.7341486232
            ],
            [
              32.7192189828,
              3.734039388
            ],
            [
              32.7191645974,
              3.7256540851
            ],
            [
              32.7242360735,
              3.7256209125
            ],
            [
              32.7306258045,
              3.7279647666
            ],
            [
              32.7424285117,
              3.73824763
            ],
            [
              32.7560001063,
              3.7470892218
            ],
            [
              32.7691903064,
              3.7520031232
            ],
            [
              32.7801879228,
              3.748000495
            ],
            [
              32.7904317348,
              3.7375729003
            ],
            [
              32.8056767889,
              3.7306844899
            ],
            [
              32.8156302774,
              3.7302610712
            ],
            [
              32.8241991322,
              3.7355619942
            ],
            [
              32.8326810414,
              3.7416725372
            ],
            [
              32.8277766528,
              3.7417053695
            ],
            [
              32.8278323078,
              3.7500890512
            ],
            [
              32.8111407265,
              3.7502008343
            ],
            [
              32.8111963485,
              3.7585847639
            ],
            [
              32.7945041087,
              3.7586964816
            ],
            [
              32.7945596987,
              3.7670806585
            ],
            [
              32.7946154115,
              3.7754648339
            ]
          ]
        ]
      },
      "properties": {
        "country": "Uganda",
        "country_code": "UGA",
        "species_name": "Eucalyptus_tereticornis",
        "genus": "Eucalyptus",
        "species": "tereticornis",
        "suitability_name": "Marginally suitable",
        "suitability_rank": 3,
        "soil_suitability": "S4",
        "soil_type": "Lithosols",
        "soil_description": "Not differentiated",
        "site_class": null,
        "maz": "III",
        "maz_zone": null,
        "tz": "2",
        "frost_risk": null,
        "source_layer": "SWIFT_SSMT_Uganda"
      }
    },
    {
      "type": "Feature",
      "geometry": {
        "type": "Polygon",
        "coordinates": [
          [
            [
              32.8945373176,
              3.741256085
            ],
            [
              32.8945936007,
              3.7496387572
            ],
            [
              32.861213964,
              3.749864536
            ],
            [
              32.8611686114,
              3.7430730297
            ],
            [
              32.8630013488,
              3.7424455876
            ],
            [
              32.8746910052,
              3.7359377648
            ],
            [
              32.8813768668,
              3.7255349468
            ],
            [
              32.8926462816,
              3.7093870329
            ],
            [
              32.9022091865,
              3.7039655676
            ],
            [
              32.9121463555,
              3.7013988265
            ],
            [
              32.9214008979,
              3.7031223119
            ],
            [
              32.9281312167,
              3.6995056511
            ],
            [
              32.9362404564,
              3.689451422
            ],
            [
              32.9479255571,
              3.682587491
            ],
            [
              32.9593072563,
              3.6835822374
            ],
            [
              32.9639639175,
              3.6889075104
            ],
            [
              32.9688740142,
              3.715604036
            ],
            [
              32.9611199006,
              3.715656786
            ],
            [
              32.9610635027,
              3.7072751242
            ],
            [
              32.944376757,
              3.7073881538
            ],
            [
              32.9444329988,
              3.7157700721
            ],
            [
              32.9360893566,
              3.7158265985
            ],
            [
              32.9362020683,
              3.7325906824
            ],
            [
              32.9278581415,
              3.7326473852
            ],
            [
              32.9279146117,
              3.7410295515
            ],
            [
              32.8945373176,
              3.741256085
            ]
          ]
        ]
      },
      "properties": {
        "country": "Uganda",
        "country_code": "UGA",
        "species_name": "Eucalyptus_tereticornis",
        "genus": "Eucalyptus",
        "species": "tereticornis",
        "suitability_name": "Marginally suitable",
        "suitability_rank": 3,
        "soil_suitability": "S4",
        "soil_type": "Lithosols",
        "soil_description": "Not differentiated",
        "site_class": null,
        "maz": "III",
        "maz_zone": null,
        "tz": "2",
        "frost_risk": null,
        "source_layer": "SWIFT_SSMT_Uganda"
      }
    },
    {
      "type": "Feature",
      "geometry": {
        "type": "Polygon",
        "coordinates": [
          [
            [
              32.9694871253,
              3.7191511365
            ],
            [
              32.970321158,
              3.7239760875
            ],
            [
              32.9695197633,
              3.7239815569
            ],
            [
              32.9694871253,
              3.7191511365
            ]
          ]
        ]
      },
      "properties": {
        "country": "Uganda",
        "country_code": "UGA",
        "species_name": "Eucalyptus_tereticornis",
        "genus": "Eucalyptus",
        "species": "tereticornis",
        "suitability_name": "Marginally suitable",
        "suitability_rank": 3,
        "soil_suitability": "S4",
        "soil_type": "Lithosols",
        "soil_description": "Not differentiated",
        "site_class": null,
        "maz": "III",
        "maz_zone": null,
        "tz": "2",
        "frost_risk": null,
        "source_layer": "SWIFT_SSMT_Uganda"
      }
    },
    {
      "type": "Feature",
      "geometry": {
        "type": "Polygon",
        "coordinates": [
          [
            [
              30.8745296043,
              -0.2334487978
            ],
            [
              30.8821188555,
              -0.2258043094
            ],
            [
              30.88496213,
              -0.2124294248
            ],
            [
              30.8849573483,
              -0.1923682502
            ],
            [
              30.8821060374,
              -0.1708747139
            ],
            [
              30.8754588001,
              -0.1446051806
            ],
            [
              30.8716589546,
              -0.1173795202
            ],
            [
              30.8678608679,
              -0.0982737777
            ],
            [
              30.8559977604,
              -0.0839452552
            ],
            [
              30.8460317738,
              -0.0581521097
            ],
            [
              30.8289489479,
              -0.0223273712
            ],
            [
              30.8123417382,
              0.0115880473
            ],
            [
              30.8019033056,
              0.0292628627
            ],
            [
              30.785770498,
              0.0349958477
            ],
            [
              30.7720096313,
              0.0321301433
            ],
            [
              30.762044499,
              0.0220984776
            ],
            [
              30.7563500821,
              0.0130219595
            ],
            [
              30.7492321401,
              -0.0003541812
            ],
            [
              30.7392672135,
              -0.0165969566
            ],
            [
              30.7293027012,
              -0.038572912
            ],
            [
              30.7187380169,
              -0.0610297219
            ],
            [
              30.7169670788,
              -0.0758372353
            ],
            [
              30.717916673,
              -0.0815700352
            ],
            [
              30.721239847,
              -0.0954241411
            ],
            [
              30.7312063464,
              -0.1059331786
            ],
            [
              30.7468677869,
              -0.1207407291
            ],
            [
              30.7568342407,
              -0.1307714383
            ],
            [
              30.7630058193,
              -0.148445981
            ],
            [
              30.7601621404,
              -0.1675551495
            ],
            [
              30.7435631939,
              -0.2115091637
            ],
            [
              30.7402471364,
              -0.2339631863
            ],
            [
              30.7454707809,
              -0.2478158094
            ],
            [
              30.754962719,
              -0.2525902992
            ],
            [
              30.7701488247,
              -0.2573629823
            ],
            [
              30.7910265337,
              -0.2544905431
            ],
            [
              30.8047854567,
              -0.248754152
            ],
            [
              30.8237651997,
              -0.2487486209
            ],
            [
              30.8323093369,
              -0.2602103659
            ],
            [
              30.8375296624,
              -0.2635524844
            ],
            [
              30.8474941495,
              -0.2649823888
            ],
            [
              30.8546108123,
              -0.2635471652
            ],
            [
              30.8745296043,
              -0.2334487978
            ]
          ]
        ]
      },
      "properties": {
        "country": "Uganda",
        "country_code": "UGA",
        "species_name": "Eucalyptus_tereticornis",
        "genus": "Eucalyptus",
        "species": "tereticornis",
        "suitability_name": "Marginally suitable",
        "suitability_rank": 3,
        "soil_suitability": "S4",
        "soil_type": "Lithosols",
        "soil_description": "Not differentiated",
        "site_class": null,
        "maz": "III",
        "maz_zone": null,
        "tz": "3",
        "frost_risk": null,
        "source_layer": "SWIFT_SSMT_Uganda"
      }
    },
    {
      "type": "Feature",
      "geometry": {
        "type": "Polygon",
        "coordinates": [
          [
            [
              30.0535847192,
              -1.0663807921
            ],
            [
              30.0535764515,
              -1.0579649756
            ],
            [
              30.0452154961,
              -1.0579732539
            ],
            [
              30.0452073167,
              -1.0495573706
            ],
            [
              30.0368463179,
              -1.0495655611
            ],
            [
              30.0368382265,
              -1.0411496121
            ],
            [
              30.0284771852,
              -1.0411577135
            ],
            [
              30.0284933917,
              -1.0579897428
            ],
            [
              30.0201322422,
              -1.0579979524
            ],
            [
              30.0201404187,
              -1.066414031
            ],
            [
              30.0285015925,
              -1.0664057557
            ],
            [
              30.0285098579,
              -1.0748217691
            ],
            [
              30.0368709882,
              -1.0748134051
            ],
            [
              30.0368627001,
              -1.0663974576
            ],
            [
              30.0535847192,
              -1.0663807921
            ]
          ]
        ]
      },
      "properties": {
        "country": "Uganda",
        "country_code": "UGA",
        "species_name": "Eucalyptus_tereticornis",
        "genus": "Eucalyptus",
        "species": "tereticornis",
        "suitability_name": "Marginally suitable",
        "suitability_rank": 3,
        "soil_suitability": "S1",
        "soil_type": "Ferrallitic Soils",
        "soil_description": "Dark horizons - not differentiated",
        "site_class": null,
        "maz": "I",
        "maz_zone": null,
        "tz": "6",
        "frost_risk": null,
        "source_layer": "SWIFT_SSMT_Uganda"
      }
    },
    {
      "type": "Feature",
      "geometry": {
        "type": "Polygon",
        "coordinates": [
          [
            [
              30.0535847192,
              -1.0663807921
            ],
            [
              30.0535930528,
              -1.074796608
            ],
            [
              30.0619539875,
              -1.0747881751
            ],
            [
              30.0619456303,
              -1.0663724256
            ],
            [
              30.0535847192,
              -1.0663807921
            ]
          ]
        ]
      },
      "properties": {
        "country": "Uganda",
        "country_code": "UGA",
        "species_name": "Eucalyptus_tereticornis",
        "genus": "Eucalyptus",
        "species": "tereticornis",
        "suitability_name": "Marginally suitable",
        "suitability_rank": 3,
        "soil_suitability": "S1",
        "soil_type": "Ferrallitic Soils",
        "soil_description": "Dark horizons - not differentiated",
        "site_class": null,
        "maz": "I",
        "maz_zone": null,
        "tz": "6",
        "frost_risk": null,
        "source_layer": "SWIFT_SSMT_Uganda"
      }
    },
    {
      "type": "Feature",
      "geometry": {
        "type": "Polygon",
        "coordinates": [
          [
            [
              29.7992534919,
              -1.0413711409
            ],
            [
              29.7943423117,
              -1.0413755294
            ],
            [
              29.7943349239,
              -1.0329577534
            ],
            [
              29.7859720922,
              -1.0329651494
            ],
            [
              29.7859647853,
              -1.0245473135
            ],
            [
              29.7776019156,
              -1.0245546256
            ],
            [
              29.7775946911,
              -1.0161367291
            ],
            [
              29.7608688182,
              -1.0161511709
            ],
            [
              29.7608832409,
              -1.0329872043
            ],
            [
              29.7525201713,
              -1.032994512
            ],
            [
              29.7525274498,
              -1.0414125883
            ],
            [
              29.7308763444,
              -1.0414315565
            ],
            [
              29.7411759328,
              -1.0439352895
            ],
            [
              29.7557861194,
              -1.0457156613
            ],
            [
              29.7725333244,
              -1.0467767333
            ],
            [
              29.7878548019,
              -1.0474803248
            ],
            [
              29.7992534919,
              -1.0413711409
            ]
          ]
        ]
      },
      "properties": {
        "country": "Uganda",
        "country_code": "UGA",
        "species_name": "Eucalyptus_tereticornis",
        "genus": "Eucalyptus",
        "species": "tereticornis",
        "suitability_name": "Marginally suitable",
        "suitability_rank": 3,
        "soil_suitability": "S1",
        "soil_type": "Ferrallitic Soils",
        "soil_description": "Humic ferrallitic - Not differentiated",
        "site_class": null,
        "maz": "I",
        "maz_zone": null,
        "tz": "6",
        "frost_risk": null,
        "source_layer": "SWIFT_SSMT_Uganda"
      }
    },
    {
      "type": "Feature",
      "geometry": {
        "type": "Polygon",
        "coordinates": [
          [
            [
              29.7183471361,
              -1.1087890387
            ],
            [
              29.7070204567,
              -1.1017096124
            ],
            [
              29.6923991125,
              -1.0884523175
            ],
            [
              29.6763481668,
              -1.0701745016
            ],
            [
              29.6689086678,
              -1.0595654671
            ],
            [
              29.6689148343,
              -1.066741014
            ],
            [
              29.6521871789,
              -1.0667555803
            ],
            [
              29.652201719,
              -1.0835931291
            ],
            [
              29.660565621,
              -1.0835857418
            ],
            [
              29.6605730002,
              -1.0920044575
            ],
            [
              29.6689368667,
              -1.0919969905
            ],
            [
              29.6689518428,
              -1.108834305
            ],
            [
              29.7183471361,
              -1.1087890387
            ]
          ]
        ]
      },
      "properties": {
        "country": "Uganda",
        "country_code": "UGA",
        "species_name": "Eucalyptus_tereticornis",
        "genus": "Eucalyptus",
        "species": "tereticornis",
        "suitability_name": "Marginally suitable",
        "suitability_rank": 3,
        "soil_suitability": "S1",
        "soil_type": "Ferrallitic Soils",
        "soil_description": "Humic ferrallitic - Not differentiated",
        "site_class": null,
        "maz": "I",
        "maz_zone": null,
        "tz": "6",
        "frost_risk": null,
        "source_layer": "SWIFT_SSMT_Uganda"
      }
    },
    {
      "type": "Feature",
      "geometry": {
        "type": "Polygon",
        "coordinates": [
          [
            [
              29.7944165907,
              -1.1224978523
            ],
            [
              29.7921980993,
              -1.1213554122
            ],
            [
              29.7843587123,
              -1.1206456571
            ],
            [
              29.7701070595,
              -1.1213765523
            ],
            [
              29.7609628605,
              -1.121385253
            ],
            [
              29.7609668056,
              -1.1255853528
            ],
            [
              29.7776932713,
              -1.1255693552
            ],
            [
              29.7777012724,
              -1.1339872456
            ],
            [
              29.7944275471,
              -1.1339710308
            ],
            [
              29.7944165907,
              -1.1224978523
            ]
          ]
        ]
      },
      "properties": {
        "country": "Uganda",
        "country_code": "UGA",
        "species_name": "Eucalyptus_tereticornis",
        "genus": "Eucalyptus",
        "species": "tereticornis",
        "suitability_name": "Marginally suitable",
        "suitability_rank": 3,
        "soil_suitability": "S1",
        "soil_type": "Ferrallitic Soils",
        "soil_description": "Humic ferrallitic - Not differentiated",
        "site_class": null,
        "maz": "I",
        "maz_zone": null,
        "tz": "6",
        "frost_risk": null,
        "source_layer": "SWIFT_SSMT_Uganda"
      }
    },
    {
      "type": "Feature",
      "geometry": {
        "type": "Polygon",
        "coordinates": [
          [
            [
              29.7308763444,
              -1.0414315565
            ],
            [
              29.7274378223,
              -1.0414345554
            ],
            [
              29.7274450932,
              -1.0498528084
            ],
            [
              29.7190817444,
              -1.0498601444
            ],
            [
              29.7190890513,
              -1.0582784556
            ],
            [
              29.7107256209,
              -1.0582858284
            ],
            [
              29.7107183364,
              -1.0498674596
            ],
            [
              29.6939913484,
              -1.0498820199
            ],
            [
              29.6939841665,
              -1.0414635342
            ],
            [
              29.6856206072,
              -1.0414707223
            ],
            [
              29.685613505,
              -1.0330521763
            ],
            [
              29.6772499103,
              -1.0330592853
            ],
            [
              29.6772428882,
              -1.0246406811
            ],
            [
              29.6605155692,
              -1.0246547161
            ],
            [
              29.6605295846,
              -1.0414921546
            ],
            [
              29.6688933156,
              -1.0414850334
            ],
            [
              29.6689086678,
              -1.0595654671
            ],
            [
              29.6763481668,
              -1.0701745016
            ],
            [
              29.6923991125,
              -1.0884523175
            ],
            [
              29.7070204567,
              -1.1017096124
            ],
            [
              29.7183471361,
              -1.1087890387
            ],
            [
              29.7274976291,
              -1.1087805618
            ],
            [
              29.7274899474,
              -1.1003623138
            ],
            [
              29.7442167444,
              -1.1003468631
            ],
            [
              29.7442322583,
              -1.1171831235
            ],
            [
              29.7609589121,
              -1.1171673416
            ],
            [
              29.7609628605,
              -1.121385253
            ],
            [
              29.7701070595,
              -1.1213765523
            ],
            [
              29.7843587123,
              -1.1206456571
            ],
            [
              29.7921980993,
              -1.1213554122
            ],
            [
              29.7944165907,
              -1.1224978523
            ],
            [
              29.7944115092,
              -1.1171354894
            ],
            [
              29.8362259034,
              -1.1170951378
            ],
            [
              29.836217856,
              -1.1086776703
            ],
            [
              29.8445805301,
              -1.1086695899
            ],
            [
              29.8445725193,
              -1.1002521833
            ],
            [
              29.8612976366,
              -1.1002360746
            ],
            [
              29.8613056928,
              -1.1086533568
            ],
            [
              29.8780306094,
              -1.1086370294
            ],
            [
              29.8780064844,
              -1.0833855512
            ],
            [
              29.869644127,
              -1.0833935402
            ],
            [
              29.8696362325,
              -1.0749763168
            ],
            [
              29.8612738355,
              -1.0749842215
            ],
            [
              29.8612660246,
              -1.0665669365
            ],
            [
              29.8529035889,
              -1.0665747554
            ],
            [
              29.8528958629,
              -1.0581574081
            ],
            [
              29.8445333894,
              -1.0581651435
            ],
            [
              29.8445257463,
              -1.0497477349
            ],
            [
              29.836163234,
              -1.0497553853
            ],
            [
              29.8361556733,
              -1.0413379148
            ],
            [
              29.8110678373,
              -1.04136055
            ],
            [
              29.8110753304,
              -1.0497782054
            ],
            [
              29.8027125755,
              -1.049785766
            ],
            [
              29.8027051046,
              -1.0413680509
            ],
            [
              29.7992534919,
              -1.0413711409
            ],
            [
              29.7878548019,
              -1.0474803248
            ],
            [
              29.7725333244,
              -1.0467767333
            ],
            [
              29.7557861194,
              -1.0457156613
            ],
            [
              29.7411759328,
              -1.0439352895
            ],
            [
              29.7308763444,
              -1.0414315565
            ]
          ]
        ]
      },
      "properties": {
        "country": "Uganda",
        "country_code": "UGA",
        "species_name": "Eucalyptus_tereticornis",
        "genus": "Eucalyptus",
        "species": "tereticornis",
        "suitability_name": "Marginally suitable",
        "suitability_rank": 3,
        "soil_suitability": "S1",
        "soil_type": "Ferrallitic Soils",
        "soil_description": "Dark horizons - not differentiated",
        "site_class": null,
        "maz": "I",
        "maz_zone": null,
        "tz": "6",
        "frost_risk": null,
        "source_layer": "SWIFT_SSMT_Uganda"
      }
    },
    {
      "type": "Feature",
      "geometry": {
        "type": "Polygon",
        "coordinates": [
          [
            [
              30.0285660159,
              -1.1303437155
            ],
            [
              30.0285608155,
              -1.1253178343
            ],
            [
              30.020199481,
              -1.1253265678
            ],
            [
              30.0201908489,
              -1.1169104925
            ],
            [
              30.0118294714,
              -1.1169191363
            ],
            [
              30.0118124492,
              -1.1000868543
            ],
            [
              29.9867280735,
              -1.1001122537
            ],
            [
              29.9867197304,
              -1.0916959171
            ],
            [
              29.9616348466,
              -1.0917209115
            ],
            [
              29.9616266365,
              -1.0833043826
            ],
            [
              29.9532649043,
              -1.0833126037
            ],
            [
              29.9532567801,
              -1.0748960102
            ],
            [
              29.9448950072,
              -1.0749041441
            ],
            [
              29.9448789942,
              -1.0580708277
            ],
            [
              29.9365172041,
              -1.058078812
            ],
            [
              29.9365093147,
              -1.0496620892
            ],
            [
              29.9197855898,
              -1.0496778631
            ],
            [
              29.919777808,
              -1.0412610138
            ],
            [
              29.9114158733,
              -1.0412688031
            ],
            [
              29.9114081764,
              -1.0328518909
            ],
            [
              29.9030462019,
              -1.0328595958
            ],
            [
              29.9030385886,
              -1.0244426193
            ],
            [
              29.886314496,
              -1.0244578394
            ],
            [
              29.8863069893,
              -1.016040737
            ],
            [
              29.8695826916,
              -1.0160557433
            ],
            [
              29.8695752899,
              -1.0076385175
            ],
            [
              29.8612130706,
              -1.0076459261
            ],
            [
              29.861205751,
              -0.9992286369
            ],
            [
              29.8528434915,
              -0.9992359631
            ],
            [
              29.8528290795,
              -0.9824012593
            ],
            [
              29.8611912971,
              -0.9823940566
            ],
            [
              29.8611841619,
              -0.9739767656
            ],
            [
              29.8695462974,
              -0.973969605
            ],
            [
              29.8695321718,
              -0.957135146
            ],
            [
              29.8611700762,
              -0.9571421836
            ],
            [
              29.8611631265,
              -0.9487248916
            ],
            [
              29.8528009904,
              -0.9487318471
            ],
            [
              29.8528079209,
              -0.9571492008
            ],
            [
              29.8360834256,
              -0.9571631744
            ],
            [
              29.8360903769,
              -0.9655806497
            ],
            [
              29.8277280171,
              -0.9655876672
            ],
            [
              29.8277420604,
              -0.9824227401
            ],
            [
              29.8193795987,
              -0.9824298583
            ],
            [
              29.8193866902,
              -0.9908474558
            ],
            [
              29.8110241471,
              -0.990854613
            ],
            [
              29.811031278,
              -0.9992722707
            ],
            [
              29.8193938413,
              -0.9992650526
            ],
            [
              29.8194010539,
              -1.0076826481
            ],
            [
              29.8444884469,
              -1.0076606799
            ],
            [
              29.8445181643,
              -1.0413303241
            ],
            [
              29.8528805933,
              -1.0413227119
            ],
            [
              29.8528881974,
              -1.0497400612
            ],
            [
              29.8696129165,
              -1.0497246454
            ],
            [
              29.8696206268,
              -1.0581418703
            ],
            [
              29.8790303965,
              -1.0581330876
            ],
            [
              29.880444592,
              -1.0516992833
            ],
            [
              29.891842918,
              -1.0492979676
            ],
            [
              29.9027722827,
              -1.0535909862
            ],
            [
              29.908960868,
              -1.0679291432
            ],
            [
              29.9118231846,
              -1.080835953
            ],
            [
              29.9180070823,
              -1.0899144148
            ],
            [
              29.9281874599,
              -1.0917672356
            ],
            [
              29.9365493917,
              -1.0917456971
            ],
            [
              29.9365412501,
              -1.0833289764
            ],
            [
              29.9449031085,
              -1.0833208016
            ],
            [
              29.9449195014,
              -1.1001541152
            ],
            [
              29.9365575965,
              -1.1001624174
            ],
            [
              29.9365658638,
              -1.1085791364
            ],
            [
              29.9348479085,
              -1.1085808522
            ],
            [
              29.9370356712,
              -1.118582996
            ],
            [
              29.9436929761,
              -1.125748036
            ],
            [
              29.954621988,
              -1.1295618028
            ],
            [
              29.969817193,
              -1.1247651408
            ],
            [
              29.9797911269,
              -1.1237986966
            ],
            [
              29.9926192799,
              -1.1271321567
            ],
            [
              30.0030842607,
              -1.1419421387
            ],
            [
              30.0118640146,
              -1.1503197647
            ],
            [
              30.0118554891,
              -1.1421675545
            ],
            [
              30.0034939769,
              -1.1421763694
            ],
            [
              30.0034766149,
              -1.1253439612
            ],
            [
              30.0118380804,
              -1.1253352761
            ],
            [
              30.0118467527,
              -1.1337514156
            ],
            [
              30.0202081774,
              -1.1337426417
            ],
            [
              30.0202169381,
              -1.1421587151
            ],
            [
              30.025096829,
              -1.1421535451
            ],
            [
              30.021603566,
              -1.1371417584
            ],
            [
              30.0230205579,
              -1.1294909431
            ],
            [
              30.0285660159,
              -1.1303437155
            ]
          ]
        ]
      },
      "properties": {
        "country": "Uganda",
        "country_code": "UGA",
        "species_name": "Eucalyptus_tereticornis",
        "genus": "Eucalyptus",
        "species": "tereticornis",
        "suitability_name": "Marginally suitable",
        "suitability_rank": 3,
        "soil_suitability": "S1",
        "soil_type": "Ferrallitic Soils",
        "soil_description": "Dark horizons - not differentiated",
        "site_class": null,
        "maz": "I",
        "maz_zone": null,
        "tz": "6",
        "frost_risk": null,
        "source_layer": "SWIFT_SSMT_Uganda"
      }
    },
    {
      "type": "Feature",
      "geometry": {
        "type": "Polygon",
        "coordinates": [
          [
            [
              30.0369311851,
              -1.1340639661
            ],
            [
              30.0369308309,
              -1.1337250217
            ],
            [
              30.0362092385,
              -1.1337257831
            ],
            [
              30.0369311851,
              -1.1340639661
            ]
          ]
        ]
      },
      "properties": {
        "country": "Uganda",
        "country_code": "UGA",
        "species_name": "Eucalyptus_tereticornis",
        "genus": "Eucalyptus",
        "species": "tereticornis",
        "suitability_name": "Marginally suitable",
        "suitability_rank": 3,
        "soil_suitability": "S1",
        "soil_type": "Ferrallitic Soils",
        "soil_description": "Dark horizons - not differentiated",
        "site_class": null,
        "maz": "I",
        "maz_zone": null,
        "tz": "6",
        "frost_risk": null,
        "source_layer": "SWIFT_SSMT_Uganda"
      }
    },
    {
      "type": "Feature",
      "geometry": {
        "type": "Polygon",
        "coordinates": [
          [
            [
              30.03070232,
              -1.1505635977
            ],
            [
              30.0285836297,
              -1.1472043291
            ],
            [
              30.0285871731,
              -1.1505658594
            ],
            [
              30.03070232,
              -1.1505635977
            ]
          ]
        ]
      },
      "properties": {
        "country": "Uganda",
        "country_code": "UGA",
        "species_name": "Eucalyptus_tereticornis",
        "genus": "Eucalyptus",
        "species": "tereticornis",
        "suitability_name": "Marginally suitable",
        "suitability_rank": 3,
        "soil_suitability": "S1",
        "soil_type": "Ferrallitic Soils",
        "soil_description": "Dark horizons - not differentiated",
        "site_class": null,
        "maz": "I",
        "maz_zone": null,
        "tz": "6",
        "frost_risk": null,
        "source_layer": "SWIFT_SSMT_Uganda"
      }
    },
    {
      "type": "Feature",
      "geometry": {
        "type": "Polygon",
        "coordinates": [
          [
            [
              30.0370283366,
              -1.223648701
            ],
            [
              30.0370218624,
              -1.217884425
            ],
            [
              30.0453833416,
              -1.2178749215
            ],
            [
              30.0453928305,
              -1.2262907925
            ],
            [
              30.0537542691,
              -1.2262811973
            ],
            [
              30.0537353076,
              -1.2094495857
            ],
            [
              30.0453739194,
              -1.2094590492
            ],
            [
              30.045364563,
              -1.2010431766
            ],
            [
              30.0370031357,
              -1.2010525488
            ],
            [
              30.0369664616,
              -1.1673887893
            ],
            [
              30.0286050692,
              -1.1673978738
            ],
            [
              30.0285960889,
              -1.1589818672
            ],
            [
              30.020234656,
              -1.1589908608
            ],
            [
              30.020225764,
              -1.1505747891
            ],
            [
              30.0121403078,
              -1.1505833997
            ],
            [
              30.0125934406,
              -1.151015772
            ],
            [
              30.0154539363,
              -1.1610525296
            ],
            [
              30.0116616798,
              -1.1682279142
            ],
            [
              30.0035213652,
              -1.1682366916
            ],
            [
              30.0035294736,
              -1.1758411798
            ],
            [
              29.9865352831,
              -1.1758595455
            ],
            [
              29.9884008185,
              -1.1811615704
            ],
            [
              29.996957446,
              -1.1873675092
            ],
            [
              30.0097864146,
              -1.1911781777
            ],
            [
              30.0230949813,
              -1.1992909034
            ],
            [
              30.0302308571,
              -1.2093226178
            ],
            [
              30.0370283366,
              -1.223648701
            ]
          ]
        ]
      },
      "properties": {
        "country": "Uganda",
        "country_code": "UGA",
        "species_name": "Eucalyptus_tereticornis",
        "genus": "Eucalyptus",
        "species": "tereticornis",
        "suitability_name": "Marginally suitable",
        "suitability_rank": 3,
        "soil_suitability": "S1",
        "soil_type": "Ferrallitic Soils",
        "soil_description": "Dark horizons - not differentiated",
        "site_class": null,
        "maz": "I",
        "maz_zone": null,
        "tz": "6",
        "frost_risk": null,
        "source_layer": "SWIFT_SSMT_Uganda"
      }
    },
    {
      "type": "Feature",
      "geometry": {
        "type": "Polygon",
        "coordinates": [
          [
            [
              29.9281874599,
              -1.0917672356
            ],
            [
              29.9180070823,
              -1.0899144148
            ],
            [
              29.9118231846,
              -1.080835953
            ],
            [
              29.908960868,
              -1.0679291432
            ],
            [
              29.9027722827,
              -1.0535909862
            ],
            [
              29.891842918,
              -1.0492979676
            ],
            [
              29.880444592,
              -1.0516992833
            ],
            [
              29.8790303965,
              -1.0581330876
            ],
            [
              29.8863451437,
              -1.0581262411
            ],
            [
              29.8863608402,
              -1.0749604393
            ],
            [
              29.9030852003,
              -1.0749444706
            ],
            [
              29.9031093471,
              -1.1001953877
            ],
            [
              29.9114715031,
              -1.1001871808
            ],
            [
              29.9114797005,
              -1.1086040898
            ],
            [
              29.9282038721,
              -1.1085874777
            ],
            [
              29.9281874599,
              -1.0917672356
            ]
          ]
        ]
      },
      "properties": {
        "country": "Uganda",
        "country_code": "UGA",
        "species_name": "Eucalyptus_tereticornis",
        "genus": "Eucalyptus",
        "species": "tereticornis",
        "suitability_name": "Marginally suitable",
        "suitability_rank": 3,
        "soil_suitability": "S2",
        "soil_type": "Ferrallitic Soils",
        "soil_description": "Yellow soils - Sandy clay loams",
        "site_class": null,
        "maz": "I",
        "maz_zone": null,
        "tz": "6",
        "frost_risk": null,
        "source_layer": "SWIFT_SSMT_Uganda"
      }
    },
    {
      "type": "Feature",
      "geometry": {
        "type": "Polygon",
        "coordinates": [
          [
            [
              30.0118640146,
              -1.1503197647
            ],
            [
              30.0030842607,
              -1.1419421387
            ],
            [
              29.9926192799,
              -1.1271321567
            ],
            [
              29.9797911269,
              -1.1237986966
            ],
            [
              29.969817193,
              -1.1247651408
            ],
            [
              29.954621988,
              -1.1295618028
            ],
            [
              29.9436929761,
              -1.125748036
            ],
            [
              29.9370356712,
              -1.118582996
            ],
            [
              29.9348479085,
              -1.1085808522
            ],
            [
              29.9282038721,
              -1.1085874777
            ],
            [
              29.9282121788,
              -1.1170042606
            ],
            [
              29.9198501012,
              -1.1170126406
            ],
            [
              29.9198668559,
              -1.1338463301
            ],
            [
              29.9282289816,
              -1.1338378234
            ],
            [
              29.9282374776,
              -1.1422546033
            ],
            [
              29.9365995645,
              -1.1422460086
            ],
            [
              29.9365910442,
              -1.1338292905
            ],
            [
              29.9449530453,
              -1.133820735
            ],
            [
              29.944961589,
              -1.1422373893
            ],
            [
              29.9700472809,
              -1.1422113841
            ],
            [
              29.9700559608,
              -1.1506278456
            ],
            [
              29.9784177547,
              -1.1506190644
            ],
            [
              29.9784265233,
              -1.1590354609
            ],
            [
              30.0035115965,
              -1.159008775
            ],
            [
              30.0035213652,
              -1.1682366916
            ],
            [
              30.0116616798,
              -1.1682279142
            ],
            [
              30.0154539363,
              -1.1610525296
            ],
            [
              30.0125934406,
              -1.151015772
            ],
            [
              30.0121403078,
              -1.1505833997
            ],
            [
              30.0118642923,
              -1.1505836931
            ],
            [
              30.0118640146,
              -1.1503197647
            ]
          ]
        ]
      },
      "properties": {
        "country": "Uganda",
        "country_code": "UGA",
        "species_name": "Eucalyptus_tereticornis",
        "genus": "Eucalyptus",
        "species": "tereticornis",
        "suitability_name": "Marginally suitable",
        "suitability_rank": 3,
        "soil_suitability": "S2",
        "soil_type": "Ferrallitic Soils",
        "soil_description": "Yellow soils - Sandy clay loams",
        "site_class": null,
        "maz": "I",
        "maz_zone": null,
        "tz": "6",
        "frost_risk": null,
        "source_layer": "SWIFT_SSMT_Uganda"
      }
    },
    {
      "type": "Feature",
      "geometry": {
        "type": "Polygon",
        "coordinates": [
          [
            [
              30.0285660159,
              -1.1303437155
            ],
            [
              30.0230205579,
              -1.1294909431
            ],
            [
              30.021603566,
              -1.1371417584
            ],
            [
              30.025096829,
              -1.1421535451
            ],
            [
              30.0285783218,
              -1.1421498521
            ],
            [
              30.0285836297,
              -1.1472043291
            ],
            [
              30.03070232,
              -1.1505635977
            ],
            [
              30.0369485159,
              -1.1505569059
            ],
            [
              30.0369311851,
              -1.1340639661
            ],
            [
              30.0362092385,
              -1.1337257831
            ],
            [
              30.0285695359,
              -1.1337338434
            ],
            [
              30.0285660159,
              -1.1303437155
            ]
          ]
        ]
      },
      "properties": {
        "country": "Uganda",
        "country_code": "UGA",
        "species_name": "Eucalyptus_tereticornis",
        "genus": "Eucalyptus",
        "species": "tereticornis",
        "suitability_name": "Marginally suitable",
        "suitability_rank": 3,
        "soil_suitability": "S2",
        "soil_type": "Ferrallitic Soils",
        "soil_description": "Yellow soils - Sandy clay loams",
        "site_class": null,
        "maz": "I",
        "maz_zone": null,
        "tz": "6",
        "frost_risk": null,
        "source_layer": "SWIFT_SSMT_Uganda"
      }
    },
    {
      "type": "Feature",
      "geometry": {
        "type": "Polygon",
        "coordinates": [
          [
            [
              30.0370283366,
              -1.223648701
            ],
            [
              30.0302308571,
              -1.2093226178
            ],
            [
              30.0230949813,
              -1.1992909034
            ],
            [
              30.0097864146,
              -1.1911781777
            ],
            [
              29.996957446,
              -1.1873675092
            ],
            [
              29.9884008185,
              -1.1811615704
            ],
            [
              29.9865352831,
              -1.1758595455
            ],
            [
              29.9784442523,
              -1.1758682526
            ],
            [
              29.9784532137,
              -1.1842846471
            ],
            [
              29.9868150433,
              -1.184275584
            ],
            [
              29.9868332063,
              -1.2011082431
            ],
            [
              29.9617473733,
              -1.2011357431
            ],
            [
              29.9617383356,
              -1.1927192214
            ],
            [
              29.9533762901,
              -1.192728273
            ],
            [
              29.9533673409,
              -1.1843116867
            ],
            [
              29.9366431092,
              -1.1843295858
            ],
            [
              29.9366609681,
              -1.2011630134
            ],
            [
              29.9450231664,
              -1.2011539486
            ],
            [
              29.9450322162,
              -1.2095705981
            ],
            [
              29.9701185079,
              -1.2095430594
            ],
            [
              29.9701276985,
              -1.217959516
            ],
            [
              29.9784896936,
              -1.2179502211
            ],
            [
              29.9784989744,
              -1.2263666129
            ],
            [
              29.9868609315,
              -1.226357227
            ],
            [
              29.9868516262,
              -1.2179409
            ],
            [
              30.003575297,
              -1.2179221787
            ],
            [
              30.0035660023,
              -1.2095059805
            ],
            [
              30.0202893643,
              -1.2094872849
            ],
            [
              30.0202987093,
              -1.217903354
            ],
            [
              30.0286603186,
              -1.2178939031
            ],
            [
              30.0286697541,
              -1.2263099043
            ],
            [
              30.0370313242,
              -1.2263003621
            ],
            [
              30.0370283366,
              -1.223648701
            ]
          ]
        ]
      },
      "properties": {
        "country": "Uganda",
        "country_code": "UGA",
        "species_name": "Eucalyptus_tereticornis",
        "genus": "Eucalyptus",
        "species": "tereticornis",
        "suitability_name": "Marginally suitable",
        "suitability_rank": 3,
        "soil_suitability": "S2",
        "soil_type": "Ferrallitic Soils",
        "soil_description": "Yellow soils - Sandy clay loams",
        "site_class": null,
        "maz": "I",
        "maz_zone": null,
        "tz": "6",
        "frost_risk": null,
        "source_layer": "SWIFT_SSMT_Uganda"
      }
    },
    {
      "type": "Feature",
      "geometry": {
        "type": "Polygon",
        "coordinates": [
          [
            [
              30.0538632483,
              -1.318855018
            ],
            [
              30.0455015111,
              -1.3188653381
            ],
            [
              30.0455117836,
              -1.3272812023
            ],
            [
              30.037149953,
              -1.3272915599
            ],
            [
              30.0371706379,
              -1.3441234172
            ],
            [
              30.0538943459,
              -1.3441024108
            ],
            [
              30.0538839146,
              -1.3356866134
            ],
            [
              30.062245642,
              -1.3356761325
            ],
            [
              30.062235248,
              -1.3272604014
            ],
            [
              30.0538735484,
              -1.3272708158
            ],
            [
              30.0538632483,
              -1.318855018
            ]
          ]
        ]
      },
      "properties": {
        "country": "Uganda",
        "country_code": "UGA",
        "species_name": "Eucalyptus_tereticornis",
        "genus": "Eucalyptus",
        "species": "tereticornis",
        "suitability_name": "Marginally suitable",
        "suitability_rank": 3,
        "soil_suitability": "S2",
        "soil_type": "Ferrallitic Soils",
        "soil_description": "Yellow soils - Sandy clay loams",
        "site_class": null,
        "maz": "I",
        "maz_zone": null,
        "tz": "6",
        "frost_risk": null,
        "source_layer": "SWIFT_SSMT_Uganda"
      }
    },
    {
      "type": "Feature",
      "geometry": {
        "type": "Polygon",
        "coordinates": [
          [
            [
              29.7026280995,
              -1.3303781269
            ],
            [
              29.7026251674,
              -1.3276825896
            ],
            [
              29.6942608101,
              -1.3276917837
            ],
            [
              29.6942629747,
              -1.3296885283
            ],
            [
              29.6966762506,
              -1.3301882869
            ],
            [
              29.7026280995,
              -1.3303781269
            ]
          ]
        ]
      },
      "properties": {
        "country": "Uganda",
        "country_code": "UGA",
        "species_name": "Eucalyptus_tereticornis",
        "genus": "Eucalyptus",
        "species": "tereticornis",
        "suitability_name": "Marginally suitable",
        "suitability_rank": 3,
        "soil_suitability": "S1",
        "soil_type": "Eutrophic Soils",
        "soil_description": "On volcanic ash",
        "site_class": null,
        "maz": "I",
        "maz_zone": null,
        "tz": "6",
        "frost_risk": null,
        "source_layer": "SWIFT_SSMT_Uganda"
      }
    },
    {
      "type": "Feature",
      "geometry": {
        "type": "Polygon",
        "coordinates": [
          [
            [
              29.6357131004,
              -1.3319038613
            ],
            [
              29.6357086968,
              -1.3277553426
            ],
            [
              29.6273438814,
              -1.327764309
            ],
            [
              29.6273501783,
              -1.3337111004
            ],
            [
              29.6349075239,
              -1.3320488956
            ],
            [
              29.6357131004,
              -1.3319038613
            ]
          ]
        ]
      },
      "properties": {
        "country": "Uganda",
        "country_code": "UGA",
        "species_name": "Eucalyptus_tereticornis",
        "genus": "Eucalyptus",
        "species": "tereticornis",
        "suitability_name": "Marginally suitable",
        "suitability_rank": 3,
        "soil_suitability": "S1",
        "soil_type": "Eutrophic Soils",
        "soil_description": "On volcanic ash",
        "site_class": null,
        "maz": "I",
        "maz_zone": null,
        "tz": "6",
        "frost_risk": null,
        "source_layer": "SWIFT_SSMT_Uganda"
      }
    },
    {
      "type": "Feature",
      "geometry": {
        "type": "Polygon",
        "coordinates": [
          [
            [
              29.602261118,
              -1.3392292208
            ],
            [
              29.6160550907,
              -1.336195377
            ],
            [
              29.6023362029,
              -1.3362100513
            ],
            [
              29.602261118,
              -1.3392292208
            ]
          ]
        ]
      },
      "properties": {
        "country": "Uganda",
        "country_code": "UGA",
        "species_name": "Eucalyptus_tereticornis",
        "genus": "Eucalyptus",
        "species": "tereticornis",
        "suitability_name": "Marginally suitable",
        "suitability_rank": 3,
        "soil_suitability": "S1",
        "soil_type": "Eutrophic Soils",
        "soil_description": "On volcanic ash",
        "site_class": null,
        "maz": "I",
        "maz_zone": null,
        "tz": "6",
        "frost_risk": null,
        "source_layer": "SWIFT_SSMT_Uganda"
      }
    },
    {
      "type": "Feature",
      "geometry": {
        "type": "Polygon",
        "coordinates": [
          [
            [
              30.095739384,
              -1.3730254244
            ],
            [
              30.0957238154,
              -1.3608803177
            ],
            [
              30.0873622658,
              -1.3608911129
            ],
            [
              30.0873753914,
              -1.3711645583
            ],
            [
              30.0881877445,
              -1.3718399993
            ],
            [
              30.0884577442,
              -1.3725399995
            ],
            [
              30.0895977444,
              -1.3737
            ],
            [
              30.090521795,
              -1.3738774919
            ],
            [
              30.0939400682,
              -1.372879999
            ],
            [
              30.0946088365,
              -1.3731416922
            ],
            [
              30.0953677444,
              -1.3728799994
            ],
            [
              30.095739384,
              -1.3730254244
            ]
          ]
        ]
      },
      "properties": {
        "country": "Uganda",
        "country_code": "UGA",
        "species_name": "Eucalyptus_tereticornis",
        "genus": "Eucalyptus",
        "species": "tereticornis",
        "suitability_name": "Marginally suitable",
        "suitability_rank": 3,
        "soil_suitability": "S2",
        "soil_type": "Ferrallitic Soils",
        "soil_description": "Yellow soils - Sandy clay loams",
        "site_class": null,
        "maz": "I",
        "maz_zone": null,
        "tz": "6",
        "frost_risk": null,
        "source_layer": "SWIFT_SSMT_Uganda"
      }
    },
    {
      "type": "Feature",
      "geometry": {
        "type": "Polygon",
        "coordinates": [
          [
            [
              29.8858326332,
              -1.2180517622
            ],
            [
              29.8788685706,
              -1.2116402344
            ],
            [
              29.8588998076,
              -1.1958824778
            ],
            [
              29.8517661816,
              -1.1883589922
            ],
            [
              29.8478388855,
              -1.1804734697
            ],
            [
              29.8482378859,
              -1.1760051325
            ],
            [
              29.8362839363,
              -1.1760173913
            ],
            [
              29.8363010656,
              -1.1928523171
            ],
            [
              29.8446639833,
              -1.1928436224
            ],
            [
              29.844688586,
              -1.2165467658
            ],
            [
              29.8449345367,
              -1.2164517939
            ],
            [
              29.8455010721,
              -1.2155106693
            ],
            [
              29.8460210783,
              -1.2149499806
            ],
            [
              29.8468326147,
              -1.2144749627
            ],
            [
              29.8488468044,
              -1.2143308433
            ],
            [
              29.8493927425,
              -1.2144461946
            ],
            [
              29.8499236262,
              -1.2152456558
            ],
            [
              29.8496316376,
              -1.216247824
            ],
            [
              29.8498103892,
              -1.217675262
            ],
            [
              29.8500886091,
              -1.2180900767
            ],
            [
              29.8513956511,
              -1.2180886832
            ],
            [
              29.8524007643,
              -1.2175214595
            ],
            [
              29.8532268291,
              -1.2174011974
            ],
            [
              29.8537984168,
              -1.2176122538
            ],
            [
              29.8541051637,
              -1.2180857943
            ],
            [
              29.8858326332,
              -1.2180517622
            ]
          ]
        ]
      },
      "properties": {
        "country": "Uganda",
        "country_code": "UGA",
        "species_name": "Eucalyptus_tereticornis",
        "genus": "Eucalyptus",
        "species": "tereticornis",
        "suitability_name": "Marginally suitable",
        "suitability_rank": 3,
        "soil_suitability": "S1",
        "soil_type": "Ferrallitic Soils",
        "soil_description": "Humic ferrallitic - Not differentiated",
        "site_class": null,
        "maz": "I",
        "maz_zone": null,
        "tz": "6",
        "frost_risk": null,
        "source_layer": "SWIFT_SSMT_Uganda"
      }
    },
    {
      "type": "Feature",
      "geometry": {
        "type": "Polygon",
        "coordinates": [
          [
            [
              29.9018495083,
              -1.234868406
            ],
            [
              29.8948765182,
              -1.2270250498
            ],
            [
              29.8948849924,
              -1.2348760551
            ],
            [
              29.9018495083,
              -1.234868406
            ]
          ]
        ]
      },
      "properties": {
        "country": "Uganda",
        "country_code": "UGA",
        "species_name": "Eucalyptus_tereticornis",
        "genus": "Eucalyptus",
        "species": "tereticornis",
        "suitability_name": "Marginally suitable",
        "suitability_rank": 3,
        "soil_suitability": "S1",
        "soil_type": "Ferrallitic Soils",
        "soil_description": "Humic ferrallitic - Not differentiated",
        "site_class": null,
        "maz": "I",
        "maz_zone": null,
        "tz": "6",
        "frost_risk": null,
        "source_layer": "SWIFT_SSMT_Uganda"
      }
    },
    {
      "type": "Feature",
      "geometry": {
        "type": "Polygon",
        "coordinates": [
          [
            [
              29.9093252768,
              -1.2432771028
            ],
            [
              29.9032493201,
              -1.2364429212
            ],
            [
              29.9032567788,
              -1.2432838313
            ],
            [
              29.9093252768,
              -1.2432771028
            ]
          ]
        ]
      },
      "properties": {
        "country": "Uganda",
        "country_code": "UGA",
        "species_name": "Eucalyptus_tereticornis",
        "genus": "Eucalyptus",
        "species": "tereticornis",
        "suitability_name": "Marginally suitable",
        "suitability_rank": 3,
        "soil_suitability": "S1",
        "soil_type": "Ferrallitic Soils",
        "soil_description": "Humic ferrallitic - Not differentiated",
        "site_class": null,
        "maz": "I",
        "maz_zone": null,
        "tz": "6",
        "frost_risk": null,
        "source_layer": "SWIFT_SSMT_Uganda"
      }
    },
    {
      "type": "Feature",
      "geometry": {
        "type": "Polygon",
        "coordinates": [
          [
            [
              29.9154568115,
              -1.2516871714
            ],
            [
              29.9116227821,
              -1.246393485
            ],
            [
              29.9116286177,
              -1.2516914545
            ],
            [
              29.9154568115,
              -1.2516871714
            ]
          ]
        ]
      },
      "properties": {
        "country": "Uganda",
        "country_code": "UGA",
        "species_name": "Eucalyptus_tereticornis",
        "genus": "Eucalyptus",
        "species": "tereticornis",
        "suitability_name": "Marginally suitable",
        "suitability_rank": 3,
        "soil_suitability": "S1",
        "soil_type": "Ferrallitic Soils",
        "soil_description": "Humic ferrallitic - Not differentiated",
        "site_class": null,
        "maz": "I",
        "maz_zone": null,
        "tz": "6",
        "frost_risk": null,
        "source_layer": "SWIFT_SSMT_Uganda"
      }
    },
    {
      "type": "Feature",
      "geometry": {
        "type": "Polygon",
        "coordinates": [
          [
            [
              29.9208499402,
              -1.2600979664
            ],
            [
              29.9199988674,
              -1.2586235954
            ],
            [
              29.9200005104,
              -1.2600989258
            ],
            [
              29.9208499402,
              -1.2600979664
            ]
          ]
        ]
      },
      "properties": {
        "country": "Uganda",
        "country_code": "UGA",
        "species_name": "Eucalyptus_tereticornis",
        "genus": "Eucalyptus",
        "species": "tereticornis",
        "suitability_name": "Marginally suitable",
        "suitability_rank": 3,
        "soil_suitability": "S1",
        "soil_type": "Ferrallitic Soils",
        "soil_description": "Humic ferrallitic - Not differentiated",
        "site_class": null,
        "maz": "I",
        "maz_zone": null,
        "tz": "6",
        "frost_risk": null,
        "source_layer": "SWIFT_SSMT_Uganda"
      }
    },
    {
      "type": "Feature",
      "geometry": {
        "type": "Polygon",
        "coordinates": [
          [
            [
              29.9428493703,
              -1.3358230674
            ],
            [
              29.9368129231,
              -1.3358303413
            ],
            [
              29.9368029531,
              -1.3274136382
            ],
            [
              29.9256916562,
              -1.3274269035
            ],
            [
              29.9256444061,
              -1.3280912225
            ],
            [
              29.924880767,
              -1.3285843217
            ],
            [
              29.9246738391,
              -1.3283731347
            ],
            [
              29.9244067436,
              -1.3274284343
            ],
            [
              29.920077562,
              -1.3274335876
            ],
            [
              29.9201074911,
              -1.3526840747
            ],
            [
              29.9284703037,
              -1.3526739251
            ],
            [
              29.9284906265,
              -1.3695074528
            ],
            [
              29.9368534348,
              -1.3694971483
            ],
            [
              29.9368637207,
              -1.3779138479
            ],
            [
              29.9452264936,
              -1.377903449
            ],
            [
              29.9452368718,
              -1.3863200855
            ],
            [
              29.9368740689,
              -1.3863305474
            ],
            [
              29.9368949564,
              -1.4031639442
            ],
            [
              29.9452578179,
              -1.4031533547
            ],
            [
              29.9452683858,
              -1.4115699882
            ],
            [
              29.9619939798,
              -1.4115485928
            ],
            [
              29.9619833527,
              -1.4031320866
            ],
            [
              29.9703460239,
              -1.403121408
            ],
            [
              29.9703385443,
              -1.397183943
            ],
            [
              29.9664723318,
              -1.3813447397
            ],
            [
              29.9618655684,
              -1.3694661498
            ],
            [
              29.9535788605,
              -1.3694764482
            ],
            [
              29.9535708771,
              -1.3629453294
            ],
            [
              29.9533778875,
              -1.3633050823
            ],
            [
              29.9530417212,
              -1.3632334472
            ],
            [
              29.9529724881,
              -1.3628136747
            ],
            [
              29.9525119969,
              -1.3620447091
            ],
            [
              29.9525071542,
              -1.3614511462
            ],
            [
              29.9521436873,
              -1.3610309513
            ],
            [
              29.9522152015,
              -1.3607682684
            ],
            [
              29.9529172209,
              -1.3600433647
            ],
            [
              29.953208787,
              -1.3593496114
            ],
            [
              29.9532839859,
              -1.3585017839
            ],
            [
              29.9535648112,
              -1.3579610886
            ],
            [
              29.9535617799,
              -1.3554642453
            ],
            [
              29.9521935864,
              -1.3550930724
            ],
            [
              29.9521521093,
              -1.3548376844
            ],
            [
              29.9525518939,
              -1.3545155041
            ],
            [
              29.9528846911,
              -1.3539874007
            ],
            [
              29.9528965879,
              -1.3533295674
            ],
            [
              29.9535589142,
              -1.3530995264
            ],
            [
              29.9535583629,
              -1.3526433015
            ],
            [
              29.9451957394,
              -1.3526535385
            ],
            [
              29.945182437,
              -1.3415842946
            ],
            [
              29.9442917108,
              -1.342354
            ],
            [
              29.9437740212,
              -1.3426074943
            ],
            [
              29.943461611,
              -1.3426756204
            ],
            [
              29.9431978004,
              -1.3423767327
            ],
            [
              29.9437953918,
              -1.3414677178
            ],
            [
              29.9438971884,
              -1.3408995493
            ],
            [
              29.943562917,
              -1.3407084984
            ],
            [
              29.9431122502,
              -1.3398688742
            ],
            [
              29.9430682815,
              -1.3385851953
            ],
            [
              29.9426653382,
              -1.3379970297
            ],
            [
              29.943103337,
              -1.3374614852
            ],
            [
              29.9432979495,
              -1.3367868798
            ],
            [
              29.9428371052,
              -1.3360315878
            ],
            [
              29.9428493703,
              -1.3358230674
            ]
          ]
        ]
      },
      "properties": {
        "country": "Uganda",
        "country_code": "UGA",
        "species_name": "Eucalyptus_tereticornis",
        "genus": "Eucalyptus",
        "species": "tereticornis",
        "suitability_name": "Marginally suitable",
        "suitability_rank": 3,
        "soil_suitability": "S1",
        "soil_type": "Ferrallitic Soils",
        "soil_description": "Humic ferrallitic - Not differentiated",
        "site_class": null,
        "maz": "I",
        "maz_zone": null,
        "tz": "6",
        "frost_risk": null,
        "source_layer": "SWIFT_SSMT_Uganda"
      }
    },
    {
      "type": "Feature",
      "geometry": {
        "type": "Polygon",
        "coordinates": [
          [
            [
              29.8697171261,
              -1.1583260942
            ],
            [
              29.8748449507,
              -1.1564186137
            ],
            [
              29.8814921635,
              -1.1530648202
            ],
            [
              29.8867132593,
              -1.1487562166
            ],
            [
              29.8914588187,
              -1.1439699888
            ],
            [
              29.8914402891,
              -1.125322561
            ],
            [
              29.8882472138,
              -1.1170440993
            ],
            [
              29.8780387746,
              -1.1170541879
            ],
            [
              29.8780470008,
              -1.1254713459
            ],
            [
              29.8696845266,
              -1.1254796459
            ],
            [
              29.8697171261,
              -1.1583260942
            ]
          ]
        ]
      },
      "properties": {
        "country": "Uganda",
        "country_code": "UGA",
        "species_name": "Eucalyptus_tereticornis",
        "genus": "Eucalyptus",
        "species": "tereticornis",
        "suitability_name": "Marginally suitable",
        "suitability_rank": 3,
        "soil_suitability": "S1",
        "soil_type": "Ferrallitic Soils",
        "soil_description": "Dark horizons - not differentiated",
        "site_class": null,
        "maz": "I",
        "maz_zone": null,
        "tz": "6",
        "frost_risk": null,
        "source_layer": "SWIFT_SSMT_Uganda"
      }
    },
    {
      "type": "Feature",
      "geometry": {
        "type": "Polygon",
        "coordinates": [
          [
            [
              29.9703385443,
              -1.397183943
            ],
            [
              29.9703354305,
              -1.3947049652
            ],
            [
              29.978698009,
              -1.3946943206
            ],
            [
              29.9786874496,
              -1.3862779413
            ],
            [
              29.9870499347,
              -1.3862673312
            ],
            [
              29.9870394096,
              -1.3778510165
            ],
            [
              30.003764128,
              -1.3778298366
            ],
            [
              30.0037327637,
              -1.3525812743
            ],
            [
              29.9953705245,
              -1.3525916842
            ],
            [
              29.995349995,
              -1.3357591772
            ],
            [
              29.9869877474,
              -1.3357694287
            ],
            [
              29.9869575204,
              -1.3105204688
            ],
            [
              29.978595293,
              -1.3105304987
            ],
            [
              29.9785755181,
              -1.2936977266
            ],
            [
              29.9702132817,
              -1.2937076008
            ],
            [
              29.9702035171,
              -1.2852911494
            ],
            [
              29.9785657266,
              -1.2852813398
            ],
            [
              29.9785559985,
              -1.2768649519
            ],
            [
              29.9701938175,
              -1.2768746969
            ],
            [
              29.970174607,
              -1.2600417919
            ],
            [
              29.9618124156,
              -1.2600513814
            ],
            [
              29.9617935143,
              -1.2432183448
            ],
            [
              29.9534313129,
              -1.2432277796
            ],
            [
              29.9534219834,
              -1.2348111962
            ],
            [
              29.9450597448,
              -1.234820541
            ],
            [
              29.9450505054,
              -1.2264038943
            ],
            [
              29.9366882308,
              -1.2264131486
            ],
            [
              29.9366790802,
              -1.2179964378
            ],
            [
              29.9199543909,
              -1.2180147416
            ],
            [
              29.9199098398,
              -1.1759305432
            ],
            [
              29.9282720881,
              -1.1759217196
            ],
            [
              29.9282633415,
              -1.1675049422
            ],
            [
              29.9199011174,
              -1.1675137016
            ],
            [
              29.9198924588,
              -1.1590968595
            ],
            [
              29.9115301967,
              -1.1591055314
            ],
            [
              29.9115131148,
              -1.1422717198
            ],
            [
              29.9031508401,
              -1.1422802417
            ],
            [
              29.9031424161,
              -1.1338632714
            ],
            [
              29.8947801032,
              -1.1338717068
            ],
            [
              29.8947634927,
              -1.1170376402
            ],
            [
              29.8882472138,
              -1.1170440993
            ],
            [
              29.8914402891,
              -1.125322561
            ],
            [
              29.8914588187,
              -1.1439699888
            ],
            [
              29.8867132593,
              -1.1487562166
            ],
            [
              29.8814921635,
              -1.1530648202
            ],
            [
              29.8748449507,
              -1.1564186137
            ],
            [
              29.8697171261,
              -1.1583260942
            ],
            [
              29.8697350386,
              -1.1759829544
            ],
            [
              29.8482378859,
              -1.1760051325
            ],
            [
              29.8478388855,
              -1.1804734697
            ],
            [
              29.8517661816,
              -1.1883589922
            ],
            [
              29.8588998076,
              -1.1958824778
            ],
            [
              29.8788685706,
              -1.2116402344
            ],
            [
              29.8858326332,
              -1.2180517622
            ],
            [
              29.8948668888,
              -1.2180420027
            ],
            [
              29.8948765182,
              -1.2270250498
            ],
            [
              29.9018495083,
              -1.234868406
            ],
            [
              29.9032476081,
              -1.2348668679
            ],
            [
              29.9032493201,
              -1.2364429212
            ],
            [
              29.9093252768,
              -1.2432771028
            ],
            [
              29.9116193577,
              -1.2432745562
            ],
            [
              29.9116227821,
              -1.246393485
            ],
            [
              29.9154568115,
              -1.2516871714
            ],
            [
              29.9199911607,
              -1.2516820901
            ],
            [
              29.9199988674,
              -1.2586235954
            ],
            [
              29.9208499402,
              -1.2600979664
            ],
            [
              29.9367254615,
              -1.2600799889
            ],
            [
              29.9367320508,
              -1.2659450382
            ],
            [
              29.9374413901,
              -1.2663872407
            ],
            [
              29.9378609661,
              -1.2664562817
            ],
            [
              29.93821531,
              -1.2659093559
            ],
            [
              29.9387011011,
              -1.2658500671
            ],
            [
              29.9393123418,
              -1.2663887148
            ],
            [
              29.9393869447,
              -1.2666497228
            ],
            [
              29.9392566536,
              -1.2669229415
            ],
            [
              29.9384343437,
              -1.2675177901
            ],
            [
              29.9377352481,
              -1.2684955531
            ],
            [
              29.9450973356,
              -1.268487125
            ],
            [
              29.9451238404,
              -1.2916977639
            ],
            [
              29.9466761757,
              -1.2925464652
            ],
            [
              29.9470323791,
              -1.292461287
            ],
            [
              29.9477580492,
              -1.2925985967
            ],
            [
              29.9486313797,
              -1.2924475354
            ],
            [
              29.9493903513,
              -1.2930392201
            ],
            [
              29.9493379604,
              -1.2934482711
            ],
            [
              29.9488994182,
              -1.2937326412
            ],
            [
              29.9534886195,
              -1.2937272649
            ],
            [
              29.9534983923,
              -1.3021438437
            ],
            [
              29.9618607828,
              -1.3021339615
            ],
            [
              29.9618706474,
              -1.3105504759
            ],
            [
              29.9535082287,
              -1.3105604214
            ],
            [
              29.9535181288,
              -1.3189769989
            ],
            [
              29.961880575,
              -1.3189669892
            ],
            [
              29.9618944426,
              -1.3306344065
            ],
            [
              29.9622188193,
              -1.3308513269
            ],
            [
              29.9624748042,
              -1.3312625451
            ],
            [
              29.9625094735,
              -1.3319364506
            ],
            [
              29.9624080615,
              -1.3325089715
            ],
            [
              29.9618974009,
              -1.3331095364
            ],
            [
              29.9619107395,
              -1.3442165252
            ],
            [
              29.970273208,
              -1.3442062947
            ],
            [
              29.9702834186,
              -1.352622741
            ],
            [
              29.9786458513,
              -1.3526124184
            ],
            [
              29.9786769536,
              -1.3778615611
            ],
            [
              29.970314435,
              -1.3778720774
            ],
            [
              29.9703040321,
              -1.3694556333
            ],
            [
              29.9618655684,
              -1.3694661498
            ],
            [
              29.9664723318,
              -1.3813447397
            ],
            [
              29.9703385443,
              -1.397183943
            ]
          ]
        ]
      },
      "properties": {
        "country": "Uganda",
        "country_code": "UGA",
        "species_name": "Eucalyptus_tereticornis",
        "genus": "Eucalyptus",
        "species": "tereticornis",
        "suitability_name": "Marginally suitable",
        "suitability_rank": 3,
        "soil_suitability": "S2",
        "soil_type": "Ferrallitic Soils",
        "soil_description": "Yellow soils - Sandy clay loams",
        "site_class": null,
        "maz": "I",
        "maz_zone": null,
        "tz": "6",
        "frost_risk": null,
        "source_layer": "SWIFT_SSMT_Uganda"
      }
    },
    {
      "type": "Feature",
      "geometry": {
        "type": "Polygon",
        "coordinates": [
          [
            [
              30.04563811,
              -1.4267192992
            ],
            [
              30.0456290974,
              -1.4198556613
            ],
            [
              30.0372669464,
              -1.4198667411
            ],
            [
              30.037957747,
              -1.4226599991
            ],
            [
              30.0384877471,
              -1.4230499998
            ],
            [
              30.0405577476,
              -1.4232299988
            ],
            [
              30.0423477475,
              -1.4254099992
            ],
            [
              30.0432077471,
              -1.4260399996
            ],
            [
              30.04563811,
              -1.4267192992
            ]
          ]
        ]
      },
      "properties": {
        "country": "Uganda",
        "country_code": "UGA",
        "species_name": "Eucalyptus_tereticornis",
        "genus": "Eucalyptus",
        "species": "tereticornis",
        "suitability_name": "Marginally suitable",
        "suitability_rank": 3,
        "soil_suitability": "S2",
        "soil_type": "Ferrallitic Soils",
        "soil_description": "Yellow soils - Sandy clay loams",
        "site_class": null,
        "maz": "I",
        "maz_zone": null,
        "tz": "6",
        "frost_risk": null,
        "source_layer": "SWIFT_SSMT_Uganda"
      }
    },
    {
      "type": "Feature",
      "geometry": {
        "type": "Polygon",
        "coordinates": [
          [
            [
              29.9202634122,
              -1.4772603737
            ],
            [
              29.9202546232,
              -1.4705196033
            ],
            [
              29.9118913281,
              -1.470530606
            ],
            [
              29.9118968544,
              -1.4747847913
            ],
            [
              29.914370078,
              -1.4786799985
            ],
            [
              29.9147000782,
              -1.4787899979
            ],
            [
              29.9179600779,
              -1.4775199996
            ],
            [
              29.9202634122,
              -1.4772603737
            ]
          ]
        ]
      },
      "properties": {
        "country": "Uganda",
        "country_code": "UGA",
        "species_name": "Eucalyptus_tereticornis",
        "genus": "Eucalyptus",
        "species": "tereticornis",
        "suitability_name": "Marginally suitable",
        "suitability_rank": 3,
        "soil_suitability": "S1",
        "soil_type": "Ferrallitic Soils",
        "soil_description": "Humic ferrallitic - Not differentiated",
        "site_class": null,
        "maz": "II",
        "maz_zone": null,
        "tz": "6",
        "frost_risk": null,
        "source_layer": "SWIFT_SSMT_Uganda"
      }
    },
    {
      "type": "Feature",
      "geometry": {
        "type": "Polygon",
        "coordinates": [
          [
            [
              29.8229000841,
              -1.3064199998
            ],
            [
              29.81696448,
              -1.2974178386
            ],
            [
              29.8137418287,
              -1.2830762984
            ],
            [
              29.8058822324,
              -1.2640775358
            ],
            [
              29.8005194991,
              -1.2472276189
            ],
            [
              29.7933803285,
              -1.2350416639
            ],
            [
              29.7844701114,
              -1.2328992536
            ],
            [
              29.7702224186,
              -1.2379352136
            ],
            [
              29.7694415689,
              -1.2380630138
            ],
            [
              29.7694559628,
              -1.251846564
            ],
            [
              29.7778195441,
              -1.2518376535
            ],
            [
              29.7778464093,
              -1.2770912976
            ],
            [
              29.7862100127,
              -1.2770821806
            ],
            [
              29.7862191138,
              -1.2855
            ],
            [
              29.7945826842,
              -1.2854907958
            ],
            [
              29.7945918738,
              -1.2939085555
            ],
            [
              29.802955411,
              -1.2938992629
            ],
            [
              29.8029646869,
              -1.3023169611
            ],
            [
              29.7946011217,
              -1.3023263141
            ],
            [
              29.7946104314,
              -1.3107440716
            ],
            [
              29.8029740239,
              -1.3107346581
            ],
            [
              29.8029834212,
              -1.319152355
            ],
            [
              29.8113469819,
              -1.3191428532
            ],
            [
              29.8113550347,
              -1.3262929401
            ],
            [
              29.813160084,
              -1.325889999
            ],
            [
              29.8140600851,
              -1.3258599988
            ],
            [
              29.8149300845,
              -1.3253599997
            ],
            [
              29.8158500852,
              -1.3252099994
            ],
            [
              29.8191900843,
              -1.3253499996
            ],
            [
              29.8190600836,
              -1.3215599986
            ],
            [
              29.8193800848,
              -1.3196399989
            ],
            [
              29.8197101711,
              -1.3188572212
            ],
            [
              29.8197033538,
              -1.3127906566
            ],
            [
              29.8189200839,
              -1.3124699989
            ],
            [
              29.8197800842,
              -1.3100799993
            ],
            [
              29.820630084,
              -1.3084199994
            ],
            [
              29.8214700843,
              -1.3075599996
            ],
            [
              29.8229000841,
              -1.3064199998
            ]
          ]
        ]
      },
      "properties": {
        "country": "Uganda",
        "country_code": "UGA",
        "species_name": "Eucalyptus_tereticornis",
        "genus": "Eucalyptus",
        "species": "tereticornis",
        "suitability_name": "Marginally suitable",
        "suitability_rank": 3,
        "soil_suitability": "S1",
        "soil_type": "Eutrophic Soils",
        "soil_description": "On volcanic ash",
        "site_class": null,
        "maz": "I",
        "maz_zone": null,
        "tz": "6",
        "frost_risk": null,
        "source_layer": "SWIFT_SSMT_Uganda"
      }
    },
    {
      "type": "Feature",
      "geometry": {
        "type": "Polygon",
        "coordinates": [
          [
            [
              29.7610405147,
              -1.2013474246
            ],
            [
              29.769403999,
              -1.2013389003
            ],
            [
              29.7694125108,
              -1.2097568456
            ],
            [
              29.7777759615,
              -1.2097482354
            ],
            [
              29.7777845587,
              -1.2181661205
            ],
            [
              29.7694210819,
              -1.2181747905
            ],
            [
              29.7694125108,
              -1.2097568456
            ],
            [
              29.7610489997,
              -1.2097654305
            ],
            [
              29.7610405147,
              -1.2013474246
            ],
            [
              29.7526769695,
              -1.2013559229
            ],
            [
              29.7526685686,
              -1.1929378582
            ],
            [
              29.7359413534,
              -1.1929546603
            ],
            [
              29.7359330626,
              -1.184536475
            ],
            [
              29.727569392,
              -1.1845447794
            ],
            [
              29.7275859838,
              -1.2013812658
            ],
            [
              29.7359497047,
              -1.2013728435
            ],
            [
              29.7359581137,
              -1.2097910273
            ],
            [
              29.7443218019,
              -1.2097825209
            ],
            [
              29.7443302957,
              -1.2182006444
            ],
            [
              29.7526939502,
              -1.2181920525
            ],
            [
              29.7527025292,
              -1.2266101164
            ],
            [
              29.7610661509,
              -1.2266014386
            ],
            [
              29.7610748145,
              -1.2350194418
            ],
            [
              29.7694384035,
              -1.2350106787
            ],
            [
              29.7694415689,
              -1.2380630138
            ],
            [
              29.7702224186,
              -1.2379352136
            ],
            [
              29.7844701114,
              -1.2328992536
            ],
            [
              29.7933803285,
              -1.2350416639
            ],
            [
              29.8005194991,
              -1.2472276189
            ],
            [
              29.8058822324,
              -1.2640775358
            ],
            [
              29.8137418287,
              -1.2830762984
            ],
            [
              29.81696448,
              -1.2974178386
            ],
            [
              29.8229000841,
              -1.3064199998
            ],
            [
              29.8239000847,
              -1.3058199981
            ],
            [
              29.8244700839,
              -1.3062199988
            ],
            [
              29.8249200835,
              -1.3071199986
            ],
            [
              29.826160085,
              -1.3083599982
            ],
            [
              29.8280593656,
              -1.3107062546
            ],
            [
              29.8364277927,
              -1.3106967237
            ],
            [
              29.8364334429,
              -1.3157057247
            ],
            [
              29.8381900834,
              -1.3161599996
            ],
            [
              29.8391600833,
              -1.3162299988
            ],
            [
              29.8415000827,
              -1.3171699986
            ],
            [
              29.8421000828,
              -1.3177799993
            ],
            [
              29.8425120218,
              -1.3191071955
            ],
            [
              29.8448006187,
              -1.3191045619
            ],
            [
              29.8448168205,
              -1.3332824203
            ],
            [
              29.8468200826,
              -1.3341399996
            ],
            [
              29.8490014767,
              -1.3359344637
            ],
            [
              29.8531831886,
              -1.3359295767
            ],
            [
              29.8531926124,
              -1.3440664089
            ],
            [
              29.8536228415,
              -1.3443463989
            ],
            [
              29.8615562176,
              -1.3443370475
            ],
            [
              29.861573016,
              -1.3586772766
            ],
            [
              29.8617000813,
              -1.3587699986
            ],
            [
              29.8628100811,
              -1.3581199988
            ],
            [
              29.8636500815,
              -1.3571699988
            ],
            [
              29.8663400809,
              -1.355069999
            ],
            [
              29.8669800815,
              -1.3546399988
            ],
            [
              29.8681400803,
              -1.3543099993
            ],
            [
              29.8699298035,
              -1.3531684463
            ],
            [
              29.8699293047,
              -1.3527443659
            ],
            [
              29.8950186772,
              -1.3527143514
            ],
            [
              29.8949695335,
              -1.3106292592
            ],
            [
              29.8866066132,
              -1.3106389815
            ],
            [
              29.886566098,
              -1.2747933475
            ],
            [
              29.8860610929,
              -1.2744519889
            ],
            [
              29.8861413447,
              -1.2729549797
            ],
            [
              29.8865635221,
              -1.2724790976
            ],
            [
              29.8865591602,
              -1.2685535612
            ],
            [
              29.8781963149,
              -1.2685629438
            ],
            [
              29.878177822,
              -1.2517286471
            ],
            [
              29.8530890745,
              -1.2517562603
            ],
            [
              29.8530982098,
              -1.2601735945
            ],
            [
              29.8363720193,
              -1.2601919926
            ],
            [
              29.8363539152,
              -1.243357077
            ],
            [
              29.8279907813,
              -1.2433661126
            ],
            [
              29.8279729734,
              -1.2265310725
            ],
            [
              29.8196098319,
              -1.2265399609
            ],
            [
              29.8196010454,
              -1.2181223784
            ],
            [
              29.8112378678,
              -1.2181311794
            ],
            [
              29.8112291679,
              -1.2097135358
            ],
            [
              29.8195923186,
              -1.2097047957
            ],
            [
              29.8195836524,
              -1.2012872127
            ],
            [
              29.8112205276,
              -1.2012958919
            ],
            [
              29.811203429,
              -1.1844606022
            ],
            [
              29.8028402942,
              -1.1844691341
            ],
            [
              29.8028234867,
              -1.1676337209
            ],
            [
              29.7944603403,
              -1.1676421054
            ],
            [
              29.7944520518,
              -1.1592243387
            ],
            [
              29.7860888721,
              -1.1592326377
            ],
            [
              29.7860806674,
              -1.1508148095
            ],
            [
              29.7777174517,
              -1.1508230252
            ],
            [
              29.7777093323,
              -1.1424051347
            ],
            [
              29.7609827705,
              -1.1424213724
            ],
            [
              29.7609747584,
              -1.1340033628
            ],
            [
              29.7526114134,
              -1.1340113843
            ],
            [
              29.7526194002,
              -1.1424294542
            ],
            [
              29.7442559718,
              -1.1424375115
            ],
            [
              29.7442480085,
              -1.1340193823
            ],
            [
              29.7191574414,
              -1.1340432316
            ],
            [
              29.719173281,
              -1.1508798422
            ],
            [
              29.7275369117,
              -1.1508718
            ],
            [
              29.7275449432,
              -1.1592900456
            ],
            [
              29.7359085393,
              -1.159281918
            ],
            [
              29.7359166542,
              -1.1677001052
            ],
            [
              29.7442802165,
              -1.1676918943
            ],
            [
              29.7442884152,
              -1.1761100212
            ],
            [
              29.752651943,
              -1.1761017258
            ],
            [
              29.7526602258,
              -1.1845197931
            ],
            [
              29.7610237199,
              -1.1845114119
            ],
            [
              29.7610405147,
              -1.2013474246
            ]
          ]
        ]
      },
      "properties": {
        "country": "Uganda",
        "country_code": "UGA",
        "species_name": "Eucalyptus_tereticornis",
        "genus": "Eucalyptus",
        "species": "tereticornis",
        "suitability_name": "Marginally suitable",
        "suitability_rank": 3,
        "soil_suitability": "S1",
        "soil_type": "Ferrallitic Soils",
        "soil_description": "Humic ferrallitic - Not differentiated",
        "site_class": null,
        "maz": "I",
        "maz_zone": null,
        "tz": "6",
        "frost_risk": null,
        "source_layer": "SWIFT_SSMT_Uganda"
      }
    },
    {
      "type": "Feature",
      "geometry": {
        "type": "Polygon",
        "coordinates": [
          [
            [
              29.950425359,
              -1.4620630422
            ],
            [
              29.9286069071,
              -1.4620918123
            ],
            [
              29.9285851994,
              -1.4452582991
            ],
            [
              29.9202220597,
              -1.4452691437
            ],
            [
              29.9202113305,
              -1.4368523232
            ],
            [
              29.9118481591,
              -1.4368630738
            ],
            [
              29.9118269507,
              -1.4200293043
            ],
            [
              29.895100541,
              -1.4200504624
            ],
            [
              29.8950797017,
              -1.4032164382
            ],
            [
              29.9034428771,
              -1.4032059999
            ],
            [
              29.9034325216,
              -1.3947890491
            ],
            [
              29.8950693756,
              -1.3947994255
            ],
            [
              29.8950591119,
              -1.3863824118
            ],
            [
              29.8866959336,
              -1.3863926961
            ],
            [
              29.8867236349,
              -1.4090592854
            ],
            [
              29.8871000787,
              -1.4101299984
            ],
            [
              29.8869100788,
              -1.410739999
            ],
            [
              29.886725741,
              -1.4107676498
            ],
            [
              29.8867411958,
              -1.4232408719
            ],
            [
              29.8869700788,
              -1.4235199993
            ],
            [
              29.8877500797,
              -1.4237499988
            ],
            [
              29.8882800799,
              -1.4240999987
            ],
            [
              29.8900000792,
              -1.4254699995
            ],
            [
              29.8900100799,
              -1.4267999988
            ],
            [
              29.889490079,
              -1.4274399997
            ],
            [
              29.888936085,
              -1.4284753
            ],
            [
              29.8951110542,
              -1.4284674731
            ],
            [
              29.8951409149,
              -1.4521090858
            ],
            [
              29.8963535337,
              -1.4537169378
            ],
            [
              29.9035063233,
              -1.4537076867
            ],
            [
              29.9035157141,
              -1.461034744
            ],
            [
              29.9040403581,
              -1.4621239507
            ],
            [
              29.9118804419,
              -1.4621137241
            ],
            [
              29.9118913281,
              -1.470530606
            ],
            [
              29.9202546232,
              -1.4705196033
            ],
            [
              29.9202634122,
              -1.4772603737
            ],
            [
              29.9238000773,
              -1.47705
            ],
            [
              29.9245600776,
              -1.4771199984
            ],
            [
              29.9260700781,
              -1.476
            ],
            [
              29.9267500771,
              -1.4751699988
            ],
            [
              29.9285400772,
              -1.4736499993
            ],
            [
              29.9290700768,
              -1.4728099991
            ],
            [
              29.9324500764,
              -1.4695799991
            ],
            [
              29.9333200769,
              -1.4689499991
            ],
            [
              29.935210077,
              -1.4680699997
            ],
            [
              29.9373200766,
              -1.4673499994
            ],
            [
              29.9400600775,
              -1.4661499988
            ],
            [
              29.9411200768,
              -1.4658599993
            ],
            [
              29.9427800757,
              -1.4650299994
            ],
            [
              29.9437200753,
              -1.4648799992
            ],
            [
              29.945570076,
              -1.4640399991
            ],
            [
              29.9469400756,
              -1.4635999984
            ],
            [
              29.948000075,
              -1.4629799992
            ],
            [
              29.950425359,
              -1.4620630422
            ]
          ]
        ]
      },
      "properties": {
        "country": "Uganda",
        "country_code": "UGA",
        "species_name": "Eucalyptus_tereticornis",
        "genus": "Eucalyptus",
        "species": "tereticornis",
        "suitability_name": "Marginally suitable",
        "suitability_rank": 3,
        "soil_suitability": "S1",
        "soil_type": "Ferrallitic Soils",
        "soil_description": "Humic ferrallitic - Not differentiated",
        "site_class": null,
        "maz": "I",
        "maz_zone": null,
        "tz": "6",
        "frost_risk": null,
        "source_layer": "SWIFT_SSMT_Uganda"
      }
    },
    {
      "type": "Feature",
      "geometry": {
        "type": "Polygon",
        "coordinates": [
          [
            [
              29.9787733416,
              -1.45332341
            ],
            [
              29.9787627091,
              -1.4451925806
            ],
            [
              29.9703999503,
              -1.445203611
            ],
            [
              29.9703890372,
              -1.4367871721
            ],
            [
              29.9620262447,
              -1.4367981074
            ],
            [
              29.9620480724,
              -1.4536311129
            ],
            [
              29.953685155,
              -1.4536421453
            ],
            [
              29.9536946096,
              -1.4608933505
            ],
            [
              29.9587200752,
              -1.4589899992
            ],
            [
              29.9599100749,
              -1.4587499995
            ],
            [
              29.9613000751,
              -1.4591099993
            ],
            [
              29.9630300745,
              -1.4591499987
            ],
            [
              29.9701400744,
              -1.4567399994
            ],
            [
              29.9733300748,
              -1.4559299989
            ],
            [
              29.9766577504,
              -1.4558700002
            ],
            [
              29.9778436363,
              -1.4562186799
            ],
            [
              29.9778800746,
              -1.4550800001
            ],
            [
              29.978260074,
              -1.4539299992
            ],
            [
              29.9787733416,
              -1.45332341
            ]
          ]
        ]
      },
      "properties": {
        "country": "Uganda",
        "country_code": "UGA",
        "species_name": "Eucalyptus_tereticornis",
        "genus": "Eucalyptus",
        "species": "tereticornis",
        "suitability_name": "Marginally suitable",
        "suitability_rank": 3,
        "soil_suitability": "S1",
        "soil_type": "Ferrallitic Soils",
        "soil_description": "Humic ferrallitic - Not differentiated",
        "site_class": null,
        "maz": "I",
        "maz_zone": null,
        "tz": "6",
        "frost_risk": null,
        "source_layer": "SWIFT_SSMT_Uganda"
      }
    }
  ]
}
