{
  "type": "FeatureCollection",
  "features": [
    {
      "type": "Feature",
      "geometry": {
        "type": "Polygon",
        "coordinates": [
          [
            [
              34.0288969779,
              3.8248505132
            ],
            [
              34.028965543,
              3.8332142656
            ],
            [
              34.0206388299,
              3.8332831731
            ],
            [
              34.0205703432,
              3.8249192692
            ],
            [
              34.0288969779,
              3.8248505132
            ]
          ]
        ]
      },
      "properties": {
        "country": "Uganda",
        "country_code": "UGA",
        "species_name": "Eucalyptus_saligna",
        "genus": "Eucalyptus",
        "species": "saligna",
        "suitability_name": "Moderately suitable",
        "suitability_rank": 2,
        "soil_suitability": "S2",
        "soil_type": "Ferruginous Soils",
        "soil_description": "On crystalline acid rock - freely drained",
        "site_class": null,
        "maz": "III",
        "maz_zone": null,
        "tz": "5",
        "frost_risk": null,
        "source_layer": "SWIFT_SSMT_Uganda"
      }
    },
    {
      "type": "Feature",
      "geometry": {
        "type": "Polygon",
        "coordinates": [
          [
            [
              34.0205643414,
              3.8241854257
            ],
            [
              34.0205703432,
              3.8249192692
            ],
            [
              34.0156605658,
              3.8249597732
            ],
            [
              34.0159635635,
              3.824701884
            ],
            [
              34.0205643414,
              3.8241854257
            ]
          ]
        ]
      },
      "properties": {
        "country": "Uganda",
        "country_code": "UGA",
        "species_name": "Eucalyptus_saligna",
        "genus": "Eucalyptus",
        "species": "saligna",
        "suitability_name": "Moderately suitable",
        "suitability_rank": 2,
        "soil_suitability": "S2",
        "soil_type": "Ferruginous Soils",
        "soil_description": "On crystalline acid rock - freely drained",
        "site_class": null,
        "maz": "III",
        "maz_zone": null,
        "tz": "5",
        "frost_risk": null,
        "source_layer": "SWIFT_SSMT_Uganda"
      }
    },
    {
      "type": "Feature",
      "geometry": {
        "type": "Polygon",
        "coordinates": [
          [
            [
              33.5619966503,
              3.7783460631
            ],
            [
              33.5536623234,
              3.7784094909
            ],
            [
              33.5537254955,
              3.7867815747
            ],
            [
              33.5473942772,
              3.78682981
            ],
            [
              33.5453753786,
              3.7847805097
            ],
            [
              33.5453278555,
              3.778472838
            ],
            [
              33.5392069598,
              3.7785193116
            ],
            [
              33.5369761041,
              3.7762550006
            ],
            [
              33.5369303736,
              3.7701637396
            ],
            [
              33.5310190859,
              3.7702084646
            ],
            [
              33.5285770026,
              3.767729604
            ],
            [
              33.5285330487,
              3.7618542776
            ],
            [
              33.5228313724,
              3.7618972678
            ],
            [
              33.520178071,
              3.7592040646
            ],
            [
              33.5201358811,
              3.7535444543
            ],
            [
              33.5145070343,
              3.7535867473
            ],
            [
              33.5132476783,
              3.7524299999
            ],
            [
              33.5289387128,
              3.7518126805
            ],
            [
              33.5385153874,
              3.7503136987
            ],
            [
              33.551266188,
              3.7459370453
            ],
            [
              33.5611654233,
              3.7401551177
            ],
            [
              33.5706800562,
              3.730452541
            ],
            [
              33.580178539,
              3.7186102144
            ],
            [
              33.5846605642,
              3.7111968382
            ],
            [
              33.5864959694,
              3.7111830583
            ],
            [
              33.586620824,
              3.7279261362
            ],
            [
              33.5782873899,
              3.7279889523
            ],
            [
              33.5783499529,
              3.7363606293
            ],
            [
              33.5700162998,
              3.7364235081
            ],
            [
              33.5701416901,
              3.7531671349
            ],
            [
              33.5702676453,
              3.7699107518
            ],
            [
              33.5619335388,
              3.7699741174
            ],
            [
              33.5619966503,
              3.7783460631
            ]
          ]
        ]
      },
      "properties": {
        "country": "Uganda",
        "country_code": "UGA",
        "species_name": "Eucalyptus_saligna",
        "genus": "Eucalyptus",
        "species": "saligna",
        "suitability_name": "Moderately suitable",
        "suitability_rank": 2,
        "soil_suitability": "S2",
        "soil_type": "Ferruginous Soils",
        "soil_description": "On crystalline acid rock - freely drained",
        "site_class": null,
        "maz": "III",
        "maz_zone": null,
        "tz": "4",
        "frost_risk": null,
        "source_layer": "SWIFT_SSMT_Uganda"
      }
    },
    {
      "type": "Feature",
      "geometry": {
        "type": "Polygon",
        "coordinates": [
          [
            [
              33.5112398699,
              3.7519581601
            ],
            [
              33.5110700019,
              3.7518199996
            ],
            [
              33.5067000017,
              3.7523
            ],
            [
              33.5001700018,
              3.7527099997
            ],
            [
              33.4962000015,
              3.75332
            ],
            [
              33.4951280255,
              3.753320001
            ],
            [
              33.4950690206,
              3.7453589752
            ],
            [
              33.503404015,
              3.745296661
            ],
            [
              33.5033420141,
              3.7369237223
            ],
            [
              33.511676791,
              3.7368614696
            ],
            [
              33.5116148531,
              3.7284886688
            ],
            [
              33.5194181435,
              3.7284304437
            ],
            [
              33.5149946499,
              3.7390749736
            ],
            [
              33.5132476783,
              3.7524299999
            ],
            [
              33.5124976792,
              3.7518199997
            ],
            [
              33.5112398699,
              3.7519581601
            ]
          ]
        ]
      },
      "properties": {
        "country": "Uganda",
        "country_code": "UGA",
        "species_name": "Eucalyptus_saligna",
        "genus": "Eucalyptus",
        "species": "saligna",
        "suitability_name": "Moderately suitable",
        "suitability_rank": 2,
        "soil_suitability": "S2",
        "soil_type": "Ferruginous Soils",
        "soil_description": "On crystalline acid rock - freely drained",
        "site_class": null,
        "maz": "III",
        "maz_zone": null,
        "tz": "4",
        "frost_risk": null,
        "source_layer": "SWIFT_SSMT_Uganda"
      }
    },
    {
      "type": "Feature",
      "geometry": {
        "type": "Polygon",
        "coordinates": [
          [
            [
              33.5253752015,
              3.71163988
            ],
            [
              33.5240659374,
              3.7172465409
            ],
            [
              33.5199401495,
              3.7271743316
            ],
            [
              33.519825799,
              3.7116811461
            ],
            [
              33.5253752015,
              3.71163988
            ]
          ]
        ]
      },
      "properties": {
        "country": "Uganda",
        "country_code": "UGA",
        "species_name": "Eucalyptus_saligna",
        "genus": "Eucalyptus",
        "species": "saligna",
        "suitability_name": "Moderately suitable",
        "suitability_rank": 2,
        "soil_suitability": "S2",
        "soil_type": "Ferruginous Soils",
        "soil_description": "On crystalline acid rock - freely drained",
        "site_class": null,
        "maz": "III",
        "maz_zone": null,
        "tz": "4",
        "frost_risk": null,
        "source_layer": "SWIFT_SSMT_Uganda"
      }
    },
    {
      "type": "Feature",
      "geometry": {
        "type": "Polygon",
        "coordinates": [
          [
            [
              34.0290369955,
              3.8248493564
            ],
            [
              34.0330091807,
              3.8266992713
            ],
            [
              34.0348295796,
              3.8331656899
            ],
            [
              34.028965543,
              3.8332142656
            ],
            [
              34.0288969779,
              3.8248505132
            ],
            [
              34.0290369955,
              3.8248493564
            ]
          ]
        ]
      },
      "properties": {
        "country": "Uganda",
        "country_code": "UGA",
        "species_name": "Eucalyptus_saligna",
        "genus": "Eucalyptus",
        "species": "saligna",
        "suitability_name": "Moderately suitable",
        "suitability_rank": 2,
        "soil_suitability": "S2",
        "soil_type": "Ferruginous Soils",
        "soil_description": "On crystalline acid rock - freely drained",
        "site_class": null,
        "maz": "III",
        "maz_zone": null,
        "tz": "4",
        "frost_risk": null,
        "source_layer": "SWIFT_SSMT_Uganda"
      }
    },
    {
      "type": "Feature",
      "geometry": {
        "type": "Polygon",
        "coordinates": [
          [
            [
              34.0205703432,
              3.8249192692
            ],
            [
              34.0206388299,
              3.8332831731
            ],
            [
              34.0123119653,
              3.8333520008
            ],
            [
              34.0122669344,
              3.8278481823
            ],
            [
              34.0156605658,
              3.8249597732
            ],
            [
              34.0205703432,
              3.8249192692
            ]
          ]
        ]
      },
      "properties": {
        "country": "Uganda",
        "country_code": "UGA",
        "species_name": "Eucalyptus_saligna",
        "genus": "Eucalyptus",
        "species": "saligna",
        "suitability_name": "Moderately suitable",
        "suitability_rank": 2,
        "soil_suitability": "S2",
        "soil_type": "Ferruginous Soils",
        "soil_description": "On crystalline acid rock - freely drained",
        "site_class": null,
        "maz": "III",
        "maz_zone": null,
        "tz": "4",
        "frost_risk": null,
        "source_layer": "SWIFT_SSMT_Uganda"
      }
    },
    {
      "type": "Feature",
      "geometry": {
        "type": "Polygon",
        "coordinates": [
          [
            [
              34.127940514,
              3.7184855518
            ],
            [
              34.1226115354,
              3.7222744904
            ],
            [
              34.1123643899,
              3.7269897555
            ],
            [
              34.1113614745,
              3.7271473777
            ],
            [
              34.1113345536,
              3.723811505
            ],
            [
              34.1030103769,
              3.7238792301
            ],
            [
              34.1029430763,
              3.7155168045
            ],
            [
              34.1112671754,
              3.7154492327
            ],
            [
              34.1111999505,
              3.707086957
            ],
            [
              34.1278475371,
              3.7069518859
            ],
            [
              34.127940514,
              3.7184855518
            ]
          ]
        ]
      },
      "properties": {
        "country": "Uganda",
        "country_code": "UGA",
        "species_name": "Eucalyptus_saligna",
        "genus": "Eucalyptus",
        "species": "saligna",
        "suitability_name": "Moderately suitable",
        "suitability_rank": 2,
        "soil_suitability": "S2",
        "soil_type": "Ferruginous Soils",
        "soil_description": "On crystalline acid rock - freely drained",
        "site_class": null,
        "maz": "III",
        "maz_zone": null,
        "tz": "4",
        "frost_risk": null,
        "source_layer": "SWIFT_SSMT_Uganda"
      }
    },
    {
      "type": "Feature",
      "geometry": {
        "type": "Polygon",
        "coordinates": [
          [
            [
              34.0191844417,
              3.6910988967
            ],
            [
              34.0188063801,
              3.6928233982
            ],
            [
              34.0145949388,
              3.6985588282
            ],
            [
              34.0043251486,
              3.7007789195
            ],
            [
              34.0000792712,
              3.6996156651
            ],
            [
              34.002909756,
              3.6995931298
            ],
            [
              34.0028438326,
              3.6912288801
            ],
            [
              34.0191844417,
              3.6910988967
            ]
          ]
        ]
      },
      "properties": {
        "country": "Uganda",
        "country_code": "UGA",
        "species_name": "Eucalyptus_saligna",
        "genus": "Eucalyptus",
        "species": "saligna",
        "suitability_name": "Moderately suitable",
        "suitability_rank": 2,
        "soil_suitability": "S2",
        "soil_type": "Ferruginous Soils",
        "soil_description": "On crystalline acid rock - freely drained",
        "site_class": null,
        "maz": "III",
        "maz_zone": null,
        "tz": "4",
        "frost_risk": null,
        "source_layer": "SWIFT_SSMT_Uganda"
      }
    },
    {
      "type": "Feature",
      "geometry": {
        "type": "Polygon",
        "coordinates": [
          [
            [
              33.6442038059,
              3.6270375517
            ],
            [
              33.6442652774,
              3.6354081228
            ],
            [
              33.6359336827,
              3.6354699159
            ],
            [
              33.6359952208,
              3.6438406277
            ],
            [
              33.6276634072,
              3.6439024877
            ],
            [
              33.6275319567,
              3.6259760208
            ],
            [
              33.6337438509,
              3.6165604382
            ],
            [
              33.643586322,
              3.6032920149
            ],
            [
              33.6523301132,
              3.5989451879
            ],
            [
              33.6524737769,
              3.618605393
            ],
            [
              33.6441424762,
              3.6186669776
            ],
            [
              33.6442038059,
              3.6270375517
            ]
          ]
        ]
      },
      "properties": {
        "country": "Uganda",
        "country_code": "UGA",
        "species_name": "Eucalyptus_saligna",
        "genus": "Eucalyptus",
        "species": "saligna",
        "suitability_name": "Moderately suitable",
        "suitability_rank": 2,
        "soil_suitability": "S2",
        "soil_type": "Ferruginous Soils",
        "soil_description": "On crystalline acid rock - freely drained",
        "site_class": null,
        "maz": "III",
        "maz_zone": null,
        "tz": "4",
        "frost_risk": null,
        "source_layer": "SWIFT_SSMT_Uganda"
      }
    },
    {
      "type": "Feature",
      "geometry": {
        "type": "Polygon",
        "coordinates": [
          [
            [
              34.8013398431,
              2.5573310265
            ],
            [
              34.8013906811,
              2.5656802205
            ],
            [
              34.7930888626,
              2.5657314075
            ],
            [
              34.793076471,
              2.563696519
            ],
            [
              34.8010780538,
              2.5603603861
            ],
            [
              34.801214018,
              2.5573317993
            ],
            [
              34.8013398431,
              2.5573310265
            ]
          ]
        ]
      },
      "properties": {
        "country": "Uganda",
        "country_code": "UGA",
        "species_name": "Eucalyptus_saligna",
        "genus": "Eucalyptus",
        "species": "saligna",
        "suitability_name": "Moderately suitable",
        "suitability_rank": 2,
        "soil_suitability": "S2",
        "soil_type": "Ferruginous Soils",
        "soil_description": "On crystalline acid rock - freely drained",
        "site_class": null,
        "maz": "III",
        "maz_zone": null,
        "tz": "4",
        "frost_risk": null,
        "source_layer": "SWIFT_SSMT_Uganda"
      }
    },
    {
      "type": "Feature",
      "geometry": {
        "type": "Polygon",
        "coordinates": [
          [
            [
              34.7931398157,
              2.5740807672
            ],
            [
              34.7848377781,
              2.5741320667
            ],
            [
              34.7847951736,
              2.5671449952
            ],
            [
              34.7881171932,
              2.5657620355
            ],
            [
              34.7930888626,
              2.5657314075
            ],
            [
              34.7931398157,
              2.5740807672
            ]
          ]
        ]
      },
      "properties": {
        "country": "Uganda",
        "country_code": "UGA",
        "species_name": "Eucalyptus_saligna",
        "genus": "Eucalyptus",
        "species": "saligna",
        "suitability_name": "Moderately suitable",
        "suitability_rank": 2,
        "soil_suitability": "S2",
        "soil_type": "Ferruginous Soils",
        "soil_description": "On crystalline acid rock - freely drained",
        "site_class": null,
        "maz": "III",
        "maz_zone": null,
        "tz": "4",
        "frost_risk": null,
        "source_layer": "SWIFT_SSMT_Uganda"
      }
    },
    {
      "type": "Feature",
      "geometry": {
        "type": "Polygon",
        "coordinates": [
          [
            [
              34.8095907172,
              2.5489309223
            ],
            [
              34.8096414416,
              2.5572799532
            ],
            [
              34.8013398431,
              2.5573310265
            ],
            [
              34.8013248494,
              2.554863404
            ],
            [
              34.8015890704,
              2.5489799906
            ],
            [
              34.8095907172,
              2.5489309223
            ]
          ]
        ]
      },
      "properties": {
        "country": "Uganda",
        "country_code": "UGA",
        "species_name": "Eucalyptus_saligna",
        "genus": "Eucalyptus",
        "species": "saligna",
        "suitability_name": "Moderately suitable",
        "suitability_rank": 2,
        "soil_suitability": "S2",
        "soil_type": "Ferruginous Soils",
        "soil_description": "On crystalline acid rock - freely drained",
        "site_class": null,
        "maz": "III",
        "maz_zone": null,
        "tz": "4",
        "frost_risk": null,
        "source_layer": "SWIFT_SSMT_Uganda"
      }
    },
    {
      "type": "Feature",
      "geometry": {
        "type": "Polygon",
        "coordinates": [
          [
            [
              34.7431736996,
              2.549336689
            ],
            [
              34.7432744728,
              2.566037409
            ],
            [
              34.7349714958,
              2.5660882236
            ],
            [
              34.7350220771,
              2.5744387455
            ],
            [
              34.7267188822,
              2.5744896713
            ],
            [
              34.7266683544,
              2.5661389836
            ],
            [
              34.718365047,
              2.5661896917
            ],
            [
              34.7183226524,
              2.5591544911
            ],
            [
              34.7265962742,
              2.5541791565
            ],
            [
              34.7266179899,
              2.5577882944
            ],
            [
              34.7349210798,
              2.5577376984
            ],
            [
              34.7348708281,
              2.5493871717
            ],
            [
              34.7431736996,
              2.549336689
            ]
          ]
        ]
      },
      "properties": {
        "country": "Uganda",
        "country_code": "UGA",
        "species_name": "Eucalyptus_saligna",
        "genus": "Eucalyptus",
        "species": "saligna",
        "suitability_name": "Moderately suitable",
        "suitability_rank": 2,
        "soil_suitability": "S1",
        "soil_type": "Eutrophic Soils",
        "soil_description": "On volcanic ash",
        "site_class": null,
        "maz": "III",
        "maz_zone": null,
        "tz": "5",
        "frost_risk": null,
        "source_layer": "SWIFT_SSMT_Uganda"
      }
    },
    {
      "type": "Feature",
      "geometry": {
        "type": "Polygon",
        "coordinates": [
          [
            [
              34.7562700104,
              2.5492569512
            ],
            [
              34.7431736996,
              2.549336689
            ],
            [
              34.7431073023,
              2.5382727017
            ],
            [
              34.7461872165,
              2.5326171386
            ],
            [
              34.7596786247,
              2.5325354986
            ],
            [
              34.7597287033,
              2.5408855328
            ],
            [
              34.7601905189,
              2.540882726
            ],
            [
              34.7562700104,
              2.5492569512
            ]
          ]
        ]
      },
      "properties": {
        "country": "Uganda",
        "country_code": "UGA",
        "species_name": "Eucalyptus_saligna",
        "genus": "Eucalyptus",
        "species": "saligna",
        "suitability_name": "Moderately suitable",
        "suitability_rank": 2,
        "soil_suitability": "S1",
        "soil_type": "Eutrophic Soils",
        "soil_description": "On volcanic ash",
        "site_class": null,
        "maz": "III",
        "maz_zone": null,
        "tz": "5",
        "frost_risk": null,
        "source_layer": "SWIFT_SSMT_Uganda"
      }
    },
    {
      "type": "Feature",
      "geometry": {
        "type": "Polygon",
        "coordinates": [
          [
            [
              34.789789692,
              2.4906041075
            ],
            [
              34.7897039833,
              2.4921289934
            ],
            [
              34.7844174641,
              2.5043464574
            ],
            [
              34.784385659,
              2.4989862534
            ],
            [
              34.7760839262,
              2.4990360015
            ],
            [
              34.776034572,
              2.49068629
            ],
            [
              34.7594307117,
              2.4907852991
            ],
            [
              34.7593327044,
              2.474085205
            ],
            [
              34.7427283883,
              2.4741833447
            ],
            [
              34.7427971376,
              2.4859347593
            ],
            [
              34.7390577566,
              2.4810461249
            ],
            [
              34.7344245793,
              2.4739917185
            ],
            [
              34.7343773787,
              2.4658817905
            ],
            [
              34.7426797332,
              2.4658329637
            ],
            [
              34.7426312452,
              2.4574825793
            ],
            [
              34.7509333841,
              2.4574338663
            ],
            [
              34.750981924,
              2.4657840845
            ],
            [
              34.7758875025,
              2.4656371424
            ],
            [
              34.775985383,
              2.482336576
            ],
            [
              34.7842870133,
              2.4822871607
            ],
            [
              34.784336253,
              2.4906367069
            ],
            [
              34.789789692,
              2.4906041075
            ]
          ]
        ]
      },
      "properties": {
        "country": "Uganda",
        "country_code": "UGA",
        "species_name": "Eucalyptus_saligna",
        "genus": "Eucalyptus",
        "species": "saligna",
        "suitability_name": "Moderately suitable",
        "suitability_rank": 2,
        "soil_suitability": "S1",
        "soil_type": "Eutrophic Soils",
        "soil_description": "On volcanic ash",
        "site_class": null,
        "maz": "III",
        "maz_zone": null,
        "tz": "5",
        "frost_risk": null,
        "source_layer": "SWIFT_SSMT_Uganda"
      }
    },
    {
      "type": "Feature",
      "geometry": {
        "type": "Polygon",
        "coordinates": [
          [
            [
              34.7265962742,
              2.5541791565
            ],
            [
              34.7183226524,
              2.5591544911
            ],
            [
              34.7183147359,
              2.557838836
            ],
            [
              34.7100113179,
              2.5578893258
            ],
            [
              34.7097132213,
              2.5077831603
            ],
            [
              34.7180163266,
              2.5077336612
            ],
            [
              34.717967167,
              2.4993827919
            ],
            [
              34.7262700563,
              2.499333405
            ],
            [
              34.7262210106,
              2.4909826989
            ],
            [
              34.734523683,
              2.4909334255
            ],
            [
              34.7345727806,
              2.4992839677
            ],
            [
              34.7346220434,
              2.5076345065
            ],
            [
              34.7263192671,
              2.5076841096
            ],
            [
              34.726368642,
              2.5160348126
            ],
            [
              34.7180656502,
              2.5160845289
            ],
            [
              34.7182645906,
              2.5494879796
            ],
            [
              34.7265677915,
              2.5494376019
            ],
            [
              34.7265962742,
              2.5541791565
            ]
          ]
        ]
      },
      "properties": {
        "country": "Uganda",
        "country_code": "UGA",
        "species_name": "Eucalyptus_saligna",
        "genus": "Eucalyptus",
        "species": "saligna",
        "suitability_name": "Moderately suitable",
        "suitability_rank": 2,
        "soil_suitability": "S1",
        "soil_type": "Ferrisols",
        "soil_description": "Humic of high altitudes",
        "site_class": null,
        "maz": "III",
        "maz_zone": null,
        "tz": "5",
        "frost_risk": null,
        "source_layer": "SWIFT_SSMT_Uganda"
      }
    },
    {
      "type": "Feature",
      "geometry": {
        "type": "Polygon",
        "coordinates": [
          [
            [
              34.7461872165,
              2.5326171386
            ],
            [
              34.7431073023,
              2.5382727017
            ],
            [
              34.7430735863,
              2.53263596
            ],
            [
              34.7461872165,
              2.5326171386
            ]
          ]
        ]
      },
      "properties": {
        "country": "Uganda",
        "country_code": "UGA",
        "species_name": "Eucalyptus_saligna",
        "genus": "Eucalyptus",
        "species": "saligna",
        "suitability_name": "Moderately suitable",
        "suitability_rank": 2,
        "soil_suitability": "S1",
        "soil_type": "Ferrisols",
        "soil_description": "Humic of high altitudes",
        "site_class": null,
        "maz": "III",
        "maz_zone": null,
        "tz": "5",
        "frost_risk": null,
        "source_layer": "SWIFT_SSMT_Uganda"
      }
    },
    {
      "type": "Feature",
      "geometry": {
        "type": "Polygon",
        "coordinates": [
          [
            [
              34.7427971376,
              2.4859347593
            ],
            [
              34.742826191,
              2.4908841018
            ],
            [
              34.734523683,
              2.4909334255
            ],
            [
              34.7344245793,
              2.4739917185
            ],
            [
              34.7390577566,
              2.4810461249
            ],
            [
              34.7427971376,
              2.4859347593
            ]
          ]
        ]
      },
      "properties": {
        "country": "Uganda",
        "country_code": "UGA",
        "species_name": "Eucalyptus_saligna",
        "genus": "Eucalyptus",
        "species": "saligna",
        "suitability_name": "Moderately suitable",
        "suitability_rank": 2,
        "soil_suitability": "S1",
        "soil_type": "Ferrisols",
        "soil_description": "Humic of high altitudes",
        "site_class": null,
        "maz": "III",
        "maz_zone": null,
        "tz": "5",
        "frost_risk": null,
        "source_layer": "SWIFT_SSMT_Uganda"
      }
    },
    {
      "type": "Feature",
      "geometry": {
        "type": "Polygon",
        "coordinates": [
          [
            [
              34.7847951736,
              2.5671449952
            ],
            [
              34.7848377781,
              2.5741320667
            ],
            [
              34.7698756026,
              2.5742243838
            ],
            [
              34.770735274,
              2.5729981528
            ],
            [
              34.7847951736,
              2.5671449952
            ]
          ]
        ]
      },
      "properties": {
        "country": "Uganda",
        "country_code": "UGA",
        "species_name": "Eucalyptus_saligna",
        "genus": "Eucalyptus",
        "species": "saligna",
        "suitability_name": "Moderately suitable",
        "suitability_rank": 2,
        "soil_suitability": "S2",
        "soil_type": "Ferruginous Soils",
        "soil_description": "On crystalline acid rock - freely drained",
        "site_class": null,
        "maz": "III",
        "maz_zone": null,
        "tz": "5",
        "frost_risk": null,
        "source_layer": "SWIFT_SSMT_Uganda"
      }
    },
    {
      "type": "Feature",
      "geometry": {
        "type": "Polygon",
        "coordinates": [
          [
            [
              34.809540158,
              2.5405818899
            ],
            [
              34.8095907172,
              2.5489309223
            ],
            [
              34.8015890704,
              2.5489799906
            ],
            [
              34.8017012231,
              2.5464832303
            ],
            [
              34.8012694104,
              2.5457186702
            ],
            [
              34.8010881433,
              2.5155850181
            ],
            [
              34.801038302,
              2.507235811
            ],
            [
              34.7954309794,
              2.5072696014
            ],
            [
              34.7957988694,
              2.5059660169
            ],
            [
              34.8007034617,
              2.4988883142
            ],
            [
              34.8092898617,
              2.4988366965
            ],
            [
              34.809540158,
              2.5405818899
            ]
          ]
        ]
      },
      "properties": {
        "country": "Uganda",
        "country_code": "UGA",
        "species_name": "Eucalyptus_saligna",
        "genus": "Eucalyptus",
        "species": "saligna",
        "suitability_name": "Moderately suitable",
        "suitability_rank": 2,
        "soil_suitability": "S2",
        "soil_type": "Ferruginous Soils",
        "soil_description": "On crystalline acid rock - freely drained",
        "site_class": null,
        "maz": "III",
        "maz_zone": null,
        "tz": "5",
        "frost_risk": null,
        "source_layer": "SWIFT_SSMT_Uganda"
      }
    },
    {
      "type": "Feature",
      "geometry": {
        "type": "Polygon",
        "coordinates": [
          [
            [
              34.7562700104,
              2.5492569512
            ],
            [
              34.7525982056,
              2.5571002229
            ],
            [
              34.7448957019,
              2.5703109135
            ],
            [
              34.7261987946,
              2.5789644444
            ],
            [
              34.7184548873,
              2.5810343995
            ],
            [
              34.7184155231,
              2.574540545
            ],
            [
              34.7101119981,
              2.5745913648
            ],
            [
              34.7100615756,
              2.5662403469
            ],
            [
              34.7017579404,
              2.5662909475
            ],
            [
              34.7017183175,
              2.5597022897
            ],
            [
              34.7027342296,
              2.5598945597
            ],
            [
              34.717238672,
              2.559806344
            ],
            [
              34.7183226524,
              2.5591544911
            ],
            [
              34.718365047,
              2.5661896917
            ],
            [
              34.7266683544,
              2.5661389836
            ],
            [
              34.7267188822,
              2.5744896713
            ],
            [
              34.7350220771,
              2.5744387455
            ],
            [
              34.7349714958,
              2.5660882236
            ],
            [
              34.7432744728,
              2.566037409
            ],
            [
              34.7431736996,
              2.549336689
            ],
            [
              34.7562700104,
              2.5492569512
            ]
          ]
        ]
      },
      "properties": {
        "country": "Uganda",
        "country_code": "UGA",
        "species_name": "Eucalyptus_saligna",
        "genus": "Eucalyptus",
        "species": "saligna",
        "suitability_name": "Moderately suitable",
        "suitability_rank": 2,
        "soil_suitability": "S1",
        "soil_type": "Eutrophic Soils",
        "soil_description": "On volcanic ash",
        "site_class": null,
        "maz": "III",
        "maz_zone": null,
        "tz": "4",
        "frost_risk": null,
        "source_layer": "SWIFT_SSMT_Uganda"
      }
    },
    {
      "type": "Feature",
      "geometry": {
        "type": "Polygon",
        "coordinates": [
          [
            [
              34.7892120945,
              2.4686533325
            ],
            [
              34.7906643634,
              2.4750479567
            ],
            [
              34.789789692,
              2.4906041075
            ],
            [
              34.784336253,
              2.4906367069
            ],
            [
              34.7842870133,
              2.4822871607
            ],
            [
              34.775985383,
              2.482336576
            ],
            [
              34.7758875025,
              2.4656371424
            ],
            [
              34.7865831289,
              2.4655738952
            ],
            [
              34.7892120945,
              2.4686533325
            ]
          ]
        ]
      },
      "properties": {
        "country": "Uganda",
        "country_code": "UGA",
        "species_name": "Eucalyptus_saligna",
        "genus": "Eucalyptus",
        "species": "saligna",
        "suitability_name": "Moderately suitable",
        "suitability_rank": 2,
        "soil_suitability": "S1",
        "soil_type": "Eutrophic Soils",
        "soil_description": "On volcanic ash",
        "site_class": null,
        "maz": "III",
        "maz_zone": null,
        "tz": "4",
        "frost_risk": null,
        "source_layer": "SWIFT_SSMT_Uganda"
      }
    },
    {
      "type": "Feature",
      "geometry": {
        "type": "Polygon",
        "coordinates": [
          [
            [
              34.7343773787,
              2.4658817905
            ],
            [
              34.7344245793,
              2.4739917185
            ],
            [
              34.7297104907,
              2.4659092146
            ],
            [
              34.7343773787,
              2.4658817905
            ]
          ]
        ]
      },
      "properties": {
        "country": "Uganda",
        "country_code": "UGA",
        "species_name": "Eucalyptus_saligna",
        "genus": "Eucalyptus",
        "species": "saligna",
        "suitability_name": "Moderately suitable",
        "suitability_rank": 2,
        "soil_suitability": "S1",
        "soil_type": "Eutrophic Soils",
        "soil_description": "On volcanic ash",
        "site_class": null,
        "maz": "III",
        "maz_zone": null,
        "tz": "4",
        "frost_risk": null,
        "source_layer": "SWIFT_SSMT_Uganda"
      }
    },
    {
      "type": "Feature",
      "geometry": {
        "type": "Polygon",
        "coordinates": [
          [
            [
              34.7509333841,
              2.4574338663
            ],
            [
              34.7758388101,
              2.4572874236
            ],
            [
              34.7758875025,
              2.4656371424
            ],
            [
              34.750981924,
              2.4657840845
            ],
            [
              34.7509333841,
              2.4574338663
            ]
          ]
        ]
      },
      "properties": {
        "country": "Uganda",
        "country_code": "UGA",
        "species_name": "Eucalyptus_saligna",
        "genus": "Eucalyptus",
        "species": "saligna",
        "suitability_name": "Moderately suitable",
        "suitability_rank": 2,
        "soil_suitability": "S1",
        "soil_type": "Eutrophic Soils",
        "soil_description": "On volcanic ash",
        "site_class": null,
        "maz": "III",
        "maz_zone": null,
        "tz": "4",
        "frost_risk": null,
        "source_layer": "SWIFT_SSMT_Uganda"
      }
    },
    {
      "type": "Feature",
      "geometry": {
        "type": "Polygon",
        "coordinates": [
          [
            [
              34.7426312452,
              2.4574825793
            ],
            [
              34.7426797332,
              2.4658329637
            ],
            [
              34.7343773787,
              2.4658817905
            ],
            [
              34.734328941,
              2.4575312411
            ],
            [
              34.7426312452,
              2.4574825793
            ]
          ]
        ]
      },
      "properties": {
        "country": "Uganda",
        "country_code": "UGA",
        "species_name": "Eucalyptus_saligna",
        "genus": "Eucalyptus",
        "species": "saligna",
        "suitability_name": "Moderately suitable",
        "suitability_rank": 2,
        "soil_suitability": "S1",
        "soil_type": "Eutrophic Soils",
        "soil_description": "On volcanic ash",
        "site_class": null,
        "maz": "III",
        "maz_zone": null,
        "tz": "4",
        "frost_risk": null,
        "source_layer": "SWIFT_SSMT_Uganda"
      }
    },
    {
      "type": "Feature",
      "geometry": {
        "type": "Polygon",
        "coordinates": [
          [
            [
              34.7426312452,
              2.4574825793
            ],
            [
              34.7425829209,
              2.4491321934
            ],
            [
              34.7508850097,
              2.4490836473
            ],
            [
              34.7509333841,
              2.4574338663
            ],
            [
              34.7426312452,
              2.4574825793
            ]
          ]
        ]
      },
      "properties": {
        "country": "Uganda",
        "country_code": "UGA",
        "species_name": "Eucalyptus_saligna",
        "genus": "Eucalyptus",
        "species": "saligna",
        "suitability_name": "Moderately suitable",
        "suitability_rank": 2,
        "soil_suitability": "S1",
        "soil_type": "Eutrophic Soils",
        "soil_description": "On volcanic ash",
        "site_class": null,
        "maz": "III",
        "maz_zone": null,
        "tz": "4",
        "frost_risk": null,
        "source_layer": "SWIFT_SSMT_Uganda"
      }
    },
    {
      "type": "Feature",
      "geometry": {
        "type": "Polygon",
        "coordinates": [
          [
            [
              34.7183226524,
              2.5591544911
            ],
            [
              34.717238672,
              2.559806344
            ],
            [
              34.7027342296,
              2.5598945597
            ],
            [
              34.7017183175,
              2.5597022897
            ],
            [
              34.7017077351,
              2.5579397629
            ],
            [
              34.6934039878,
              2.5579901455
            ],
            [
              34.6933041752,
              2.5412874399
            ],
            [
              34.7016078172,
              2.5412373855
            ],
            [
              34.7015085566,
              2.5245350011
            ],
            [
              34.6932050191,
              2.5245847254
            ],
            [
              34.6930086734,
              2.4911792725
            ],
            [
              34.7013120039,
              2.4911302066
            ],
            [
              34.7012632757,
              2.4827790027
            ],
            [
              34.7095663909,
              2.4827300499
            ],
            [
              34.7095177765,
              2.4743790087
            ],
            [
              34.7261234115,
              2.4742812801
            ],
            [
              34.72607486,
              2.4659305666
            ],
            [
              34.7297104907,
              2.4659092146
            ],
            [
              34.7344245793,
              2.4739917185
            ],
            [
              34.734523683,
              2.4909334255
            ],
            [
              34.7262210106,
              2.4909826989
            ],
            [
              34.7262700563,
              2.499333405
            ],
            [
              34.717967167,
              2.4993827919
            ],
            [
              34.7180163266,
              2.5077336612
            ],
            [
              34.7097132213,
              2.5077831603
            ],
            [
              34.7100113179,
              2.5578893258
            ],
            [
              34.7183147359,
              2.557838836
            ],
            [
              34.7183226524,
              2.5591544911
            ]
          ]
        ]
      },
      "properties": {
        "country": "Uganda",
        "country_code": "UGA",
        "species_name": "Eucalyptus_saligna",
        "genus": "Eucalyptus",
        "species": "saligna",
        "suitability_name": "Moderately suitable",
        "suitability_rank": 2,
        "soil_suitability": "S1",
        "soil_type": "Ferrisols",
        "soil_description": "Humic of high altitudes",
        "site_class": null,
        "maz": "III",
        "maz_zone": null,
        "tz": "4",
        "frost_risk": null,
        "source_layer": "SWIFT_SSMT_Uganda"
      }
    },
    {
      "type": "Feature",
      "geometry": {
        "type": "Polygon",
        "coordinates": [
          [
            [
              34.7921372351,
              2.4655410164
            ],
            [
              34.7892120945,
              2.4686533325
            ],
            [
              34.7865831289,
              2.4655738952
            ],
            [
              34.7921372351,
              2.4655410164
            ]
          ]
        ]
      },
      "properties": {
        "country": "Uganda",
        "country_code": "UGA",
        "species_name": "Eucalyptus_saligna",
        "genus": "Eucalyptus",
        "species": "saligna",
        "suitability_name": "Moderately suitable",
        "suitability_rank": 2,
        "soil_suitability": "S2",
        "soil_type": "Ferruginous Soils",
        "soil_description": "On crystalline acid rock - freely drained",
        "site_class": null,
        "maz": "III",
        "maz_zone": null,
        "tz": "4",
        "frost_risk": null,
        "source_layer": "SWIFT_SSMT_Uganda"
      }
    },
    {
      "type": "Feature",
      "geometry": {
        "type": "Polygon",
        "coordinates": [
          [
            [
              34.7848377781,
              2.5741320667
            ],
            [
              34.7848888431,
              2.5824815911
            ],
            [
              34.7765865864,
              2.5825330045
            ],
            [
              34.776637764,
              2.5908826933
            ],
            [
              34.7611319974,
              2.5909788789
            ],
            [
              34.7637215748,
              2.583002592
            ],
            [
              34.7698756026,
              2.5742243838
            ],
            [
              34.7848377781,
              2.5741320667
            ]
          ]
        ]
      },
      "properties": {
        "country": "Uganda",
        "country_code": "UGA",
        "species_name": "Eucalyptus_saligna",
        "genus": "Eucalyptus",
        "species": "saligna",
        "suitability_name": "Moderately suitable",
        "suitability_rank": 2,
        "soil_suitability": "S2",
        "soil_type": "Ferruginous Soils",
        "soil_description": "On crystalline acid rock - freely drained",
        "site_class": null,
        "maz": "III",
        "maz_zone": null,
        "tz": "4",
        "frost_risk": null,
        "source_layer": "SWIFT_SSMT_Uganda"
      }
    },
    {
      "type": "Feature",
      "geometry": {
        "type": "Polygon",
        "coordinates": [
          [
            [
              34.8259916568,
              2.5154341487
            ],
            [
              34.8176906523,
              2.5154844908
            ],
            [
              34.8178414863,
              2.5405310993
            ],
            [
              34.809540158,
              2.5405818899
            ],
            [
              34.8092898617,
              2.4988366965
            ],
            [
              34.8007034617,
              2.4988883142
            ],
            [
              34.8042151998,
              2.493820704
            ],
            [
              34.8092244456,
              2.4878106195
            ],
            [
              34.8092403011,
              2.4904876518
            ],
            [
              34.8175413184,
              2.4904378624
            ],
            [
              34.8175909299,
              2.4987867413
            ],
            [
              34.8258918321,
              2.4987367339
            ],
            [
              34.8259916568,
              2.5154341487
            ]
          ]
        ]
      },
      "properties": {
        "country": "Uganda",
        "country_code": "UGA",
        "species_name": "Eucalyptus_saligna",
        "genus": "Eucalyptus",
        "species": "saligna",
        "suitability_name": "Moderately suitable",
        "suitability_rank": 2,
        "soil_suitability": "S2",
        "soil_type": "Ferruginous Soils",
        "soil_description": "On crystalline acid rock - freely drained",
        "site_class": null,
        "maz": "III",
        "maz_zone": null,
        "tz": "4",
        "frost_risk": null,
        "source_layer": "SWIFT_SSMT_Uganda"
      }
    },
    {
      "type": "Feature",
      "geometry": {
        "type": "Polygon",
        "coordinates": [
          [
            [
              34.3336154228,
              2.0611374069
            ],
            [
              34.339591481,
              2.0669374893
            ],
            [
              34.3336422771,
              2.0669652867
            ],
            [
              34.3336154228,
              2.0611374069
            ]
          ]
        ]
      },
      "properties": {
        "country": "Uganda",
        "country_code": "UGA",
        "species_name": "Eucalyptus_saligna",
        "genus": "Eucalyptus",
        "species": "saligna",
        "suitability_name": "Moderately suitable",
        "suitability_rank": 2,
        "soil_suitability": "S1",
        "soil_type": "Eutrophic Soils",
        "soil_description": "On volcanic ash",
        "site_class": null,
        "maz": "III",
        "maz_zone": null,
        "tz": "4",
        "frost_risk": null,
        "source_layer": "SWIFT_SSMT_Uganda"
      }
    },
    {
      "type": "Feature",
      "geometry": {
        "type": "Polygon",
        "coordinates": [
          [
            [
              34.8142157589,
              1.8463692733
            ],
            [
              34.8142578321,
              1.8559176674
            ],
            [
              34.7810663679,
              1.8560658095
            ],
            [
              34.781033302,
              1.8485338183
            ],
            [
              34.7930980203,
              1.8464554906
            ],
            [
              34.8047409018,
              1.8410679763
            ],
            [
              34.8130731985,
              1.841191113
            ],
            [
              34.8142157589,
              1.8463692733
            ]
          ]
        ]
      },
      "properties": {
        "country": "Uganda",
        "country_code": "UGA",
        "species_name": "Eucalyptus_saligna",
        "genus": "Eucalyptus",
        "species": "saligna",
        "suitability_name": "Moderately suitable",
        "suitability_rank": 2,
        "soil_suitability": "S3",
        "soil_type": "Ferruginous Soils",
        "soil_description": "On crystalline acid rock-Complex with Black clays",
        "site_class": null,
        "maz": "II",
        "maz_zone": null,
        "tz": "5",
        "frost_risk": null,
        "source_layer": "SWIFT_SSMT_Uganda"
      }
    },
    {
      "type": "Feature",
      "geometry": {
        "type": "Polygon",
        "coordinates": [
          [
            [
              34.8172563763,
              1.8308568987
            ],
            [
              34.8153988056,
              1.8340665642
            ],
            [
              34.8141782097,
              1.8378058419
            ],
            [
              34.8141479301,
              1.8308706166
            ],
            [
              34.8172563763,
              1.8308568987
            ]
          ]
        ]
      },
      "properties": {
        "country": "Uganda",
        "country_code": "UGA",
        "species_name": "Eucalyptus_saligna",
        "genus": "Eucalyptus",
        "species": "saligna",
        "suitability_name": "Moderately suitable",
        "suitability_rank": 2,
        "soil_suitability": "S1",
        "soil_type": "Eutrophic Soils",
        "soil_description": "On volcanic ash",
        "site_class": null,
        "maz": "III",
        "maz_zone": null,
        "tz": "5",
        "frost_risk": null,
        "source_layer": "SWIFT_SSMT_Uganda"
      }
    },
    {
      "type": "Feature",
      "geometry": {
        "type": "Polygon",
        "coordinates": [
          [
            [
              34.8234000856,
              1.7974338007
            ],
            [
              34.8238231247,
              1.8141299305
            ],
            [
              34.8223727539,
              1.8141362796
            ],
            [
              34.8223009065,
              1.7974385675
            ],
            [
              34.8234000856,
              1.7974338007
            ]
          ]
        ]
      },
      "properties": {
        "country": "Uganda",
        "country_code": "UGA",
        "species_name": "Eucalyptus_saligna",
        "genus": "Eucalyptus",
        "species": "saligna",
        "suitability_name": "Moderately suitable",
        "suitability_rank": 2,
        "soil_suitability": "S1",
        "soil_type": "Eutrophic Soils",
        "soil_description": "On volcanic ash",
        "site_class": null,
        "maz": "III",
        "maz_zone": null,
        "tz": "5",
        "frost_risk": null,
        "source_layer": "SWIFT_SSMT_Uganda"
      }
    },
    {
      "type": "Feature",
      "geometry": {
        "type": "Polygon",
        "coordinates": [
          [
            [
              34.8267000237,
              1.8642109024
            ],
            [
              34.8225922884,
              1.8642293809
            ],
            [
              34.8226294596,
              1.8725782267
            ],
            [
              34.789438353,
              1.8727278582
            ],
            [
              34.7894013351,
              1.8643783451
            ],
            [
              34.764506379,
              1.8644896632
            ],
            [
              34.7644358544,
              1.8484264869
            ],
            [
              34.776140773,
              1.8493766215
            ],
            [
              34.781033302,
              1.8485338183
            ],
            [
              34.7810663679,
              1.8560658095
            ],
            [
              34.8142578321,
              1.8559176674
            ],
            [
              34.8142157589,
              1.8463692733
            ],
            [
              34.8145760931,
              1.8480022615
            ],
            [
              34.8202151649,
              1.8574626654
            ],
            [
              34.8267000237,
              1.8642109024
            ]
          ]
        ]
      },
      "properties": {
        "country": "Uganda",
        "country_code": "UGA",
        "species_name": "Eucalyptus_saligna",
        "genus": "Eucalyptus",
        "species": "saligna",
        "suitability_name": "Moderately suitable",
        "suitability_rank": 2,
        "soil_suitability": "S3",
        "soil_type": "Ferruginous Soils",
        "soil_description": "On crystalline acid rock-Complex with Black clays",
        "site_class": null,
        "maz": "III",
        "maz_zone": null,
        "tz": "4",
        "frost_risk": null,
        "source_layer": "SWIFT_SSMT_Uganda"
      }
    },
    {
      "type": "Feature",
      "geometry": {
        "type": "Polygon",
        "coordinates": [
          [
            [
              34.756129829,
              1.846756504
            ],
            [
              34.7589489106,
              1.8478138915
            ],
            [
              34.7561344974,
              1.8478263314
            ],
            [
              34.756129829,
              1.846756504
            ]
          ]
        ]
      },
      "properties": {
        "country": "Uganda",
        "country_code": "UGA",
        "species_name": "Eucalyptus_saligna",
        "genus": "Eucalyptus",
        "species": "saligna",
        "suitability_name": "Moderately suitable",
        "suitability_rank": 2,
        "soil_suitability": "S3",
        "soil_type": "Ferruginous Soils",
        "soil_description": "On crystalline acid rock-Complex with Black clays",
        "site_class": null,
        "maz": "III",
        "maz_zone": null,
        "tz": "4",
        "frost_risk": null,
        "source_layer": "SWIFT_SSMT_Uganda"
      }
    },
    {
      "type": "Feature",
      "geometry": {
        "type": "Polygon",
        "coordinates": [
          [
            [
              34.6745320817,
              1.8147772646
            ],
            [
              34.6875778992,
              1.8106269761
            ],
            [
              34.7008186685,
              1.8146641842
            ],
            [
              34.6745320817,
              1.8147772646
            ]
          ]
        ]
      },
      "properties": {
        "country": "Uganda",
        "country_code": "UGA",
        "species_name": "Eucalyptus_saligna",
        "genus": "Eucalyptus",
        "species": "saligna",
        "suitability_name": "Moderately suitable",
        "suitability_rank": 2,
        "soil_suitability": "S3",
        "soil_type": "Ferruginous Soils",
        "soil_description": "On crystalline acid rock-Complex with Black clays",
        "site_class": null,
        "maz": "III",
        "maz_zone": null,
        "tz": "4",
        "frost_risk": null,
        "source_layer": "SWIFT_SSMT_Uganda"
      }
    },
    {
      "type": "Feature",
      "geometry": {
        "type": "Polygon",
        "coordinates": [
          [
            [
              34.781033302,
              1.8485338183
            ],
            [
              34.776140773,
              1.8493766215
            ],
            [
              34.7644358544,
              1.8484264869
            ],
            [
              34.764433071,
              1.8477896363
            ],
            [
              34.7589489106,
              1.8478138915
            ],
            [
              34.756129829,
              1.846756504
            ],
            [
              34.7560619255,
              1.8311259672
            ],
            [
              34.7477632643,
              1.8311622933
            ],
            [
              34.7477272617,
              1.8228119432
            ],
            [
              34.7311295204,
              1.822884152
            ],
            [
              34.7310937579,
              1.8145334694
            ],
            [
              34.7008186685,
              1.8146641842
            ],
            [
              34.6875778992,
              1.8106269761
            ],
            [
              34.6745320817,
              1.8147772646
            ],
            [
              34.6480955773,
              1.8148906023
            ],
            [
              34.647990394,
              1.7898336097
            ],
            [
              34.6562908362,
              1.7897985565
            ],
            [
              34.6562720012,
              1.7852794567
            ],
            [
              34.6645743608,
              1.7857484563
            ],
            [
              34.6646612227,
              1.8064674743
            ],
            [
              34.6895613024,
              1.8063609974
            ],
            [
              34.6895260556,
              1.7980094863
            ],
            [
              34.697825718,
              1.7979740832
            ],
            [
              34.6978610016,
              1.8063254286
            ],
            [
              34.7144599096,
              1.8062541808
            ],
            [
              34.7144252537,
              1.798069338
            ],
            [
              34.7197114171,
              1.8001707804
            ],
            [
              34.7310546243,
              1.8053510949
            ],
            [
              34.731058161,
              1.806182784
            ],
            [
              34.7328588278,
              1.8061750297
            ],
            [
              34.7393698287,
              1.8091483817
            ],
            [
              34.7393926749,
              1.814497548
            ],
            [
              34.7507370468,
              1.8144483846
            ],
            [
              34.7533671254,
              1.815679866
            ],
            [
              34.755995008,
              1.8155906719
            ],
            [
              34.7560258866,
              1.8227757823
            ],
            [
              34.7643243453,
              1.8227395831
            ],
            [
              34.7643604223,
              1.8310896018
            ],
            [
              34.7726587537,
              1.8310531998
            ],
            [
              34.7726950336,
              1.8394030511
            ],
            [
              34.7809932376,
              1.8393664431
            ],
            [
              34.781033302,
              1.8485338183
            ]
          ]
        ]
      },
      "properties": {
        "country": "Uganda",
        "country_code": "UGA",
        "species_name": "Eucalyptus_saligna",
        "genus": "Eucalyptus",
        "species": "saligna",
        "suitability_name": "Moderately suitable",
        "suitability_rank": 2,
        "soil_suitability": "S1",
        "soil_type": "Eutrophic Soils",
        "soil_description": "On volcanic ash",
        "site_class": null,
        "maz": "III",
        "maz_zone": null,
        "tz": "4",
        "frost_risk": null,
        "source_layer": "SWIFT_SSMT_Uganda"
      }
    },
    {
      "type": "Feature",
      "geometry": {
        "type": "Polygon",
        "coordinates": [
          [
            [
              34.8238231247,
              1.8141299305
            ],
            [
              34.8238618724,
              1.8156510858
            ],
            [
              34.8223994371,
              1.820298655
            ],
            [
              34.8223727539,
              1.8141362796
            ],
            [
              34.8238231247,
              1.8141299305
            ]
          ]
        ]
      },
      "properties": {
        "country": "Uganda",
        "country_code": "UGA",
        "species_name": "Eucalyptus_saligna",
        "genus": "Eucalyptus",
        "species": "saligna",
        "suitability_name": "Moderately suitable",
        "suitability_rank": 2,
        "soil_suitability": "S1",
        "soil_type": "Eutrophic Soils",
        "soil_description": "On volcanic ash",
        "site_class": null,
        "maz": "III",
        "maz_zone": null,
        "tz": "4",
        "frost_risk": null,
        "source_layer": "SWIFT_SSMT_Uganda"
      }
    },
    {
      "type": "Feature",
      "geometry": {
        "type": "Polygon",
        "coordinates": [
          [
            [
              34.8203847826,
              1.7723997242
            ],
            [
              34.8210344404,
              1.7744608082
            ],
            [
              34.8231518167,
              1.7874942449
            ],
            [
              34.8234000856,
              1.7974338007
            ],
            [
              34.8223009065,
              1.7974385675
            ],
            [
              34.8222652324,
              1.7890897091
            ],
            [
              34.7890756324,
              1.7892326643
            ],
            [
              34.7890402719,
              1.7808831368
            ],
            [
              34.7807424944,
              1.7809186168
            ],
            [
              34.7807073351,
              1.7725689216
            ],
            [
              34.7558131193,
              1.7726746412
            ],
            [
              34.7557782346,
              1.7643244467
            ],
            [
              34.7474798697,
              1.7643594471
            ],
            [
              34.7474451869,
              1.7560090846
            ],
            [
              34.7473562743,
              1.7344180644
            ],
            [
              34.7513722107,
              1.7418493406
            ],
            [
              34.7590530256,
              1.7468572644
            ],
            [
              34.7640108438,
              1.7484972103
            ],
            [
              34.7640416808,
              1.7559393781
            ],
            [
              34.7723396802,
              1.7559044701
            ],
            [
              34.7723744712,
              1.7642543349
            ],
            [
              34.7889700472,
              1.7641840779
            ],
            [
              34.7890050766,
              1.7725336074
            ],
            [
              34.8203847826,
              1.7723997242
            ]
          ]
        ]
      },
      "properties": {
        "country": "Uganda",
        "country_code": "UGA",
        "species_name": "Eucalyptus_saligna",
        "genus": "Eucalyptus",
        "species": "saligna",
        "suitability_name": "Moderately suitable",
        "suitability_rank": 2,
        "soil_suitability": "S1",
        "soil_type": "Eutrophic Soils",
        "soil_description": "On volcanic ash",
        "site_class": null,
        "maz": "III",
        "maz_zone": null,
        "tz": "4",
        "frost_risk": null,
        "source_layer": "SWIFT_SSMT_Uganda"
      }
    },
    {
      "type": "Feature",
      "geometry": {
        "type": "Polygon",
        "coordinates": [
          [
            [
              34.7475435156,
              1.730957156
            ],
            [
              34.7473498569,
              1.7328493998
            ],
            [
              34.7473421269,
              1.7309579892
            ],
            [
              34.7475435156,
              1.730957156
            ]
          ]
        ]
      },
      "properties": {
        "country": "Uganda",
        "country_code": "UGA",
        "species_name": "Eucalyptus_saligna",
        "genus": "Eucalyptus",
        "species": "saligna",
        "suitability_name": "Moderately suitable",
        "suitability_rank": 2,
        "soil_suitability": "S1",
        "soil_type": "Eutrophic Soils",
        "soil_description": "On volcanic ash",
        "site_class": null,
        "maz": "III",
        "maz_zone": null,
        "tz": "4",
        "frost_risk": null,
        "source_layer": "SWIFT_SSMT_Uganda"
      }
    },
    {
      "type": "Feature",
      "geometry": {
        "type": "Polygon",
        "coordinates": [
          [
            [
              34.763848291,
              1.7087306437
            ],
            [
              34.7547711585,
              1.7142265302
            ],
            [
              34.7389759295,
              1.7142912226
            ],
            [
              34.7389422707,
              1.7059406855
            ],
            [
              34.7306438252,
              1.705974455
            ],
            [
              34.7306774492,
              1.7143251578
            ],
            [
              34.7140799957,
              1.7143929215
            ],
            [
              34.7140464419,
              1.7060418898
            ],
            [
              34.6931299661,
              1.7061266659
            ],
            [
              34.6888896954,
              1.6996059437
            ],
            [
              34.686337885,
              1.6978024291
            ],
            [
              34.7057141506,
              1.6977243544
            ],
            [
              34.7056809606,
              1.6893731555
            ],
            [
              34.7222785313,
              1.6893064521
            ],
            [
              34.7223117918,
              1.6976573224
            ],
            [
              34.7472070213,
              1.6975565078
            ],
            [
              34.7472405515,
              1.7059068811
            ],
            [
              34.7638366177,
              1.7058391643
            ],
            [
              34.763848291,
              1.7087306437
            ]
          ]
        ]
      },
      "properties": {
        "country": "Uganda",
        "country_code": "UGA",
        "species_name": "Eucalyptus_saligna",
        "genus": "Eucalyptus",
        "species": "saligna",
        "suitability_name": "Moderately suitable",
        "suitability_rank": 2,
        "soil_suitability": "S1",
        "soil_type": "Eutrophic Soils",
        "soil_description": "On volcanic ash",
        "site_class": null,
        "maz": "III",
        "maz_zone": null,
        "tz": "4",
        "frost_risk": null,
        "source_layer": "SWIFT_SSMT_Uganda"
      }
    },
    {
      "type": "Feature",
      "geometry": {
        "type": "Polygon",
        "coordinates": [
          [
            [
              34.7044087933,
              1.330270362
            ],
            [
              34.7044349387,
              1.3386216137
            ],
            [
              34.6952073738,
              1.3386509521
            ],
            [
              34.6979101841,
              1.32734348
            ],
            [
              34.7029100632,
              1.3246591738
            ],
            [
              34.7043929723,
              1.3251912057
            ],
            [
              34.7044087933,
              1.330270362
            ]
          ]
        ]
      },
      "properties": {
        "country": "Uganda",
        "country_code": "UGA",
        "species_name": "Eucalyptus_saligna",
        "genus": "Eucalyptus",
        "species": "saligna",
        "suitability_name": "Moderately suitable",
        "suitability_rank": 2,
        "soil_suitability": "S3",
        "soil_type": "Ferruginous Soils",
        "soil_description": "On crystalline acid rock-Complex with Black clays",
        "site_class": null,
        "maz": "I",
        "maz_zone": null,
        "tz": "5",
        "frost_risk": null,
        "source_layer": "SWIFT_SSMT_Uganda"
      }
    },
    {
      "type": "Feature",
      "geometry": {
        "type": "Polygon",
        "coordinates": [
          [
            [
              34.79575243,
              1.3550284304
            ],
            [
              34.787456463,
              1.3550554517
            ],
            [
              34.7874833792,
              1.3634050445
            ],
            [
              34.7708908932,
              1.3634593346
            ],
            [
              34.7708640328,
              1.3551094087
            ],
            [
              34.7625675699,
              1.3551363453
            ],
            [
              34.7625409026,
              1.346786252
            ],
            [
              34.7542443022,
              1.3468129953
            ],
            [
              34.7542178268,
              1.3384627356
            ],
            [
              34.7459210907,
              1.3384892844
            ],
            [
              34.7459069739,
              1.3340106464
            ],
            [
              34.7509563329,
              1.3339945471
            ],
            [
              34.7606619034,
              1.3292201483
            ],
            [
              34.7707679908,
              1.3248228823
            ],
            [
              34.7707844422,
              1.3300596249
            ],
            [
              34.7790806562,
              1.3300331589
            ],
            [
              34.7791070486,
              1.3383829219
            ],
            [
              34.7874031262,
              1.3383562618
            ],
            [
              34.7874297117,
              1.3467058569
            ],
            [
              34.795725651,
              1.3466790033
            ],
            [
              34.79575243,
              1.3550284304
            ]
          ]
        ]
      },
      "properties": {
        "country": "Uganda",
        "country_code": "UGA",
        "species_name": "Eucalyptus_saligna",
        "genus": "Eucalyptus",
        "species": "saligna",
        "suitability_name": "Moderately suitable",
        "suitability_rank": 2,
        "soil_suitability": "S3",
        "soil_type": "Ferruginous Soils",
        "soil_description": "On crystalline acid rock-Complex with Black clays",
        "site_class": null,
        "maz": "II",
        "maz_zone": null,
        "tz": "5",
        "frost_risk": null,
        "source_layer": "SWIFT_SSMT_Uganda"
      }
    },
    {
      "type": "Feature",
      "geometry": {
        "type": "Polygon",
        "coordinates": [
          [
            [
              34.7044349387,
              1.3386216137
            ],
            [
              34.704461248,
              1.3469728661
            ],
            [
              34.6951686166,
              1.3470025942
            ],
            [
              34.6956128215,
              1.3463273462
            ],
            [
              34.6950021536,
              1.3395095619
            ],
            [
              34.6952073738,
              1.3386509521
            ],
            [
              34.7044349387,
              1.3386216137
            ]
          ]
        ]
      },
      "properties": {
        "country": "Uganda",
        "country_code": "UGA",
        "species_name": "Eucalyptus_saligna",
        "genus": "Eucalyptus",
        "species": "saligna",
        "suitability_name": "Moderately suitable",
        "suitability_rank": 2,
        "soil_suitability": "S3",
        "soil_type": "Ferruginous Soils",
        "soil_description": "On crystalline acid rock-Complex with Black clays",
        "site_class": null,
        "maz": "II",
        "maz_zone": null,
        "tz": "5",
        "frost_risk": null,
        "source_layer": "SWIFT_SSMT_Uganda"
      }
    },
    {
      "type": "Feature",
      "geometry": {
        "type": "Polygon",
        "coordinates": [
          [
            [
              34.7043929723,
              1.3251912057
            ],
            [
              34.710283221,
              1.3273044517
            ],
            [
              34.7170501428,
              1.3302303659
            ],
            [
              34.7044087933,
              1.330270362
            ],
            [
              34.7043929723,
              1.3251912057
            ]
          ]
        ]
      },
      "properties": {
        "country": "Uganda",
        "country_code": "UGA",
        "species_name": "Eucalyptus_saligna",
        "genus": "Eucalyptus",
        "species": "saligna",
        "suitability_name": "Moderately suitable",
        "suitability_rank": 2,
        "soil_suitability": "S3",
        "soil_type": "Ferruginous Soils",
        "soil_description": "On crystalline acid rock-Complex with Black clays",
        "site_class": null,
        "maz": "II",
        "maz_zone": null,
        "tz": "5",
        "frost_risk": null,
        "source_layer": "SWIFT_SSMT_Uganda"
      }
    },
    {
      "type": "Feature",
      "geometry": {
        "type": "Polygon",
        "coordinates": [
          [
            [
              34.7938715767,
              1.3717336654
            ],
            [
              34.80636,
              1.3832499996
            ],
            [
              34.8065,
              1.3838300004
            ],
            [
              34.8062299996,
              1.3878500003
            ],
            [
              34.8049399995,
              1.39229
            ],
            [
              34.8030936372,
              1.3967513387
            ],
            [
              34.7958888071,
              1.3967755524
            ],
            [
              34.7958337591,
              1.3800767063
            ],
            [
              34.779241491,
              1.3801317197
            ],
            [
              34.7792142715,
              1.3717819618
            ],
            [
              34.7938715767,
              1.3717336654
            ]
          ]
        ]
      },
      "properties": {
        "country": "Uganda",
        "country_code": "UGA",
        "species_name": "Eucalyptus_saligna",
        "genus": "Eucalyptus",
        "species": "saligna",
        "suitability_name": "Moderately suitable",
        "suitability_rank": 2,
        "soil_suitability": "S3",
        "soil_type": "Ferruginous Soils",
        "soil_description": "On crystalline acid rock-Complex with Black clays",
        "site_class": null,
        "maz": "III",
        "maz_zone": null,
        "tz": "4",
        "frost_risk": null,
        "source_layer": "SWIFT_SSMT_Uganda"
      }
    },
    {
      "type": "Feature",
      "geometry": {
        "type": "Polygon",
        "coordinates": [
          [
            [
              34.7791872185,
              1.3634322036
            ],
            [
              34.7792142715,
              1.3717819618
            ],
            [
              34.7543247161,
              1.3718637682
            ],
            [
              34.7542977464,
              1.363513512
            ],
            [
              34.7460009254,
              1.3635405576
            ],
            [
              34.7459741496,
              1.3551901344
            ],
            [
              34.7625675699,
              1.3551363453
            ],
            [
              34.7625944024,
              1.3634864374
            ],
            [
              34.7791872185,
              1.3634322036
            ]
          ]
        ]
      },
      "properties": {
        "country": "Uganda",
        "country_code": "UGA",
        "species_name": "Eucalyptus_saligna",
        "genus": "Eucalyptus",
        "species": "saligna",
        "suitability_name": "Moderately suitable",
        "suitability_rank": 2,
        "soil_suitability": "S3",
        "soil_type": "Ferruginous Soils",
        "soil_description": "On crystalline acid rock-Complex with Black clays",
        "site_class": null,
        "maz": "III",
        "maz_zone": null,
        "tz": "4",
        "frost_risk": null,
        "source_layer": "SWIFT_SSMT_Uganda"
      }
    },
    {
      "type": "Feature",
      "geometry": {
        "type": "Polygon",
        "coordinates": [
          [
            [
              34.8288851042,
              1.2812765659
            ],
            [
              34.8289200006,
              1.2825900002
            ],
            [
              34.8286700004,
              1.285300001
            ],
            [
              34.8285599995,
              1.2861500003
            ],
            [
              34.8283800009,
              1.2865099994
            ],
            [
              34.8283799996,
              1.2873100001
            ],
            [
              34.828560001,
              1.2877900008
            ],
            [
              34.8284300008,
              1.2891300001
            ],
            [
              34.8285400002,
              1.292
            ],
            [
              34.8282700005,
              1.293740001
            ],
            [
              34.8285300002,
              1.2950099999
            ],
            [
              34.8282200013,
              1.29661
            ],
            [
              34.8291400002,
              1.2995500008
            ],
            [
              34.82976,
              1.3010600003
            ],
            [
              34.8297,
              1.3019499996
            ],
            [
              34.8300700004,
              1.3036299991
            ],
            [
              34.8299700005,
              1.3043300001
            ],
            [
              34.8293900008,
              1.3060699999
            ],
            [
              34.8290700005,
              1.3097299997
            ],
            [
              34.8286400003,
              1.3105
            ],
            [
              34.8275099996,
              1.3117
            ],
            [
              34.8258100001,
              1.3139199996
            ],
            [
              34.8253700007,
              1.3146900003
            ],
            [
              34.8235,
              1.3164099996
            ],
            [
              34.8205800002,
              1.3198400002
            ],
            [
              34.8167400001,
              1.3258899998
            ],
            [
              34.8149100006,
              1.3278800002
            ],
            [
              34.8133,
              1.33004
            ],
            [
              34.8109700003,
              1.3325299995
            ],
            [
              34.809950001,
              1.3340899999
            ],
            [
              34.8087200004,
              1.3354400004
            ],
            [
              34.80742,
              1.337700001
            ],
            [
              34.8056599997,
              1.3399099992
            ],
            [
              34.8039200007,
              1.343
            ],
            [
              34.8022699995,
              1.3451600002
            ],
            [
              34.7981200006,
              1.3519500005
            ],
            [
              34.7957534179,
              1.3553357236
            ],
            [
              34.795725651,
              1.3466790033
            ],
            [
              34.7874297117,
              1.3467058569
            ],
            [
              34.7874031262,
              1.3383562618
            ],
            [
              34.7791070486,
              1.3383829219
            ],
            [
              34.7790806562,
              1.3300331589
            ],
            [
              34.7790529733,
              1.3212180496
            ],
            [
              34.7833114357,
              1.3193651916
            ],
            [
              34.8047761617,
              1.3077362348
            ],
            [
              34.8150448547,
              1.2949576002
            ],
            [
              34.8229693168,
              1.286040264
            ],
            [
              34.8288851042,
              1.2812765659
            ]
          ]
        ]
      },
      "properties": {
        "country": "Uganda",
        "country_code": "UGA",
        "species_name": "Eucalyptus_saligna",
        "genus": "Eucalyptus",
        "species": "saligna",
        "suitability_name": "Moderately suitable",
        "suitability_rank": 2,
        "soil_suitability": "S3",
        "soil_type": "Ferruginous Soils",
        "soil_description": "On crystalline acid rock-Complex with Black clays",
        "site_class": null,
        "maz": "III",
        "maz_zone": null,
        "tz": "4",
        "frost_risk": null,
        "source_layer": "SWIFT_SSMT_Uganda"
      }
    },
    {
      "type": "Feature",
      "geometry": {
        "type": "Polygon",
        "coordinates": [
          [
            [
              34.8288851042,
              1.2812765659
            ],
            [
              34.8229693168,
              1.286040264
            ],
            [
              34.8150448547,
              1.2949576002
            ],
            [
              34.8047761617,
              1.3077362348
            ],
            [
              34.7833114357,
              1.3193651916
            ],
            [
              34.7790529733,
              1.3212180496
            ],
            [
              34.7790024713,
              1.3049838645
            ],
            [
              34.7707063373,
              1.3050098312
            ],
            [
              34.7706076602,
              1.2726562342
            ],
            [
              34.772523396,
              1.2716042413
            ],
            [
              34.7789005385,
              1.2715847895
            ],
            [
              34.7788874431,
              1.2672300743
            ],
            [
              34.7866689952,
              1.261547723
            ],
            [
              34.792967789,
              1.2548426931
            ],
            [
              34.7954420182,
              1.2548352267
            ],
            [
              34.7954342277,
              1.2522172265
            ],
            [
              34.798119284,
              1.2493590775
            ],
            [
              34.8001555716,
              1.2464715771
            ],
            [
              34.803712682,
              1.2464609048
            ],
            [
              34.8036978632,
              1.2414486119
            ],
            [
              34.8078925924,
              1.2365622943
            ],
            [
              34.8083800004,
              1.2376299993
            ],
            [
              34.8114199996,
              1.2407599997
            ],
            [
              34.8106800002,
              1.2428199994
            ],
            [
              34.8133100008,
              1.2484199991
            ],
            [
              34.8150299994,
              1.2484199995
            ],
            [
              34.8165,
              1.2500599999
            ],
            [
              34.8173400008,
              1.2504300003
            ],
            [
              34.8178700004,
              1.2503
            ],
            [
              34.8183900004,
              1.2505899997
            ],
            [
              34.8183900001,
              1.2511900007
            ],
            [
              34.8177700005,
              1.2521700001
            ],
            [
              34.8181400002,
              1.2547200002
            ],
            [
              34.8177700005,
              1.2556400002
            ],
            [
              34.8179200006,
              1.2564
            ],
            [
              34.8182700003,
              1.2569
            ],
            [
              34.8182099997,
              1.2577299993
            ],
            [
              34.8189500001,
              1.2584399996
            ],
            [
              34.8189599995,
              1.2607
            ],
            [
              34.8198500002,
              1.2628899999
            ],
            [
              34.8209299999,
              1.2633500003
            ],
            [
              34.8225500007,
              1.2637800001
            ],
            [
              34.8234500003,
              1.2642800002
            ],
            [
              34.82484,
              1.2645199997
            ],
            [
              34.825260001,
              1.2656100002
            ],
            [
              34.8262499996,
              1.2661300002
            ],
            [
              34.8268899999,
              1.26615
            ],
            [
              34.8275700001,
              1.2669100002
            ],
            [
              34.8284299997,
              1.2672699993
            ],
            [
              34.8286500004,
              1.2681300006
            ],
            [
              34.8292900003,
              1.2681299999
            ],
            [
              34.8296900004,
              1.2684799999
            ],
            [
              34.8302499999,
              1.2686400001
            ],
            [
              34.8307799998,
              1.2692200001
            ],
            [
              34.8305599998,
              1.2700900002
            ],
            [
              34.8306200006,
              1.2703899996
            ],
            [
              34.8313700006,
              1.2707100001
            ],
            [
              34.8314800003,
              1.2710299999
            ],
            [
              34.8311300009,
              1.2713799995
            ],
            [
              34.8310599995,
              1.2718199999
            ],
            [
              34.83043,
              1.2723599996
            ],
            [
              34.8304200001,
              1.27285
            ],
            [
              34.8300000012,
              1.2739399995
            ],
            [
              34.8293499999,
              1.2743
            ],
            [
              34.829,
              1.2748899998
            ],
            [
              34.8293,
              1.2762700001
            ],
            [
              34.8291899998,
              1.2765900002
            ],
            [
              34.8292,
              1.2795199998
            ],
            [
              34.8289100001,
              1.2805199998
            ],
            [
              34.8288851042,
              1.2812765659
            ]
          ]
        ]
      },
      "properties": {
        "country": "Uganda",
        "country_code": "UGA",
        "species_name": "Eucalyptus_saligna",
        "genus": "Eucalyptus",
        "species": "saligna",
        "suitability_name": "Moderately suitable",
        "suitability_rank": 2,
        "soil_suitability": "S1",
        "soil_type": "Eutrophic Soils",
        "soil_description": "On volcanic ash",
        "site_class": null,
        "maz": "III",
        "maz_zone": null,
        "tz": "4",
        "frost_risk": null,
        "source_layer": "SWIFT_SSMT_Uganda"
      }
    },
    {
      "type": "Feature",
      "geometry": {
        "type": "Polygon",
        "coordinates": [
          [
            [
              34.772523396,
              1.2716042413
            ],
            [
              34.7706076602,
              1.2726562342
            ],
            [
              34.7706045108,
              1.2716100912
            ],
            [
              34.772523396,
              1.2716042413
            ]
          ]
        ]
      },
      "properties": {
        "country": "Uganda",
        "country_code": "UGA",
        "species_name": "Eucalyptus_saligna",
        "genus": "Eucalyptus",
        "species": "saligna",
        "suitability_name": "Moderately suitable",
        "suitability_rank": 2,
        "soil_suitability": "S1",
        "soil_type": "Ferrallitic Soils",
        "soil_description": "Humic ferrallitic - Not differentiated",
        "site_class": null,
        "maz": "III",
        "maz_zone": null,
        "tz": "4",
        "frost_risk": null,
        "source_layer": "SWIFT_SSMT_Uganda"
      }
    },
    {
      "type": "Feature",
      "geometry": {
        "type": "Polygon",
        "coordinates": [
          [
            [
              34.792967789,
              1.2548426931
            ],
            [
              34.7866689952,
              1.261547723
            ],
            [
              34.7788874431,
              1.2672300743
            ],
            [
              34.7788505636,
              1.2548852445
            ],
            [
              34.792967789,
              1.2548426931
            ]
          ]
        ]
      },
      "properties": {
        "country": "Uganda",
        "country_code": "UGA",
        "species_name": "Eucalyptus_saligna",
        "genus": "Eucalyptus",
        "species": "saligna",
        "suitability_name": "Moderately suitable",
        "suitability_rank": 2,
        "soil_suitability": "S1",
        "soil_type": "Ferrallitic Soils",
        "soil_description": "Humic ferrallitic - Not differentiated",
        "site_class": null,
        "maz": "III",
        "maz_zone": null,
        "tz": "4",
        "frost_risk": null,
        "source_layer": "SWIFT_SSMT_Uganda"
      }
    },
    {
      "type": "Feature",
      "geometry": {
        "type": "Polygon",
        "coordinates": [
          [
            [
              34.8001555716,
              1.2464715771
            ],
            [
              34.798119284,
              1.2493590775
            ],
            [
              34.7954342277,
              1.2522172265
            ],
            [
              34.7954172276,
              1.2464857858
            ],
            [
              34.8001555716,
              1.2464715771
            ]
          ]
        ]
      },
      "properties": {
        "country": "Uganda",
        "country_code": "UGA",
        "species_name": "Eucalyptus_saligna",
        "genus": "Eucalyptus",
        "species": "saligna",
        "suitability_name": "Moderately suitable",
        "suitability_rank": 2,
        "soil_suitability": "S1",
        "soil_type": "Ferrallitic Soils",
        "soil_description": "Humic ferrallitic - Not differentiated",
        "site_class": null,
        "maz": "III",
        "maz_zone": null,
        "tz": "4",
        "frost_risk": null,
        "source_layer": "SWIFT_SSMT_Uganda"
      }
    },
    {
      "type": "Feature",
      "geometry": {
        "type": "Polygon",
        "coordinates": [
          [
            [
              34.8078925924,
              1.2365622943
            ],
            [
              34.8036978632,
              1.2414486119
            ],
            [
              34.8036638722,
              1.2298742997
            ],
            [
              34.8051800002,
              1.2306199995
            ],
            [
              34.8078925924,
              1.2365622943
            ]
          ]
        ]
      },
      "properties": {
        "country": "Uganda",
        "country_code": "UGA",
        "species_name": "Eucalyptus_saligna",
        "genus": "Eucalyptus",
        "species": "saligna",
        "suitability_name": "Moderately suitable",
        "suitability_rank": 2,
        "soil_suitability": "S1",
        "soil_type": "Ferrallitic Soils",
        "soil_description": "Humic ferrallitic - Not differentiated",
        "site_class": null,
        "maz": "III",
        "maz_zone": null,
        "tz": "4",
        "frost_risk": null,
        "source_layer": "SWIFT_SSMT_Uganda"
      }
    },
    {
      "type": "Feature",
      "geometry": {
        "type": "Polygon",
        "coordinates": [
          [
            [
              34.7957534179,
              1.3553357236
            ],
            [
              34.7918,
              1.3606
            ],
            [
              34.79091,
              1.3621100004
            ],
            [
              34.7903099995,
              1.3625
            ],
            [
              34.7890400006,
              1.3637
            ],
            [
              34.7886400004,
              1.3642900004
            ],
            [
              34.7867099994,
              1.3663199999
            ],
            [
              34.7930799999,
              1.3710099989
            ],
            [
              34.7938715767,
              1.3717336654
            ],
            [
              34.7792142715,
              1.3717819618
            ],
            [
              34.7791872185,
              1.3634322036
            ],
            [
              34.7874833792,
              1.3634050445
            ],
            [
              34.787456463,
              1.3550554517
            ],
            [
              34.79575243,
              1.3550284304
            ],
            [
              34.7957534179,
              1.3553357236
            ]
          ]
        ]
      },
      "properties": {
        "country": "Uganda",
        "country_code": "UGA",
        "species_name": "Eucalyptus_saligna",
        "genus": "Eucalyptus",
        "species": "saligna",
        "suitability_name": "Moderately suitable",
        "suitability_rank": 2,
        "soil_suitability": "S3",
        "soil_type": "Ferruginous Soils",
        "soil_description": "On crystalline acid rock-Complex with Black clays",
        "site_class": null,
        "maz": "II",
        "maz_zone": null,
        "tz": "4",
        "frost_risk": null,
        "source_layer": "SWIFT_SSMT_Uganda"
      }
    },
    {
      "type": "Feature",
      "geometry": {
        "type": "Polygon",
        "coordinates": [
          [
            [
              34.7708908932,
              1.3634593346
            ],
            [
              34.7625944024,
              1.3634864374
            ],
            [
              34.7625675699,
              1.3551363453
            ],
            [
              34.7708640328,
              1.3551094087
            ],
            [
              34.7708908932,
              1.3634593346
            ]
          ]
        ]
      },
      "properties": {
        "country": "Uganda",
        "country_code": "UGA",
        "species_name": "Eucalyptus_saligna",
        "genus": "Eucalyptus",
        "species": "saligna",
        "suitability_name": "Moderately suitable",
        "suitability_rank": 2,
        "soil_suitability": "S3",
        "soil_type": "Ferruginous Soils",
        "soil_description": "On crystalline acid rock-Complex with Black clays",
        "site_class": null,
        "maz": "II",
        "maz_zone": null,
        "tz": "4",
        "frost_risk": null,
        "source_layer": "SWIFT_SSMT_Uganda"
      }
    },
    {
      "type": "Feature",
      "geometry": {
        "type": "Polygon",
        "coordinates": [
          [
            [
              34.7376771916,
              1.355216987
            ],
            [
              34.7376506084,
              1.3468663968
            ],
            [
              34.7210562559,
              1.3469196871
            ],
            [
              34.7210827846,
              1.3552706082
            ],
            [
              34.7127853341,
              1.3552973759
            ],
            [
              34.7127860473,
              1.3555213804
            ],
            [
              34.7109554633,
              1.3536907411
            ],
            [
              34.7021015637,
              1.3486786422
            ],
            [
              34.6932672175,
              1.3498929775
            ],
            [
              34.6951686166,
              1.3470025942
            ],
            [
              34.704461248,
              1.3469728661
            ],
            [
              34.7044349387,
              1.3386216137
            ],
            [
              34.7044087933,
              1.330270362
            ],
            [
              34.7170501428,
              1.3302303659
            ],
            [
              34.7273924106,
              1.3346625668
            ],
            [
              34.7406464665,
              1.3340274086
            ],
            [
              34.7459069739,
              1.3340106464
            ],
            [
              34.7459210907,
              1.3384892844
            ],
            [
              34.7542178268,
              1.3384627356
            ],
            [
              34.7542443022,
              1.3468129953
            ],
            [
              34.7625409026,
              1.346786252
            ],
            [
              34.7625675699,
              1.3551363453
            ],
            [
              34.7376771916,
              1.355216987
            ]
          ]
        ]
      },
      "properties": {
        "country": "Uganda",
        "country_code": "UGA",
        "species_name": "Eucalyptus_saligna",
        "genus": "Eucalyptus",
        "species": "saligna",
        "suitability_name": "Moderately suitable",
        "suitability_rank": 2,
        "soil_suitability": "S3",
        "soil_type": "Ferruginous Soils",
        "soil_description": "On crystalline acid rock-Complex with Black clays",
        "site_class": null,
        "maz": "II",
        "maz_zone": null,
        "tz": "4",
        "frost_risk": null,
        "source_layer": "SWIFT_SSMT_Uganda"
      }
    },
    {
      "type": "Feature",
      "geometry": {
        "type": "Polygon",
        "coordinates": [
          [
            [
              34.7790529733,
              1.3212180496
            ],
            [
              34.7790806562,
              1.3300331589
            ],
            [
              34.7707844422,
              1.3300596249
            ],
            [
              34.7707679908,
              1.3248228823
            ],
            [
              34.7790529733,
              1.3212180496
            ]
          ]
        ]
      },
      "properties": {
        "country": "Uganda",
        "country_code": "UGA",
        "species_name": "Eucalyptus_saligna",
        "genus": "Eucalyptus",
        "species": "saligna",
        "suitability_name": "Moderately suitable",
        "suitability_rank": 2,
        "soil_suitability": "S3",
        "soil_type": "Ferruginous Soils",
        "soil_description": "On crystalline acid rock-Complex with Black clays",
        "site_class": null,
        "maz": "II",
        "maz_zone": null,
        "tz": "4",
        "frost_risk": null,
        "source_layer": "SWIFT_SSMT_Uganda"
      }
    },
    {
      "type": "Feature",
      "geometry": {
        "type": "Polygon",
        "coordinates": [
          [
            [
              30.5028778728,
              -0.2835797893
            ],
            [
              30.5044149464,
              -0.2835793203
            ],
            [
              30.5044146653,
              -0.2826427283
            ],
            [
              30.5028778728,
              -0.2835797893
            ]
          ]
        ]
      },
      "properties": {
        "country": "Uganda",
        "country_code": "UGA",
        "species_name": "Eucalyptus_saligna",
        "genus": "Eucalyptus",
        "species": "saligna",
        "suitability_name": "Moderately suitable",
        "suitability_rank": 2,
        "soil_suitability": "S3",
        "soil_type": "Ferrallitic Soils",
        "soil_description": "Yellow soils - Sandy loams",
        "site_class": null,
        "maz": "I",
        "maz_zone": null,
        "tz": "5",
        "frost_risk": null,
        "source_layer": "SWIFT_SSMT_Uganda"
      }
    },
    {
      "type": "Feature",
      "geometry": {
        "type": "Polygon",
        "coordinates": [
          [
            [
              30.4417992231,
              -0.3508989501
            ],
            [
              30.4434281177,
              -0.3469123303
            ],
            [
              30.4419979656,
              -0.3297089909
            ],
            [
              30.4268011333,
              -0.3101206728
            ],
            [
              30.4120859187,
              -0.3120370651
            ],
            [
              30.4073332372,
              -0.317260101
            ],
            [
              30.4125069321,
              -0.3172583827
            ],
            [
              30.4125097277,
              -0.325671228
            ],
            [
              30.4292229062,
              -0.3256655104
            ],
            [
              30.429228746,
              -0.3424909046
            ],
            [
              30.4375852387,
              -0.3424878874
            ],
            [
              30.4375882761,
              -0.35090051
            ],
            [
              30.4417992231,
              -0.3508989501
            ]
          ]
        ]
      },
      "properties": {
        "country": "Uganda",
        "country_code": "UGA",
        "species_name": "Eucalyptus_saligna",
        "genus": "Eucalyptus",
        "species": "saligna",
        "suitability_name": "Moderately suitable",
        "suitability_rank": 2,
        "soil_suitability": "S3",
        "soil_type": "Ferrallitic Soils",
        "soil_description": "Yellow soils - Sandy loams",
        "site_class": null,
        "maz": "I",
        "maz_zone": null,
        "tz": "5",
        "frost_risk": null,
        "source_layer": "SWIFT_SSMT_Uganda"
      }
    },
    {
      "type": "Feature",
      "geometry": {
        "type": "Polygon",
        "coordinates": [
          [
            [
              30.3655761139,
              -0.3256871327
            ],
            [
              30.3631928388,
              -0.3216114211
            ],
            [
              30.3623665551,
              -0.3199491103
            ],
            [
              30.3623684414,
              -0.3256882109
            ],
            [
              30.3655761139,
              -0.3256871327
            ]
          ]
        ]
      },
      "properties": {
        "country": "Uganda",
        "country_code": "UGA",
        "species_name": "Eucalyptus_saligna",
        "genus": "Eucalyptus",
        "species": "saligna",
        "suitability_name": "Moderately suitable",
        "suitability_rank": 2,
        "soil_suitability": "S3",
        "soil_type": "Ferrallitic Soils",
        "soil_description": "Yellow soils - Sandy loams",
        "site_class": null,
        "maz": "I",
        "maz_zone": null,
        "tz": "5",
        "frost_risk": null,
        "source_layer": "SWIFT_SSMT_Uganda"
      }
    },
    {
      "type": "Feature",
      "geometry": {
        "type": "Polygon",
        "coordinates": [
          [
            [
              30.3996756815,
              -0.325675598
            ],
            [
              30.4041530281,
              -0.325674076
            ],
            [
              30.404151389,
              -0.320756871
            ],
            [
              30.3996756815,
              -0.325675598
            ]
          ]
        ]
      },
      "properties": {
        "country": "Uganda",
        "country_code": "UGA",
        "species_name": "Eucalyptus_saligna",
        "genus": "Eucalyptus",
        "species": "saligna",
        "suitability_name": "Moderately suitable",
        "suitability_rank": 2,
        "soil_suitability": "S3",
        "soil_type": "Ferrallitic Soils",
        "soil_description": "Yellow soils - Sandy loams",
        "site_class": null,
        "maz": "I",
        "maz_zone": null,
        "tz": "5",
        "frost_risk": null,
        "source_layer": "SWIFT_SSMT_Uganda"
      }
    },
    {
      "type": "Feature",
      "geometry": {
        "type": "Polygon",
        "coordinates": [
          [
            [
              30.1199962364,
              -0.36625755
            ],
            [
              30.1178736984,
              -0.3645226355
            ],
            [
              30.1167931806,
              -0.3737967838
            ],
            [
              30.1170906075,
              -0.3762596936
            ],
            [
              30.1199997448,
              -0.3762586469
            ],
            [
              30.1199962364,
              -0.36625755
            ]
          ]
        ]
      },
      "properties": {
        "country": "Uganda",
        "country_code": "UGA",
        "species_name": "Eucalyptus_saligna",
        "genus": "Eucalyptus",
        "species": "saligna",
        "suitability_name": "Moderately suitable",
        "suitability_rank": 2,
        "soil_suitability": "S3",
        "soil_type": "Ferrallitic Soils",
        "soil_description": "Yellow soils - Sandy loams",
        "site_class": null,
        "maz": "I",
        "maz_zone": null,
        "tz": "4",
        "frost_risk": null,
        "source_layer": "SWIFT_SSMT_Uganda"
      }
    },
    {
      "type": "Feature",
      "geometry": {
        "type": "Polygon",
        "coordinates": [
          [
            [
              30.5378844863,
              -0.409744862
            ],
            [
              30.537880829,
              -0.4013331441
            ],
            [
              30.5462364056,
              -0.4013294974
            ],
            [
              30.5462328163,
              -0.3929178548
            ],
            [
              30.5295216052,
              -0.3929249885
            ],
            [
              30.5295288252,
              -0.409748577
            ],
            [
              30.5378844863,
              -0.409744862
            ]
          ]
        ]
      },
      "properties": {
        "country": "Uganda",
        "country_code": "UGA",
        "species_name": "Eucalyptus_saligna",
        "genus": "Eucalyptus",
        "species": "saligna",
        "suitability_name": "Moderately suitable",
        "suitability_rank": 2,
        "soil_suitability": "S3",
        "soil_type": "Ferrallitic Soils",
        "soil_description": "Yellow soils - Sandy loams",
        "site_class": null,
        "maz": "II",
        "maz_zone": null,
        "tz": "4",
        "frost_risk": null,
        "source_layer": "SWIFT_SSMT_Uganda"
      }
    },
    {
      "type": "Feature",
      "geometry": {
        "type": "Polygon",
        "coordinates": [
          [
            [
              31.3229820053,
              -0.4597791885
            ],
            [
              31.2979383043,
              -0.459794439
            ],
            [
              31.2979485582,
              -0.4766024911
            ],
            [
              31.2896004538,
              -0.4766077403
            ],
            [
              31.2896057088,
              -0.485011858
            ],
            [
              31.3063018459,
              -0.485001165
            ],
            [
              31.3063126719,
              -0.5018090297
            ],
            [
              31.3146606232,
              -0.5018034817
            ],
            [
              31.3146551539,
              -0.4933996422
            ],
            [
              31.3230030026,
              -0.4933941774
            ],
            [
              31.3229976144,
              -0.4849904303
            ],
            [
              31.3396930116,
              -0.484979655
            ],
            [
              31.3396984212,
              -0.493383214
            ],
            [
              31.3480459915,
              -0.4933777181
            ],
            [
              31.3480515033,
              -0.5017811833
            ],
            [
              31.3563989911,
              -0.5017755816
            ],
            [
              31.3563774601,
              -0.4681620922
            ],
            [
              31.3480300136,
              -0.4681673185
            ],
            [
              31.3480352467,
              -0.4765707848
            ],
            [
              31.3313400538,
              -0.4765813938
            ],
            [
              31.3313348412,
              -0.4681777399
            ],
            [
              31.3229871157,
              -0.4681829368
            ],
            [
              31.3229820053,
              -0.4597791885
            ]
          ]
        ]
      },
      "properties": {
        "country": "Uganda",
        "country_code": "UGA",
        "species_name": "Eucalyptus_saligna",
        "genus": "Eucalyptus",
        "species": "saligna",
        "suitability_name": "Moderately suitable",
        "suitability_rank": 2,
        "soil_suitability": "S2",
        "soil_type": "Ferrallitic Soils",
        "soil_description": "Yellow soils - Sandy clay loams",
        "site_class": null,
        "maz": "III",
        "maz_zone": null,
        "tz": "4",
        "frost_risk": null,
        "source_layer": "SWIFT_SSMT_Uganda"
      }
    },
    {
      "type": "Feature",
      "geometry": {
        "type": "Polygon",
        "coordinates": [
          [
            [
              31.4148344719,
              -0.5101387861
            ],
            [
              31.4148287808,
              -0.5017360757
            ],
            [
              31.4064819506,
              -0.5017417512
            ],
            [
              31.4064858451,
              -0.5075179575
            ],
            [
              31.4073371112,
              -0.5101439701
            ],
            [
              31.4148344719,
              -0.5101387861
            ]
          ]
        ]
      },
      "properties": {
        "country": "Uganda",
        "country_code": "UGA",
        "species_name": "Eucalyptus_saligna",
        "genus": "Eucalyptus",
        "species": "saligna",
        "suitability_name": "Moderately suitable",
        "suitability_rank": 2,
        "soil_suitability": "S3",
        "soil_type": "Ferrallitic Soils",
        "soil_description": "Yellow soils - Sandy loams",
        "site_class": null,
        "maz": "III",
        "maz_zone": null,
        "tz": "4",
        "frost_risk": null,
        "source_layer": "SWIFT_SSMT_Uganda"
      }
    },
    {
      "type": "Feature",
      "geometry": {
        "type": "Polygon",
        "coordinates": [
          [
            [
              31.4073371112,
              -0.5101439701
            ],
            [
              31.4064858451,
              -0.5075179575
            ],
            [
              31.406487631,
              -0.5101445566
            ],
            [
              31.4073371112,
              -0.5101439701
            ]
          ]
        ]
      },
      "properties": {
        "country": "Uganda",
        "country_code": "UGA",
        "species_name": "Eucalyptus_saligna",
        "genus": "Eucalyptus",
        "species": "saligna",
        "suitability_name": "Moderately suitable",
        "suitability_rank": 2,
        "soil_suitability": "S2",
        "soil_type": "Ferrallitic Soils",
        "soil_description": "Yellow soils - Sandy clay loams",
        "site_class": null,
        "maz": "III",
        "maz_zone": null,
        "tz": "4",
        "frost_risk": null,
        "source_layer": "SWIFT_SSMT_Uganda"
      }
    },
    {
      "type": "Feature",
      "geometry": {
        "type": "Polygon",
        "coordinates": [
          [
            [
              30.6966746715,
              -0.5021851875
            ],
            [
              30.6799660019,
              -0.5021946905
            ],
            [
              30.6799804867,
              -0.5274258644
            ],
            [
              30.688334893,
              -0.5274208794
            ],
            [
              30.6883398901,
              -0.5358311898
            ],
            [
              30.7050484887,
              -0.5358210265
            ],
            [
              30.70504347,
              -0.5274108751
            ],
            [
              30.7133976396,
              -0.5274058565
            ],
            [
              30.713392688,
              -0.5189957845
            ],
            [
              30.7050385295,
              -0.5190007233
            ],
            [
              30.705033669,
              -0.5105905721
            ],
            [
              30.6966794423,
              -0.5105954195
            ],
            [
              30.6966746715,
              -0.5021851875
            ]
          ]
        ]
      },
      "properties": {
        "country": "Uganda",
        "country_code": "UGA",
        "species_name": "Eucalyptus_saligna",
        "genus": "Eucalyptus",
        "species": "saligna",
        "suitability_name": "Moderately suitable",
        "suitability_rank": 2,
        "soil_suitability": "S3",
        "soil_type": "Ferrallitic Soils",
        "soil_description": "Yellow soils - Sandy loams",
        "site_class": null,
        "maz": "III",
        "maz_zone": null,
        "tz": "4",
        "frost_risk": null,
        "source_layer": "SWIFT_SSMT_Uganda"
      }
    },
    {
      "type": "Feature",
      "geometry": {
        "type": "Polygon",
        "coordinates": [
          [
            [
              30.7301318053,
              -0.5694453354
            ],
            [
              30.730110792,
              -0.5358056958
            ],
            [
              30.7134026704,
              -0.5358159283
            ],
            [
              30.7134235892,
              -0.5694562097
            ],
            [
              30.7301318053,
              -0.5694453354
            ]
          ]
        ]
      },
      "properties": {
        "country": "Uganda",
        "country_code": "UGA",
        "species_name": "Eucalyptus_saligna",
        "genus": "Eucalyptus",
        "species": "saligna",
        "suitability_name": "Moderately suitable",
        "suitability_rank": 2,
        "soil_suitability": "S3",
        "soil_type": "Ferrallitic Soils",
        "soil_description": "Yellow soils - Sandy loams",
        "site_class": null,
        "maz": "III",
        "maz_zone": null,
        "tz": "4",
        "frost_risk": null,
        "source_layer": "SWIFT_SSMT_Uganda"
      }
    },
    {
      "type": "Feature",
      "geometry": {
        "type": "Polygon",
        "coordinates": [
          [
            [
              31.3063182246,
              -0.5102129615
            ],
            [
              31.2979701698,
              -0.5102185914
            ],
            [
              31.2979758037,
              -0.5186226162
            ],
            [
              31.2729310573,
              -0.5186397177
            ],
            [
              31.2729254558,
              -0.5102354167
            ],
            [
              31.2395312242,
              -0.5102576981
            ],
            [
              31.239553998,
              -0.5438763709
            ],
            [
              31.2312051675,
              -0.5438822795
            ],
            [
              31.2312110762,
              -0.5522870384
            ],
            [
              31.2395599183,
              -0.552281038
            ],
            [
              31.2395720309,
              -0.5690903731
            ],
            [
              31.2479208053,
              -0.5690841787
            ],
            [
              31.2479146914,
              -0.5606796025
            ],
            [
              31.2562633632,
              -0.5606734882
            ],
            [
              31.2562455333,
              -0.5354600342
            ],
            [
              31.2645940787,
              -0.5354541835
            ],
            [
              31.2645883059,
              -0.5270497897
            ],
            [
              31.2729367483,
              -0.5270440193
            ],
            [
              31.2729425332,
              -0.5354483206
            ],
            [
              31.2812908956,
              -0.5354424463
            ],
            [
              31.2812851004,
              -0.527038237
            ],
            [
              31.306329605,
              -0.5270208249
            ],
            [
              31.3063182246,
              -0.5102129615
            ]
          ]
        ]
      },
      "properties": {
        "country": "Uganda",
        "country_code": "UGA",
        "species_name": "Eucalyptus_saligna",
        "genus": "Eucalyptus",
        "species": "saligna",
        "suitability_name": "Moderately suitable",
        "suitability_rank": 2,
        "soil_suitability": "S2",
        "soil_type": "Ferrallitic Soils",
        "soil_description": "Yellow soils - Sandy clay loams",
        "site_class": null,
        "maz": "III",
        "maz_zone": null,
        "tz": "4",
        "frost_risk": null,
        "source_layer": "SWIFT_SSMT_Uganda"
      }
    },
    {
      "type": "Feature",
      "geometry": {
        "type": "Polygon",
        "coordinates": [
          [
            [
              30.8387163741,
              -0.5525557731
            ],
            [
              30.8303633825,
              -0.5525612082
            ],
            [
              30.8303688171,
              -0.5609701392
            ],
            [
              30.788602576,
              -0.5609975514
            ],
            [
              30.7885972003,
              -0.5525882093
            ],
            [
              30.7718901574,
              -0.5525989275
            ],
            [
              30.7718955095,
              -0.5610084332
            ],
            [
              30.7635418548,
              -0.5610138544
            ],
            [
              30.7635472764,
              -0.5694234408
            ],
            [
              30.7719009423,
              -0.5694179368
            ],
            [
              30.7719064565,
              -0.5778274419
            ],
            [
              30.7886135713,
              -0.5778162337
            ],
            [
              30.7886248907,
              -0.5946349168
            ],
            [
              30.8053317303,
              -0.5946233332
            ],
            [
              30.8053260046,
              -0.5862141548
            ],
            [
              30.8220324926,
              -0.5862026845
            ],
            [
              30.8220382435,
              -0.5946116977
            ],
            [
              30.847097398,
              -0.5945941496
            ],
            [
              30.847103268,
              -0.6030029147
            ],
            [
              30.8554561678,
              -0.6029969563
            ],
            [
              30.8554805258,
              -0.6366316762
            ],
            [
              30.8638333959,
              -0.6366253739
            ],
            [
              30.863839706,
              -0.6450339699
            ],
            [
              30.8888978574,
              -0.6450147274
            ],
            [
              30.8889174089,
              -0.6702397602
            ],
            [
              30.8972700009,
              -0.6702330664
            ],
            [
              30.8972633865,
              -0.6618248066
            ],
            [
              30.9139682922,
              -0.661811545
            ],
            [
              30.913955258,
              -0.6449953608
            ],
            [
              30.9223075576,
              -0.6449888782
            ],
            [
              30.9222948327,
              -0.6281728614
            ],
            [
              30.9139425602,
              -0.628179175
            ],
            [
              30.9139064786,
              -0.57773061
            ],
            [
              30.9055541983,
              -0.5777364049
            ],
            [
              30.9055484903,
              -0.5693282249
            ],
            [
              30.8971961384,
              -0.5693339224
            ],
            [
              30.8971905261,
              -0.5609256589
            ],
            [
              30.8721330071,
              -0.5609424282
            ],
            [
              30.8721385836,
              -0.569350944
            ],
            [
              30.8637858989,
              -0.5693565938
            ],
            [
              30.8637915461,
              -0.5777651918
            ],
            [
              30.8554387665,
              -0.5777709127
            ],
            [
              30.8554331314,
              -0.5693622306
            ],
            [
              30.8387273491,
              -0.5693734696
            ],
            [
              30.8387163741,
              -0.5525557731
            ]
          ],
          [
            [
              30.8805326325,
              -0.6282042962
            ],
            [
              30.8721799425,
              -0.6282105432
            ],
            [
              30.8721737846,
              -0.6198020301
            ],
            [
              30.8805264613,
              -0.6197958676
            ],
            [
              30.8805326325,
              -0.6282042962
            ]
          ]
        ]
      },
      "properties": {
        "country": "Uganda",
        "country_code": "UGA",
        "species_name": "Eucalyptus_saligna",
        "genus": "Eucalyptus",
        "species": "saligna",
        "suitability_name": "Moderately suitable",
        "suitability_rank": 2,
        "soil_suitability": "S3",
        "soil_type": "Ferrallitic Soils",
        "soil_description": "Yellow soils - Sandy loams",
        "site_class": null,
        "maz": "III",
        "maz_zone": null,
        "tz": "4",
        "frost_risk": null,
        "source_layer": "SWIFT_SSMT_Uganda"
      }
    },
    {
      "type": "Feature",
      "geometry": {
        "type": "Polygon",
        "coordinates": [
          [
            [
              31.3314227718,
              -0.5942325182
            ],
            [
              31.3397705738,
              -0.5942259102
            ],
            [
              31.3397640489,
              -0.5858223536
            ],
            [
              31.3481117448,
              -0.5858158273
            ],
            [
              31.3481053012,
              -0.5774123639
            ],
            [
              31.3648003885,
              -0.5773994603
            ],
            [
              31.3647940136,
              -0.5689961859
            ],
            [
              31.3397512807,
              -0.5690152405
            ],
            [
              31.3397576184,
              -0.5774187977
            ],
            [
              31.331409843,
              -0.5774252183
            ],
            [
              31.3314227718,
              -0.5942325182
            ]
          ]
        ]
      },
      "properties": {
        "country": "Uganda",
        "country_code": "UGA",
        "species_name": "Eucalyptus_saligna",
        "genus": "Eucalyptus",
        "species": "saligna",
        "suitability_name": "Moderately suitable",
        "suitability_rank": 2,
        "soil_suitability": "S2",
        "soil_type": "Ferrallitic Soils",
        "soil_description": "Yellow soils - Sandy clay loams",
        "site_class": null,
        "maz": "III",
        "maz_zone": null,
        "tz": "4",
        "frost_risk": null,
        "source_layer": "SWIFT_SSMT_Uganda"
      }
    },
    {
      "type": "Feature",
      "geometry": {
        "type": "Polygon",
        "coordinates": [
          [
            [
              31.3314709486,
              -0.6530580572
            ],
            [
              31.3314637883,
              -0.6446544102
            ],
            [
              31.3231158167,
              -0.6446615648
            ],
            [
              31.3231017999,
              -0.6278540812
            ],
            [
              31.3314497454,
              -0.6278471137
            ],
            [
              31.3314293769,
              -0.6026361677
            ],
            [
              31.3230814705,
              -0.6026428561
            ],
            [
              31.3230949314,
              -0.6194503404
            ],
            [
              31.3147469068,
              -0.6194572026
            ],
            [
              31.3147607113,
              -0.6362648715
            ],
            [
              31.2897160044,
              -0.6362859345
            ],
            [
              31.2897230049,
              -0.6446900469
            ],
            [
              31.2813745716,
              -0.6446971333
            ],
            [
              31.2813816499,
              -0.6531013376
            ],
            [
              31.2730331122,
              -0.653108503
            ],
            [
              31.2730402679,
              -0.661512799
            ],
            [
              31.2697389086,
              -0.6615156655
            ],
            [
              31.2702844037,
              -0.6625507575
            ],
            [
              31.2808233336,
              -0.6747632735
            ],
            [
              31.2834225757,
              -0.6783121463
            ],
            [
              31.2873662728,
              -0.6783086246
            ],
            [
              31.2877954337,
              -0.6768141555
            ],
            [
              31.2889555233,
              -0.6759205337
            ],
            [
              31.2898270305,
              -0.6754562494
            ],
            [
              31.2908808668,
              -0.6752556161
            ],
            [
              31.2919351241,
              -0.6759308146
            ],
            [
              31.2937106996,
              -0.6765975573
            ],
            [
              31.2948348581,
              -0.6772188951
            ],
            [
              31.2958415317,
              -0.6778079525
            ],
            [
              31.2963374224,
              -0.678300601
            ],
            [
              31.2997988335,
              -0.6782975003
            ],
            [
              31.2998942668,
              -0.6768631383
            ],
            [
              31.3014902504,
              -0.6745871197
            ],
            [
              31.3018657878,
              -0.6742082034
            ],
            [
              31.3022966284,
              -0.6740138867
            ],
            [
              31.3036669804,
              -0.6746049444
            ],
            [
              31.3050356481,
              -0.6762646424
            ],
            [
              31.3056683291,
              -0.6764883629
            ],
            [
              31.3086270848,
              -0.6769915241
            ],
            [
              31.3104794386,
              -0.6769538746
            ],
            [
              31.3147947716,
              -0.6759497029
            ],
            [
              31.3147821111,
              -0.6614763731
            ],
            [
              31.3231302029,
              -0.6614690456
            ],
            [
              31.3231229632,
              -0.6530653049
            ],
            [
              31.3314709486,
              -0.6530580572
            ]
          ]
        ]
      },
      "properties": {
        "country": "Uganda",
        "country_code": "UGA",
        "species_name": "Eucalyptus_saligna",
        "genus": "Eucalyptus",
        "species": "saligna",
        "suitability_name": "Moderately suitable",
        "suitability_rank": 2,
        "soil_suitability": "S2",
        "soil_type": "Ferrallitic Soils",
        "soil_description": "Yellow soils - Sandy clay loams",
        "site_class": null,
        "maz": "III",
        "maz_zone": null,
        "tz": "4",
        "frost_risk": null,
        "source_layer": "SWIFT_SSMT_Uganda"
      }
    },
    {
      "type": "Feature",
      "geometry": {
        "type": "Polygon",
        "coordinates": [
          [
            [
              30.8304671466,
              -0.6957739743
            ],
            [
              30.8304601877,
              -0.6871040677
            ],
            [
              30.838813389,
              -0.6870973098
            ],
            [
              30.8388001097,
              -0.6702796214
            ],
            [
              30.8137403473,
              -0.6702993604
            ],
            [
              30.8137274818,
              -0.6534811759
            ],
            [
              30.8053740916,
              -0.6534875628
            ],
            [
              30.8053677961,
              -0.6450783878
            ],
            [
              30.8220744661,
              -0.645065765
            ],
            [
              30.8220620638,
              -0.6282477437
            ],
            [
              30.7970020169,
              -0.6282661636
            ],
            [
              30.797008137,
              -0.6366754209
            ],
            [
              30.788654611,
              -0.6366816163
            ],
            [
              30.7886607986,
              -0.6450909551
            ],
            [
              30.7719534771,
              -0.6451034668
            ],
            [
              30.7719660404,
              -0.6619224709
            ],
            [
              30.7803197691,
              -0.6619160581
            ],
            [
              30.7803326856,
              -0.6787348963
            ],
            [
              30.7886863613,
              -0.6787283072
            ],
            [
              30.788692955,
              -0.6871376451
            ],
            [
              30.8137535401,
              -0.6871175425
            ],
            [
              30.8137602585,
              -0.6955266328
            ],
            [
              30.8137670594,
              -0.703935724
            ],
            [
              30.8198405095,
              -0.7039307123
            ],
            [
              30.8231631107,
              -0.7015608077
            ],
            [
              30.8304671466,
              -0.6957739743
            ]
          ]
        ]
      },
      "properties": {
        "country": "Uganda",
        "country_code": "UGA",
        "species_name": "Eucalyptus_saligna",
        "genus": "Eucalyptus",
        "species": "saligna",
        "suitability_name": "Moderately suitable",
        "suitability_rank": 2,
        "soil_suitability": "S3",
        "soil_type": "Ferrallitic Soils",
        "soil_description": "Yellow soils - Sandy loams",
        "site_class": null,
        "maz": "III",
        "maz_zone": null,
        "tz": "4",
        "frost_risk": null,
        "source_layer": "SWIFT_SSMT_Uganda"
      }
    },
    {
      "type": "Feature",
      "geometry": {
        "type": "Polygon",
        "coordinates": [
          [
            [
              30.8304737658,
              -0.703921919
            ],
            [
              30.8304671466,
              -0.6957739743
            ],
            [
              30.8231631107,
              -0.7015608077
            ],
            [
              30.8198405095,
              -0.7039307123
            ],
            [
              30.8304737658,
              -0.703921919
            ]
          ]
        ]
      },
      "properties": {
        "country": "Uganda",
        "country_code": "UGA",
        "species_name": "Eucalyptus_saligna",
        "genus": "Eucalyptus",
        "species": "saligna",
        "suitability_name": "Moderately suitable",
        "suitability_rank": 2,
        "soil_suitability": "S2",
        "soil_type": "Ferrallitic Soils",
        "soil_description": "Yellow soils - Sandy clay loams",
        "site_class": null,
        "maz": "III",
        "maz_zone": null,
        "tz": "4",
        "frost_risk": null,
        "source_layer": "SWIFT_SSMT_Uganda"
      }
    },
    {
      "type": "Feature",
      "geometry": {
        "type": "Polygon",
        "coordinates": [
          [
            [
              31.1812338081,
              -0.7005342509
            ],
            [
              31.1812217389,
              -0.6868075934
            ],
            [
              31.1895713311,
              -0.6868002193
            ],
            [
              31.1895497408,
              -0.6615845972
            ],
            [
              31.2062485698,
              -0.6615703498
            ],
            [
              31.2062345689,
              -0.6447602946
            ],
            [
              31.2145838207,
              -0.6447533317
            ],
            [
              31.2145634561,
              -0.6195385187
            ],
            [
              31.2062142446,
              -0.6195452096
            ],
            [
              31.2061760274,
              -0.5691150297
            ],
            [
              31.1978268001,
              -0.5691211636
            ],
            [
              31.197832932,
              -0.5775262843
            ],
            [
              31.1811341857,
              -0.5775386965
            ],
            [
              31.1811403833,
              -0.5859439994
            ],
            [
              31.1727908628,
              -0.585950277
            ],
            [
              31.172797137,
              -0.5943556684
            ],
            [
              31.1811466701,
              -0.5943493002
            ],
            [
              31.1811595127,
              -0.6111599019
            ],
            [
              31.1644603074,
              -0.6111729854
            ],
            [
              31.1644289969,
              -0.569145579
            ],
            [
              31.1477295582,
              -0.5691577137
            ],
            [
              31.1477356173,
              -0.577563375
            ],
            [
              31.1393857537,
              -0.577569513
            ],
            [
              31.1393981148,
              -0.5943810134
            ],
            [
              31.1310481355,
              -0.5943873181
            ],
            [
              31.1310608264,
              -0.6111989946
            ],
            [
              31.1227107345,
              -0.6112054645
            ],
            [
              31.1227439419,
              -0.6532350969
            ],
            [
              31.1143936948,
              -0.6532419985
            ],
            [
              31.1144075679,
              -0.6700540261
            ],
            [
              31.1311080291,
              -0.6700398543
            ],
            [
              31.1311151267,
              -0.6784456902
            ],
            [
              31.1394652389,
              -0.6784384936
            ],
            [
              31.1394724392,
              -0.6868442397
            ],
            [
              31.1561724263,
              -0.6868296248
            ],
            [
              31.1561776665,
              -0.6928589683
            ],
            [
              31.1622495591,
              -0.6952298
            ],
            [
              31.16452962,
              -0.6952277731
            ],
            [
              31.1645304032,
              -0.6961203705
            ],
            [
              31.1798928287,
              -0.7017738963
            ],
            [
              31.1812338081,
              -0.7005342509
            ]
          ]
        ]
      },
      "properties": {
        "country": "Uganda",
        "country_code": "UGA",
        "species_name": "Eucalyptus_saligna",
        "genus": "Eucalyptus",
        "species": "saligna",
        "suitability_name": "Moderately suitable",
        "suitability_rank": 2,
        "soil_suitability": "S2",
        "soil_type": "Ferrallitic Soils",
        "soil_description": "Yellow soils - Sandy clay loams",
        "site_class": null,
        "maz": "III",
        "maz_zone": null,
        "tz": "4",
        "frost_risk": null,
        "source_layer": "SWIFT_SSMT_Uganda"
      }
    },
    {
      "type": "Feature",
      "geometry": {
        "type": "Polygon",
        "coordinates": [
          [
            [
              30.4295864748,
              -0.8977283135
            ],
            [
              30.4295943592,
              -0.9061409882
            ],
            [
              30.4379517386,
              -0.9061330065
            ],
            [
              30.4379438354,
              -0.8977204042
            ],
            [
              30.4295864748,
              -0.8977283135
            ]
          ]
        ]
      },
      "properties": {
        "country": "Uganda",
        "country_code": "UGA",
        "species_name": "Eucalyptus_saligna",
        "genus": "Eucalyptus",
        "species": "saligna",
        "suitability_name": "Moderately suitable",
        "suitability_rank": 2,
        "soil_suitability": "S3",
        "soil_type": "Ferrallitic Soils",
        "soil_description": "Yellow soils - Sandy loams",
        "site_class": null,
        "maz": "II",
        "maz_zone": null,
        "tz": "4",
        "frost_risk": null,
        "source_layer": "SWIFT_SSMT_Uganda"
      }
    },
    {
      "type": "Feature",
      "geometry": {
        "type": "Polygon",
        "coordinates": [
          [
            [
              30.2624467623,
              -0.923124826
            ],
            [
              30.2624391203,
              -0.9147107069
            ],
            [
              30.2540802143,
              -0.9147183543
            ],
            [
              30.2540878362,
              -0.9231325435
            ],
            [
              30.2624467623,
              -0.923124826
            ]
          ]
        ]
      },
      "properties": {
        "country": "Uganda",
        "country_code": "UGA",
        "species_name": "Eucalyptus_saligna",
        "genus": "Eucalyptus",
        "species": "saligna",
        "suitability_name": "Moderately suitable",
        "suitability_rank": 2,
        "soil_suitability": "S1",
        "soil_type": "Ferrallitic Soils",
        "soil_description": "Red soils - Not differentiated; sandy clay loams",
        "site_class": null,
        "maz": "III",
        "maz_zone": null,
        "tz": "4",
        "frost_risk": null,
        "source_layer": "SWIFT_SSMT_Uganda"
      }
    },
    {
      "type": "Feature",
      "geometry": {
        "type": "Polygon",
        "coordinates": [
          [
            [
              30.4380091265,
              -0.9650212044
            ],
            [
              30.4379840885,
              -0.9397834081
            ],
            [
              30.429626631,
              -0.9397916878
            ],
            [
              30.4296432088,
              -0.9566170337
            ],
            [
              30.4212856369,
              -0.9566254418
            ],
            [
              30.4212940153,
              -0.9650381874
            ],
            [
              30.4380091265,
              -0.9650212044
            ]
          ]
        ]
      },
      "properties": {
        "country": "Uganda",
        "country_code": "UGA",
        "species_name": "Eucalyptus_saligna",
        "genus": "Eucalyptus",
        "species": "saligna",
        "suitability_name": "Moderately suitable",
        "suitability_rank": 2,
        "soil_suitability": "S3",
        "soil_type": "Ferrallitic Soils",
        "soil_description": "Yellow soils - Sandy loams",
        "site_class": null,
        "maz": "III",
        "maz_zone": null,
        "tz": "4",
        "frost_risk": null,
        "source_layer": "SWIFT_SSMT_Uganda"
      }
    },
    {
      "type": "Feature",
      "geometry": {
        "type": "Polygon",
        "coordinates": [
          [
            [
              30.8390053407,
              -0.8955897353
            ],
            [
              30.8389811779,
              -0.8720917659
            ],
            [
              30.8139202397,
              -0.8721174484
            ],
            [
              30.8139460375,
              -0.8973446916
            ],
            [
              30.8350821656,
              -0.8973224166
            ],
            [
              30.8390053407,
              -0.8955897353
            ]
          ]
        ]
      },
      "properties": {
        "country": "Uganda",
        "country_code": "UGA",
        "species_name": "Eucalyptus_saligna",
        "genus": "Eucalyptus",
        "species": "saligna",
        "suitability_name": "Moderately suitable",
        "suitability_rank": 2,
        "soil_suitability": "S3",
        "soil_type": "Ferrallitic Soils",
        "soil_description": "Yellow soils - Sandy loams",
        "site_class": null,
        "maz": "III",
        "maz_zone": null,
        "tz": "4",
        "frost_risk": null,
        "source_layer": "SWIFT_SSMT_Uganda"
      }
    },
    {
      "type": "Feature",
      "geometry": {
        "type": "Polygon",
        "coordinates": [
          [
            [
              30.8390071436,
              -0.8973182671
            ],
            [
              30.8390053407,
              -0.8955897353
            ],
            [
              30.8350821656,
              -0.8973224166
            ],
            [
              30.8390071436,
              -0.8973182671
            ]
          ]
        ]
      },
      "properties": {
        "country": "Uganda",
        "country_code": "UGA",
        "species_name": "Eucalyptus_saligna",
        "genus": "Eucalyptus",
        "species": "saligna",
        "suitability_name": "Moderately suitable",
        "suitability_rank": 2,
        "soil_suitability": "S1",
        "soil_type": "Ferrallitic Soils",
        "soil_description": "Red soils - Not differentiated; sandy clay loams",
        "site_class": null,
        "maz": "III",
        "maz_zone": null,
        "tz": "4",
        "frost_risk": null,
        "source_layer": "SWIFT_SSMT_Uganda"
      }
    },
    {
      "type": "Feature",
      "geometry": {
        "type": "Polygon",
        "coordinates": [
          [
            [
              30.237244198,
              -0.9568053851
            ],
            [
              30.2541190225,
              -0.9567892996
            ],
            [
              30.2541269946,
              -0.9652034872
            ],
            [
              30.2708449768,
              -0.9651873277
            ],
            [
              30.2708312754,
              -0.9507538046
            ],
            [
              30.2576205578,
              -0.952032979
            ],
            [
              30.2436745194,
              -0.9547348741
            ],
            [
              30.237244198,
              -0.9568053851
            ]
          ]
        ]
      },
      "properties": {
        "country": "Uganda",
        "country_code": "UGA",
        "species_name": "Eucalyptus_saligna",
        "genus": "Eucalyptus",
        "species": "saligna",
        "suitability_name": "Moderately suitable",
        "suitability_rank": 2,
        "soil_suitability": "S3",
        "soil_type": "Ferrallitic Soils",
        "soil_description": "Yellow soils - Sandy loams",
        "site_class": null,
        "maz": "II",
        "maz_zone": null,
        "tz": "4",
        "frost_risk": null,
        "source_layer": "SWIFT_SSMT_Uganda"
      }
    },
    {
      "type": "Feature",
      "geometry": {
        "type": "Polygon",
        "coordinates": [
          [
            [
              30.9643963517,
              -0.9812592422
            ],
            [
              30.9811012265,
              -0.9812392433
            ],
            [
              30.9810913148,
              -0.9728318481
            ],
            [
              30.9727389405,
              -0.9728417728
            ],
            [
              30.9727291345,
              -0.9644342917
            ],
            [
              30.9810814886,
              -0.9644244538
            ],
            [
              30.9810717469,
              -0.9560170588
            ],
            [
              30.9727194129,
              -0.9560268117
            ],
            [
              30.9727097765,
              -0.94761933
            ],
            [
              30.964357378,
              -0.947628977
            ],
            [
              30.9643963517,
              -0.9812592422
            ]
          ]
        ]
      },
      "properties": {
        "country": "Uganda",
        "country_code": "UGA",
        "species_name": "Eucalyptus_saligna",
        "genus": "Eucalyptus",
        "species": "saligna",
        "suitability_name": "Moderately suitable",
        "suitability_rank": 2,
        "soil_suitability": "S3",
        "soil_type": "Ferrallitic Soils",
        "soil_description": "Yellow soils - Sandy loams",
        "site_class": null,
        "maz": "II",
        "maz_zone": null,
        "tz": "4",
        "frost_risk": null,
        "source_layer": "SWIFT_SSMT_Uganda"
      }
    },
    {
      "type": "Feature",
      "geometry": {
        "type": "Polygon",
        "coordinates": [
          [
            [
              31.1395049564,
              -0.7235905721
            ],
            [
              31.1312621313,
              -0.7183078193
            ],
            [
              31.1179107795,
              -0.7066806635
            ],
            [
              31.1078318386,
              -0.7078834528
            ],
            [
              31.098349409,
              -0.7132640335
            ],
            [
              31.0943839749,
              -0.7156639911
            ],
            [
              31.099248969,
              -0.7246043543
            ],
            [
              31.100442172,
              -0.732661424
            ],
            [
              31.1063845985,
              -0.7466829938
            ],
            [
              31.1132068448,
              -0.7502579094
            ],
            [
              31.1238854233,
              -0.7562166035
            ],
            [
              31.1295211539,
              -0.7591955948
            ],
            [
              31.1363450101,
              -0.7645608786
            ],
            [
              31.136351909,
              -0.7717233547
            ],
            [
              31.1304309786,
              -0.7803838848
            ],
            [
              31.1233227173,
              -0.7875535165
            ],
            [
              31.1171080113,
              -0.7989005835
            ],
            [
              31.1159310834,
              -0.8078551051
            ],
            [
              31.1191998759,
              -0.8153128435
            ],
            [
              31.1319518796,
              -0.8188809288
            ],
            [
              31.1417368915,
              -0.8203629209
            ],
            [
              31.1630837929,
              -0.8218327154
            ],
            [
              31.1850267792,
              -0.826882702
            ],
            [
              31.2022286619,
              -0.8343246675
            ],
            [
              31.210831588,
              -0.8399851462
            ],
            [
              31.2188493817,
              -0.852807846
            ],
            [
              31.2221193847,
              -0.8611595381
            ],
            [
              31.2237731104,
              -0.8716763579
            ],
            [
              31.2565507327,
              -0.8716391423
            ],
            [
              31.2565227824,
              -0.8464257322
            ],
            [
              31.2481736056,
              -0.8464349636
            ],
            [
              31.2481465299,
              -0.8212212747
            ],
            [
              31.2397973146,
              -0.8212302143
            ],
            [
              31.2397797529,
              -0.8044209024
            ],
            [
              31.2564780226,
              -0.8044033732
            ],
            [
              31.2564693443,
              -0.7959988992
            ],
            [
              31.2731672161,
              -0.7959814852
            ],
            [
              31.2731585945,
              -0.7875771953
            ],
            [
              31.2815073774,
              -0.7875685547
            ],
            [
              31.2814988311,
              -0.7791643567
            ],
            [
              31.2898475049,
              -0.779155792
            ],
            [
              31.2898647211,
              -0.7959640029
            ],
            [
              31.3149102891,
              -0.7959376536
            ],
            [
              31.314890683,
              -0.7768789986
            ],
            [
              31.3112488465,
              -0.7733384543
            ],
            [
              31.2979018214,
              -0.7644008753
            ],
            [
              31.282182575,
              -0.7545701573
            ],
            [
              31.2673521551,
              -0.7444397193
            ],
            [
              31.2590419879,
              -0.7334074074
            ],
            [
              31.2391676398,
              -0.7182081734
            ],
            [
              31.2326518282,
              -0.7241822595
            ],
            [
              31.2276186914,
              -0.7307518364
            ],
            [
              31.2175403401,
              -0.7310597944
            ],
            [
              31.2018226379,
              -0.7239127733
            ],
            [
              31.1911497062,
              -0.7227290697
            ],
            [
              31.1843353584,
              -0.7269132644
            ],
            [
              31.1837488256,
              -0.7337774424
            ],
            [
              31.1849396254,
              -0.7391478464
            ],
            [
              31.183462733,
              -0.7448192068
            ],
            [
              31.1812733366,
              -0.7437198408
            ],
            [
              31.1812751527,
              -0.7456446661
            ],
            [
              31.156225522,
              -0.7456685853
            ],
            [
              31.1562136014,
              -0.7328700394
            ],
            [
              31.1484669173,
              -0.7293340935
            ],
            [
              31.1477354752,
              -0.7288653335
            ],
            [
              31.1395097702,
              -0.728872965
            ],
            [
              31.1395049564,
              -0.7235905721
            ]
          ]
        ]
      },
      "properties": {
        "country": "Uganda",
        "country_code": "UGA",
        "species_name": "Eucalyptus_saligna",
        "genus": "Eucalyptus",
        "species": "saligna",
        "suitability_name": "Moderately suitable",
        "suitability_rank": 2,
        "soil_suitability": "S2",
        "soil_type": "Ferrallitic Soils",
        "soil_description": "Yellow soils - Sandy clay loams",
        "site_class": null,
        "maz": "III",
        "maz_zone": null,
        "tz": "4",
        "frost_risk": null,
        "source_layer": "SWIFT_SSMT_Uganda"
      }
    },
    {
      "type": "Feature",
      "geometry": {
        "type": "Polygon",
        "coordinates": [
          [
            [
              31.0530879097,
              -0.8201559867
            ],
            [
              31.0548585291,
              -0.811797094
            ],
            [
              31.0604819162,
              -0.8016435878
            ],
            [
              31.0747050858,
              -0.7929740058
            ],
            [
              31.0856664114,
              -0.784009438
            ],
            [
              31.0871399057,
              -0.7747558746
            ],
            [
              31.0871330612,
              -0.7675929542
            ],
            [
              31.0820880148,
              -0.7625240408
            ],
            [
              31.0740300884,
              -0.7616779753
            ],
            [
              31.0560050248,
              -0.7712044404
            ],
            [
              31.0423748986,
              -0.7804701436
            ],
            [
              31.0210486965,
              -0.8034737004
            ],
            [
              31.0112790853,
              -0.8190045211
            ],
            [
              30.9988393809,
              -0.8330459869
            ],
            [
              30.9961867986,
              -0.8488686127
            ],
            [
              31.0030179455,
              -0.8596069991
            ],
            [
              31.0107315366,
              -0.8634791257
            ],
            [
              31.0350451139,
              -0.8628562368
            ],
            [
              31.0516444686,
              -0.8580629545
            ],
            [
              31.0735810289,
              -0.8538610225
            ],
            [
              31.0907719012,
              -0.8484704484
            ],
            [
              31.0978806996,
              -0.8418969366
            ],
            [
              31.0999449241,
              -0.8311505336
            ],
            [
              31.0966780693,
              -0.8257818223
            ],
            [
              31.0880750966,
              -0.8210154752
            ],
            [
              31.078290951,
              -0.8210255488
            ],
            [
              31.0676196216,
              -0.8234242114
            ],
            [
              31.0572443407,
              -0.8255241365
            ],
            [
              31.0530879097,
              -0.8201559867
            ]
          ]
        ]
      },
      "properties": {
        "country": "Uganda",
        "country_code": "UGA",
        "species_name": "Eucalyptus_saligna",
        "genus": "Eucalyptus",
        "species": "saligna",
        "suitability_name": "Moderately suitable",
        "suitability_rank": 2,
        "soil_suitability": "S1",
        "soil_type": "Ferrallitic Soils",
        "soil_description": "Red soils - Not differentiated; sandy clay loams",
        "site_class": null,
        "maz": "III",
        "maz_zone": null,
        "tz": "4",
        "frost_risk": null,
        "source_layer": "SWIFT_SSMT_Uganda"
      }
    },
    {
      "type": "Feature",
      "geometry": {
        "type": "Polygon",
        "coordinates": [
          [
            [
              30.9560437866,
              -0.9812692106
            ],
            [
              30.9643963517,
              -0.9812592422
            ],
            [
              30.9644063077,
              -0.9896668075
            ],
            [
              30.9727588084,
              -0.9896567318
            ],
            [
              30.9727672613,
              -0.9967247576
            ],
            [
              31.0004338259,
              -0.9968498348
            ],
            [
              31.0041077079,
              -0.9967199999
            ],
            [
              31.0050882295,
              -0.9968925718
            ],
            [
              31.012927707,
              -0.9966299997
            ],
            [
              31.0145286883,
              -0.9967669822
            ],
            [
              31.0145200338,
              -0.9896060422
            ],
            [
              31.0228720216,
              -0.9895958413
            ],
            [
              31.0228619195,
              -0.9811888793
            ],
            [
              31.0145099532,
              -0.9811989942
            ],
            [
              31.014490049,
              -0.964384895
            ],
            [
              31.006138038,
              -0.9643948158
            ],
            [
              31.0061185187,
              -0.947580542
            ],
            [
              30.9894143194,
              -0.9475999762
            ],
            [
              30.9893952226,
              -0.9307853545
            ],
            [
              30.9977473256,
              -0.9307758204
            ],
            [
              30.9977378864,
              -0.9223685946
            ],
            [
              31.0060898842,
              -0.9223591266
            ],
            [
              31.0061088881,
              -0.9391734034
            ],
            [
              31.0144608396,
              -0.9391637427
            ],
            [
              31.0144704898,
              -0.9475707937
            ],
            [
              31.0395258875,
              -0.9475414304
            ],
            [
              31.0395356845,
              -0.9559482211
            ],
            [
              31.0478873302,
              -0.9559383049
            ],
            [
              31.0478677828,
              -0.9391248985
            ],
            [
              31.056219302,
              -0.9391151367
            ],
            [
              31.0562096389,
              -0.9307085212
            ],
            [
              31.0645610514,
              -0.9306988276
            ],
            [
              31.0645514554,
              -0.9222922974
            ],
            [
              31.1063071108,
              -0.9222439743
            ],
            [
              31.1062879866,
              -0.9054317948
            ],
            [
              31.1146388156,
              -0.9054222485
            ],
            [
              31.1146293669,
              -0.8970162469
            ],
            [
              31.139681267,
              -0.8969877592
            ],
            [
              31.1396907735,
              -0.9053934944
            ],
            [
              31.1313402097,
              -0.9054030983
            ],
            [
              31.1313497847,
              -0.9138089223
            ],
            [
              31.1229991132,
              -0.9138185957
            ],
            [
              31.123008758,
              -0.9222245082
            ],
            [
              31.1146579786,
              -0.9222342509
            ],
            [
              31.114667692,
              -0.9306402509
            ],
            [
              31.106316804,
              -0.9306500642
            ],
            [
              31.1063265865,
              -0.9390561514
            ],
            [
              31.0896245085,
              -0.9390758943
            ],
            [
              31.089644256,
              -0.955888423
            ],
            [
              31.0812930455,
              -0.9558984395
            ],
            [
              31.0813030312,
              -0.9643047911
            ],
            [
              31.0729517119,
              -0.9643148758
            ],
            [
              31.0729719042,
              -0.981127754
            ],
            [
              31.0813232641,
              -0.9811174937
            ],
            [
              31.0813335104,
              -0.9895238448
            ],
            [
              31.089684804,
              -0.9895134745
            ],
            [
              31.0896745352,
              -0.9811072128
            ],
            [
              31.1063768162,
              -0.9810865873
            ],
            [
              31.1063665946,
              -0.9726805013
            ],
            [
              31.1147175818,
              -0.9726702457
            ],
            [
              31.1147074284,
              -0.964264248
            ],
            [
              31.1230583068,
              -0.9642540612
            ],
            [
              31.123048221,
              -0.9558481509
            ],
            [
              31.1313989907,
              -0.9558380314
            ],
            [
              31.1313790432,
              -0.9390263891
            ],
            [
              31.1397296854,
              -0.9390164287
            ],
            [
              31.1397198251,
              -0.930610696
            ],
            [
              31.1564208022,
              -0.9305908932
            ],
            [
              31.1564307031,
              -0.9389964472
            ],
            [
              31.1480802384,
              -0.9390064487
            ],
            [
              31.1481002667,
              -0.9558177332
            ],
            [
              31.1397496732,
              -0.9558278928
            ],
            [
              31.1397700158,
              -0.9726393554
            ],
            [
              31.1481206503,
              -0.9726290172
            ],
            [
              31.1481104143,
              -0.9642233747
            ],
            [
              31.1731617216,
              -0.964192506
            ],
            [
              31.173151513,
              -0.9557871332
            ],
            [
              31.181501749,
              -0.9557768916
            ],
            [
              31.1814916114,
              -0.9473716085
            ],
            [
              31.1898417375,
              -0.9473614385
            ],
            [
              31.1898316686,
              -0.9389562445
            ],
            [
              31.1981816857,
              -0.9389461447
            ],
            [
              31.1981716867,
              -0.9305410407
            ],
            [
              31.2065215948,
              -0.9305310106
            ],
            [
              31.2065116652,
              -0.9221259969
            ],
            [
              31.2232111709,
              -0.9221060601
            ],
            [
              31.2231818102,
              -0.8968915614
            ],
            [
              31.2148321602,
              -0.8969012663
            ],
            [
              31.2148036698,
              -0.8716864916
            ],
            [
              31.2237731104,
              -0.8716763579
            ],
            [
              31.2221193847,
              -0.8611595381
            ],
            [
              31.2188493817,
              -0.852807846
            ],
            [
              31.210831588,
              -0.8399851462
            ],
            [
              31.2022286619,
              -0.8343246675
            ],
            [
              31.1850267792,
              -0.826882702
            ],
            [
              31.1630837929,
              -0.8218327154
            ],
            [
              31.1417368915,
              -0.8203629209
            ],
            [
              31.1319518796,
              -0.8188809288
            ],
            [
              31.1191998759,
              -0.8153128435
            ],
            [
              31.1159310834,
              -0.8078551051
            ],
            [
              31.1171080113,
              -0.7989005835
            ],
            [
              31.1233227173,
              -0.7875535165
            ],
            [
              31.1304309786,
              -0.7803838848
            ],
            [
              31.136351909,
              -0.7717233547
            ],
            [
              31.1363450101,
              -0.7645608786
            ],
            [
              31.1295211539,
              -0.7591955948
            ],
            [
              31.1238854233,
              -0.7562166035
            ],
            [
              31.1132068448,
              -0.7502579094
            ],
            [
              31.1063845985,
              -0.7466829938
            ],
            [
              31.100442172,
              -0.732661424
            ],
            [
              31.099248969,
              -0.7246043543
            ],
            [
              31.0943839749,
              -0.7156639911
            ],
            [
              31.0863935546,
              -0.7205155629
            ],
            [
              31.0893996849,
              -0.7205128441
            ],
            [
              31.0894148763,
              -0.7373253962
            ],
            [
              31.0727132979,
              -0.7373408338
            ],
            [
              31.0727054377,
              -0.7286544964
            ],
            [
              31.0643561909,
              -0.7305053625
            ],
            [
              31.0643623783,
              -0.7373485286
            ],
            [
              31.0560113712,
              -0.7373562075
            ],
            [
              31.0560190354,
              -0.7457628349
            ],
            [
              31.0476679253,
              -0.7457705864
            ],
            [
              31.0476756605,
              -0.7541773004
            ],
            [
              31.0393244481,
              -0.7541851232
            ],
            [
              31.039332254,
              -0.7625919227
            ],
            [
              31.0059264776,
              -0.7626233998
            ],
            [
              31.0059343041,
              -0.7710305471
            ],
            [
              30.9760849,
              -0.7710587591
            ],
            [
              30.9741685985,
              -0.7718792694
            ],
            [
              30.972527621,
              -0.7716348245
            ],
            [
              30.9725349371,
              -0.7794695988
            ],
            [
              30.9641829036,
              -0.7794775341
            ],
            [
              30.9641988219,
              -0.7962926857
            ],
            [
              30.9725508877,
              -0.7962845808
            ],
            [
              30.9725589917,
              -0.8046920699
            ],
            [
              30.9558547387,
              -0.8047084355
            ],
            [
              30.9558628939,
              -0.8131160968
            ],
            [
              30.9475106225,
              -0.8131243386
            ],
            [
              30.9475188449,
              -0.8215320842
            ],
            [
              30.939166472,
              -0.8215403944
            ],
            [
              30.9391747612,
              -0.8299482252
            ],
            [
              30.9391831349,
              -0.8383560541
            ],
            [
              30.9308306424,
              -0.8383645163
            ],
            [
              30.9308390823,
              -0.8467724302
            ],
            [
              30.9224864881,
              -0.8467809597
            ],
            [
              30.9224780665,
              -0.8383729619
            ],
            [
              30.9141254056,
              -0.8383813874
            ],
            [
              30.9141338098,
              -0.8467894716
            ],
            [
              30.9057810485,
              -0.846797965
            ],
            [
              30.9057895182,
              -0.8552061317
            ],
            [
              30.8974366547,
              -0.8552146908
            ],
            [
              30.8974282016,
              -0.8468064399
            ],
            [
              30.8890752721,
              -0.8468148972
            ],
            [
              30.8890837067,
              -0.8552232321
            ],
            [
              30.8723775617,
              -0.8552402604
            ],
            [
              30.8723946077,
              -0.8720572641
            ],
            [
              30.8640413745,
              -0.8720659171
            ],
            [
              30.8640500028,
              -0.8804745029
            ],
            [
              30.8556966678,
              -0.8804832209
            ],
            [
              30.8557050472,
              -0.8885902627
            ],
            [
              30.8619933802,
              -0.8871112074
            ],
            [
              30.8722730567,
              -0.8904918815
            ],
            [
              30.8743509261,
              -0.8922808777
            ],
            [
              30.8758378534,
              -0.8961602186
            ],
            [
              30.8761442157,
              -0.9054143894
            ],
            [
              30.875265358,
              -0.9155654396
            ],
            [
              30.8711256007,
              -0.9269142385
            ],
            [
              30.8688427713,
              -0.9309207625
            ],
            [
              30.8808101655,
              -0.9309075061
            ],
            [
              30.8807829211,
              -0.9056822595
            ],
            [
              30.8891360629,
              -0.9056732341
            ],
            [
              30.889127129,
              -0.8972649016
            ],
            [
              30.8807740051,
              -0.8972738441
            ],
            [
              30.8807564244,
              -0.88045701
            ],
            [
              30.8891095097,
              -0.8804482351
            ],
            [
              30.889100825,
              -0.8720399019
            ],
            [
              30.9141595271,
              -0.8720137177
            ],
            [
              30.914177091,
              -0.8888298808
            ],
            [
              30.92252986,
              -0.8888209461
            ],
            [
              30.9225387873,
              -0.8972289423
            ],
            [
              30.914185998,
              -0.8972379607
            ],
            [
              30.9142040656,
              -0.9140541206
            ],
            [
              30.9225568925,
              -0.9140449321
            ],
            [
              30.9225660713,
              -0.9224529267
            ],
            [
              30.9309188341,
              -0.9224436353
            ],
            [
              30.9309281172,
              -0.9308515443
            ],
            [
              30.9225753351,
              -0.9308609205
            ],
            [
              30.9225941125,
              -0.9476769066
            ],
            [
              30.9309469346,
              -0.9476673617
            ],
            [
              30.9309660894,
              -0.964483177
            ],
            [
              30.9226132273,
              -0.9644928914
            ],
            [
              30.9226229101,
              -0.9729008831
            ],
            [
              30.9309757933,
              -0.9728910839
            ],
            [
              30.9309855815,
              -0.9812989892
            ],
            [
              30.9476911365,
              -0.9812791575
            ],
            [
              30.9477010503,
              -0.9896868928
            ],
            [
              30.956053721,
              -0.9896768605
            ],
            [
              30.9560437866,
              -0.9812692106
            ]
          ],
          [
            [
              31.0530879097,
              -0.8201559867
            ],
            [
              31.0572443407,
              -0.8255241365
            ],
            [
              31.0676196216,
              -0.8234242114
            ],
            [
              31.078290951,
              -0.8210255488
            ],
            [
              31.0880750966,
              -0.8210154752
            ],
            [
              31.0966780693,
              -0.8257818223
            ],
            [
              31.0999449241,
              -0.8311505336
            ],
            [
              31.0978806996,
              -0.8418969366
            ],
            [
              31.0907719012,
              -0.8484704484
            ],
            [
              31.0735810289,
              -0.8538610225
            ],
            [
              31.0516444686,
              -0.8580629545
            ],
            [
              31.0350451139,
              -0.8628562368
            ],
            [
              31.0107315366,
              -0.8634791257
            ],
            [
              31.0030179455,
              -0.8596069991
            ],
            [
              30.9961867986,
              -0.8488686127
            ],
            [
              30.9988393809,
              -0.8330459869
            ],
            [
              31.0112790853,
              -0.8190045211
            ],
            [
              31.0210486965,
              -0.8034737004
            ],
            [
              31.0423748986,
              -0.7804701436
            ],
            [
              31.0560050248,
              -0.7712044404
            ],
            [
              31.0740300884,
              -0.7616779753
            ],
            [
              31.0820880148,
              -0.7625240408
            ],
            [
              31.0871330612,
              -0.7675929542
            ],
            [
              31.0871399057,
              -0.7747558746
            ],
            [
              31.0856664114,
              -0.784009438
            ],
            [
              31.0747050858,
              -0.7929740058
            ],
            [
              31.0604819162,
              -0.8016435878
            ],
            [
              31.0548585291,
              -0.811797094
            ],
            [
              31.0530879097,
              -0.8201559867
            ]
          ],
          [
            [
              30.9811012265,
              -0.9812392433
            ],
            [
              30.9643963517,
              -0.9812592422
            ],
            [
              30.964357378,
              -0.947628977
            ],
            [
              30.9727097765,
              -0.94761933
            ],
            [
              30.9727194129,
              -0.9560268117
            ],
            [
              30.9810717469,
              -0.9560170588
            ],
            [
              30.9810814886,
              -0.9644244538
            ],
            [
              30.9727291345,
              -0.9644342917
            ],
            [
              30.9727389405,
              -0.9728417728
            ],
            [
              30.9810913148,
              -0.9728318481
            ],
            [
              30.9811012265,
              -0.9812392433
            ]
          ]
        ]
      },
      "properties": {
        "country": "Uganda",
        "country_code": "UGA",
        "species_name": "Eucalyptus_saligna",
        "genus": "Eucalyptus",
        "species": "saligna",
        "suitability_name": "Moderately suitable",
        "suitability_rank": 2,
        "soil_suitability": "S3",
        "soil_type": "Ferrallitic Soils",
        "soil_description": "Yellow soils - Sandy loams",
        "site_class": null,
        "maz": "III",
        "maz_zone": null,
        "tz": "4",
        "frost_risk": null,
        "source_layer": "SWIFT_SSMT_Uganda"
      }
    },
    {
      "type": "Feature",
      "geometry": {
        "type": "Polygon",
        "coordinates": [
          [
            [
              30.838867724,
              -0.752005743
            ],
            [
              30.8350644734,
              -0.747228654
            ],
            [
              30.8214188878,
              -0.7436580215
            ],
            [
              30.8101501312,
              -0.7451606196
            ],
            [
              30.804225172,
              -0.7529282798
            ],
            [
              30.8042264489,
              -0.7543987147
            ],
            [
              30.8054560112,
              -0.7543976316
            ],
            [
              30.8054633678,
              -0.7628068005
            ],
            [
              30.8305238765,
              -0.7627843875
            ],
            [
              30.8305164716,
              -0.7543754645
            ],
            [
              30.8388697944,
              -0.7543680438
            ],
            [
              30.838867724,
              -0.752005743
            ]
          ]
        ]
      },
      "properties": {
        "country": "Uganda",
        "country_code": "UGA",
        "species_name": "Eucalyptus_saligna",
        "genus": "Eucalyptus",
        "species": "saligna",
        "suitability_name": "Moderately suitable",
        "suitability_rank": 2,
        "soil_suitability": "S3",
        "soil_type": "Ferrallitic Soils",
        "soil_description": "Yellow soils - Sandy loams",
        "site_class": null,
        "maz": "III",
        "maz_zone": null,
        "tz": "4",
        "frost_risk": null,
        "source_layer": "SWIFT_SSMT_Uganda"
      }
    },
    {
      "type": "Feature",
      "geometry": {
        "type": "Polygon",
        "coordinates": [
          [
            [
              30.8473550407,
              -0.8919020776
            ],
            [
              30.8538839013,
              -0.8890186069
            ],
            [
              30.8544168965,
              -0.8888932439
            ],
            [
              30.8473519246,
              -0.8889006707
            ],
            [
              30.8473550407,
              -0.8919020776
            ]
          ]
        ]
      },
      "properties": {
        "country": "Uganda",
        "country_code": "UGA",
        "species_name": "Eucalyptus_saligna",
        "genus": "Eucalyptus",
        "species": "saligna",
        "suitability_name": "Moderately suitable",
        "suitability_rank": 2,
        "soil_suitability": "S3",
        "soil_type": "Ferrallitic Soils",
        "soil_description": "Yellow soils - Sandy loams",
        "site_class": null,
        "maz": "III",
        "maz_zone": null,
        "tz": "4",
        "frost_risk": null,
        "source_layer": "SWIFT_SSMT_Uganda"
      }
    },
    {
      "type": "Feature",
      "geometry": {
        "type": "Polygon",
        "coordinates": [
          [
            [
              31.1314487832,
              -0.996564044
            ],
            [
              31.1314399493,
              -0.989461311
            ],
            [
              31.1397907139,
              -0.9894508149
            ],
            [
              31.1397700158,
              -0.9726393554
            ],
            [
              31.1230684822,
              -0.9726599697
            ],
            [
              31.1230890966,
              -0.9894717862
            ],
            [
              31.1147381561,
              -0.9894822398
            ],
            [
              31.114746965,
              -0.9965937927
            ],
            [
              31.1314487832,
              -0.996564044
            ]
          ]
        ]
      },
      "properties": {
        "country": "Uganda",
        "country_code": "UGA",
        "species_name": "Eucalyptus_saligna",
        "genus": "Eucalyptus",
        "species": "saligna",
        "suitability_name": "Moderately suitable",
        "suitability_rank": 2,
        "soil_suitability": "S3",
        "soil_type": "Ferrallitic Soils",
        "soil_description": "Yellow soils - Sandy loams",
        "site_class": null,
        "maz": "III",
        "maz_zone": null,
        "tz": "4",
        "frost_risk": null,
        "source_layer": "SWIFT_SSMT_Uganda"
      }
    },
    {
      "type": "Feature",
      "geometry": {
        "type": "Polygon",
        "coordinates": [
          [
            [
              30.8472012189,
              -0.7291343326
            ],
            [
              30.8471941108,
              -0.7207255747
            ],
            [
              30.8388409338,
              -0.7207326795
            ],
            [
              30.8388339234,
              -0.7123238378
            ],
            [
              30.8304806779,
              -0.7123308453
            ],
            [
              30.8304876728,
              -0.7207397697
            ],
            [
              30.8221343307,
              -0.7207468442
            ],
            [
              30.8221413912,
              -0.7291558509
            ],
            [
              30.8137879517,
              -0.729162993
            ],
            [
              30.8137950799,
              -0.7375720818
            ],
            [
              30.7887342242,
              -0.7375936595
            ],
            [
              30.788741386,
              -0.7460029939
            ],
            [
              30.7803875885,
              -0.7460102374
            ],
            [
              30.780394817,
              -0.7544196531
            ],
            [
              30.7720409234,
              -0.7544269617
            ],
            [
              30.7720482154,
              -0.7628364577
            ],
            [
              30.7553401526,
              -0.7628511885
            ],
            [
              30.755347494,
              -0.7712608482
            ],
            [
              30.738639077,
              -0.7712756757
            ],
            [
              30.7386464659,
              -0.7796854957
            ],
            [
              30.7470007317,
              -0.7796780094
            ],
            [
              30.7470082157,
              -0.7880877479
            ],
            [
              30.763716538,
              -0.7880725637
            ],
            [
              30.763731818,
              -0.8048917166
            ],
            [
              30.7720858908,
              -0.804883937
            ],
            [
              30.7720936686,
              -0.813293431
            ],
            [
              30.7804476792,
              -0.8132855516
            ],
            [
              30.7804398839,
              -0.8048761389
            ],
            [
              30.7887937952,
              -0.8048683242
            ],
            [
              30.7887860643,
              -0.796458993
            ],
            [
              30.7804321703,
              -0.7964667262
            ],
            [
              30.7804245376,
              -0.7880573117
            ],
            [
              30.7720705781,
              -0.7880649472
            ],
            [
              30.772055589,
              -0.7712459545
            ],
            [
              30.7887633595,
              -0.7712309955
            ],
            [
              30.7887559537,
              -0.7628216623
            ],
            [
              30.7971097018,
              -0.7628142401
            ],
            [
              30.7971023606,
              -0.7544049885
            ],
            [
              30.8042264489,
              -0.7543987147
            ],
            [
              30.804225172,
              -0.7529282798
            ],
            [
              30.8101501312,
              -0.7451606196
            ],
            [
              30.8214188878,
              -0.7436580215
            ],
            [
              30.8350644734,
              -0.747228654
            ],
            [
              30.838867724,
              -0.752005743
            ],
            [
              30.8388551993,
              -0.7375503628
            ],
            [
              30.8472084077,
              -0.7375430914
            ],
            [
              30.8472012189,
              -0.7291343326
            ]
          ]
        ]
      },
      "properties": {
        "country": "Uganda",
        "country_code": "UGA",
        "species_name": "Eucalyptus_saligna",
        "genus": "Eucalyptus",
        "species": "saligna",
        "suitability_name": "Moderately suitable",
        "suitability_rank": 2,
        "soil_suitability": "S2",
        "soil_type": "Ferrallitic Soils",
        "soil_description": "Yellow soils - Sandy clay loams",
        "site_class": null,
        "maz": "III",
        "maz_zone": null,
        "tz": "4",
        "frost_risk": null,
        "source_layer": "SWIFT_SSMT_Uganda"
      }
    },
    {
      "type": "Feature",
      "geometry": {
        "type": "Polygon",
        "coordinates": [
          [
            [
              30.863914579,
              -0.7375285015
            ],
            [
              30.8639073577,
              -0.7291199098
            ],
            [
              30.8555543301,
              -0.7291271291
            ],
            [
              30.8555615355,
              -0.7375358049
            ],
            [
              30.863914579,
              -0.7375285015
            ]
          ]
        ]
      },
      "properties": {
        "country": "Uganda",
        "country_code": "UGA",
        "species_name": "Eucalyptus_saligna",
        "genus": "Eucalyptus",
        "species": "saligna",
        "suitability_name": "Moderately suitable",
        "suitability_rank": 2,
        "soil_suitability": "S2",
        "soil_type": "Ferrallitic Soils",
        "soil_description": "Yellow soils - Sandy clay loams",
        "site_class": null,
        "maz": "III",
        "maz_zone": null,
        "tz": "4",
        "frost_risk": null,
        "source_layer": "SWIFT_SSMT_Uganda"
      }
    },
    {
      "type": "Feature",
      "geometry": {
        "type": "Polygon",
        "coordinates": [
          [
            [
              30.8688427713,
              -0.9309207625
            ],
            [
              30.8711256007,
              -0.9269142385
            ],
            [
              30.875265358,
              -0.9155654396
            ],
            [
              30.8761442157,
              -0.9054143894
            ],
            [
              30.8758378534,
              -0.8961602186
            ],
            [
              30.8743509261,
              -0.8922808777
            ],
            [
              30.8722730567,
              -0.8904918815
            ],
            [
              30.8619933802,
              -0.8871112074
            ],
            [
              30.8557050472,
              -0.8885902627
            ],
            [
              30.8557053606,
              -0.8888918881
            ],
            [
              30.8544168965,
              -0.8888932439
            ],
            [
              30.8538839013,
              -0.8890186069
            ],
            [
              30.8473550407,
              -0.8919020776
            ],
            [
              30.8473606815,
              -0.8973094211
            ],
            [
              30.8390071436,
              -0.8973182671
            ],
            [
              30.8390159633,
              -0.9057270995
            ],
            [
              30.8557229949,
              -0.905709222
            ],
            [
              30.8557319356,
              -0.9141178876
            ],
            [
              30.8640853461,
              -0.9141088368
            ],
            [
              30.8641035154,
              -0.9309260002
            ],
            [
              30.8688427713,
              -0.9309207625
            ]
          ]
        ]
      },
      "properties": {
        "country": "Uganda",
        "country_code": "UGA",
        "species_name": "Eucalyptus_saligna",
        "genus": "Eucalyptus",
        "species": "saligna",
        "suitability_name": "Moderately suitable",
        "suitability_rank": 2,
        "soil_suitability": "S1",
        "soil_type": "Ferrallitic Soils",
        "soil_description": "Red soils - Not differentiated; sandy clay loams",
        "site_class": null,
        "maz": "III",
        "maz_zone": null,
        "tz": "4",
        "frost_risk": null,
        "source_layer": "SWIFT_SSMT_Uganda"
      }
    },
    {
      "type": "Feature",
      "geometry": {
        "type": "Polygon",
        "coordinates": [
          [
            [
              31.323152478,
              -0.6866802638
            ],
            [
              31.3315005197,
              -0.686672643
            ],
            [
              31.3314929884,
              -0.678268996
            ],
            [
              31.3237147625,
              -0.6782760109
            ],
            [
              31.3231450337,
              -0.6783588988
            ],
            [
              31.323152478,
              -0.6866802638
            ]
          ]
        ]
      },
      "properties": {
        "country": "Uganda",
        "country_code": "UGA",
        "species_name": "Eucalyptus_saligna",
        "genus": "Eucalyptus",
        "species": "saligna",
        "suitability_name": "Moderately suitable",
        "suitability_rank": 2,
        "soil_suitability": "S2",
        "soil_type": "Ferrallitic Soils",
        "soil_description": "Yellow soils - Sandy clay loams",
        "site_class": null,
        "maz": "III",
        "maz_zone": null,
        "tz": "4",
        "frost_risk": null,
        "source_layer": "SWIFT_SSMT_Uganda"
      }
    },
    {
      "type": "Feature",
      "geometry": {
        "type": "Polygon",
        "coordinates": [
          [
            [
              31.3148119375,
              -0.6950917026
            ],
            [
              31.3231600872,
              -0.6950840028
            ],
            [
              31.323152478,
              -0.6866802638
            ],
            [
              31.3148043422,
              -0.6866878708
            ],
            [
              31.3148119375,
              -0.6950917026
            ]
          ]
        ]
      },
      "properties": {
        "country": "Uganda",
        "country_code": "UGA",
        "species_name": "Eucalyptus_saligna",
        "genus": "Eucalyptus",
        "species": "saligna",
        "suitability_name": "Moderately suitable",
        "suitability_rank": 2,
        "soil_suitability": "S2",
        "soil_type": "Ferrallitic Soils",
        "soil_description": "Yellow soils - Sandy clay loams",
        "site_class": null,
        "maz": "III",
        "maz_zone": null,
        "tz": "4",
        "frost_risk": null,
        "source_layer": "SWIFT_SSMT_Uganda"
      }
    },
    {
      "type": "Feature",
      "geometry": {
        "type": "Polygon",
        "coordinates": [
          [
            [
              30.2791649718,
              -0.9237276562
            ],
            [
              30.2791644048,
              -0.9231093325
            ],
            [
              30.2783197904,
              -0.9231101175
            ],
            [
              30.2791649718,
              -0.9237276562
            ]
          ]
        ]
      },
      "properties": {
        "country": "Uganda",
        "country_code": "UGA",
        "species_name": "Eucalyptus_saligna",
        "genus": "Eucalyptus",
        "species": "saligna",
        "suitability_name": "Moderately suitable",
        "suitability_rank": 2,
        "soil_suitability": "S3",
        "soil_type": "Ferrallitic Soils",
        "soil_description": "Yellow soils - Sandy loams",
        "site_class": null,
        "maz": "III",
        "maz_zone": null,
        "tz": "4",
        "frost_risk": null,
        "source_layer": "SWIFT_SSMT_Uganda"
      }
    },
    {
      "type": "Feature",
      "geometry": {
        "type": "Polygon",
        "coordinates": [
          [
            [
              30.3794722838,
              -0.9314278279
            ],
            [
              30.3711143339,
              -0.9314358951
            ],
            [
              30.3711304859,
              -0.9482622697
            ],
            [
              30.3794884752,
              -0.9482540576
            ],
            [
              30.3794722838,
              -0.9314278279
            ]
          ]
        ]
      },
      "properties": {
        "country": "Uganda",
        "country_code": "UGA",
        "species_name": "Eucalyptus_saligna",
        "genus": "Eucalyptus",
        "species": "saligna",
        "suitability_name": "Moderately suitable",
        "suitability_rank": 2,
        "soil_suitability": "S3",
        "soil_type": "Ferrallitic Soils",
        "soil_description": "Yellow soils - Sandy loams",
        "site_class": null,
        "maz": "III",
        "maz_zone": null,
        "tz": "4",
        "frost_risk": null,
        "source_layer": "SWIFT_SSMT_Uganda"
      }
    },
    {
      "type": "Feature",
      "geometry": {
        "type": "Polygon",
        "coordinates": [
          [
            [
              30.2875872602,
              -0.9904127991
            ],
            [
              30.2959460673,
              -0.990404435
            ],
            [
              30.2959214234,
              -0.9651629354
            ],
            [
              30.2875626779,
              -0.9651710875
            ],
            [
              30.2875546259,
              -0.956757182
            ],
            [
              30.2959133503,
              -0.9567491009
            ],
            [
              30.2958974161,
              -0.9399214316
            ],
            [
              30.2875387315,
              -0.9399293698
            ],
            [
              30.2875308909,
              -0.9315154631
            ],
            [
              30.2856550949,
              -0.9315172256
            ],
            [
              30.2869832548,
              -0.9331851942
            ],
            [
              30.2843238111,
              -0.9454354765
            ],
            [
              30.2763155603,
              -0.9502227592
            ],
            [
              30.2708312754,
              -0.9507538046
            ],
            [
              30.2708449768,
              -0.9651873277
            ],
            [
              30.2541269946,
              -0.9652034872
            ],
            [
              30.2541190225,
              -0.9567892996
            ],
            [
              30.237244198,
              -0.9568053851
            ],
            [
              30.2232026331,
              -0.9613266535
            ],
            [
              30.2206882605,
              -0.9631822485
            ],
            [
              30.2206901927,
              -0.9652355582
            ],
            [
              30.2290494964,
              -0.9652275713
            ],
            [
              30.2290574761,
              -0.9736419686
            ],
            [
              30.279211965,
              -0.973593193
            ],
            [
              30.2792201391,
              -0.982007168
            ],
            [
              30.287578995,
              -0.9819988956
            ],
            [
              30.2875872602,
              -0.9904127991
            ]
          ]
        ]
      },
      "properties": {
        "country": "Uganda",
        "country_code": "UGA",
        "species_name": "Eucalyptus_saligna",
        "genus": "Eucalyptus",
        "species": "saligna",
        "suitability_name": "Moderately suitable",
        "suitability_rank": 2,
        "soil_suitability": "S3",
        "soil_type": "Ferrallitic Soils",
        "soil_description": "Yellow soils - Sandy loams",
        "site_class": null,
        "maz": "III",
        "maz_zone": null,
        "tz": "4",
        "frost_risk": null,
        "source_layer": "SWIFT_SSMT_Uganda"
      }
    },
    {
      "type": "Feature",
      "geometry": {
        "type": "Polygon",
        "coordinates": [
          [
            [
              30.3878629137,
              -0.9650719069
            ],
            [
              30.3878463919,
              -0.9482458254
            ],
            [
              30.3794884752,
              -0.9482540576
            ],
            [
              30.3795049569,
              -0.9650802844
            ],
            [
              30.3878629137,
              -0.9650719069
            ]
          ]
        ]
      },
      "properties": {
        "country": "Uganda",
        "country_code": "UGA",
        "species_name": "Eucalyptus_saligna",
        "genus": "Eucalyptus",
        "species": "saligna",
        "suitability_name": "Moderately suitable",
        "suitability_rank": 2,
        "soil_suitability": "S3",
        "soil_type": "Ferrallitic Soils",
        "soil_description": "Yellow soils - Sandy loams",
        "site_class": null,
        "maz": "III",
        "maz_zone": null,
        "tz": "4",
        "frost_risk": null,
        "source_layer": "SWIFT_SSMT_Uganda"
      }
    },
    {
      "type": "Feature",
      "geometry": {
        "type": "Polygon",
        "coordinates": [
          [
            [
              30.3461144571,
              -1.0071806048
            ],
            [
              30.3461230838,
              -1.0155940053
            ],
            [
              30.3628397567,
              -1.0155765238
            ],
            [
              30.3628484975,
              -1.0239897797
            ],
            [
              30.3795649255,
              -1.0239720662
            ],
            [
              30.3795737819,
              -1.0323851749
            ],
            [
              30.3962899639,
              -1.032367227
            ],
            [
              30.3962989366,
              -1.0407801896
            ],
            [
              30.4130148706,
              -1.0407620076
            ],
            [
              30.4130058532,
              -1.0323491922
            ],
            [
              30.4046479442,
              -1.0323582206
            ],
            [
              30.4046390218,
              -1.0239453309
            ],
            [
              30.3962810632,
              -1.0239542638
            ],
            [
              30.3962634808,
              -1.0071283365
            ],
            [
              30.4046213966,
              -1.0071195506
            ],
            [
              30.4045955064,
              -0.9818808748
            ],
            [
              30.3962376525,
              -0.981889441
            ],
            [
              30.3962207987,
              -0.9650635071
            ],
            [
              30.3878629137,
              -0.9650719069
            ],
            [
              30.3878882417,
              -0.9903110253
            ],
            [
              30.3711721303,
              -0.990328199
            ],
            [
              30.3711806763,
              -0.9987413832
            ],
            [
              30.3795387892,
              -0.9987327344
            ],
            [
              30.3795561408,
              -1.0155589559
            ],
            [
              30.3711979854,
              -1.0155677506
            ],
            [
              30.3711892938,
              -1.0071545677
            ],
            [
              30.3461144571,
              -1.0071806048
            ]
          ]
        ]
      },
      "properties": {
        "country": "Uganda",
        "country_code": "UGA",
        "species_name": "Eucalyptus_saligna",
        "genus": "Eucalyptus",
        "species": "saligna",
        "suitability_name": "Moderately suitable",
        "suitability_rank": 2,
        "soil_suitability": "S3",
        "soil_type": "Ferrallitic Soils",
        "soil_description": "Yellow soils - Sandy loams",
        "site_class": null,
        "maz": "III",
        "maz_zone": null,
        "tz": "4",
        "frost_risk": null,
        "source_layer": "SWIFT_SSMT_Uganda"
      }
    },
    {
      "type": "Feature",
      "geometry": {
        "type": "Polygon",
        "coordinates": [
          [
            [
              30.3127775053,
              -1.0991443981
            ],
            [
              30.3127689396,
              -1.0913518799
            ],
            [
              30.3044100089,
              -1.0913611445
            ],
            [
              30.304400852,
              -1.0829473903
            ],
            [
              30.2876828243,
              -1.0829657056
            ],
            [
              30.2877011171,
              -1.0997935007
            ],
            [
              30.2793419502,
              -1.0998027662
            ],
            [
              30.2793327923,
              -1.0913887986
            ],
            [
              30.2709735783,
              -1.0913979699
            ],
            [
              30.2709555193,
              -1.0745698909
            ],
            [
              30.2625962813,
              -1.0745788972
            ],
            [
              30.2625873805,
              -1.0661647869
            ],
            [
              30.2542280953,
              -1.0661737009
            ],
            [
              30.254219286,
              -1.0577595189
            ],
            [
              30.2375005517,
              -1.0577771379
            ],
            [
              30.237483232,
              -1.0409484925
            ],
            [
              30.2458425895,
              -1.0409398344
            ],
            [
              30.2458255043,
              -1.0241113273
            ],
            [
              30.2374661905,
              -1.0241198448
            ],
            [
              30.2374494262,
              -1.0072911957
            ],
            [
              30.2123711993,
              -1.0073162007
            ],
            [
              30.2123629846,
              -0.9989016664
            ],
            [
              30.2040034588,
              -0.9989098895
            ],
            [
              30.2039833242,
              -0.9779215388
            ],
            [
              30.1899918848,
              -0.9930260289
            ],
            [
              30.1796136265,
              -1.0031938515
            ],
            [
              30.1736894327,
              -1.0154487636
            ],
            [
              30.1686577978,
              -1.0297942388
            ],
            [
              30.1665929046,
              -1.0426430302
            ],
            [
              30.1695824555,
              -1.0638519685
            ],
            [
              30.1746464238,
              -1.0814734824
            ],
            [
              30.1841594181,
              -1.0958037234
            ],
            [
              30.1981250609,
              -1.1104275701
            ],
            [
              30.2304880203,
              -1.1208480941
            ],
            [
              30.2625382151,
              -1.1175262399
            ],
            [
              30.287457968,
              -1.1082377665
            ],
            [
              30.3044218499,
              -1.1021452849
            ],
            [
              30.3044192366,
              -1.0997749
            ],
            [
              30.3110425323,
              -1.0997675041
            ],
            [
              30.3127775053,
              -1.0991443981
            ]
          ]
        ]
      },
      "properties": {
        "country": "Uganda",
        "country_code": "UGA",
        "species_name": "Eucalyptus_saligna",
        "genus": "Eucalyptus",
        "species": "saligna",
        "suitability_name": "Moderately suitable",
        "suitability_rank": 2,
        "soil_suitability": "S3",
        "soil_type": "Ferrallitic Soils",
        "soil_description": "Yellow soils - Sandy loams",
        "site_class": null,
        "maz": "III",
        "maz_zone": null,
        "tz": "4",
        "frost_risk": null,
        "source_layer": "SWIFT_SSMT_Uganda"
      }
    },
    {
      "type": "Feature",
      "geometry": {
        "type": "Polygon",
        "coordinates": [
          [
            [
              30.287595594,
              -0.9988267029
            ],
            [
              30.2875872602,
              -0.9904127991
            ],
            [
              30.2792283817,
              -0.9904211432
            ],
            [
              30.2792366954,
              -0.9988351169
            ],
            [
              30.287595594,
              -0.9988267029
            ]
          ]
        ]
      },
      "properties": {
        "country": "Uganda",
        "country_code": "UGA",
        "species_name": "Eucalyptus_saligna",
        "genus": "Eucalyptus",
        "species": "saligna",
        "suitability_name": "Moderately suitable",
        "suitability_rank": 2,
        "soil_suitability": "S3",
        "soil_type": "Ferrallitic Soils",
        "soil_description": "Yellow soils - Sandy loams",
        "site_class": null,
        "maz": "III",
        "maz_zone": null,
        "tz": "4",
        "frost_risk": null,
        "source_layer": "SWIFT_SSMT_Uganda"
      }
    },
    {
      "type": "Feature",
      "geometry": {
        "type": "Polygon",
        "coordinates": [
          [
            [
              30.3461144571,
              -1.0071806048
            ],
            [
              30.346105903,
              -0.9987672027
            ],
            [
              30.3210304835,
              -0.9987928306
            ],
            [
              30.3210389741,
              -1.0072064477
            ],
            [
              30.2959628502,
              -1.0072320981
            ],
            [
              30.295954423,
              -0.9988182659
            ],
            [
              30.287595594,
              -0.9988267029
            ],
            [
              30.287604,
              -1.0072406052
            ],
            [
              30.2792450794,
              -1.0072490908
            ],
            [
              30.2792535345,
              -1.0156630642
            ],
            [
              30.2876124765,
              -1.0156545068
            ],
            [
              30.2876210226,
              -1.0240684087
            ],
            [
              30.3210561691,
              -1.0240336818
            ],
            [
              30.321047536,
              -1.015620065
            ],
            [
              30.3377646392,
              -1.0156027138
            ],
            [
              30.3377560346,
              -1.0071892401
            ],
            [
              30.3461144571,
              -1.0071806048
            ]
          ]
        ]
      },
      "properties": {
        "country": "Uganda",
        "country_code": "UGA",
        "species_name": "Eucalyptus_saligna",
        "genus": "Eucalyptus",
        "species": "saligna",
        "suitability_name": "Moderately suitable",
        "suitability_rank": 2,
        "soil_suitability": "S3",
        "soil_type": "Ferrallitic Soils",
        "soil_description": "Yellow soils - Sandy loams",
        "site_class": null,
        "maz": "III",
        "maz_zone": null,
        "tz": "4",
        "frost_risk": null,
        "source_layer": "SWIFT_SSMT_Uganda"
      }
    },
    {
      "type": "Feature",
      "geometry": {
        "type": "Polygon",
        "coordinates": [
          [
            [
              30.2457137045,
              -0.9063117206
            ],
            [
              30.2373546784,
              -0.9063192586
            ],
            [
              30.2373621917,
              -0.9147335893
            ],
            [
              30.2457212377,
              -0.9147259814
            ],
            [
              30.2457137045,
              -0.9063117206
            ]
          ]
        ]
      },
      "properties": {
        "country": "Uganda",
        "country_code": "UGA",
        "species_name": "Eucalyptus_saligna",
        "genus": "Eucalyptus",
        "species": "saligna",
        "suitability_name": "Moderately suitable",
        "suitability_rank": 2,
        "soil_suitability": "S1",
        "soil_type": "Ferrallitic Soils",
        "soil_description": "Red soils - Not differentiated; sandy clay loams",
        "site_class": null,
        "maz": "III",
        "maz_zone": null,
        "tz": "4",
        "frost_risk": null,
        "source_layer": "SWIFT_SSMT_Uganda"
      }
    },
    {
      "type": "Feature",
      "geometry": {
        "type": "Polygon",
        "coordinates": [
          [
            [
              30.2373621917,
              -0.9147335893
            ],
            [
              30.2290030764,
              -0.914741178
            ],
            [
              30.2290106397,
              -0.9231555776
            ],
            [
              30.2290182721,
              -0.9315699773
            ],
            [
              30.2206590482,
              -0.9315776856
            ],
            [
              30.2206882605,
              -0.9631822485
            ],
            [
              30.2232026331,
              -0.9613266535
            ],
            [
              30.237244198,
              -0.9568053851
            ],
            [
              30.2290415867,
              -0.9568131734
            ],
            [
              30.2290259745,
              -0.9399843773
            ],
            [
              30.262462256,
              -0.9399530645
            ],
            [
              30.2624701068,
              -0.9483671832
            ],
            [
              30.2708290228,
              -0.9483592341
            ],
            [
              30.2708312754,
              -0.9507538046
            ],
            [
              30.2763155603,
              -0.9502227592
            ],
            [
              30.2843238111,
              -0.9454354765
            ],
            [
              30.2869832548,
              -0.9331851942
            ],
            [
              30.2856550949,
              -0.9315172256
            ],
            [
              30.2791721555,
              -0.9315233107
            ],
            [
              30.2791649718,
              -0.9237276562
            ],
            [
              30.2783197904,
              -0.9231101175
            ],
            [
              30.2624467623,
              -0.923124826
            ],
            [
              30.2624544734,
              -0.9315389461
            ],
            [
              30.2540955278,
              -0.9315467329
            ],
            [
              30.2540878362,
              -0.9231325435
            ],
            [
              30.2373697751,
              -0.9231479202
            ],
            [
              30.2373621917,
              -0.9147335893
            ]
          ]
        ]
      },
      "properties": {
        "country": "Uganda",
        "country_code": "UGA",
        "species_name": "Eucalyptus_saligna",
        "genus": "Eucalyptus",
        "species": "saligna",
        "suitability_name": "Moderately suitable",
        "suitability_rank": 2,
        "soil_suitability": "S1",
        "soil_type": "Ferrallitic Soils",
        "soil_description": "Red soils - Not differentiated; sandy clay loams",
        "site_class": null,
        "maz": "III",
        "maz_zone": null,
        "tz": "4",
        "frost_risk": null,
        "source_layer": "SWIFT_SSMT_Uganda"
      }
    },
    {
      "type": "Feature",
      "geometry": {
        "type": "Polygon",
        "coordinates": [
          [
            [
              30.2206514352,
              -0.9231632164
            ],
            [
              30.2206438911,
              -0.9147487473
            ],
            [
              30.2039253148,
              -0.9147638264
            ],
            [
              30.2039328196,
              -0.9231784347
            ],
            [
              30.2206514352,
              -0.9231632164
            ]
          ]
        ]
      },
      "properties": {
        "country": "Uganda",
        "country_code": "UGA",
        "species_name": "Eucalyptus_saligna",
        "genus": "Eucalyptus",
        "species": "saligna",
        "suitability_name": "Moderately suitable",
        "suitability_rank": 2,
        "soil_suitability": "S1",
        "soil_type": "Ferrallitic Soils",
        "soil_description": "Red soils - Not differentiated; sandy clay loams",
        "site_class": null,
        "maz": "III",
        "maz_zone": null,
        "tz": "4",
        "frost_risk": null,
        "source_layer": "SWIFT_SSMT_Uganda"
      }
    },
    {
      "type": "Feature",
      "geometry": {
        "type": "Polygon",
        "coordinates": [
          [
            [
              30.2039328196,
              -0.9231784347
            ],
            [
              30.1454155079,
              -0.9232310768
            ],
            [
              30.1454081397,
              -0.914815988
            ],
            [
              30.128688337,
              -0.9148307156
            ],
            [
              30.1286956658,
              -0.9232459392
            ],
            [
              30.1370556203,
              -0.9232385173
            ],
            [
              30.1370630371,
              -0.9316536729
            ],
            [
              30.1454229441,
              -0.9316461641
            ],
            [
              30.1454304484,
              -0.9400612515
            ],
            [
              30.1621500992,
              -0.9400460373
            ],
            [
              30.1621577103,
              -0.9484609885
            ],
            [
              30.1788771304,
              -0.9484455567
            ],
            [
              30.1788618959,
              -0.9316159282
            ],
            [
              30.1955809627,
              -0.9316006914
            ],
            [
              30.1956040367,
              -0.9568447191
            ],
            [
              30.187244477,
              -0.9568525555
            ],
            [
              30.1872601616,
              -0.973682043
            ],
            [
              30.1789004923,
              -0.9736899944
            ],
            [
              30.1789084166,
              -0.9821048066
            ],
            [
              30.1705486588,
              -0.9821128074
            ],
            [
              30.1705566303,
              -0.9905276863
            ],
            [
              30.178916409,
              -0.9905196181
            ],
            [
              30.1789244692,
              -0.998934429
            ],
            [
              30.1705646696,
              -0.9989425663
            ],
            [
              30.1705891967,
              -1.0241872011
            ],
            [
              30.1622292642,
              -1.0241955224
            ],
            [
              30.1622459125,
              -1.0410254133
            ],
            [
              30.1538858679,
              -1.0410338495
            ],
            [
              30.1538942704,
              -1.049448862
            ],
            [
              30.1455341372,
              -1.0494573429
            ],
            [
              30.1455425856,
              -1.0578724234
            ],
            [
              30.1539027421,
              -1.0578638749
            ],
            [
              30.1539198875,
              -1.074693898
            ],
            [
              30.162280021,
              -1.0746851893
            ],
            [
              30.1622887177,
              -1.0831001317
            ],
            [
              30.1706488065,
              -1.0830913319
            ],
            [
              30.1706575948,
              -1.0915062057
            ],
            [
              30.1622974829,
              -1.0915150745
            ],
            [
              30.1623063157,
              -1.0999300159
            ],
            [
              30.1706664509,
              -1.099921079
            ],
            [
              30.1706753756,
              -1.1083359518
            ],
            [
              30.1790354647,
              -1.1083269231
            ],
            [
              30.1790444818,
              -1.1167417262
            ],
            [
              30.1874045275,
              -1.1167326061
            ],
            [
              30.1874136347,
              -1.1251473394
            ],
            [
              30.2041335691,
              -1.125128888
            ],
            [
              30.2041427926,
              -1.1335434841
            ],
            [
              30.2125026812,
              -1.1335341523
            ],
            [
              30.2125499556,
              -1.1756067761
            ],
            [
              30.2292697699,
              -1.175587345
            ],
            [
              30.2292601276,
              -1.1671729607
            ],
            [
              30.2459796135,
              -1.1671535697
            ],
            [
              30.2459893066,
              -1.1755678144
            ],
            [
              30.237629572,
              -1.1755775919
            ],
            [
              30.2376491164,
              -1.1924062198
            ],
            [
              30.2292892627,
              -1.1924161113
            ],
            [
              30.2293290801,
              -1.2260736384
            ],
            [
              30.2209690546,
              -1.2260837839
            ],
            [
              30.220989328,
              -1.2429126829
            ],
            [
              30.2354535901,
              -1.2428948717
            ],
            [
              30.2369300592,
              -1.2418199996
            ],
            [
              30.2377067614,
              -1.2407149461
            ],
            [
              30.2376890364,
              -1.2260634673
            ],
            [
              30.2460489234,
              -1.226053268
            ],
            [
              30.2460388129,
              -1.2176390274
            ],
            [
              30.2534275727,
              -1.2176300547
            ],
            [
              30.2543975143,
              -1.2167216349
            ],
            [
              30.2543885365,
              -1.2092147018
            ],
            [
              30.262748232,
              -1.2092045928
            ],
            [
              30.26273821,
              -1.2007904909
            ],
            [
              30.2710978089,
              -1.2007804254
            ],
            [
              30.2710878322,
              -1.1923663945
            ],
            [
              30.2794473363,
              -1.1923563747
            ],
            [
              30.2794374033,
              -1.1839424131
            ],
            [
              30.2710779255,
              -1.1839523622
            ],
            [
              30.2710680881,
              -1.1755383296
            ],
            [
              30.2877869248,
              -1.1755185473
            ],
            [
              30.2877771084,
              -1.1671046556
            ],
            [
              30.287757687,
              -1.1502768711
            ],
            [
              30.2961169253,
              -1.1502671551
            ],
            [
              30.2961072968,
              -1.1418533322
            ],
            [
              30.2960977381,
              -1.1334395089
            ],
            [
              30.3128159069,
              -1.1334202908
            ],
            [
              30.3128063717,
              -1.1250066096
            ],
            [
              30.3211653247,
              -1.1249970362
            ],
            [
              30.3211558367,
              -1.1165834261
            ],
            [
              30.3044379055,
              -1.1166024068
            ],
            [
              30.3044473458,
              -1.1250161599
            ],
            [
              30.29608825,
              -1.1250256851
            ],
            [
              30.2960694869,
              -1.108198037
            ],
            [
              30.3044285361,
              -1.1081886541
            ],
            [
              30.3044218499,
              -1.1021452849
            ],
            [
              30.287457968,
              -1.1082377665
            ],
            [
              30.2625382151,
              -1.1175262399
            ],
            [
              30.2304880203,
              -1.1208480941
            ],
            [
              30.1981250609,
              -1.1104275701
            ],
            [
              30.1841594181,
              -1.0958037234
            ],
            [
              30.1746464238,
              -1.0814734824
            ],
            [
              30.1695824555,
              -1.0638519685
            ],
            [
              30.1665929046,
              -1.0426430302
            ],
            [
              30.1686577978,
              -1.0297942388
            ],
            [
              30.1736894327,
              -1.0154487636
            ],
            [
              30.1796136265,
              -1.0031938515
            ],
            [
              30.1899918848,
              -0.9930260289
            ],
            [
              30.2039833242,
              -0.9779215388
            ],
            [
              30.2039328196,
              -0.9231784347
            ]
          ]
        ]
      },
      "properties": {
        "country": "Uganda",
        "country_code": "UGA",
        "species_name": "Eucalyptus_saligna",
        "genus": "Eucalyptus",
        "species": "saligna",
        "suitability_name": "Moderately suitable",
        "suitability_rank": 2,
        "soil_suitability": "S1",
        "soil_type": "Ferrallitic Soils",
        "soil_description": "Red soils - Not differentiated; sandy clay loams",
        "site_class": null,
        "maz": "III",
        "maz_zone": null,
        "tz": "4",
        "frost_risk": null,
        "source_layer": "SWIFT_SSMT_Uganda"
      }
    },
    {
      "type": "Feature",
      "geometry": {
        "type": "Polygon",
        "coordinates": [
          [
            [
              30.3110425323,
              -1.0997675041
            ],
            [
              30.3127781915,
              -1.0997655631
            ],
            [
              30.3127775053,
              -1.0991443981
            ],
            [
              30.3110425323,
              -1.0997675041
            ]
          ]
        ]
      },
      "properties": {
        "country": "Uganda",
        "country_code": "UGA",
        "species_name": "Eucalyptus_saligna",
        "genus": "Eucalyptus",
        "species": "saligna",
        "suitability_name": "Moderately suitable",
        "suitability_rank": 2,
        "soil_suitability": "S1",
        "soil_type": "Ferrallitic Soils",
        "soil_description": "Red soils - Not differentiated; sandy clay loams",
        "site_class": null,
        "maz": "III",
        "maz_zone": null,
        "tz": "4",
        "frost_risk": null,
        "source_layer": "SWIFT_SSMT_Uganda"
      }
    },
    {
      "type": "Feature",
      "geometry": {
        "type": "Polygon",
        "coordinates": [
          [
            [
              30.4960382655,
              -0.2027003613
            ],
            [
              30.4970247942,
              -0.2016239612
            ],
            [
              30.5010534065,
              -0.1994597843
            ],
            [
              30.4960375752,
              -0.1994608595
            ],
            [
              30.4960382655,
              -0.2027003613
            ]
          ]
        ]
      },
      "properties": {
        "country": "Uganda",
        "country_code": "UGA",
        "species_name": "Eucalyptus_saligna",
        "genus": "Eucalyptus",
        "species": "saligna",
        "suitability_name": "Moderately suitable",
        "suitability_rank": 2,
        "soil_suitability": "S3",
        "soil_type": "Ferrallitic Soils",
        "soil_description": "Yellow soils - Sandy loams",
        "site_class": null,
        "maz": "II",
        "maz_zone": null,
        "tz": "4",
        "frost_risk": null,
        "source_layer": "SWIFT_SSMT_Uganda"
      }
    },
    {
      "type": "Feature",
      "geometry": {
        "type": "Polygon",
        "coordinates": [
          [
            [
              30.4709764832,
              -0.2294451251
            ],
            [
              30.4737719356,
              -0.2274339053
            ],
            [
              30.4794658697,
              -0.2183530659
            ],
            [
              30.49128884,
              -0.2078740201
            ],
            [
              30.4793275544,
              -0.2078766811
            ],
            [
              30.4793294357,
              -0.2162889326
            ],
            [
              30.4709734016,
              -0.2162908612
            ],
            [
              30.4709764832,
              -0.2294451251
            ]
          ]
        ]
      },
      "properties": {
        "country": "Uganda",
        "country_code": "UGA",
        "species_name": "Eucalyptus_saligna",
        "genus": "Eucalyptus",
        "species": "saligna",
        "suitability_name": "Moderately suitable",
        "suitability_rank": 2,
        "soil_suitability": "S3",
        "soil_type": "Ferrallitic Soils",
        "soil_description": "Yellow soils - Sandy loams",
        "site_class": null,
        "maz": "II",
        "maz_zone": null,
        "tz": "4",
        "frost_risk": null,
        "source_layer": "SWIFT_SSMT_Uganda"
      }
    },
    {
      "type": "Feature",
      "geometry": {
        "type": "Polygon",
        "coordinates": [
          [
            [
              30.5294648808,
              -0.2197693362
            ],
            [
              30.5294640675,
              -0.2162772653
            ],
            [
              30.5282094234,
              -0.216277559
            ],
            [
              30.5294648808,
              -0.2197693362
            ]
          ]
        ]
      },
      "properties": {
        "country": "Uganda",
        "country_code": "UGA",
        "species_name": "Eucalyptus_saligna",
        "genus": "Eucalyptus",
        "species": "saligna",
        "suitability_name": "Moderately suitable",
        "suitability_rank": 2,
        "soil_suitability": "S3",
        "soil_type": "Ferrallitic Soils",
        "soil_description": "Yellow soils - Sandy loams",
        "site_class": null,
        "maz": "II",
        "maz_zone": null,
        "tz": "4",
        "frost_risk": null,
        "source_layer": "SWIFT_SSMT_Uganda"
      }
    },
    {
      "type": "Feature",
      "geometry": {
        "type": "Polygon",
        "coordinates": [
          [
            [
              30.4626218327,
              -0.2354560241
            ],
            [
              30.465873175,
              -0.2331167812
            ],
            [
              30.4626212584,
              -0.2331175882
            ],
            [
              30.4626218327,
              -0.2354560241
            ]
          ]
        ]
      },
      "properties": {
        "country": "Uganda",
        "country_code": "UGA",
        "species_name": "Eucalyptus_saligna",
        "genus": "Eucalyptus",
        "species": "saligna",
        "suitability_name": "Moderately suitable",
        "suitability_rank": 2,
        "soil_suitability": "S3",
        "soil_type": "Ferrallitic Soils",
        "soil_description": "Yellow soils - Sandy loams",
        "site_class": null,
        "maz": "II",
        "maz_zone": null,
        "tz": "4",
        "frost_risk": null,
        "source_layer": "SWIFT_SSMT_Uganda"
      }
    },
    {
      "type": "Feature",
      "geometry": {
        "type": "Polygon",
        "coordinates": [
          [
            [
              30.4554571816,
              -0.4097811248
            ],
            [
              30.4626808305,
              -0.4097779812
            ],
            [
              30.4626844842,
              -0.4181903789
            ],
            [
              30.4543281389,
              -0.4181940903
            ],
            [
              30.4543318583,
              -0.4266065623
            ],
            [
              30.4794006944,
              -0.4265951781
            ],
            [
              30.4793969488,
              -0.4181829301
            ],
            [
              30.4877530694,
              -0.4181791927
            ],
            [
              30.48774939,
              -0.4097670206
            ],
            [
              30.5044613899,
              -0.4097596691
            ],
            [
              30.504457767,
              -0.401347647
            ],
            [
              30.512813646,
              -0.4013440344
            ],
            [
              30.5128100903,
              -0.3929320879
            ],
            [
              30.5211658856,
              -0.3929285423
            ],
            [
              30.5211623975,
              -0.3845166714
            ],
            [
              30.5128066101,
              -0.3845201418
            ],
            [
              30.5127843585,
              -0.3256365092
            ],
            [
              30.5044285496,
              -0.3256394407
            ],
            [
              30.5044201618,
              -0.3004033691
            ],
            [
              30.5127759519,
              -0.3004006645
            ],
            [
              30.5127733002,
              -0.2919887164
            ],
            [
              30.5211290079,
              -0.2919860811
            ],
            [
              30.5211264252,
              -0.2835742085
            ],
            [
              30.5294820516,
              -0.2835716429
            ],
            [
              30.5294795391,
              -0.275159847
            ],
            [
              30.5378350832,
              -0.2751573523
            ],
            [
              30.5378326396,
              -0.2667456315
            ],
            [
              30.546188104,
              -0.2667432071
            ],
            [
              30.5461812135,
              -0.2415082731
            ],
            [
              30.535481015,
              -0.241511083
            ],
            [
              30.5354838603,
              -0.2522663408
            ],
            [
              30.5288434925,
              -0.2689925816
            ],
            [
              30.5103349948,
              -0.2790328178
            ],
            [
              30.5044146653,
              -0.2826427283
            ],
            [
              30.5044149464,
              -0.2835793203
            ],
            [
              30.5028778728,
              -0.2835797893
            ],
            [
              30.4923011639,
              -0.2900289969
            ],
            [
              30.4823365379,
              -0.301022978
            ],
            [
              30.4780728493,
              -0.3263512886
            ],
            [
              30.4804574212,
              -0.3574117172
            ],
            [
              30.4705007722,
              -0.3870434918
            ],
            [
              30.4554571816,
              -0.4097811248
            ]
          ]
        ]
      },
      "properties": {
        "country": "Uganda",
        "country_code": "UGA",
        "species_name": "Eucalyptus_saligna",
        "genus": "Eucalyptus",
        "species": "saligna",
        "suitability_name": "Moderately suitable",
        "suitability_rank": 2,
        "soil_suitability": "S3",
        "soil_type": "Ferrallitic Soils",
        "soil_description": "Yellow soils - Sandy loams",
        "site_class": null,
        "maz": "II",
        "maz_zone": null,
        "tz": "4",
        "frost_risk": null,
        "source_layer": "SWIFT_SSMT_Uganda"
      }
    },
    {
      "type": "Feature",
      "geometry": {
        "type": "Polygon",
        "coordinates": [
          [
            [
              30.4332404745,
              -0.241537502
            ],
            [
              30.433902238,
              -0.2427359771
            ],
            [
              30.4386498983,
              -0.2456020814
            ],
            [
              30.4476687589,
              -0.2446439759
            ],
            [
              30.4532849735,
              -0.241532384
            ],
            [
              30.4332404745,
              -0.241537502
            ]
          ]
        ]
      },
      "properties": {
        "country": "Uganda",
        "country_code": "UGA",
        "species_name": "Eucalyptus_saligna",
        "genus": "Eucalyptus",
        "species": "saligna",
        "suitability_name": "Moderately suitable",
        "suitability_rank": 2,
        "soil_suitability": "S3",
        "soil_type": "Ferrallitic Soils",
        "soil_description": "Yellow soils - Sandy loams",
        "site_class": null,
        "maz": "II",
        "maz_zone": null,
        "tz": "4",
        "frost_risk": null,
        "source_layer": "SWIFT_SSMT_Uganda"
      }
    },
    {
      "type": "Feature",
      "geometry": {
        "type": "Polygon",
        "coordinates": [
          [
            [
              30.4302198339,
              -0.3593159262
            ],
            [
              30.4292348794,
              -0.3593162985
            ],
            [
              30.4292317754,
              -0.3509036022
            ],
            [
              30.4125185542,
              -0.3509097617
            ],
            [
              30.4125216428,
              -0.3593226058
            ],
            [
              30.4041649137,
              -0.3593257475
            ],
            [
              30.4041697602,
              -0.3721733631
            ],
            [
              30.4121041217,
              -0.3641281703
            ],
            [
              30.4215975653,
              -0.3622129627
            ],
            [
              30.4302198339,
              -0.3593159262
            ]
          ]
        ]
      },
      "properties": {
        "country": "Uganda",
        "country_code": "UGA",
        "species_name": "Eucalyptus_saligna",
        "genus": "Eucalyptus",
        "species": "saligna",
        "suitability_name": "Moderately suitable",
        "suitability_rank": 2,
        "soil_suitability": "S3",
        "soil_type": "Ferrallitic Soils",
        "soil_description": "Yellow soils - Sandy loams",
        "site_class": null,
        "maz": "II",
        "maz_zone": null,
        "tz": "4",
        "frost_risk": null,
        "source_layer": "SWIFT_SSMT_Uganda"
      }
    },
    {
      "type": "Feature",
      "geometry": {
        "type": "Polygon",
        "coordinates": [
          [
            [
              30.4235668965,
              -0.4350331672
            ],
            [
              30.4459792155,
              -0.4350228849
            ],
            [
              30.4459720526,
              -0.4189556917
            ],
            [
              30.4235668965,
              -0.4350331672
            ]
          ]
        ]
      },
      "properties": {
        "country": "Uganda",
        "country_code": "UGA",
        "species_name": "Eucalyptus_saligna",
        "genus": "Eucalyptus",
        "species": "saligna",
        "suitability_name": "Moderately suitable",
        "suitability_rank": 2,
        "soil_suitability": "S3",
        "soil_type": "Ferrallitic Soils",
        "soil_description": "Yellow soils - Sandy loams",
        "site_class": null,
        "maz": "II",
        "maz_zone": null,
        "tz": "4",
        "frost_risk": null,
        "source_layer": "SWIFT_SSMT_Uganda"
      }
    },
    {
      "type": "Feature",
      "geometry": {
        "type": "Polygon",
        "coordinates": [
          [
            [
              30.3679834313,
              -0.6033230381
            ],
            [
              30.370857195,
              -0.6033212441
            ],
            [
              30.3708520475,
              -0.5949080411
            ],
            [
              30.3792093498,
              -0.5949028891
            ],
            [
              30.3792042619,
              -0.5864897588
            ],
            [
              30.3708469722,
              -0.5864948378
            ],
            [
              30.3708419693,
              -0.5780816335
            ],
            [
              30.3791992475,
              -0.5780766282
            ],
            [
              30.3791943047,
              -0.5696634965
            ],
            [
              30.3875514972,
              -0.5696585519
            ],
            [
              30.3875418061,
              -0.552832433
            ],
            [
              30.3791846365,
              -0.5528372323
            ],
            [
              30.3791799112,
              -0.5444241007
            ],
            [
              30.3875370692,
              -0.5444193736
            ],
            [
              30.3875324049,
              -0.5360063148
            ],
            [
              30.3958894787,
              -0.5360016502
            ],
            [
              30.3958715038,
              -0.5023497026
            ],
            [
              30.4042284609,
              -0.5023453195
            ],
            [
              30.4042241391,
              -0.493932406
            ],
            [
              30.420937811,
              -0.4939237562
            ],
            [
              30.4209171964,
              -0.451859919
            ],
            [
              30.4125604466,
              -0.4518638803
            ],
            [
              30.412556553,
              -0.4434510374
            ],
            [
              30.4209132935,
              -0.4434471499
            ],
            [
              30.4209103127,
              -0.4369127926
            ],
            [
              30.3912548383,
              -0.4549390882
            ],
            [
              30.3874930893,
              -0.4590004103
            ],
            [
              30.3874936967,
              -0.4602887676
            ],
            [
              30.3862992392,
              -0.4602893399
            ],
            [
              30.3791403177,
              -0.4680184667
            ],
            [
              30.3791406468,
              -0.4687058987
            ],
            [
              30.3785033164,
              -0.4687062084
            ],
            [
              30.3713263618,
              -0.4764549116
            ],
            [
              30.3613655635,
              -0.4941430514
            ],
            [
              30.3552059184,
              -0.5175646721
            ],
            [
              30.3537958468,
              -0.5438515131
            ],
            [
              30.3585601873,
              -0.5734802868
            ],
            [
              30.3656925024,
              -0.592115061
            ],
            [
              30.3679834313,
              -0.6033230381
            ]
          ]
        ]
      },
      "properties": {
        "country": "Uganda",
        "country_code": "UGA",
        "species_name": "Eucalyptus_saligna",
        "genus": "Eucalyptus",
        "species": "saligna",
        "suitability_name": "Moderately suitable",
        "suitability_rank": 2,
        "soil_suitability": "S3",
        "soil_type": "Ferrallitic Soils",
        "soil_description": "Yellow soils - Sandy loams",
        "site_class": null,
        "maz": "II",
        "maz_zone": null,
        "tz": "4",
        "frost_risk": null,
        "source_layer": "SWIFT_SSMT_Uganda"
      }
    },
    {
      "type": "Feature",
      "geometry": {
        "type": "Polygon",
        "coordinates": [
          [
            [
              30.3625478314,
              -0.6769717265
            ],
            [
              30.3625377686,
              -0.6622193801
            ],
            [
              30.354180215,
              -0.6622250856
            ],
            [
              30.3541745895,
              -0.6538117403
            ],
            [
              30.362532129,
              -0.6538061064
            ],
            [
              30.3625265615,
              -0.6453928318
            ],
            [
              30.3541690359,
              -0.6453983932
            ],
            [
              30.3541635552,
              -0.6369850459
            ],
            [
              30.362521067,
              -0.636979557
            ],
            [
              30.3625121488,
              -0.6230836058
            ],
            [
              30.3600174482,
              -0.6274850348
            ],
            [
              30.3486324951,
              -0.6418303309
            ],
            [
              30.3227205883,
              -0.6709475637
            ],
            [
              30.3333657632,
              -0.6765479525
            ],
            [
              30.3425652575,
              -0.6777364108
            ],
            [
              30.3585883445,
              -0.6774265373
            ],
            [
              30.3625478314,
              -0.6769717265
            ]
          ]
        ]
      },
      "properties": {
        "country": "Uganda",
        "country_code": "UGA",
        "species_name": "Eucalyptus_saligna",
        "genus": "Eucalyptus",
        "species": "saligna",
        "suitability_name": "Moderately suitable",
        "suitability_rank": 2,
        "soil_suitability": "S3",
        "soil_type": "Ferrallitic Soils",
        "soil_description": "Yellow soils - Sandy loams",
        "site_class": null,
        "maz": "II",
        "maz_zone": null,
        "tz": "4",
        "frost_risk": null,
        "source_layer": "SWIFT_SSMT_Uganda"
      }
    },
    {
      "type": "Feature",
      "geometry": {
        "type": "Polygon",
        "coordinates": [
          [
            [
              30.6885095117,
              -0.7685335256
            ],
            [
              30.6900537473,
              -0.7778107373
            ],
            [
              30.6986592324,
              -0.7816848638
            ],
            [
              30.71437695,
              -0.7780878184
            ],
            [
              30.7211928601,
              -0.7709156939
            ],
            [
              30.7280008133,
              -0.7544875764
            ],
            [
              30.7345378195,
              -0.7460497047
            ],
            [
              30.7219087513,
              -0.7460604917
            ],
            [
              30.7219158681,
              -0.7544704741
            ],
            [
              30.7135614112,
              -0.7544776697
            ],
            [
              30.7135685912,
              -0.7628877328
            ],
            [
              30.6885046988,
              -0.7629094632
            ],
            [
              30.6885095117,
              -0.7685335256
            ]
          ]
        ]
      },
      "properties": {
        "country": "Uganda",
        "country_code": "UGA",
        "species_name": "Eucalyptus_saligna",
        "genus": "Eucalyptus",
        "species": "saligna",
        "suitability_name": "Moderately suitable",
        "suitability_rank": 2,
        "soil_suitability": "S3",
        "soil_type": "Ferrallitic Soils",
        "soil_description": "Yellow soils - Sandy loams",
        "site_class": null,
        "maz": "II",
        "maz_zone": null,
        "tz": "4",
        "frost_risk": null,
        "source_layer": "SWIFT_SSMT_Uganda"
      }
    },
    {
      "type": "Feature",
      "geometry": {
        "type": "Polygon",
        "coordinates": [
          [
            [
              30.6885046988,
              -0.7629094632
            ],
            [
              30.6884975662,
              -0.7544991615
            ],
            [
              30.6882006038,
              -0.7544994152
            ],
            [
              30.6880178542,
              -0.7629098839
            ],
            [
              30.6885046988,
              -0.7629094632
            ]
          ]
        ]
      },
      "properties": {
        "country": "Uganda",
        "country_code": "UGA",
        "species_name": "Eucalyptus_saligna",
        "genus": "Eucalyptus",
        "species": "saligna",
        "suitability_name": "Moderately suitable",
        "suitability_rank": 2,
        "soil_suitability": "S3",
        "soil_type": "Ferrallitic Soils",
        "soil_description": "Yellow soils - Sandy loams",
        "site_class": null,
        "maz": "II",
        "maz_zone": null,
        "tz": "4",
        "frost_risk": null,
        "source_layer": "SWIFT_SSMT_Uganda"
      }
    },
    {
      "type": "Feature",
      "geometry": {
        "type": "Polygon",
        "coordinates": [
          [
            [
              30.8555986845,
              -0.7794528052
            ],
            [
              30.8546668531,
              -0.7794536653
            ],
            [
              30.8475472729,
              -0.7773704327
            ],
            [
              30.8439846358,
              -0.7731940937
            ],
            [
              30.8419024738,
              -0.7663294719
            ],
            [
              30.8398148495,
              -0.7531953726
            ],
            [
              30.838867724,
              -0.752005743
            ],
            [
              30.8388697944,
              -0.7543680438
            ],
            [
              30.8305164716,
              -0.7543754645
            ],
            [
              30.8305238765,
              -0.7627843875
            ],
            [
              30.8054633678,
              -0.7628068005
            ],
            [
              30.8054560112,
              -0.7543976316
            ],
            [
              30.8042264489,
              -0.7543987147
            ],
            [
              30.8042717992,
              -0.8048538011
            ],
            [
              30.8055013762,
              -0.8048526439
            ],
            [
              30.8054859273,
              -0.7880343085
            ],
            [
              30.8221931137,
              -0.7880188884
            ],
            [
              30.8222165092,
              -0.8132458977
            ],
            [
              30.8389234696,
              -0.8132299156
            ],
            [
              30.8389155551,
              -0.8048210781
            ],
            [
              30.8472688941,
              -0.8048131442
            ],
            [
              30.8472532782,
              -0.7879956331
            ],
            [
              30.8556065013,
              -0.7879878476
            ],
            [
              30.8555986845,
              -0.7794528052
            ]
          ]
        ]
      },
      "properties": {
        "country": "Uganda",
        "country_code": "UGA",
        "species_name": "Eucalyptus_saligna",
        "genus": "Eucalyptus",
        "species": "saligna",
        "suitability_name": "Moderately suitable",
        "suitability_rank": 2,
        "soil_suitability": "S3",
        "soil_type": "Ferrallitic Soils",
        "soil_description": "Yellow soils - Sandy loams",
        "site_class": null,
        "maz": "II",
        "maz_zone": null,
        "tz": "4",
        "frost_risk": null,
        "source_layer": "SWIFT_SSMT_Uganda"
      }
    },
    {
      "type": "Feature",
      "geometry": {
        "type": "Polygon",
        "coordinates": [
          [
            [
              30.939166472,
              -0.8215403944
            ],
            [
              30.9475188449,
              -0.8215320842
            ],
            [
              30.9475106225,
              -0.8131243386
            ],
            [
              30.9391582673,
              -0.8131325645
            ],
            [
              30.939166472,
              -0.8215403944
            ]
          ]
        ]
      },
      "properties": {
        "country": "Uganda",
        "country_code": "UGA",
        "species_name": "Eucalyptus_saligna",
        "genus": "Eucalyptus",
        "species": "saligna",
        "suitability_name": "Moderately suitable",
        "suitability_rank": 2,
        "soil_suitability": "S3",
        "soil_type": "Ferrallitic Soils",
        "soil_description": "Yellow soils - Sandy loams",
        "site_class": null,
        "maz": "II",
        "maz_zone": null,
        "tz": "4",
        "frost_risk": null,
        "source_layer": "SWIFT_SSMT_Uganda"
      }
    },
    {
      "type": "Feature",
      "geometry": {
        "type": "Polygon",
        "coordinates": [
          [
            [
              30.9391747612,
              -0.8299482252
            ],
            [
              30.9141170852,
              -0.8299733042
            ],
            [
              30.9141088479,
              -0.8215652201
            ],
            [
              30.90575614,
              -0.8215734604
            ],
            [
              30.9057643585,
              -0.8299816289
            ],
            [
              30.897411548,
              -0.8299899355
            ],
            [
              30.897419833,
              -0.8383981881
            ],
            [
              30.8723608486,
              -0.838423255
            ],
            [
              30.8723691632,
              -0.8468317573
            ],
            [
              30.8556627233,
              -0.8468485451
            ],
            [
              30.8556710858,
              -0.8552572149
            ],
            [
              30.8389642776,
              -0.8552740972
            ],
            [
              30.8389559521,
              -0.8468652616
            ],
            [
              30.8306024423,
              -0.846873593
            ],
            [
              30.8305860725,
              -0.8300557556
            ],
            [
              30.8222325161,
              -0.8300639036
            ],
            [
              30.8222244722,
              -0.8216549011
            ],
            [
              30.8138708519,
              -0.8216629487
            ],
            [
              30.8138629066,
              -0.8132538631
            ],
            [
              30.8055092215,
              -0.8132618116
            ],
            [
              30.805517149,
              -0.8216709793
            ],
            [
              30.8008094455,
              -0.821675496
            ],
            [
              30.7998426074,
              -0.8257805523
            ],
            [
              30.7885941624,
              -0.8487807248
            ],
            [
              30.7850517268,
              -0.86580238
            ],
            [
              30.7805112345,
              -0.878852877
            ],
            [
              30.7805300855,
              -0.8973796582
            ],
            [
              30.7721758952,
              -0.8973883504
            ],
            [
              30.7721933109,
              -0.9142073294
            ],
            [
              30.7638390005,
              -0.914216166
            ],
            [
              30.7638930689,
              -0.9646735782
            ],
            [
              30.780601847,
              -0.9646549079
            ],
            [
              30.780620598,
              -0.9814737156
            ],
            [
              30.7973291341,
              -0.9814546359
            ],
            [
              30.7973386737,
              -0.9898638755
            ],
            [
              30.8224009293,
              -0.9898348534
            ],
            [
              30.8223913278,
              -0.9814258601
            ],
            [
              30.8307452286,
              -0.9814162261
            ],
            [
              30.8307356885,
              -0.9730073154
            ],
            [
              30.8390894868,
              -0.9729977434
            ],
            [
              30.8390800084,
              -0.9645889146
            ],
            [
              30.8557873158,
              -0.9645698742
            ],
            [
              30.8557778787,
              -0.9561612114
            ],
            [
              30.8641313885,
              -0.9561517435
            ],
            [
              30.8641220149,
              -0.9477431632
            ],
            [
              30.8891819862,
              -0.9477148887
            ],
            [
              30.8891726346,
              -0.9393065594
            ],
            [
              30.8975257716,
              -0.9392971773
            ],
            [
              30.8975164839,
              -0.9308889311
            ],
            [
              30.914222468,
              -0.9308702772
            ],
            [
              30.9142412071,
              -0.9476864333
            ],
            [
              30.8975351429,
              -0.9477054235
            ],
            [
              30.8975445977,
              -0.956113669
            ],
            [
              30.8891914212,
              -0.9561232191
            ],
            [
              30.8892105394,
              -0.9729398758
            ],
            [
              30.897563759,
              -0.9729301586
            ],
            [
              30.8975734645,
              -0.9813384027
            ],
            [
              30.8892202254,
              -0.9813482039
            ],
            [
              30.8892377941,
              -0.9964200009
            ],
            [
              30.9070400333,
              -0.9964800002
            ],
            [
              30.9176677114,
              -0.9963400001
            ],
            [
              30.9536001493,
              -0.9966186924
            ],
            [
              30.9641677091,
              -0.99656
            ],
            [
              30.9727672613,
              -0.9967247576
            ],
            [
              30.9727588084,
              -0.9896567318
            ],
            [
              30.9644063077,
              -0.9896668075
            ],
            [
              30.9643963517,
              -0.9812592422
            ],
            [
              30.9560437866,
              -0.9812692106
            ],
            [
              30.956053721,
              -0.9896768605
            ],
            [
              30.9477010503,
              -0.9896868928
            ],
            [
              30.9476911365,
              -0.9812791575
            ],
            [
              30.9309855815,
              -0.9812989892
            ],
            [
              30.9309757933,
              -0.9728910839
            ],
            [
              30.9226229101,
              -0.9729008831
            ],
            [
              30.9226132273,
              -0.9644928914
            ],
            [
              30.9309660894,
              -0.964483177
            ],
            [
              30.9309469346,
              -0.9476673617
            ],
            [
              30.9225941125,
              -0.9476769066
            ],
            [
              30.9225753351,
              -0.9308609205
            ],
            [
              30.9309281172,
              -0.9308515443
            ],
            [
              30.9309188341,
              -0.9224436353
            ],
            [
              30.9225660713,
              -0.9224529267
            ],
            [
              30.9225568925,
              -0.9140449321
            ],
            [
              30.9142040656,
              -0.9140541206
            ],
            [
              30.914185998,
              -0.8972379607
            ],
            [
              30.9225387873,
              -0.8972289423
            ],
            [
              30.92252986,
              -0.8888209461
            ],
            [
              30.914177091,
              -0.8888298808
            ],
            [
              30.9141595271,
              -0.8720137177
            ],
            [
              30.889100825,
              -0.8720399019
            ],
            [
              30.8891095097,
              -0.8804482351
            ],
            [
              30.8807564244,
              -0.88045701
            ],
            [
              30.8807740051,
              -0.8972738441
            ],
            [
              30.889127129,
              -0.8972649016
            ],
            [
              30.8891360629,
              -0.9056732341
            ],
            [
              30.8807829211,
              -0.9056822595
            ],
            [
              30.8808101655,
              -0.9309075061
            ],
            [
              30.8688427713,
              -0.9309207625
            ],
            [
              30.864317409,
              -0.9388631864
            ],
            [
              30.843270293,
              -0.9481414268
            ],
            [
              30.8236944111,
              -0.947267626
            ],
            [
              30.8079728953,
              -0.9454937395
            ],
            [
              30.7949189178,
              -0.9422239803
            ],
            [
              30.7886828449,
              -0.9353638764
            ],
            [
              30.7886739064,
              -0.9270041255
            ],
            [
              30.7931131301,
              -0.9177439345
            ],
            [
              30.8106038963,
              -0.9096642021
            ],
            [
              30.8239458184,
              -0.9051717179
            ],
            [
              30.8350821656,
              -0.8973224166
            ],
            [
              30.8139460375,
              -0.8973446916
            ],
            [
              30.8139202397,
              -0.8721174484
            ],
            [
              30.8389811779,
              -0.8720917659
            ],
            [
              30.8390053407,
              -0.8955897353
            ],
            [
              30.8473550407,
              -0.8919020776
            ],
            [
              30.8473519246,
              -0.8889006707
            ],
            [
              30.8544168965,
              -0.8888932439
            ],
            [
              30.8557050472,
              -0.8885902627
            ],
            [
              30.8556966678,
              -0.8804832209
            ],
            [
              30.8640500028,
              -0.8804745029
            ],
            [
              30.8640413745,
              -0.8720659171
            ],
            [
              30.8723946077,
              -0.8720572641
            ],
            [
              30.8723775617,
              -0.8552402604
            ],
            [
              30.8890837067,
              -0.8552232321
            ],
            [
              30.8890752721,
              -0.8468148972
            ],
            [
              30.8974282016,
              -0.8468064399
            ],
            [
              30.8974366547,
              -0.8552146908
            ],
            [
              30.9057895182,
              -0.8552061317
            ],
            [
              30.9057810485,
              -0.846797965
            ],
            [
              30.9141338098,
              -0.8467894716
            ],
            [
              30.9141254056,
              -0.8383813874
            ],
            [
              30.9224780665,
              -0.8383729619
            ],
            [
              30.9224864881,
              -0.8467809597
            ],
            [
              30.9308390823,
              -0.8467724302
            ],
            [
              30.9308306424,
              -0.8383645163
            ],
            [
              30.9391831349,
              -0.8383560541
            ],
            [
              30.9391747612,
              -0.8299482252
            ]
          ]
        ]
      },
      "properties": {
        "country": "Uganda",
        "country_code": "UGA",
        "species_name": "Eucalyptus_saligna",
        "genus": "Eucalyptus",
        "species": "saligna",
        "suitability_name": "Moderately suitable",
        "suitability_rank": 2,
        "soil_suitability": "S3",
        "soil_type": "Ferrallitic Soils",
        "soil_description": "Yellow soils - Sandy loams",
        "site_class": null,
        "maz": "II",
        "maz_zone": null,
        "tz": "4",
        "frost_risk": null,
        "source_layer": "SWIFT_SSMT_Uganda"
      }
    },
    {
      "type": "Feature",
      "geometry": {
        "type": "Polygon",
        "coordinates": [
          [
            [
              30.4630004892,
              -0.8816436002
            ],
            [
              30.4480648382,
              -0.8816575687
            ],
            [
              30.4296720952,
              -0.8855575504
            ],
            [
              30.4121655825,
              -0.8855738319
            ],
            [
              30.3999957747,
              -0.8811047358
            ],
            [
              30.3943528251,
              -0.8754347598
            ],
            [
              30.3854394947,
              -0.8625989749
            ],
            [
              30.3747448835,
              -0.8485697017
            ],
            [
              30.3676148062,
              -0.8387188297
            ],
            [
              30.35306767,
              -0.8303676605
            ],
            [
              30.3420845727,
              -0.8258964
            ],
            [
              30.3204153796,
              -0.8175506656
            ],
            [
              30.3005309877,
              -0.814878692
            ],
            [
              30.2833231065,
              -0.8196724909
            ],
            [
              30.2717600131,
              -0.8325274268
            ],
            [
              30.2640553289,
              -0.8459768249
            ],
            [
              30.2596131342,
              -0.8570337402
            ],
            [
              30.2551779515,
              -0.8761565893
            ],
            [
              30.2551820918,
              -0.8809363488
            ],
            [
              30.2596467443,
              -0.8958691063
            ],
            [
              30.260498121,
              -0.8978841976
            ],
            [
              30.2624240475,
              -0.8978824667
            ],
            [
              30.2624166159,
              -0.8894683445
            ],
            [
              30.2707753955,
              -0.8894608901
            ],
            [
              30.2707680144,
              -0.8810468394
            ],
            [
              30.2958438749,
              -0.8810245726
            ],
            [
              30.2958365082,
              -0.8726107344
            ],
            [
              30.3292699223,
              -0.8725810682
            ],
            [
              30.3292625539,
              -0.8641675151
            ],
            [
              30.3376207111,
              -0.8641601244
            ],
            [
              30.3376355565,
              -0.8809870859
            ],
            [
              30.320919098,
              -0.8810021377
            ],
            [
              30.3209341555,
              -0.8978293845
            ],
            [
              30.287500231,
              -0.8978598318
            ],
            [
              30.2874927425,
              -0.8894459232
            ],
            [
              30.2791341041,
              -0.889453416
            ],
            [
              30.2791415739,
              -0.8978673953
            ],
            [
              30.2707828457,
              -0.8978749409
            ],
            [
              30.2707903669,
              -0.906288991
            ],
            [
              30.2641247272,
              -0.9062950492
            ],
            [
              30.2687516607,
              -0.914704919
            ],
            [
              30.2707979573,
              -0.9147030403
            ],
            [
              30.2708006015,
              -0.9176161094
            ],
            [
              30.2783197904,
              -0.9231101175
            ],
            [
              30.2791644048,
              -0.9231093325
            ],
            [
              30.2791649718,
              -0.9237276562
            ],
            [
              30.2798525924,
              -0.9242300695
            ],
            [
              30.2856550949,
              -0.9315172256
            ],
            [
              30.2875308909,
              -0.9315154631
            ],
            [
              30.2875387315,
              -0.9399293698
            ],
            [
              30.2958974161,
              -0.9399214316
            ],
            [
              30.2959133503,
              -0.9567491009
            ],
            [
              30.2875546259,
              -0.956757182
            ],
            [
              30.2875626779,
              -0.9651710875
            ],
            [
              30.2959214234,
              -0.9651629354
            ],
            [
              30.2959460673,
              -0.990404435
            ],
            [
              30.2875872602,
              -0.9904127991
            ],
            [
              30.287595594,
              -0.9988267029
            ],
            [
              30.295954423,
              -0.9988182659
            ],
            [
              30.2959628502,
              -1.0072320981
            ],
            [
              30.3210389741,
              -1.0072064477
            ],
            [
              30.3210304835,
              -0.9987928306
            ],
            [
              30.346105903,
              -0.9987672027
            ],
            [
              30.3461144571,
              -1.0071806048
            ],
            [
              30.3711892938,
              -1.0071545677
            ],
            [
              30.3711979854,
              -1.0155677506
            ],
            [
              30.3795561408,
              -1.0155589559
            ],
            [
              30.3795387892,
              -0.9987327344
            ],
            [
              30.3711806763,
              -0.9987413832
            ],
            [
              30.3711721303,
              -0.990328199
            ],
            [
              30.3878882417,
              -0.9903110253
            ],
            [
              30.3878629137,
              -0.9650719069
            ],
            [
              30.3795049569,
              -0.9650802844
            ],
            [
              30.3794884752,
              -0.9482540576
            ],
            [
              30.3711304859,
              -0.9482622697
            ],
            [
              30.3711143339,
              -0.9314358951
            ],
            [
              30.3878301603,
              -0.9314197429
            ],
            [
              30.3878221535,
              -0.9230067001
            ],
            [
              30.3878142205,
              -0.9145936566
            ],
            [
              30.3794563818,
              -0.9146015972
            ],
            [
              30.3794485405,
              -0.9061884807
            ],
            [
              30.3878063593,
              -0.9061806141
            ],
            [
              30.3877985708,
              -0.89776757
            ],
            [
              30.4128715326,
              -0.8977440728
            ],
            [
              30.4128637592,
              -0.8893312493
            ],
            [
              30.4212212484,
              -0.8893234525
            ],
            [
              30.4212290396,
              -0.897736203
            ],
            [
              30.4295864748,
              -0.8977283135
            ],
            [
              30.4295786633,
              -0.889315637
            ],
            [
              30.4546504683,
              -0.8892920761
            ],
            [
              30.4546583357,
              -0.8977045291
            ],
            [
              30.4713725388,
              -0.8976885778
            ],
            [
              30.4713805181,
              -0.906100881
            ],
            [
              30.4797375279,
              -0.9060928005
            ],
            [
              30.4797456018,
              -0.9145050286
            ],
            [
              30.4881025566,
              -0.9144968546
            ],
            [
              30.488086445,
              -0.8976725493
            ],
            [
              30.4797295298,
              -0.8976805725
            ],
            [
              30.4797216056,
              -0.8892683437
            ],
            [
              30.463007588,
              -0.8892841842
            ],
            [
              30.4630004892,
              -0.8816436002
            ]
          ]
        ]
      },
      "properties": {
        "country": "Uganda",
        "country_code": "UGA",
        "species_name": "Eucalyptus_saligna",
        "genus": "Eucalyptus",
        "species": "saligna",
        "suitability_name": "Moderately suitable",
        "suitability_rank": 2,
        "soil_suitability": "S3",
        "soil_type": "Ferrallitic Soils",
        "soil_description": "Yellow soils - Sandy loams",
        "site_class": null,
        "maz": "II",
        "maz_zone": null,
        "tz": "4",
        "frost_risk": null,
        "source_layer": "SWIFT_SSMT_Uganda"
      }
    },
    {
      "type": "Feature",
      "geometry": {
        "type": "Polygon",
        "coordinates": [
          [
            [
              30.5968128122,
              -0.9883857674
            ],
            [
              30.5896952807,
              -0.9893281552
            ],
            [
              30.5733712904,
              -0.9830745695
            ],
            [
              30.5609021207,
              -0.9750247272
            ],
            [
              30.5499132414,
              -0.9639866265
            ],
            [
              30.5460495332,
              -0.9574205081
            ],
            [
              30.5430626096,
              -0.9377130249
            ],
            [
              30.5448269161,
              -0.9218830502
            ],
            [
              30.5456950546,
              -0.8994838375
            ],
            [
              30.5459751582,
              -0.8821621829
            ],
            [
              30.5429993458,
              -0.8726083864
            ],
            [
              30.5332029899,
              -0.8663460508
            ],
            [
              30.5298404632,
              -0.8664298022
            ],
            [
              30.5298460112,
              -0.8723968168
            ],
            [
              30.5382024189,
              -0.8723889068
            ],
            [
              30.5382183045,
              -0.8892123053
            ],
            [
              30.5298618602,
              -0.8892203676
            ],
            [
              30.5298698969,
              -0.8976321435
            ],
            [
              30.5382263616,
              -0.8976240038
            ],
            [
              30.5382427026,
              -0.9144474002
            ],
            [
              30.5298862001,
              -0.9144556914
            ],
            [
              30.5299028057,
              -0.9312792379
            ],
            [
              30.5215461886,
              -0.9312876618
            ],
            [
              30.521580228,
              -0.9649350535
            ],
            [
              30.5466500937,
              -0.9649088066
            ],
            [
              30.5466588535,
              -0.9733204243
            ],
            [
              30.5550153444,
              -0.9733115576
            ],
            [
              30.555024202,
              -0.9817230984
            ],
            [
              30.5633806367,
              -0.981714134
            ],
            [
              30.5633895907,
              -0.990125597
            ],
            [
              30.5717459703,
              -0.9901165353
            ],
            [
              30.571755022,
              -0.9985279212
            ],
            [
              30.5968237634,
              -0.9985003754
            ],
            [
              30.5968128122,
              -0.9883857674
            ]
          ]
        ]
      },
      "properties": {
        "country": "Uganda",
        "country_code": "UGA",
        "species_name": "Eucalyptus_saligna",
        "genus": "Eucalyptus",
        "species": "saligna",
        "suitability_name": "Moderately suitable",
        "suitability_rank": 2,
        "soil_suitability": "S3",
        "soil_type": "Ferrallitic Soils",
        "soil_description": "Yellow soils - Sandy loams",
        "site_class": null,
        "maz": "II",
        "maz_zone": null,
        "tz": "4",
        "frost_risk": null,
        "source_layer": "SWIFT_SSMT_Uganda"
      }
    },
    {
      "type": "Feature",
      "geometry": {
        "type": "Polygon",
        "coordinates": [
          [
            [
              31.2065725915,
              -0.9725560702
            ],
            [
              31.2149225089,
              -0.9725455668
            ],
            [
              31.2149329991,
              -0.9809504861
            ],
            [
              31.2065830604,
              -0.9809610808
            ],
            [
              31.2066026723,
              -0.9965145422
            ],
            [
              31.2200077016,
              -0.9964300005
            ],
            [
              31.2237557711,
              -0.9966052996
            ],
            [
              31.2286477018,
              -0.9964299993
            ],
            [
              31.2311770294,
              -0.9966934709
            ],
            [
              31.2386500239,
              -0.9964400003
            ],
            [
              31.2414460258,
              -0.996522512
            ],
            [
              31.2459377009,
              -0.9963799993
            ],
            [
              31.2501963666,
              -0.9966545526
            ],
            [
              31.2503900243,
              -0.9965400005
            ],
            [
              31.2584600241,
              -0.9965200001
            ],
            [
              31.2765906304,
              -0.9966817282
            ],
            [
              31.2833234585,
              -0.9966175643
            ],
            [
              31.2874762023,
              -0.9804372897
            ],
            [
              31.2847813163,
              -0.9589574589
            ],
            [
              31.2785423779,
              -0.9476268213
            ],
            [
              31.2580674465,
              -0.9300472638
            ],
            [
              31.2405569424,
              -0.9124631228
            ],
            [
              31.2319435922,
              -0.8981501503
            ],
            [
              31.2254035367,
              -0.8820440455
            ],
            [
              31.2237731104,
              -0.8716763579
            ],
            [
              31.2148036698,
              -0.8716864916
            ],
            [
              31.2148321602,
              -0.8969012663
            ],
            [
              31.2231818102,
              -0.8968915614
            ],
            [
              31.2232111709,
              -0.9221060601
            ],
            [
              31.2065116652,
              -0.9221259969
            ],
            [
              31.2065215948,
              -0.9305310106
            ],
            [
              31.1981716867,
              -0.9305410407
            ],
            [
              31.1981816857,
              -0.9389461447
            ],
            [
              31.1898316686,
              -0.9389562445
            ],
            [
              31.1898417375,
              -0.9473614385
            ],
            [
              31.1814916114,
              -0.9473716085
            ],
            [
              31.181501749,
              -0.9557768916
            ],
            [
              31.173151513,
              -0.9557871332
            ],
            [
              31.1731617216,
              -0.964192506
            ],
            [
              31.1481104143,
              -0.9642233747
            ],
            [
              31.1481206503,
              -0.9726290172
            ],
            [
              31.1397700158,
              -0.9726393554
            ],
            [
              31.1397907139,
              -0.9894508149
            ],
            [
              31.1314399493,
              -0.989461311
            ],
            [
              31.1314487832,
              -0.996564044
            ],
            [
              31.1351677043,
              -0.9965599999
            ],
            [
              31.1366784707,
              -0.9967046479
            ],
            [
              31.1455000271,
              -0.9964099993
            ],
            [
              31.1492776196,
              -0.9965321961
            ],
            [
              31.164370027,
              -0.9964
            ],
            [
              31.1700908089,
              -0.996500229
            ],
            [
              31.1742100264,
              -0.9963600004
            ],
            [
              31.1899023216,
              -0.9964365339
            ],
            [
              31.1898934307,
              -0.9893873986
            ],
            [
              31.1982435701,
              -0.989376755
            ],
            [
              31.1982330311,
              -0.980971655
            ],
            [
              31.2065830604,
              -0.9809610808
            ],
            [
              31.2065725915,
              -0.9725560702
            ]
          ]
        ]
      },
      "properties": {
        "country": "Uganda",
        "country_code": "UGA",
        "species_name": "Eucalyptus_saligna",
        "genus": "Eucalyptus",
        "species": "saligna",
        "suitability_name": "Moderately suitable",
        "suitability_rank": 2,
        "soil_suitability": "S3",
        "soil_type": "Ferrallitic Soils",
        "soil_description": "Yellow soils - Sandy loams",
        "site_class": null,
        "maz": "II",
        "maz_zone": null,
        "tz": "4",
        "frost_risk": null,
        "source_layer": "SWIFT_SSMT_Uganda"
      }
    },
    {
      "type": "Feature",
      "geometry": {
        "type": "Polygon",
        "coordinates": [
          [
            [
              30.6720452876,
              -1.0158043668
            ],
            [
              30.664779269,
              -1.0146268667
            ],
            [
              30.6576535443,
              -1.0092600587
            ],
            [
              30.6528990771,
              -1.002098826
            ],
            [
              30.6511155053,
              -0.9988161244
            ],
            [
              30.6481371342,
              -0.9880694723
            ],
            [
              30.6522747499,
              -0.9737316436
            ],
            [
              30.6549280133,
              -0.9582011055
            ],
            [
              30.6605473734,
              -0.9420703035
            ],
            [
              30.6682388448,
              -0.921458473
            ],
            [
              30.6738574557,
              -0.9041337141
            ],
            [
              30.6679044539,
              -0.8838346969
            ],
            [
              30.6628574565,
              -0.8796592355
            ],
            [
              30.650695051,
              -0.8796712493
            ],
            [
              30.6301269849,
              -0.8817621208
            ],
            [
              30.6301341534,
              -0.8891223673
            ],
            [
              30.6468451209,
              -0.8891057682
            ],
            [
              30.6468618044,
              -0.9059271495
            ],
            [
              30.6552172089,
              -0.9059186634
            ],
            [
              30.6552428801,
              -0.9311504955
            ],
            [
              30.6468874172,
              -0.9311592168
            ],
            [
              30.6469316688,
              -0.9732126537
            ],
            [
              30.6385760258,
              -0.9732217491
            ],
            [
              30.6386221274,
              -1.0152755655
            ],
            [
              30.6469778748,
              -1.0152660772
            ],
            [
              30.6469873508,
              -1.0236767604
            ],
            [
              30.6553430418,
              -1.023667173
            ],
            [
              30.6553526173,
              -1.0320777762
            ],
            [
              30.6637082511,
              -1.0320680867
            ],
            [
              30.6636986531,
              -1.0236575621
            ],
            [
              30.672054187,
              -1.0236479295
            ],
            [
              30.6720452876,
              -1.0158043668
            ]
          ]
        ]
      },
      "properties": {
        "country": "Uganda",
        "country_code": "UGA",
        "species_name": "Eucalyptus_saligna",
        "genus": "Eucalyptus",
        "species": "saligna",
        "suitability_name": "Moderately suitable",
        "suitability_rank": 2,
        "soil_suitability": "S3",
        "soil_type": "Ferrallitic Soils",
        "soil_description": "Yellow soils - Sandy loams",
        "site_class": null,
        "maz": "II",
        "maz_zone": null,
        "tz": "4",
        "frost_risk": null,
        "source_layer": "SWIFT_SSMT_Uganda"
      }
    },
    {
      "type": "Feature",
      "geometry": {
        "type": "Polygon",
        "coordinates": [
          [
            [
              30.5970937599,
              -0.8975661262
            ],
            [
              30.6134311016,
              -0.8975498943
            ],
            [
              30.6134228744,
              -0.8891388902
            ],
            [
              30.6217785534,
              -0.889130639
            ],
            [
              30.6217720714,
              -0.8824632903
            ],
            [
              30.6118370282,
              -0.8832928351
            ],
            [
              30.6047186209,
              -0.8847929286
            ],
            [
              30.5967162402,
              -0.892565079
            ],
            [
              30.5970937599,
              -0.8975661262
            ]
          ]
        ]
      },
      "properties": {
        "country": "Uganda",
        "country_code": "UGA",
        "species_name": "Eucalyptus_saligna",
        "genus": "Eucalyptus",
        "species": "saligna",
        "suitability_name": "Moderately suitable",
        "suitability_rank": 2,
        "soil_suitability": "S3",
        "soil_type": "Ferrallitic Soils",
        "soil_description": "Yellow soils - Sandy loams",
        "site_class": null,
        "maz": "II",
        "maz_zone": null,
        "tz": "4",
        "frost_risk": null,
        "source_layer": "SWIFT_SSMT_Uganda"
      }
    },
    {
      "type": "Feature",
      "geometry": {
        "type": "Polygon",
        "coordinates": [
          [
            [
              30.6050932273,
              -0.9156330171
            ],
            [
              30.6050919755,
              -0.9143803685
            ],
            [
              30.6042519885,
              -0.9143812174
            ],
            [
              30.6050932273,
              -0.9156330171
            ]
          ]
        ]
      },
      "properties": {
        "country": "Uganda",
        "country_code": "UGA",
        "species_name": "Eucalyptus_saligna",
        "genus": "Eucalyptus",
        "species": "saligna",
        "suitability_name": "Moderately suitable",
        "suitability_rank": 2,
        "soil_suitability": "S3",
        "soil_type": "Ferrallitic Soils",
        "soil_description": "Yellow soils - Sandy loams",
        "site_class": null,
        "maz": "II",
        "maz_zone": null,
        "tz": "4",
        "frost_risk": null,
        "source_layer": "SWIFT_SSMT_Uganda"
      }
    },
    {
      "type": "Feature",
      "geometry": {
        "type": "Polygon",
        "coordinates": [
          [
            [
              30.6954030671,
              -0.9983901907
            ],
            [
              30.697091736,
              -0.9983882773
            ],
            [
              30.6971011836,
              -1.0067984867
            ],
            [
              30.7054563583,
              -1.0067889265
            ],
            [
              30.7054468896,
              -0.9983787976
            ],
            [
              30.7221569581,
              -0.9983597739
            ],
            [
              30.7221475269,
              -0.9899498049
            ],
            [
              30.7388572337,
              -0.9899308573
            ],
            [
              30.7388478415,
              -0.9815210481
            ],
            [
              30.747202554,
              -0.9815116239
            ],
            [
              30.7471932204,
              -0.9731018955
            ],
            [
              30.7388385293,
              -0.9731112391
            ],
            [
              30.7388343247,
              -0.9692913783
            ],
            [
              30.7329601306,
              -0.9730454059
            ],
            [
              30.7157618764,
              -0.9787377131
            ],
            [
              30.7077623274,
              -0.9874057642
            ],
            [
              30.6954030671,
              -0.9983901907
            ]
          ]
        ]
      },
      "properties": {
        "country": "Uganda",
        "country_code": "UGA",
        "species_name": "Eucalyptus_saligna",
        "genus": "Eucalyptus",
        "species": "saligna",
        "suitability_name": "Moderately suitable",
        "suitability_rank": 2,
        "soil_suitability": "S3",
        "soil_type": "Ferrallitic Soils",
        "soil_description": "Yellow soils - Sandy loams",
        "site_class": null,
        "maz": "II",
        "maz_zone": null,
        "tz": "4",
        "frost_risk": null,
        "source_layer": "SWIFT_SSMT_Uganda"
      }
    },
    {
      "type": "Feature",
      "geometry": {
        "type": "Polygon",
        "coordinates": [
          [
            [
              30.2788402849,
              -0.4466853556
            ],
            [
              30.2849054371,
              -0.443995535
            ],
            [
              30.2939242669,
              -0.4396898684
            ],
            [
              30.2986686505,
              -0.432040464
            ],
            [
              30.2986659857,
              -0.4258270385
            ],
            [
              30.2863190907,
              -0.4191408872
            ],
            [
              30.2677999394,
              -0.4124571043
            ],
            [
              30.2537498222,
              -0.4078448954
            ],
            [
              30.2537540714,
              -0.4182804732
            ],
            [
              30.2453959292,
              -0.418283961
            ],
            [
              30.2453994233,
              -0.4266982404
            ],
            [
              30.2537575752,
              -0.4266946826
            ],
            [
              30.2537611485,
              -0.4351088935
            ],
            [
              30.2704772594,
              -0.4351016088
            ],
            [
              30.2704809216,
              -0.4435156778
            ],
            [
              30.2788388813,
              -0.4435119503
            ],
            [
              30.2788402849,
              -0.4466853556
            ]
          ]
        ]
      },
      "properties": {
        "country": "Uganda",
        "country_code": "UGA",
        "species_name": "Eucalyptus_saligna",
        "genus": "Eucalyptus",
        "species": "saligna",
        "suitability_name": "Moderately suitable",
        "suitability_rank": 2,
        "soil_suitability": "S3",
        "soil_type": "Ferrallitic Soils",
        "soil_description": "Yellow soils - Sandy loams",
        "site_class": null,
        "maz": "I",
        "maz_zone": null,
        "tz": "4",
        "frost_risk": null,
        "source_layer": "SWIFT_SSMT_Uganda"
      }
    },
    {
      "type": "Feature",
      "geometry": {
        "type": "Polygon",
        "coordinates": [
          [
            [
              30.1367399335,
              -0.4334614227
            ],
            [
              30.1367371889,
              -0.4267436642
            ],
            [
              30.1295875484,
              -0.4267465989
            ],
            [
              30.1367399335,
              -0.4334614227
            ]
          ]
        ]
      },
      "properties": {
        "country": "Uganda",
        "country_code": "UGA",
        "species_name": "Eucalyptus_saligna",
        "genus": "Eucalyptus",
        "species": "saligna",
        "suitability_name": "Moderately suitable",
        "suitability_rank": 2,
        "soil_suitability": "S3",
        "soil_type": "Ferrallitic Soils",
        "soil_description": "Yellow soils - Sandy loams",
        "site_class": null,
        "maz": "I",
        "maz_zone": null,
        "tz": "4",
        "frost_risk": null,
        "source_layer": "SWIFT_SSMT_Uganda"
      }
    },
    {
      "type": "Feature",
      "geometry": {
        "type": "Polygon",
        "coordinates": [
          [
            [
              30.2036209752,
              -0.4578179666
            ],
            [
              30.203611146,
              -0.4351305216
            ],
            [
              30.1868939262,
              -0.4351376559
            ],
            [
              30.186897495,
              -0.4435524225
            ],
            [
              30.1618211273,
              -0.4435632606
            ],
            [
              30.1618247352,
              -0.4519782324
            ],
            [
              30.1582030248,
              -0.4519798203
            ],
            [
              30.1643093158,
              -0.4545649752
            ],
            [
              30.1837781884,
              -0.4564683932
            ],
            [
              30.1975480395,
              -0.4564622368
            ],
            [
              30.2036209752,
              -0.4578179666
            ]
          ]
        ]
      },
      "properties": {
        "country": "Uganda",
        "country_code": "UGA",
        "species_name": "Eucalyptus_saligna",
        "genus": "Eucalyptus",
        "species": "saligna",
        "suitability_name": "Moderately suitable",
        "suitability_rank": 2,
        "soil_suitability": "S3",
        "soil_type": "Ferrallitic Soils",
        "soil_description": "Yellow soils - Sandy loams",
        "site_class": null,
        "maz": "I",
        "maz_zone": null,
        "tz": "4",
        "frost_risk": null,
        "source_layer": "SWIFT_SSMT_Uganda"
      }
    },
    {
      "type": "Feature",
      "geometry": {
        "type": "Polygon",
        "coordinates": [
          [
            [
              30.1451022462,
              -0.441289661
            ],
            [
              30.1450996858,
              -0.4351553323
            ],
            [
              30.1385471707,
              -0.4351580815
            ],
            [
              30.1429350307,
              -0.4392774382
            ],
            [
              30.1451022462,
              -0.441289661
            ]
          ]
        ]
      },
      "properties": {
        "country": "Uganda",
        "country_code": "UGA",
        "species_name": "Eucalyptus_saligna",
        "genus": "Eucalyptus",
        "species": "saligna",
        "suitability_name": "Moderately suitable",
        "suitability_rank": 2,
        "soil_suitability": "S3",
        "soil_type": "Ferrallitic Soils",
        "soil_description": "Yellow soils - Sandy loams",
        "site_class": null,
        "maz": "I",
        "maz_zone": null,
        "tz": "4",
        "frost_risk": null,
        "source_layer": "SWIFT_SSMT_Uganda"
      }
    },
    {
      "type": "Feature",
      "geometry": {
        "type": "Polygon",
        "coordinates": [
          [
            [
              30.1534645405,
              -0.4490538239
            ],
            [
              30.1534622017,
              -0.443566855
            ],
            [
              30.1475575813,
              -0.4435693878
            ],
            [
              30.1534645405,
              -0.4490538239
            ]
          ]
        ]
      },
      "properties": {
        "country": "Uganda",
        "country_code": "UGA",
        "species_name": "Eucalyptus_saligna",
        "genus": "Eucalyptus",
        "species": "saligna",
        "suitability_name": "Moderately suitable",
        "suitability_rank": 2,
        "soil_suitability": "S3",
        "soil_type": "Ferrallitic Soils",
        "soil_description": "Yellow soils - Sandy loams",
        "site_class": null,
        "maz": "I",
        "maz_zone": null,
        "tz": "4",
        "frost_risk": null,
        "source_layer": "SWIFT_SSMT_Uganda"
      }
    },
    {
      "type": "Feature",
      "geometry": {
        "type": "Polygon",
        "coordinates": [
          [
            [
              30.2621303183,
              -0.4601529478
            ],
            [
              30.2649703447,
              -0.4569096815
            ],
            [
              30.27022138,
              -0.4519298654
            ],
            [
              30.2621266146,
              -0.4519335332
            ],
            [
              30.2621303183,
              -0.4601529478
            ]
          ]
        ]
      },
      "properties": {
        "country": "Uganda",
        "country_code": "UGA",
        "species_name": "Eucalyptus_saligna",
        "genus": "Eucalyptus",
        "species": "saligna",
        "suitability_name": "Moderately suitable",
        "suitability_rank": 2,
        "soil_suitability": "S3",
        "soil_type": "Ferrallitic Soils",
        "soil_description": "Yellow soils - Sandy loams",
        "site_class": null,
        "maz": "I",
        "maz_zone": null,
        "tz": "4",
        "frost_risk": null,
        "source_layer": "SWIFT_SSMT_Uganda"
      }
    },
    {
      "type": "Feature",
      "geometry": {
        "type": "Polygon",
        "coordinates": [
          [
            [
              30.2537760632,
              -0.4685981962
            ],
            [
              30.2578522024,
              -0.4650385221
            ],
            [
              30.2619597353,
              -0.4603477512
            ],
            [
              30.2537722879,
              -0.4603515211
            ],
            [
              30.2537760632,
              -0.4685981962
            ]
          ]
        ]
      },
      "properties": {
        "country": "Uganda",
        "country_code": "UGA",
        "species_name": "Eucalyptus_saligna",
        "genus": "Eucalyptus",
        "species": "saligna",
        "suitability_name": "Moderately suitable",
        "suitability_rank": 2,
        "soil_suitability": "S3",
        "soil_type": "Ferrallitic Soils",
        "soil_description": "Yellow soils - Sandy loams",
        "site_class": null,
        "maz": "I",
        "maz_zone": null,
        "tz": "4",
        "frost_risk": null,
        "source_layer": "SWIFT_SSMT_Uganda"
      }
    },
    {
      "type": "Feature",
      "geometry": {
        "type": "Polygon",
        "coordinates": [
          [
            [
              30.2370612627,
              -0.472217942
            ],
            [
              30.2455108519,
              -0.4722139707
            ],
            [
              30.2507331694,
              -0.4712555545
            ],
            [
              30.2535841212,
              -0.4687658197
            ],
            [
              30.237059673,
              -0.4687735368
            ],
            [
              30.2370612627,
              -0.472217942
            ]
          ]
        ]
      },
      "properties": {
        "country": "Uganda",
        "country_code": "UGA",
        "species_name": "Eucalyptus_saligna",
        "genus": "Eucalyptus",
        "species": "saligna",
        "suitability_name": "Moderately suitable",
        "suitability_rank": 2,
        "soil_suitability": "S3",
        "soil_type": "Ferrallitic Soils",
        "soil_description": "Yellow soils - Sandy loams",
        "site_class": null,
        "maz": "I",
        "maz_zone": null,
        "tz": "4",
        "frost_risk": null,
        "source_layer": "SWIFT_SSMT_Uganda"
      }
    },
    {
      "type": "Feature",
      "geometry": {
        "type": "Polygon",
        "coordinates": [
          [
            [
              30.3672593476,
              -0.1405952227
            ],
            [
              30.3664724108,
              -0.1342645723
            ],
            [
              30.3660540089,
              -0.1237688895
            ],
            [
              30.362322222,
              -0.1237693669
            ],
            [
              30.3623244873,
              -0.1405959398
            ],
            [
              30.3672593476,
              -0.1405952227
            ]
          ]
        ]
      },
      "properties": {
        "country": "Uganda",
        "country_code": "UGA",
        "species_name": "Eucalyptus_saligna",
        "genus": "Eucalyptus",
        "species": "saligna",
        "suitability_name": "Moderately suitable",
        "suitability_rank": 2,
        "soil_suitability": "S3",
        "soil_type": "Ferrallitic Soils",
        "soil_description": "Yellow soils - Sandy loams",
        "site_class": null,
        "maz": "I",
        "maz_zone": null,
        "tz": "4",
        "frost_risk": null,
        "source_layer": "SWIFT_SSMT_Uganda"
      }
    },
    {
      "type": "Feature",
      "geometry": {
        "type": "Polygon",
        "coordinates": [
          [
            [
              30.3712168539,
              -0.1574210642
            ],
            [
              30.3706837005,
              -0.1555436061
            ],
            [
              30.3706840006,
              -0.1574211518
            ],
            [
              30.3712168539,
              -0.1574210642
            ]
          ]
        ]
      },
      "properties": {
        "country": "Uganda",
        "country_code": "UGA",
        "species_name": "Eucalyptus_saligna",
        "genus": "Eucalyptus",
        "species": "saligna",
        "suitability_name": "Moderately suitable",
        "suitability_rank": 2,
        "soil_suitability": "S3",
        "soil_type": "Ferrallitic Soils",
        "soil_description": "Yellow soils - Sandy loams",
        "site_class": null,
        "maz": "I",
        "maz_zone": null,
        "tz": "4",
        "frost_risk": null,
        "source_layer": "SWIFT_SSMT_Uganda"
      }
    },
    {
      "type": "Feature",
      "geometry": {
        "type": "Polygon",
        "coordinates": [
          [
            [
              30.362347633,
              -0.2553719503
            ],
            [
              30.3641221593,
              -0.2527900582
            ],
            [
              30.3641198626,
              -0.2437095029
            ],
            [
              30.3550965239,
              -0.2293739178
            ],
            [
              30.3493956535,
              -0.2112138755
            ],
            [
              30.3398961801,
              -0.1877970732
            ],
            [
              30.3398952182,
              -0.1826665858
            ],
            [
              30.3372600681,
              -0.1826670796
            ],
            [
              30.3372650518,
              -0.2079075866
            ],
            [
              30.3456222506,
              -0.2079058043
            ],
            [
              30.3456278922,
              -0.2331460945
            ],
            [
              30.3539850325,
              -0.2331440913
            ],
            [
              30.3539891628,
              -0.2499708067
            ],
            [
              30.3623462423,
              -0.2499686524
            ],
            [
              30.362347633,
              -0.2553719503
            ]
          ]
        ]
      },
      "properties": {
        "country": "Uganda",
        "country_code": "UGA",
        "species_name": "Eucalyptus_saligna",
        "genus": "Eucalyptus",
        "species": "saligna",
        "suitability_name": "Moderately suitable",
        "suitability_rank": 2,
        "soil_suitability": "S3",
        "soil_type": "Ferrallitic Soils",
        "soil_description": "Yellow soils - Sandy loams",
        "site_class": null,
        "maz": "I",
        "maz_zone": null,
        "tz": "4",
        "frost_risk": null,
        "source_layer": "SWIFT_SSMT_Uganda"
      }
    },
    {
      "type": "Feature",
      "geometry": {
        "type": "Polygon",
        "coordinates": [
          [
            [
              30.3623665551,
              -0.3199491103
            ],
            [
              30.3574923458,
              -0.3101430595
            ],
            [
              30.3536900469,
              -0.2958064004
            ],
            [
              30.352073037,
              -0.2836247977
            ],
            [
              30.3456411114,
              -0.2836266734
            ],
            [
              30.3456435659,
              -0.2920401019
            ],
            [
              30.3289289908,
              -0.2920451036
            ],
            [
              30.3289265485,
              -0.2836315302
            ],
            [
              30.3246831081,
              -0.2836327601
            ],
            [
              30.3304326856,
              -0.3120634382
            ],
            [
              30.3370840798,
              -0.3273553069
            ],
            [
              30.3508563058,
              -0.341210662
            ],
            [
              30.3579800564,
              -0.3488549903
            ],
            [
              30.3660555691,
              -0.3627118484
            ],
            [
              30.3750806959,
              -0.3765680997
            ],
            [
              30.3841023693,
              -0.3813437128
            ],
            [
              30.3973938372,
              -0.3794268084
            ],
            [
              30.4041697602,
              -0.3721733631
            ],
            [
              30.4041649137,
              -0.3593257475
            ],
            [
              30.4125216428,
              -0.3593226058
            ],
            [
              30.4125185542,
              -0.3509097617
            ],
            [
              30.4292317754,
              -0.3509036022
            ],
            [
              30.4292348794,
              -0.3593162985
            ],
            [
              30.4302198339,
              -0.3593159262
            ],
            [
              30.4315650766,
              -0.3588639317
            ],
            [
              30.4401082261,
              -0.3550376102
            ],
            [
              30.4417992231,
              -0.3508989501
            ],
            [
              30.4375882761,
              -0.35090051
            ],
            [
              30.4375852387,
              -0.3424878874
            ],
            [
              30.429228746,
              -0.3424909046
            ],
            [
              30.4292229062,
              -0.3256655104
            ],
            [
              30.4125097277,
              -0.325671228
            ],
            [
              30.4125069321,
              -0.3172583827
            ],
            [
              30.4073332372,
              -0.317260101
            ],
            [
              30.404151389,
              -0.320756871
            ],
            [
              30.4041530281,
              -0.325674076
            ],
            [
              30.3996756815,
              -0.325675598
            ],
            [
              30.3964261036,
              -0.3292468578
            ],
            [
              30.3840853481,
              -0.334986057
            ],
            [
              30.3679428512,
              -0.3297345183
            ],
            [
              30.3655761139,
              -0.3256871327
            ],
            [
              30.3623684414,
              -0.3256882109
            ],
            [
              30.3623665551,
              -0.3199491103
            ]
          ]
        ]
      },
      "properties": {
        "country": "Uganda",
        "country_code": "UGA",
        "species_name": "Eucalyptus_saligna",
        "genus": "Eucalyptus",
        "species": "saligna",
        "suitability_name": "Moderately suitable",
        "suitability_rank": 2,
        "soil_suitability": "S3",
        "soil_type": "Ferrallitic Soils",
        "soil_description": "Yellow soils - Sandy loams",
        "site_class": null,
        "maz": "I",
        "maz_zone": null,
        "tz": "4",
        "frost_risk": null,
        "source_layer": "SWIFT_SSMT_Uganda"
      }
    },
    {
      "type": "Feature",
      "geometry": {
        "type": "Polygon",
        "coordinates": [
          [
            [
              30.3862992392,
              -0.4602893399
            ],
            [
              30.3874936967,
              -0.4602887676
            ],
            [
              30.3874930893,
              -0.4590004103
            ],
            [
              30.3862992392,
              -0.4602893399
            ]
          ]
        ]
      },
      "properties": {
        "country": "Uganda",
        "country_code": "UGA",
        "species_name": "Eucalyptus_saligna",
        "genus": "Eucalyptus",
        "species": "saligna",
        "suitability_name": "Moderately suitable",
        "suitability_rank": 2,
        "soil_suitability": "S3",
        "soil_type": "Ferrallitic Soils",
        "soil_description": "Yellow soils - Sandy loams",
        "site_class": null,
        "maz": "I",
        "maz_zone": null,
        "tz": "4",
        "frost_risk": null,
        "source_layer": "SWIFT_SSMT_Uganda"
      }
    },
    {
      "type": "Feature",
      "geometry": {
        "type": "Polygon",
        "coordinates": [
          [
            [
              30.3785033164,
              -0.4687062084
            ],
            [
              30.3791406468,
              -0.4687058987
            ],
            [
              30.3791403177,
              -0.4680184667
            ],
            [
              30.3785033164,
              -0.4687062084
            ]
          ]
        ]
      },
      "properties": {
        "country": "Uganda",
        "country_code": "UGA",
        "species_name": "Eucalyptus_saligna",
        "genus": "Eucalyptus",
        "species": "saligna",
        "suitability_name": "Moderately suitable",
        "suitability_rank": 2,
        "soil_suitability": "S3",
        "soil_type": "Ferrallitic Soils",
        "soil_description": "Yellow soils - Sandy loams",
        "site_class": null,
        "maz": "I",
        "maz_zone": null,
        "tz": "4",
        "frost_risk": null,
        "source_layer": "SWIFT_SSMT_Uganda"
      }
    }
  ]
}
