{
  "type": "FeatureCollection",
  "features": [
    {
      "type": "Feature",
      "geometry": {
        "type": "Polygon",
        "coordinates": [
          [
            [
              33.037373817,
              3.8827525957
            ],
            [
              33.0374000199,
              3.8864254587
            ],
            [
              33.0310967529,
              3.8911787044
            ],
            [
              33.0249181307,
              3.8912231787
            ],
            [
              33.0228276812,
              3.8900600002
            ],
            [
              33.0207268471,
              3.8886050802
            ],
            [
              33.0206860517,
              3.8828724798
            ],
            [
              33.037373817,
              3.8827525957
            ]
          ]
        ]
      },
      "properties": {
        "country": "Uganda",
        "country_code": "UGA",
        "species_name": "Eucalyptus_grandis_nitens",
        "genus": "Eucalyptus",
        "species": "grandis_nitens",
        "suitability_name": "Marginally suitable",
        "suitability_rank": 3,
        "soil_suitability": "S4",
        "soil_type": "Lithosols",
        "soil_description": "Not differentiated",
        "site_class": null,
        "maz": "I",
        "maz_zone": null,
        "tz": "6",
        "frost_risk": null,
        "source_layer": "SWIFT_SSMT_Uganda"
      }
    },
    {
      "type": "Feature",
      "geometry": {
        "type": "Polygon",
        "coordinates": [
          [
            [
              34.0290369955,
              3.8248493564
            ],
            [
              34.0205703432,
              3.8249192692
            ],
            [
              34.0205643414,
              3.8241854257
            ],
            [
              34.0262426972,
              3.8235479751
            ],
            [
              34.0290369955,
              3.8248493564
            ]
          ]
        ]
      },
      "properties": {
        "country": "Uganda",
        "country_code": "UGA",
        "species_name": "Eucalyptus_grandis_nitens",
        "genus": "Eucalyptus",
        "species": "grandis_nitens",
        "suitability_name": "Marginally suitable",
        "suitability_rank": 3,
        "soil_suitability": "S2",
        "soil_type": "Ferruginous Soils",
        "soil_description": "On crystalline acid rock - freely drained",
        "site_class": null,
        "maz": "II",
        "maz_zone": null,
        "tz": "5",
        "frost_risk": null,
        "source_layer": "SWIFT_SSMT_Uganda"
      }
    },
    {
      "type": "Feature",
      "geometry": {
        "type": "Polygon",
        "coordinates": [
          [
            [
              34.8013248494,
              2.554863404
            ],
            [
              34.8013398431,
              2.5573310265
            ],
            [
              34.801214018,
              2.5573317993
            ],
            [
              34.8013248494,
              2.554863404
            ]
          ]
        ]
      },
      "properties": {
        "country": "Uganda",
        "country_code": "UGA",
        "species_name": "Eucalyptus_grandis_nitens",
        "genus": "Eucalyptus",
        "species": "grandis_nitens",
        "suitability_name": "Marginally suitable",
        "suitability_rank": 3,
        "soil_suitability": "S2",
        "soil_type": "Ferruginous Soils",
        "soil_description": "On crystalline acid rock - freely drained",
        "site_class": null,
        "maz": "II",
        "maz_zone": null,
        "tz": "5",
        "frost_risk": null,
        "source_layer": "SWIFT_SSMT_Uganda"
      }
    },
    {
      "type": "Feature",
      "geometry": {
        "type": "Polygon",
        "coordinates": [
          [
            [
              34.7845348724,
              2.5240348759
            ],
            [
              34.784584942,
              2.5323844133
            ],
            [
              34.7762830017,
              2.5324348281
            ],
            [
              34.7762329847,
              2.5240851238
            ],
            [
              34.7845348724,
              2.5240348759
            ]
          ]
        ]
      },
      "properties": {
        "country": "Uganda",
        "country_code": "UGA",
        "species_name": "Eucalyptus_grandis_nitens",
        "genus": "Eucalyptus",
        "species": "grandis_nitens",
        "suitability_name": "Marginally suitable",
        "suitability_rank": 3,
        "soil_suitability": "S4",
        "soil_type": "Lithosols",
        "soil_description": "Not differentiated",
        "site_class": null,
        "maz": "I",
        "maz_zone": null,
        "tz": "7",
        "frost_risk": null,
        "source_layer": "SWIFT_SSMT_Uganda"
      }
    },
    {
      "type": "Feature",
      "geometry": {
        "type": "Polygon",
        "coordinates": [
          [
            [
              34.7928584472,
              2.5276283305
            ],
            [
              34.7929370036,
              2.5406833152
            ],
            [
              34.7763331849,
              2.5407845289
            ],
            [
              34.7762830017,
              2.5324348281
            ],
            [
              34.784584942,
              2.5323844133
            ],
            [
              34.7845348724,
              2.5240348759
            ],
            [
              34.7927232299,
              2.5239852634
            ],
            [
              34.7927432779,
              2.5273284285
            ],
            [
              34.7928584472,
              2.5276283305
            ]
          ]
        ]
      },
      "properties": {
        "country": "Uganda",
        "country_code": "UGA",
        "species_name": "Eucalyptus_grandis_nitens",
        "genus": "Eucalyptus",
        "species": "grandis_nitens",
        "suitability_name": "Marginally suitable",
        "suitability_rank": 3,
        "soil_suitability": "S4",
        "soil_type": "Lithosols",
        "soil_description": "Not differentiated",
        "site_class": null,
        "maz": "I",
        "maz_zone": null,
        "tz": "6",
        "frost_risk": null,
        "source_layer": "SWIFT_SSMT_Uganda"
      }
    },
    {
      "type": "Feature",
      "geometry": {
        "type": "Polygon",
        "coordinates": [
          [
            [
              34.7845348724,
              2.5240348759
            ],
            [
              34.7762329847,
              2.5240851238
            ],
            [
              34.7762830017,
              2.5324348281
            ],
            [
              34.7679808962,
              2.5324851889
            ],
            [
              34.7679697327,
              2.5306219899
            ],
            [
              34.7725655476,
              2.5246047461
            ],
            [
              34.7783770835,
              2.5157221885
            ],
            [
              34.7844849692,
              2.515685337
            ],
            [
              34.7845348724,
              2.5240348759
            ]
          ]
        ]
      },
      "properties": {
        "country": "Uganda",
        "country_code": "UGA",
        "species_name": "Eucalyptus_grandis_nitens",
        "genus": "Eucalyptus",
        "species": "grandis_nitens",
        "suitability_name": "Marginally suitable",
        "suitability_rank": 3,
        "soil_suitability": "S4",
        "soil_type": "Lithosols",
        "soil_description": "Not differentiated",
        "site_class": null,
        "maz": "I",
        "maz_zone": null,
        "tz": "6",
        "frost_risk": null,
        "source_layer": "SWIFT_SSMT_Uganda"
      }
    },
    {
      "type": "Feature",
      "geometry": {
        "type": "Polygon",
        "coordinates": [
          [
            [
              34.7930380779,
              2.5573820453
            ],
            [
              34.7764340489,
              2.5574839251
            ],
            [
              34.7763331849,
              2.5407845289
            ],
            [
              34.7929370036,
              2.5406833152
            ],
            [
              34.7928584472,
              2.5276283305
            ],
            [
              34.7966958897,
              2.5376206098
            ],
            [
              34.8012694104,
              2.5457186702
            ],
            [
              34.8012891701,
              2.5489818281
            ],
            [
              34.7929874571,
              2.5490326806
            ],
            [
              34.7930380779,
              2.5573820453
            ]
          ]
        ]
      },
      "properties": {
        "country": "Uganda",
        "country_code": "UGA",
        "species_name": "Eucalyptus_grandis_nitens",
        "genus": "Eucalyptus",
        "species": "grandis_nitens",
        "suitability_name": "Marginally suitable",
        "suitability_rank": 3,
        "soil_suitability": "S4",
        "soil_type": "Lithosols",
        "soil_description": "Not differentiated",
        "site_class": null,
        "maz": "II",
        "maz_zone": null,
        "tz": "6",
        "frost_risk": null,
        "source_layer": "SWIFT_SSMT_Uganda"
      }
    },
    {
      "type": "Feature",
      "geometry": {
        "type": "Polygon",
        "coordinates": [
          [
            [
              34.7762830017,
              2.5324348281
            ],
            [
              34.7763331849,
              2.5407845289
            ],
            [
              34.7680310275,
              2.5408350565
            ],
            [
              34.7679808962,
              2.5324851889
            ],
            [
              34.7762830017,
              2.5324348281
            ]
          ]
        ]
      },
      "properties": {
        "country": "Uganda",
        "country_code": "UGA",
        "species_name": "Eucalyptus_grandis_nitens",
        "genus": "Eucalyptus",
        "species": "grandis_nitens",
        "suitability_name": "Marginally suitable",
        "suitability_rank": 3,
        "soil_suitability": "S4",
        "soil_type": "Lithosols",
        "soil_description": "Not differentiated",
        "site_class": null,
        "maz": "II",
        "maz_zone": null,
        "tz": "6",
        "frost_risk": null,
        "source_layer": "SWIFT_SSMT_Uganda"
      }
    },
    {
      "type": "Feature",
      "geometry": {
        "type": "Polygon",
        "coordinates": [
          [
            [
              34.7679697327,
              2.5306219899
            ],
            [
              34.7679808962,
              2.5324851889
            ],
            [
              34.7665400133,
              2.5324939247
            ],
            [
              34.7679697327,
              2.5306219899
            ]
          ]
        ]
      },
      "properties": {
        "country": "Uganda",
        "country_code": "UGA",
        "species_name": "Eucalyptus_grandis_nitens",
        "genus": "Eucalyptus",
        "species": "grandis_nitens",
        "suitability_name": "Marginally suitable",
        "suitability_rank": 3,
        "soil_suitability": "S4",
        "soil_type": "Lithosols",
        "soil_description": "Not differentiated",
        "site_class": null,
        "maz": "II",
        "maz_zone": null,
        "tz": "6",
        "frost_risk": null,
        "source_layer": "SWIFT_SSMT_Uganda"
      }
    },
    {
      "type": "Feature",
      "geometry": {
        "type": "Polygon",
        "coordinates": [
          [
            [
              34.7930706563,
              2.5156334875
            ],
            [
              34.7926814989,
              2.5170125271
            ],
            [
              34.7927232299,
              2.5239852634
            ],
            [
              34.7845348724,
              2.5240348759
            ],
            [
              34.7844849692,
              2.515685337
            ],
            [
              34.7783770835,
              2.5157221885
            ],
            [
              34.7816789455,
              2.5106756216
            ],
            [
              34.7831205978,
              2.5073437035
            ],
            [
              34.79273685,
              2.507285829
            ],
            [
              34.792786639,
              2.5156352034
            ],
            [
              34.7930706563,
              2.5156334875
            ]
          ]
        ]
      },
      "properties": {
        "country": "Uganda",
        "country_code": "UGA",
        "species_name": "Eucalyptus_grandis_nitens",
        "genus": "Eucalyptus",
        "species": "grandis_nitens",
        "suitability_name": "Marginally suitable",
        "suitability_rank": 3,
        "soil_suitability": "S4",
        "soil_type": "Lithosols",
        "soil_description": "Not differentiated",
        "site_class": null,
        "maz": "II",
        "maz_zone": null,
        "tz": "6",
        "frost_risk": null,
        "source_layer": "SWIFT_SSMT_Uganda"
      }
    },
    {
      "type": "Feature",
      "geometry": {
        "type": "Polygon",
        "coordinates": [
          [
            [
              34.7431736996,
              2.549336689
            ],
            [
              34.7348708281,
              2.5493871717
            ],
            [
              34.7349210798,
              2.5577376984
            ],
            [
              34.7266179899,
              2.5577882944
            ],
            [
              34.7265962742,
              2.5541791565
            ],
            [
              34.7309858589,
              2.5515395004
            ],
            [
              34.7415361668,
              2.5411577809
            ],
            [
              34.7431073023,
              2.5382727017
            ],
            [
              34.7431736996,
              2.549336689
            ]
          ]
        ]
      },
      "properties": {
        "country": "Uganda",
        "country_code": "UGA",
        "species_name": "Eucalyptus_grandis_nitens",
        "genus": "Eucalyptus",
        "species": "grandis_nitens",
        "suitability_name": "Marginally suitable",
        "suitability_rank": 3,
        "soil_suitability": "S1",
        "soil_type": "Eutrophic Soils",
        "soil_description": "On volcanic ash",
        "site_class": null,
        "maz": "II",
        "maz_zone": null,
        "tz": "5",
        "frost_risk": null,
        "source_layer": "SWIFT_SSMT_Uganda"
      }
    },
    {
      "type": "Feature",
      "geometry": {
        "type": "Polygon",
        "coordinates": [
          [
            [
              34.7601905189,
              2.540882726
            ],
            [
              34.7597287033,
              2.5408855328
            ],
            [
              34.7596786247,
              2.5325354986
            ],
            [
              34.7665400133,
              2.5324939247
            ],
            [
              34.7601905189,
              2.540882726
            ]
          ]
        ]
      },
      "properties": {
        "country": "Uganda",
        "country_code": "UGA",
        "species_name": "Eucalyptus_grandis_nitens",
        "genus": "Eucalyptus",
        "species": "grandis_nitens",
        "suitability_name": "Marginally suitable",
        "suitability_rank": 3,
        "soil_suitability": "S1",
        "soil_type": "Eutrophic Soils",
        "soil_description": "On volcanic ash",
        "site_class": null,
        "maz": "II",
        "maz_zone": null,
        "tz": "5",
        "frost_risk": null,
        "source_layer": "SWIFT_SSMT_Uganda"
      }
    },
    {
      "type": "Feature",
      "geometry": {
        "type": "Polygon",
        "coordinates": [
          [
            [
              34.7596786247,
              2.5325354986
            ],
            [
              34.7461872165,
              2.5326171386
            ],
            [
              34.7507499014,
              2.5242390291
            ],
            [
              34.759628712,
              2.524185463
            ],
            [
              34.7596786247,
              2.5325354986
            ]
          ]
        ]
      },
      "properties": {
        "country": "Uganda",
        "country_code": "UGA",
        "species_name": "Eucalyptus_grandis_nitens",
        "genus": "Eucalyptus",
        "species": "grandis_nitens",
        "suitability_name": "Marginally suitable",
        "suitability_rank": 3,
        "soil_suitability": "S1",
        "soil_type": "Eutrophic Soils",
        "soil_description": "On volcanic ash",
        "site_class": null,
        "maz": "II",
        "maz_zone": null,
        "tz": "5",
        "frost_risk": null,
        "source_layer": "SWIFT_SSMT_Uganda"
      }
    },
    {
      "type": "Feature",
      "geometry": {
        "type": "Polygon",
        "coordinates": [
          [
            [
              34.7844174641,
              2.5043464574
            ],
            [
              34.7831205978,
              2.5073437035
            ],
            [
              34.7678314973,
              2.507435574
            ],
            [
              34.7677820281,
              2.4990856983
            ],
            [
              34.7542336034,
              2.4991666888
            ],
            [
              34.7522351477,
              2.4962660977
            ],
            [
              34.7458305708,
              2.4899003607
            ],
            [
              34.7427971376,
              2.4859347593
            ],
            [
              34.7427283883,
              2.4741833447
            ],
            [
              34.7593327044,
              2.474085205
            ],
            [
              34.7594307117,
              2.4907852991
            ],
            [
              34.776034572,
              2.49068629
            ],
            [
              34.7760839262,
              2.4990360015
            ],
            [
              34.784385659,
              2.4989862534
            ],
            [
              34.7844174641,
              2.5043464574
            ]
          ]
        ]
      },
      "properties": {
        "country": "Uganda",
        "country_code": "UGA",
        "species_name": "Eucalyptus_grandis_nitens",
        "genus": "Eucalyptus",
        "species": "grandis_nitens",
        "suitability_name": "Marginally suitable",
        "suitability_rank": 3,
        "soil_suitability": "S1",
        "soil_type": "Eutrophic Soils",
        "soil_description": "On volcanic ash",
        "site_class": null,
        "maz": "II",
        "maz_zone": null,
        "tz": "5",
        "frost_risk": null,
        "source_layer": "SWIFT_SSMT_Uganda"
      }
    },
    {
      "type": "Feature",
      "geometry": {
        "type": "Polygon",
        "coordinates": [
          [
            [
              34.726418182,
              2.5243855132
            ],
            [
              34.7264678871,
              2.5327362112
            ],
            [
              34.7347708198,
              2.5326861117
            ],
            [
              34.734721063,
              2.5243355794
            ],
            [
              34.7507499014,
              2.5242390291
            ],
            [
              34.7461872165,
              2.5326171386
            ],
            [
              34.7430735863,
              2.53263596
            ],
            [
              34.7431073023,
              2.5382727017
            ],
            [
              34.7415361668,
              2.5411577809
            ],
            [
              34.7309858589,
              2.5515395004
            ],
            [
              34.7265962742,
              2.5541791565
            ],
            [
              34.7265677915,
              2.5494376019
            ],
            [
              34.7182645906,
              2.5494879796
            ],
            [
              34.7180656502,
              2.5160845289
            ],
            [
              34.726368642,
              2.5160348126
            ],
            [
              34.7263192671,
              2.5076841096
            ],
            [
              34.7429246536,
              2.5075848518
            ],
            [
              34.742974133,
              2.5159352231
            ],
            [
              34.7346714706,
              2.5159850437
            ],
            [
              34.734721063,
              2.5243355794
            ],
            [
              34.726418182,
              2.5243855132
            ]
          ]
        ]
      },
      "properties": {
        "country": "Uganda",
        "country_code": "UGA",
        "species_name": "Eucalyptus_grandis_nitens",
        "genus": "Eucalyptus",
        "species": "grandis_nitens",
        "suitability_name": "Marginally suitable",
        "suitability_rank": 3,
        "soil_suitability": "S1",
        "soil_type": "Ferrisols",
        "soil_description": "Humic of high altitudes",
        "site_class": null,
        "maz": "II",
        "maz_zone": null,
        "tz": "5",
        "frost_risk": null,
        "source_layer": "SWIFT_SSMT_Uganda"
      }
    },
    {
      "type": "Feature",
      "geometry": {
        "type": "Polygon",
        "coordinates": [
          [
            [
              34.7427971376,
              2.4859347593
            ],
            [
              34.7458305708,
              2.4899003607
            ],
            [
              34.7522351477,
              2.4962660977
            ],
            [
              34.7542336034,
              2.4991666888
            ],
            [
              34.7345727806,
              2.4992839677
            ],
            [
              34.734523683,
              2.4909334255
            ],
            [
              34.742826191,
              2.4908841018
            ],
            [
              34.7427971376,
              2.4859347593
            ]
          ]
        ]
      },
      "properties": {
        "country": "Uganda",
        "country_code": "UGA",
        "species_name": "Eucalyptus_grandis_nitens",
        "genus": "Eucalyptus",
        "species": "grandis_nitens",
        "suitability_name": "Marginally suitable",
        "suitability_rank": 3,
        "soil_suitability": "S1",
        "soil_type": "Ferrisols",
        "soil_description": "Humic of high altitudes",
        "site_class": null,
        "maz": "II",
        "maz_zone": null,
        "tz": "5",
        "frost_risk": null,
        "source_layer": "SWIFT_SSMT_Uganda"
      }
    },
    {
      "type": "Feature",
      "geometry": {
        "type": "Polygon",
        "coordinates": [
          [
            [
              34.793076471,
              2.563696519
            ],
            [
              34.7930888626,
              2.5657314075
            ],
            [
              34.7881171932,
              2.5657620355
            ],
            [
              34.793076471,
              2.563696519
            ]
          ]
        ]
      },
      "properties": {
        "country": "Uganda",
        "country_code": "UGA",
        "species_name": "Eucalyptus_grandis_nitens",
        "genus": "Eucalyptus",
        "species": "grandis_nitens",
        "suitability_name": "Marginally suitable",
        "suitability_rank": 3,
        "soil_suitability": "S2",
        "soil_type": "Ferruginous Soils",
        "soil_description": "On crystalline acid rock - freely drained",
        "site_class": null,
        "maz": "II",
        "maz_zone": null,
        "tz": "5",
        "frost_risk": null,
        "source_layer": "SWIFT_SSMT_Uganda"
      }
    },
    {
      "type": "Feature",
      "geometry": {
        "type": "Polygon",
        "coordinates": [
          [
            [
              34.7954309794,
              2.5072696014
            ],
            [
              34.801038302,
              2.507235811
            ],
            [
              34.8010881433,
              2.5155850181
            ],
            [
              34.7930706563,
              2.5156334875
            ],
            [
              34.7954309794,
              2.5072696014
            ]
          ]
        ]
      },
      "properties": {
        "country": "Uganda",
        "country_code": "UGA",
        "species_name": "Eucalyptus_grandis_nitens",
        "genus": "Eucalyptus",
        "species": "grandis_nitens",
        "suitability_name": "Marginally suitable",
        "suitability_rank": 3,
        "soil_suitability": "S2",
        "soil_type": "Ferruginous Soils",
        "soil_description": "On crystalline acid rock - freely drained",
        "site_class": null,
        "maz": "II",
        "maz_zone": null,
        "tz": "5",
        "frost_risk": null,
        "source_layer": "SWIFT_SSMT_Uganda"
      }
    },
    {
      "type": "Feature",
      "geometry": {
        "type": "Polygon",
        "coordinates": [
          [
            [
              34.7431736996,
              2.549336689
            ],
            [
              34.7432744728,
              2.566037409
            ],
            [
              34.7349714958,
              2.5660882236
            ],
            [
              34.7350220771,
              2.5744387455
            ],
            [
              34.7267188822,
              2.5744896713
            ],
            [
              34.7266683544,
              2.5661389836
            ],
            [
              34.718365047,
              2.5661896917
            ],
            [
              34.7183226524,
              2.5591544911
            ],
            [
              34.7265962742,
              2.5541791565
            ],
            [
              34.7266179899,
              2.5577882944
            ],
            [
              34.7349210798,
              2.5577376984
            ],
            [
              34.7348708281,
              2.5493871717
            ],
            [
              34.7431736996,
              2.549336689
            ]
          ]
        ]
      },
      "properties": {
        "country": "Uganda",
        "country_code": "UGA",
        "species_name": "Eucalyptus_grandis_nitens",
        "genus": "Eucalyptus",
        "species": "grandis_nitens",
        "suitability_name": "Marginally suitable",
        "suitability_rank": 3,
        "soil_suitability": "S1",
        "soil_type": "Eutrophic Soils",
        "soil_description": "On volcanic ash",
        "site_class": null,
        "maz": "III",
        "maz_zone": null,
        "tz": "5",
        "frost_risk": null,
        "source_layer": "SWIFT_SSMT_Uganda"
      }
    },
    {
      "type": "Feature",
      "geometry": {
        "type": "Polygon",
        "coordinates": [
          [
            [
              34.7562700104,
              2.5492569512
            ],
            [
              34.7431736996,
              2.549336689
            ],
            [
              34.7431073023,
              2.5382727017
            ],
            [
              34.7461872165,
              2.5326171386
            ],
            [
              34.7596786247,
              2.5325354986
            ],
            [
              34.7597287033,
              2.5408855328
            ],
            [
              34.7601905189,
              2.540882726
            ],
            [
              34.7562700104,
              2.5492569512
            ]
          ]
        ]
      },
      "properties": {
        "country": "Uganda",
        "country_code": "UGA",
        "species_name": "Eucalyptus_grandis_nitens",
        "genus": "Eucalyptus",
        "species": "grandis_nitens",
        "suitability_name": "Marginally suitable",
        "suitability_rank": 3,
        "soil_suitability": "S1",
        "soil_type": "Eutrophic Soils",
        "soil_description": "On volcanic ash",
        "site_class": null,
        "maz": "III",
        "maz_zone": null,
        "tz": "5",
        "frost_risk": null,
        "source_layer": "SWIFT_SSMT_Uganda"
      }
    },
    {
      "type": "Feature",
      "geometry": {
        "type": "Polygon",
        "coordinates": [
          [
            [
              34.789789692,
              2.4906041075
            ],
            [
              34.7897039833,
              2.4921289934
            ],
            [
              34.7844174641,
              2.5043464574
            ],
            [
              34.784385659,
              2.4989862534
            ],
            [
              34.7760839262,
              2.4990360015
            ],
            [
              34.776034572,
              2.49068629
            ],
            [
              34.7594307117,
              2.4907852991
            ],
            [
              34.7593327044,
              2.474085205
            ],
            [
              34.7427283883,
              2.4741833447
            ],
            [
              34.7427971376,
              2.4859347593
            ],
            [
              34.7390577566,
              2.4810461249
            ],
            [
              34.7344245793,
              2.4739917185
            ],
            [
              34.7343773787,
              2.4658817905
            ],
            [
              34.7426797332,
              2.4658329637
            ],
            [
              34.7426312452,
              2.4574825793
            ],
            [
              34.7509333841,
              2.4574338663
            ],
            [
              34.750981924,
              2.4657840845
            ],
            [
              34.7758875025,
              2.4656371424
            ],
            [
              34.775985383,
              2.482336576
            ],
            [
              34.7842870133,
              2.4822871607
            ],
            [
              34.784336253,
              2.4906367069
            ],
            [
              34.789789692,
              2.4906041075
            ]
          ]
        ]
      },
      "properties": {
        "country": "Uganda",
        "country_code": "UGA",
        "species_name": "Eucalyptus_grandis_nitens",
        "genus": "Eucalyptus",
        "species": "grandis_nitens",
        "suitability_name": "Marginally suitable",
        "suitability_rank": 3,
        "soil_suitability": "S1",
        "soil_type": "Eutrophic Soils",
        "soil_description": "On volcanic ash",
        "site_class": null,
        "maz": "III",
        "maz_zone": null,
        "tz": "5",
        "frost_risk": null,
        "source_layer": "SWIFT_SSMT_Uganda"
      }
    },
    {
      "type": "Feature",
      "geometry": {
        "type": "Polygon",
        "coordinates": [
          [
            [
              34.7265962742,
              2.5541791565
            ],
            [
              34.7183226524,
              2.5591544911
            ],
            [
              34.7183147359,
              2.557838836
            ],
            [
              34.7100113179,
              2.5578893258
            ],
            [
              34.7097132213,
              2.5077831603
            ],
            [
              34.7180163266,
              2.5077336612
            ],
            [
              34.717967167,
              2.4993827919
            ],
            [
              34.7262700563,
              2.499333405
            ],
            [
              34.7262210106,
              2.4909826989
            ],
            [
              34.734523683,
              2.4909334255
            ],
            [
              34.7345727806,
              2.4992839677
            ],
            [
              34.7346220434,
              2.5076345065
            ],
            [
              34.7263192671,
              2.5076841096
            ],
            [
              34.726368642,
              2.5160348126
            ],
            [
              34.7180656502,
              2.5160845289
            ],
            [
              34.7182645906,
              2.5494879796
            ],
            [
              34.7265677915,
              2.5494376019
            ],
            [
              34.7265962742,
              2.5541791565
            ]
          ]
        ]
      },
      "properties": {
        "country": "Uganda",
        "country_code": "UGA",
        "species_name": "Eucalyptus_grandis_nitens",
        "genus": "Eucalyptus",
        "species": "grandis_nitens",
        "suitability_name": "Marginally suitable",
        "suitability_rank": 3,
        "soil_suitability": "S1",
        "soil_type": "Ferrisols",
        "soil_description": "Humic of high altitudes",
        "site_class": null,
        "maz": "III",
        "maz_zone": null,
        "tz": "5",
        "frost_risk": null,
        "source_layer": "SWIFT_SSMT_Uganda"
      }
    },
    {
      "type": "Feature",
      "geometry": {
        "type": "Polygon",
        "coordinates": [
          [
            [
              34.7461872165,
              2.5326171386
            ],
            [
              34.7431073023,
              2.5382727017
            ],
            [
              34.7430735863,
              2.53263596
            ],
            [
              34.7461872165,
              2.5326171386
            ]
          ]
        ]
      },
      "properties": {
        "country": "Uganda",
        "country_code": "UGA",
        "species_name": "Eucalyptus_grandis_nitens",
        "genus": "Eucalyptus",
        "species": "grandis_nitens",
        "suitability_name": "Marginally suitable",
        "suitability_rank": 3,
        "soil_suitability": "S1",
        "soil_type": "Ferrisols",
        "soil_description": "Humic of high altitudes",
        "site_class": null,
        "maz": "III",
        "maz_zone": null,
        "tz": "5",
        "frost_risk": null,
        "source_layer": "SWIFT_SSMT_Uganda"
      }
    },
    {
      "type": "Feature",
      "geometry": {
        "type": "Polygon",
        "coordinates": [
          [
            [
              34.7427971376,
              2.4859347593
            ],
            [
              34.742826191,
              2.4908841018
            ],
            [
              34.734523683,
              2.4909334255
            ],
            [
              34.7344245793,
              2.4739917185
            ],
            [
              34.7390577566,
              2.4810461249
            ],
            [
              34.7427971376,
              2.4859347593
            ]
          ]
        ]
      },
      "properties": {
        "country": "Uganda",
        "country_code": "UGA",
        "species_name": "Eucalyptus_grandis_nitens",
        "genus": "Eucalyptus",
        "species": "grandis_nitens",
        "suitability_name": "Marginally suitable",
        "suitability_rank": 3,
        "soil_suitability": "S1",
        "soil_type": "Ferrisols",
        "soil_description": "Humic of high altitudes",
        "site_class": null,
        "maz": "III",
        "maz_zone": null,
        "tz": "5",
        "frost_risk": null,
        "source_layer": "SWIFT_SSMT_Uganda"
      }
    },
    {
      "type": "Feature",
      "geometry": {
        "type": "Polygon",
        "coordinates": [
          [
            [
              34.3170647286,
              2.0754014946
            ],
            [
              34.3087563974,
              2.075440346
            ],
            [
              34.3087950711,
              2.0837991888
            ],
            [
              34.3004865404,
              2.0838381541
            ],
            [
              34.3004479097,
              2.0754791551
            ],
            [
              34.2838304684,
              2.0755566428
            ],
            [
              34.2837538441,
              2.0588380154
            ],
            [
              34.3086795166,
              2.0587226564
            ],
            [
              34.3087178783,
              2.0670815025
            ],
            [
              34.3170261676,
              2.0670428066
            ],
            [
              34.3170647286,
              2.0754014946
            ]
          ]
        ]
      },
      "properties": {
        "country": "Uganda",
        "country_code": "UGA",
        "species_name": "Eucalyptus_grandis_nitens",
        "genus": "Eucalyptus",
        "species": "grandis_nitens",
        "suitability_name": "Marginally suitable",
        "suitability_rank": 3,
        "soil_suitability": "S1",
        "soil_type": "Eutrophic Soils",
        "soil_description": "On volcanic ash",
        "site_class": null,
        "maz": "I",
        "maz_zone": null,
        "tz": "5",
        "frost_risk": null,
        "source_layer": "SWIFT_SSMT_Uganda"
      }
    },
    {
      "type": "Feature",
      "geometry": {
        "type": "Polygon",
        "coordinates": [
          [
            [
              34.3170647286,
              2.0754014946
            ],
            [
              34.3171034454,
              2.0837601802
            ],
            [
              34.3087950711,
              2.0837991888
            ],
            [
              34.3087563974,
              2.075440346
            ],
            [
              34.3170647286,
              2.0754014946
            ]
          ]
        ]
      },
      "properties": {
        "country": "Uganda",
        "country_code": "UGA",
        "species_name": "Eucalyptus_grandis_nitens",
        "genus": "Eucalyptus",
        "species": "grandis_nitens",
        "suitability_name": "Marginally suitable",
        "suitability_rank": 3,
        "soil_suitability": "S1",
        "soil_type": "Eutrophic Soils",
        "soil_description": "On volcanic ash",
        "site_class": null,
        "maz": "II",
        "maz_zone": null,
        "tz": "5",
        "frost_risk": null,
        "source_layer": "SWIFT_SSMT_Uganda"
      }
    },
    {
      "type": "Feature",
      "geometry": {
        "type": "Polygon",
        "coordinates": [
          [
            [
              34.2921392667,
              2.075517921
            ],
            [
              34.3004479097,
              2.0754791551
            ],
            [
              34.3004865404,
              2.0838381541
            ],
            [
              34.2921778543,
              2.083877076
            ],
            [
              34.2921392667,
              2.075517921
            ]
          ]
        ]
      },
      "properties": {
        "country": "Uganda",
        "country_code": "UGA",
        "species_name": "Eucalyptus_grandis_nitens",
        "genus": "Eucalyptus",
        "species": "grandis_nitens",
        "suitability_name": "Marginally suitable",
        "suitability_rank": 3,
        "soil_suitability": "S1",
        "soil_type": "Eutrophic Soils",
        "soil_description": "On volcanic ash",
        "site_class": null,
        "maz": "II",
        "maz_zone": null,
        "tz": "5",
        "frost_risk": null,
        "source_layer": "SWIFT_SSMT_Uganda"
      }
    },
    {
      "type": "Feature",
      "geometry": {
        "type": "Polygon",
        "coordinates": [
          [
            [
              34.2837538441,
              2.0588380154
            ],
            [
              34.2838304684,
              2.0755566428
            ],
            [
              34.2755215143,
              2.0755953223
            ],
            [
              34.2754449756,
              2.0588763828
            ],
            [
              34.2837538441,
              2.0588380154
            ]
          ]
        ]
      },
      "properties": {
        "country": "Uganda",
        "country_code": "UGA",
        "species_name": "Eucalyptus_grandis_nitens",
        "genus": "Eucalyptus",
        "species": "grandis_nitens",
        "suitability_name": "Marginally suitable",
        "suitability_rank": 3,
        "soil_suitability": "S1",
        "soil_type": "Eutrophic Soils",
        "soil_description": "On volcanic ash",
        "site_class": null,
        "maz": "II",
        "maz_zone": null,
        "tz": "5",
        "frost_risk": null,
        "source_layer": "SWIFT_SSMT_Uganda"
      }
    },
    {
      "type": "Feature",
      "geometry": {
        "type": "Polygon",
        "coordinates": [
          [
            [
              34.3086795166,
              2.0587226564
            ],
            [
              34.3169877624,
              2.0586841178
            ],
            [
              34.3170261676,
              2.0670428066
            ],
            [
              34.3087178783,
              2.0670815025
            ],
            [
              34.3086795166,
              2.0587226564
            ]
          ]
        ]
      },
      "properties": {
        "country": "Uganda",
        "country_code": "UGA",
        "species_name": "Eucalyptus_grandis_nitens",
        "genus": "Eucalyptus",
        "species": "grandis_nitens",
        "suitability_name": "Marginally suitable",
        "suitability_rank": 3,
        "soil_suitability": "S1",
        "soil_type": "Eutrophic Soils",
        "soil_description": "On volcanic ash",
        "site_class": null,
        "maz": "II",
        "maz_zone": null,
        "tz": "5",
        "frost_risk": null,
        "source_layer": "SWIFT_SSMT_Uganda"
      }
    },
    {
      "type": "Feature",
      "geometry": {
        "type": "Polygon",
        "coordinates": [
          [
            [
              34.7141797414,
              1.7389815735
            ],
            [
              34.7141475936,
              1.7310949819
            ],
            [
              34.7307451896,
              1.7310265567
            ],
            [
              34.7308135878,
              1.7477279507
            ],
            [
              34.7265386303,
              1.7477457587
            ],
            [
              34.7169920092,
              1.7414762698
            ],
            [
              34.7141797414,
              1.7389815735
            ]
          ]
        ]
      },
      "properties": {
        "country": "Uganda",
        "country_code": "UGA",
        "species_name": "Eucalyptus_grandis_nitens",
        "genus": "Eucalyptus",
        "species": "grandis_nitens",
        "suitability_name": "Marginally suitable",
        "suitability_rank": 3,
        "soil_suitability": "S1",
        "soil_type": "Eutrophic Soils",
        "soil_description": "On volcanic ash",
        "site_class": null,
        "maz": "I",
        "maz_zone": null,
        "tz": "5",
        "frost_risk": null,
        "source_layer": "SWIFT_SSMT_Uganda"
      }
    },
    {
      "type": "Feature",
      "geometry": {
        "type": "Polygon",
        "coordinates": [
          [
            [
              34.8130731985,
              1.841191113
            ],
            [
              34.8047409018,
              1.8410679763
            ],
            [
              34.7930980203,
              1.8464554906
            ],
            [
              34.781033302,
              1.8485338183
            ],
            [
              34.7809932376,
              1.8393664431
            ],
            [
              34.7726950336,
              1.8394030511
            ],
            [
              34.7726587537,
              1.8310531998
            ],
            [
              34.7643604223,
              1.8310896018
            ],
            [
              34.7643243453,
              1.8227395831
            ],
            [
              34.7560258866,
              1.8227757823
            ],
            [
              34.755995008,
              1.8155906719
            ],
            [
              34.7653863266,
              1.8152718917
            ],
            [
              34.7667281056,
              1.8143789618
            ],
            [
              34.7725866908,
              1.8143534924
            ],
            [
              34.7726226403,
              1.8227033466
            ],
            [
              34.7809207688,
              1.8226670718
            ],
            [
              34.7809569212,
              1.8310167584
            ],
            [
              34.7975527567,
              1.830943763
            ],
            [
              34.7975165299,
              1.8225944102
            ],
            [
              34.8058141622,
              1.8225580224
            ],
            [
              34.8057780628,
              1.814208834
            ],
            [
              34.7974804693,
              1.8142450555
            ],
            [
              34.7974445732,
              1.8058956988
            ],
            [
              34.7891468504,
              1.8059317153
            ],
            [
              34.7891111588,
              1.7975821898
            ],
            [
              34.7857160678,
              1.7975968484
            ],
            [
              34.7872096878,
              1.7927655593
            ],
            [
              34.7861324983,
              1.7888570978
            ],
            [
              34.7762081562,
              1.7828520426
            ],
            [
              34.7652335871,
              1.7793413921
            ],
            [
              34.7517765074,
              1.7740622042
            ],
            [
              34.7504088539,
              1.7726975468
            ],
            [
              34.7807073351,
              1.7725689216
            ],
            [
              34.7807424944,
              1.7809186168
            ],
            [
              34.7890402719,
              1.7808831368
            ],
            [
              34.7890756324,
              1.7892326643
            ],
            [
              34.8222652324,
              1.7890897091
            ],
            [
              34.8223009065,
              1.7974385675
            ],
            [
              34.8223727539,
              1.8141362796
            ],
            [
              34.8223994371,
              1.820298655
            ],
            [
              34.8212466275,
              1.8239623561
            ],
            [
              34.8172563763,
              1.8308568987
            ],
            [
              34.8141479301,
              1.8308706166
            ],
            [
              34.8141782097,
              1.8378058419
            ],
            [
              34.8130731985,
              1.841191113
            ]
          ]
        ]
      },
      "properties": {
        "country": "Uganda",
        "country_code": "UGA",
        "species_name": "Eucalyptus_grandis_nitens",
        "genus": "Eucalyptus",
        "species": "grandis_nitens",
        "suitability_name": "Marginally suitable",
        "suitability_rank": 3,
        "soil_suitability": "S1",
        "soil_type": "Eutrophic Soils",
        "soil_description": "On volcanic ash",
        "site_class": null,
        "maz": "II",
        "maz_zone": null,
        "tz": "5",
        "frost_risk": null,
        "source_layer": "SWIFT_SSMT_Uganda"
      }
    },
    {
      "type": "Feature",
      "geometry": {
        "type": "Polygon",
        "coordinates": [
          [
            [
              34.7476852534,
              1.8130194258
            ],
            [
              34.7507370468,
              1.8144483846
            ],
            [
              34.7476914269,
              1.8144615904
            ],
            [
              34.7476852534,
              1.8130194258
            ]
          ]
        ]
      },
      "properties": {
        "country": "Uganda",
        "country_code": "UGA",
        "species_name": "Eucalyptus_grandis_nitens",
        "genus": "Eucalyptus",
        "species": "grandis_nitens",
        "suitability_name": "Marginally suitable",
        "suitability_rank": 3,
        "soil_suitability": "S1",
        "soil_type": "Eutrophic Soils",
        "soil_description": "On volcanic ash",
        "site_class": null,
        "maz": "II",
        "maz_zone": null,
        "tz": "5",
        "frost_risk": null,
        "source_layer": "SWIFT_SSMT_Uganda"
      }
    },
    {
      "type": "Feature",
      "geometry": {
        "type": "Polygon",
        "coordinates": [
          [
            [
              34.6728773916,
              1.7864160076
            ],
            [
              34.6984600421,
              1.7917222705
            ],
            [
              34.7140116965,
              1.7979049304
            ],
            [
              34.6729262403,
              1.7980801802
            ],
            [
              34.6728773916,
              1.7864160076
            ]
          ]
        ]
      },
      "properties": {
        "country": "Uganda",
        "country_code": "UGA",
        "species_name": "Eucalyptus_grandis_nitens",
        "genus": "Eucalyptus",
        "species": "grandis_nitens",
        "suitability_name": "Marginally suitable",
        "suitability_rank": 3,
        "soil_suitability": "S1",
        "soil_type": "Eutrophic Soils",
        "soil_description": "On volcanic ash",
        "site_class": null,
        "maz": "II",
        "maz_zone": null,
        "tz": "5",
        "frost_risk": null,
        "source_layer": "SWIFT_SSMT_Uganda"
      }
    },
    {
      "type": "Feature",
      "geometry": {
        "type": "Polygon",
        "coordinates": [
          [
            [
              34.7474451869,
              1.7560090846
            ],
            [
              34.7391466917,
              1.756043884
            ],
            [
              34.73914856,
              1.7564951892
            ],
            [
              34.7315277306,
              1.7510220996
            ],
            [
              34.7265386303,
              1.7477457587
            ],
            [
              34.7308135878,
              1.7477279507
            ],
            [
              34.7307451896,
              1.7310265567
            ],
            [
              34.7141475936,
              1.7310949819
            ],
            [
              34.7141797414,
              1.7389815735
            ],
            [
              34.7074106223,
              1.7329766844
            ],
            [
              34.7003101231,
              1.7258897399
            ],
            [
              34.6978057831,
              1.7144592255
            ],
            [
              34.7140799957,
              1.7143929215
            ],
            [
              34.714113713,
              1.7227439522
            ],
            [
              34.7307112371,
              1.7226758587
            ],
            [
              34.7306774492,
              1.7143251578
            ],
            [
              34.7472742449,
              1.7142572515
            ],
            [
              34.7473421269,
              1.7309579892
            ],
            [
              34.7473498569,
              1.7328493998
            ],
            [
              34.7472159032,
              1.7341583096
            ],
            [
              34.7473562743,
              1.7344180644
            ],
            [
              34.7474451869,
              1.7560090846
            ]
          ]
        ]
      },
      "properties": {
        "country": "Uganda",
        "country_code": "UGA",
        "species_name": "Eucalyptus_grandis_nitens",
        "genus": "Eucalyptus",
        "species": "grandis_nitens",
        "suitability_name": "Marginally suitable",
        "suitability_rank": 3,
        "soil_suitability": "S1",
        "soil_type": "Eutrophic Soils",
        "soil_description": "On volcanic ash",
        "site_class": null,
        "maz": "II",
        "maz_zone": null,
        "tz": "5",
        "frost_risk": null,
        "source_layer": "SWIFT_SSMT_Uganda"
      }
    },
    {
      "type": "Feature",
      "geometry": {
        "type": "Polygon",
        "coordinates": [
          [
            [
              34.8172563763,
              1.8308568987
            ],
            [
              34.8153988056,
              1.8340665642
            ],
            [
              34.8141782097,
              1.8378058419
            ],
            [
              34.8141479301,
              1.8308706166
            ],
            [
              34.8172563763,
              1.8308568987
            ]
          ]
        ]
      },
      "properties": {
        "country": "Uganda",
        "country_code": "UGA",
        "species_name": "Eucalyptus_grandis_nitens",
        "genus": "Eucalyptus",
        "species": "grandis_nitens",
        "suitability_name": "Marginally suitable",
        "suitability_rank": 3,
        "soil_suitability": "S1",
        "soil_type": "Eutrophic Soils",
        "soil_description": "On volcanic ash",
        "site_class": null,
        "maz": "III",
        "maz_zone": null,
        "tz": "5",
        "frost_risk": null,
        "source_layer": "SWIFT_SSMT_Uganda"
      }
    },
    {
      "type": "Feature",
      "geometry": {
        "type": "Polygon",
        "coordinates": [
          [
            [
              34.8234000856,
              1.7974338007
            ],
            [
              34.8238231247,
              1.8141299305
            ],
            [
              34.8223727539,
              1.8141362796
            ],
            [
              34.8223009065,
              1.7974385675
            ],
            [
              34.8234000856,
              1.7974338007
            ]
          ]
        ]
      },
      "properties": {
        "country": "Uganda",
        "country_code": "UGA",
        "species_name": "Eucalyptus_grandis_nitens",
        "genus": "Eucalyptus",
        "species": "grandis_nitens",
        "suitability_name": "Marginally suitable",
        "suitability_rank": 3,
        "soil_suitability": "S1",
        "soil_type": "Eutrophic Soils",
        "soil_description": "On volcanic ash",
        "site_class": null,
        "maz": "III",
        "maz_zone": null,
        "tz": "5",
        "frost_risk": null,
        "source_layer": "SWIFT_SSMT_Uganda"
      }
    },
    {
      "type": "Feature",
      "geometry": {
        "type": "Polygon",
        "coordinates": [
          [
            [
              34.2501567282,
              1.0223415773
            ],
            [
              34.2520515903,
              1.0283338849
            ],
            [
              34.2511927035,
              1.0396147533
            ],
            [
              34.2485369997,
              1.0474255765
            ],
            [
              34.2470515178,
              1.0474290528
            ],
            [
              34.2469942855,
              1.0223488024
            ],
            [
              34.2501567282,
              1.0223415773
            ]
          ]
        ]
      },
      "properties": {
        "country": "Uganda",
        "country_code": "UGA",
        "species_name": "Eucalyptus_grandis_nitens",
        "genus": "Eucalyptus",
        "species": "grandis_nitens",
        "suitability_name": "Marginally suitable",
        "suitability_rank": 3,
        "soil_suitability": "S1",
        "soil_type": "Eutrophic Soils",
        "soil_description": "On volcanic ash",
        "site_class": null,
        "maz": "I",
        "maz_zone": null,
        "tz": "5",
        "frost_risk": null,
        "source_layer": "SWIFT_SSMT_Uganda"
      }
    },
    {
      "type": "Feature",
      "geometry": {
        "type": "Polygon",
        "coordinates": [
          [
            [
              34.2501567282,
              1.0223415773
            ],
            [
              34.2552996673,
              1.0223298212
            ],
            [
              34.2553186126,
              1.0306897502
            ],
            [
              34.2719289549,
              1.0306514135
            ],
            [
              34.2719673933,
              1.0473706475
            ],
            [
              34.2636622567,
              1.0473901385
            ],
            [
              34.2636816851,
              1.0557499088
            ],
            [
              34.2553763722,
              1.0557695334
            ],
            [
              34.2553569642,
              1.0474096054
            ],
            [
              34.2485369997,
              1.0474255765
            ],
            [
              34.2511927035,
              1.0396147533
            ],
            [
              34.2520515903,
              1.0283338849
            ],
            [
              34.2501567282,
              1.0223415773
            ]
          ]
        ]
      },
      "properties": {
        "country": "Uganda",
        "country_code": "UGA",
        "species_name": "Eucalyptus_grandis_nitens",
        "genus": "Eucalyptus",
        "species": "grandis_nitens",
        "suitability_name": "Marginally suitable",
        "suitability_rank": 3,
        "soil_suitability": "S2",
        "soil_type": "Ferrisols",
        "soil_description": "Not differentiated",
        "site_class": null,
        "maz": "I",
        "maz_zone": null,
        "tz": "5",
        "frost_risk": null,
        "source_layer": "SWIFT_SSMT_Uganda"
      }
    },
    {
      "type": "Feature",
      "geometry": {
        "type": "Polygon",
        "coordinates": [
          [
            [
              34.6182848177,
              1.4224245202
            ],
            [
              34.5885184794,
              1.4225238045
            ],
            [
              34.5885460147,
              1.4308773352
            ],
            [
              34.5719452322,
              1.4309328625
            ],
            [
              34.5719177549,
              1.4225790083
            ],
            [
              34.563617151,
              1.4226065655
            ],
            [
              34.5635898648,
              1.4142525483
            ],
            [
              34.5469882331,
              1.4143072508
            ],
            [
              34.5469812391,
              1.4121531871
            ],
            [
              34.553759426,
              1.4096605275
            ],
            [
              34.5572995862,
              1.4083586506
            ],
            [
              34.575671269,
              1.402840957
            ],
            [
              34.5919327149,
              1.4011267454
            ],
            [
              34.6025419441,
              1.4013291784
            ],
            [
              34.6122234094,
              1.4062796954
            ],
            [
              34.61555241,
              1.4150470569
            ],
            [
              34.6174593552,
              1.421446514
            ],
            [
              34.6182848177,
              1.4224245202
            ]
          ]
        ]
      },
      "properties": {
        "country": "Uganda",
        "country_code": "UGA",
        "species_name": "Eucalyptus_grandis_nitens",
        "genus": "Eucalyptus",
        "species": "grandis_nitens",
        "suitability_name": "Marginally suitable",
        "suitability_rank": 3,
        "soil_suitability": "S1",
        "soil_type": "Eutrophic Soils",
        "soil_description": "On volcanic ash",
        "site_class": null,
        "maz": "I",
        "maz_zone": null,
        "tz": "5",
        "frost_risk": null,
        "source_layer": "SWIFT_SSMT_Uganda"
      }
    },
    {
      "type": "Feature",
      "geometry": {
        "type": "Polygon",
        "coordinates": [
          [
            [
              34.5220809662,
              1.413272157
            ],
            [
              34.5255526713,
              1.4143777052
            ],
            [
              34.5220845815,
              1.4143890852
            ],
            [
              34.5220809662,
              1.413272157
            ]
          ]
        ]
      },
      "properties": {
        "country": "Uganda",
        "country_code": "UGA",
        "species_name": "Eucalyptus_grandis_nitens",
        "genus": "Eucalyptus",
        "species": "grandis_nitens",
        "suitability_name": "Marginally suitable",
        "suitability_rank": 3,
        "soil_suitability": "S1",
        "soil_type": "Eutrophic Soils",
        "soil_description": "On volcanic ash",
        "site_class": null,
        "maz": "I",
        "maz_zone": null,
        "tz": "5",
        "frost_risk": null,
        "source_layer": "SWIFT_SSMT_Uganda"
      }
    },
    {
      "type": "Feature",
      "geometry": {
        "type": "Polygon",
        "coordinates": [
          [
            [
              34.654725072,
              1.3638362016
            ],
            [
              34.6488681637,
              1.3638550528
            ],
            [
              34.6470133426,
              1.3506337869
            ],
            [
              34.6469863846,
              1.3420340991
            ],
            [
              34.6516811369,
              1.3357918809
            ],
            [
              34.6660985712,
              1.3295192482
            ],
            [
              34.6712117461,
              1.3286727096
            ],
            [
              34.6712170332,
              1.3303750689
            ],
            [
              34.6795152181,
              1.3303489341
            ],
            [
              34.6794893191,
              1.3219971863
            ],
            [
              34.696085144,
              1.3219451614
            ],
            [
              34.6960337267,
              1.3052423223
            ],
            [
              34.7043313407,
              1.3052165976
            ],
            [
              34.7042805235,
              1.2885140833
            ],
            [
              34.6959829635,
              1.2885394784
            ],
            [
              34.6960082637,
              1.2968909
            ],
            [
              34.6877105135,
              1.2969164332
            ],
            [
              34.6876852406,
              1.288564846
            ],
            [
              34.6869456948,
              1.2885671065
            ],
            [
              34.6883549902,
              1.2855649835
            ],
            [
              34.6883159259,
              1.2725184516
            ],
            [
              34.6876349657,
              1.2717885167
            ],
            [
              34.6876104006,
              1.2635100799
            ],
            [
              34.6959080452,
              1.2634852052
            ],
            [
              34.6958833999,
              1.2551337778
            ],
            [
              34.687585781,
              1.2551584879
            ],
            [
              34.687561325,
              1.2468068964
            ],
            [
              34.6792635682,
              1.2468314163
            ],
            [
              34.6792498167,
              1.2421052751
            ],
            [
              34.686162986,
              1.241687253
            ],
            [
              34.6961852724,
              1.2437332939
            ],
            [
              34.7012202152,
              1.2529100992
            ],
            [
              34.7127494017,
              1.2665146467
            ],
            [
              34.7178276403,
              1.2717704314
            ],
            [
              34.7125277056,
              1.2717864725
            ],
            [
              34.7125779196,
              1.2884886617
            ],
            [
              34.7208751525,
              1.2884632135
            ],
            [
              34.7209260759,
              1.3051650685
            ],
            [
              34.712628789,
              1.305190847
            ],
            [
              34.7126803158,
              1.3218930274
            ],
            [
              34.7043828118,
              1.3219191081
            ],
            [
              34.7043929723,
              1.3251912057
            ],
            [
              34.7029100632,
              1.3246591738
            ],
            [
              34.6979101841,
              1.32734348
            ],
            [
              34.6952073738,
              1.3386509521
            ],
            [
              34.6795412813,
              1.3387006788
            ],
            [
              34.679567507,
              1.3470524242
            ],
            [
              34.6712692673,
              1.3470788876
            ],
            [
              34.6712430682,
              1.3387269779
            ],
            [
              34.6629446919,
              1.3387532503
            ],
            [
              34.6629708634,
              1.347105324
            ],
            [
              34.6546722974,
              1.3471317317
            ],
            [
              34.654725072,
              1.3638362016
            ]
          ]
        ]
      },
      "properties": {
        "country": "Uganda",
        "country_code": "UGA",
        "species_name": "Eucalyptus_grandis_nitens",
        "genus": "Eucalyptus",
        "species": "grandis_nitens",
        "suitability_name": "Marginally suitable",
        "suitability_rank": 3,
        "soil_suitability": "S1",
        "soil_type": "Eutrophic Soils",
        "soil_description": "On volcanic ash",
        "site_class": null,
        "maz": "I",
        "maz_zone": null,
        "tz": "5",
        "frost_risk": null,
        "source_layer": "SWIFT_SSMT_Uganda"
      }
    },
    {
      "type": "Feature",
      "geometry": {
        "type": "Polygon",
        "coordinates": [
          [
            [
              34.5469812391,
              1.4121531871
            ],
            [
              34.546961166,
              1.4059529103
            ],
            [
              34.5386601384,
              1.4059800561
            ],
            [
              34.5386871765,
              1.4143345589
            ],
            [
              34.5255526713,
              1.4143777052
            ],
            [
              34.5220809662,
              1.413272157
            ],
            [
              34.5220576016,
              1.4060342603
            ],
            [
              34.5137560937,
              1.4060613186
            ],
            [
              34.5137293027,
              1.3977063327
            ],
            [
              34.4971258647,
              1.3977600398
            ],
            [
              34.49709929,
              1.3894047318
            ],
            [
              34.4555880523,
              1.3895376937
            ],
            [
              34.4555617808,
              1.3811815835
            ],
            [
              34.4306532189,
              1.3812605367
            ],
            [
              34.430601322,
              1.3645473575
            ],
            [
              34.4139949363,
              1.3645992146
            ],
            [
              34.4139692813,
              1.3562423047
            ],
            [
              34.4056658792,
              1.3562680329
            ],
            [
              34.4056444357,
              1.3492353896
            ],
            [
              34.4174300072,
              1.3519476185
            ],
            [
              34.4410340056,
              1.3586983009
            ],
            [
              34.462267802,
              1.3618954031
            ],
            [
              34.4782024357,
              1.3674819699
            ],
            [
              34.4929474356,
              1.3698086353
            ],
            [
              34.5056343914,
              1.3739214341
            ],
            [
              34.5153719052,
              1.3777037243
            ],
            [
              34.5239778394,
              1.3842628275
            ],
            [
              34.5457208563,
              1.4003287148
            ],
            [
              34.553759426,
              1.4096605275
            ],
            [
              34.5469812391,
              1.4121531871
            ]
          ]
        ]
      },
      "properties": {
        "country": "Uganda",
        "country_code": "UGA",
        "species_name": "Eucalyptus_grandis_nitens",
        "genus": "Eucalyptus",
        "species": "grandis_nitens",
        "suitability_name": "Marginally suitable",
        "suitability_rank": 3,
        "soil_suitability": "S1",
        "soil_type": "Ferrallitic Soils",
        "soil_description": "Red soils - Not differentiated; sandy clay loams",
        "site_class": null,
        "maz": "I",
        "maz_zone": null,
        "tz": "5",
        "frost_risk": null,
        "source_layer": "SWIFT_SSMT_Uganda"
      }
    },
    {
      "type": "Feature",
      "geometry": {
        "type": "Polygon",
        "coordinates": [
          [
            [
              34.397335017,
              1.3473230468
            ],
            [
              34.3999654347,
              1.3479284229
            ],
            [
              34.3973368789,
              1.3479365045
            ],
            [
              34.397335017,
              1.3473230468
            ]
          ]
        ]
      },
      "properties": {
        "country": "Uganda",
        "country_code": "UGA",
        "species_name": "Eucalyptus_grandis_nitens",
        "genus": "Eucalyptus",
        "species": "grandis_nitens",
        "suitability_name": "Marginally suitable",
        "suitability_rank": 3,
        "soil_suitability": "S1",
        "soil_type": "Ferrallitic Soils",
        "soil_description": "Red soils - Not differentiated; sandy clay loams",
        "site_class": null,
        "maz": "I",
        "maz_zone": null,
        "tz": "5",
        "frost_risk": null,
        "source_layer": "SWIFT_SSMT_Uganda"
      }
    },
    {
      "type": "Feature",
      "geometry": {
        "type": "Polygon",
        "coordinates": [
          [
            [
              34.3804979875,
              1.2692835177
            ],
            [
              34.3815178425,
              1.2704586841
            ],
            [
              34.3807931416,
              1.2894839738
            ],
            [
              34.3805560422,
              1.2894846698
            ],
            [
              34.3804979875,
              1.2692835177
            ]
          ]
        ]
      },
      "properties": {
        "country": "Uganda",
        "country_code": "UGA",
        "species_name": "Eucalyptus_grandis_nitens",
        "genus": "Eucalyptus",
        "species": "grandis_nitens",
        "suitability_name": "Marginally suitable",
        "suitability_rank": 3,
        "soil_suitability": "S1",
        "soil_type": "Ferrallitic Soils",
        "soil_description": "Red soils - Not differentiated; sandy clay loams",
        "site_class": null,
        "maz": "I",
        "maz_zone": null,
        "tz": "5",
        "frost_risk": null,
        "source_layer": "SWIFT_SSMT_Uganda"
      }
    },
    {
      "type": "Feature",
      "geometry": {
        "type": "Polygon",
        "coordinates": [
          [
            [
              34.3721669348,
              1.2596834549
            ],
            [
              34.3762808703,
              1.2644241024
            ],
            [
              34.3721803915,
              1.2644358895
            ],
            [
              34.3721669348,
              1.2596834549
            ]
          ]
        ]
      },
      "properties": {
        "country": "Uganda",
        "country_code": "UGA",
        "species_name": "Eucalyptus_grandis_nitens",
        "genus": "Eucalyptus",
        "species": "grandis_nitens",
        "suitability_name": "Marginally suitable",
        "suitability_rank": 3,
        "soil_suitability": "S1",
        "soil_type": "Ferrallitic Soils",
        "soil_description": "Red soils - Not differentiated; sandy clay loams",
        "site_class": null,
        "maz": "I",
        "maz_zone": null,
        "tz": "5",
        "frost_risk": null,
        "source_layer": "SWIFT_SSMT_Uganda"
      }
    },
    {
      "type": "Feature",
      "geometry": {
        "type": "Polygon",
        "coordinates": [
          [
            [
              34.3638416903,
              1.2521148025
            ],
            [
              34.3682748373,
              1.2560892571
            ],
            [
              34.3638528958,
              1.2561018709
            ],
            [
              34.3638416903,
              1.2521148025
            ]
          ]
        ]
      },
      "properties": {
        "country": "Uganda",
        "country_code": "UGA",
        "species_name": "Eucalyptus_grandis_nitens",
        "genus": "Eucalyptus",
        "species": "grandis_nitens",
        "suitability_name": "Marginally suitable",
        "suitability_rank": 3,
        "soil_suitability": "S1",
        "soil_type": "Ferrallitic Soils",
        "soil_description": "Red soils - Not differentiated; sandy clay loams",
        "site_class": null,
        "maz": "I",
        "maz_zone": null,
        "tz": "5",
        "frost_risk": null,
        "source_layer": "SWIFT_SSMT_Uganda"
      }
    },
    {
      "type": "Feature",
      "geometry": {
        "type": "Polygon",
        "coordinates": [
          [
            [
              34.621717991,
              1.4224130442
            ],
            [
              34.6182848177,
              1.4224245202
            ],
            [
              34.6174593552,
              1.421446514
            ],
            [
              34.61555241,
              1.4150470569
            ],
            [
              34.6122234094,
              1.4062796954
            ],
            [
              34.6025419441,
              1.4013291784
            ],
            [
              34.5919327149,
              1.4011267454
            ],
            [
              34.575671269,
              1.402840957
            ],
            [
              34.5572995862,
              1.4083586506
            ],
            [
              34.553759426,
              1.4096605275
            ],
            [
              34.5457208563,
              1.4003287148
            ],
            [
              34.5239778394,
              1.3842628275
            ],
            [
              34.5153719052,
              1.3777037243
            ],
            [
              34.5056343914,
              1.3739214341
            ],
            [
              34.4929474356,
              1.3698086353
            ],
            [
              34.4782024357,
              1.3674819699
            ],
            [
              34.462267802,
              1.3618954031
            ],
            [
              34.4410340056,
              1.3586983009
            ],
            [
              34.4174300072,
              1.3519476185
            ],
            [
              34.4056444357,
              1.3492353896
            ],
            [
              34.4056404104,
              1.3479109645
            ],
            [
              34.3999654347,
              1.3479284229
            ],
            [
              34.397335017,
              1.3473230468
            ],
            [
              34.3972864677,
              1.331222047
            ],
            [
              34.3889828351,
              1.331247244
            ],
            [
              34.388859697,
              1.2894602921
            ],
            [
              34.3807931416,
              1.2894839738
            ],
            [
              34.3815178425,
              1.2704586841
            ],
            [
              34.3804979875,
              1.2692835177
            ],
            [
              34.3804841243,
              1.2644120122
            ],
            [
              34.3762808703,
              1.2644241024
            ],
            [
              34.3721669348,
              1.2596834549
            ],
            [
              34.3721567594,
              1.2560781771
            ],
            [
              34.3682748373,
              1.2560892571
            ],
            [
              34.3638416903,
              1.2521148025
            ],
            [
              34.3637830165,
              1.2310282554
            ],
            [
              34.3720868036,
              1.2310050348
            ],
            [
              34.3720637987,
              1.2226473178
            ],
            [
              34.3803674041,
              1.2226242303
            ],
            [
              34.38034453,
              1.2142666706
            ],
            [
              34.3886479528,
              1.2142437148
            ],
            [
              34.3886252106,
              1.2058863126
            ],
            [
              34.3969284517,
              1.2058634897
            ],
            [
              34.3969058428,
              1.1975062443
            ],
            [
              34.3886026271,
              1.1975289092
            ],
            [
              34.3885358182,
              1.1724566938
            ],
            [
              34.3968389603,
              1.1724345037
            ],
            [
              34.3967951581,
              1.1557200058
            ],
            [
              34.4050980957,
              1.1556981087
            ],
            [
              34.4050764067,
              1.1473410161
            ],
            [
              34.4133791618,
              1.1473192537
            ],
            [
              34.4133362101,
              1.1306053841
            ],
            [
              34.3967306364,
              1.1306482516
            ],
            [
              34.3966884085,
              1.1139337443
            ],
            [
              34.380082297,
              1.1139758868
            ],
            [
              34.3800614646,
              1.1056183151
            ],
            [
              34.3634547723,
              1.1056600488
            ],
            [
              34.3634341423,
              1.0973021619
            ],
            [
              34.3717375439,
              1.0972814642
            ],
            [
              34.371717049,
              1.0889237325
            ],
            [
              34.380020271,
              1.0889031708
            ],
            [
              34.3799999105,
              1.0805455973
            ],
            [
              34.3966058394,
              1.0805047202
            ],
            [
              34.3965855902,
              1.072147462
            ],
            [
              34.4131908463,
              1.0721068122
            ],
            [
              34.4131112491,
              1.038679038
            ],
            [
              34.4214135539,
              1.0386593142
            ],
            [
              34.4213363946,
              1.0052321635
            ],
            [
              34.4130341749,
              1.0052512515
            ],
            [
              34.4129965836,
              0.9885373528
            ],
            [
              34.4046942467,
              0.9885561038
            ],
            [
              34.4046757087,
              0.9801989952
            ],
            [
              34.3963732353,
              0.9802175663
            ],
            [
              34.39633667,
              0.9635030298
            ],
            [
              34.3880340795,
              0.9635212652
            ],
            [
              34.3880160525,
              0.9551638366
            ],
            [
              34.3963186228,
              0.9551457609
            ],
            [
              34.3962480089,
              0.9217166759
            ],
            [
              34.3879455155,
              0.9217341191
            ],
            [
              34.3879282745,
              0.9133766884
            ],
            [
              34.3796256435,
              0.9133939544
            ],
            [
              34.3795916698,
              0.8966787746
            ],
            [
              34.3878942637,
              0.8966618231
            ],
            [
              34.387877494,
              0.8883043902
            ],
            [
              34.4044821738,
              0.8882707493
            ],
            [
              34.40449898,
              0.8966278661
            ],
            [
              34.412801103,
              0.8966108598
            ],
            [
              34.4127842772,
              0.8882539012
            ],
            [
              34.4293880125,
              0.8882201498
            ],
            [
              34.4293713081,
              0.8798635087
            ],
            [
              34.4376729212,
              0.8798467643
            ],
            [
              34.4376563561,
              0.8714902807
            ],
            [
              34.4459577931,
              0.8714736776
            ],
            [
              34.4459414749,
              0.8631718428
            ],
            [
              34.4464200008,
              0.8639499998
            ],
            [
              34.4465200008,
              0.8648799997
            ],
            [
              34.4463800001,
              0.86555
            ],
            [
              34.446570001,
              0.8661
            ],
            [
              34.4466199999,
              0.8671300003
            ],
            [
              34.446930001,
              0.8674799999
            ],
            [
              34.4471400006,
              0.8684200001
            ],
            [
              34.4469500004,
              0.8717900006
            ],
            [
              34.4463500008,
              0.8729
            ],
            [
              34.4462600005,
              0.8754600007
            ],
            [
              34.4463800008,
              0.8769200001
            ],
            [
              34.4467800009,
              0.8781
            ],
            [
              34.4469,
              0.8795199995
            ],
            [
              34.4477800002,
              0.8816
            ],
            [
              34.4499,
              0.8845
            ],
            [
              34.4508300009,
              0.88724
            ],
            [
              34.4512100008,
              0.8898
            ],
            [
              34.4516900006,
              0.8910500002
            ],
            [
              34.4515900013,
              0.89194
            ],
            [
              34.4517800007,
              0.8939699997
            ],
            [
              34.4516400007,
              0.8949099998
            ],
            [
              34.4502100008,
              0.8986200001
            ],
            [
              34.4503300009,
              0.8998300003
            ],
            [
              34.4504800006,
              0.9003
            ],
            [
              34.4509800005,
              0.9009499998
            ],
            [
              34.4521900007,
              0.9019100006
            ],
            [
              34.4533500004,
              0.9024399991
            ],
            [
              34.4540900006,
              0.9024900007
            ],
            [
              34.4556600004,
              0.9030599999
            ],
            [
              34.4569400002,
              0.9040700004
            ],
            [
              34.4574975568,
              0.9048751121
            ],
            [
              34.4543264219,
              0.9048817096
            ],
            [
              34.4543436567,
              0.9132378714
            ],
            [
              34.4460422872,
              0.9132552896
            ],
            [
              34.4460250715,
              0.9048989687
            ],
            [
              34.4211200687,
              0.9049506333
            ],
            [
              34.4211545453,
              0.9216642287
            ],
            [
              34.4294564087,
              0.9216467086
            ],
            [
              34.4294739018,
              0.9300033457
            ],
            [
              34.42117202,
              0.9300210262
            ],
            [
              34.4212074428,
              0.9467346172
            ],
            [
              34.412905364,
              0.9467525942
            ],
            [
              34.4129780249,
              0.9801804033
            ],
            [
              34.4212801837,
              0.9801617907
            ],
            [
              34.4213174991,
              0.9968753732
            ],
            [
              34.429619541,
              0.9968564226
            ],
            [
              34.4296961527,
              1.030282942
            ],
            [
              34.4379981194,
              1.030263334
            ],
            [
              34.4380573013,
              1.0553327383
            ],
            [
              34.4297552695,
              1.0553528229
            ],
            [
              34.4297954709,
              1.0720660732
            ],
            [
              34.4361888222,
              1.0720503632
            ],
            [
              34.4330543847,
              1.0804146791
            ],
            [
              34.4298158091,
              1.080422697
            ],
            [
              34.4298363043,
              1.0887793194
            ],
            [
              34.421534027,
              1.088800019
            ],
            [
              34.4215135529,
              1.080443237
            ],
            [
              34.4132111391,
              1.0804637531
            ],
            [
              34.4132315902,
              1.0888206937
            ],
            [
              34.4049289961,
              1.088841347
            ],
            [
              34.4049703261,
              1.1055555428
            ],
            [
              34.4132729648,
              1.1055345719
            ],
            [
              34.4132938892,
              1.1138915105
            ],
            [
              34.42989874,
              1.113849183
            ],
            [
              34.4299841993,
              1.1472756565
            ],
            [
              34.4216817594,
              1.1472974668
            ],
            [
              34.4217034953,
              1.1556542408
            ],
            [
              34.4134008742,
              1.1556761871
            ],
            [
              34.4134227441,
              1.1640331193
            ],
            [
              34.405119941,
              1.1640552002
            ],
            [
              34.4051864251,
              1.1891264682
            ],
            [
              34.4134893002,
              1.1891039114
            ],
            [
              34.4135572763,
              1.2141746955
            ],
            [
              34.4052543257,
              1.2141977281
            ],
            [
              34.4052772746,
              1.2225548121
            ],
            [
              34.3969741418,
              1.2225779761
            ],
            [
              34.3969972221,
              1.2309352189
            ],
            [
              34.388693907,
              1.2309585165
            ],
            [
              34.3887171191,
              1.2393159161
            ],
            [
              34.3970204603,
              1.2392924605
            ],
            [
              34.3970438566,
              1.2476497001
            ],
            [
              34.4053470653,
              1.2476260598
            ],
            [
              34.4053706444,
              1.255983141
            ],
            [
              34.4136737224,
              1.2559593175
            ],
            [
              34.4136974846,
              1.2643162383
            ],
            [
              34.4220004309,
              1.2642922295
            ],
            [
              34.4220243776,
              1.2726489906
            ],
            [
              34.4303271914,
              1.2726247961
            ],
            [
              34.4303513219,
              1.2809813973
            ],
            [
              34.422048481,
              1.2810057514
            ],
            [
              34.4220971636,
              1.2977192686
            ],
            [
              34.4304000575,
              1.297694598
            ],
            [
              34.4304743462,
              1.3227643906
            ],
            [
              34.4387771621,
              1.3227392155
            ],
            [
              34.4388275339,
              1.339452087
            ],
            [
              34.4471302475,
              1.3394265654
            ],
            [
              34.4471556981,
              1.3477828404
            ],
            [
              34.455458282,
              1.3477571318
            ],
            [
              34.4554839179,
              1.3561132464
            ],
            [
              34.472088664,
              1.3560614262
            ],
            [
              34.4720629715,
              1.3477056307
            ],
            [
              34.4803650777,
              1.3476798374
            ],
            [
              34.4803907989,
              1.356035473
            ],
            [
              34.4969945897,
              1.3559834832
            ],
            [
              34.4969688137,
              1.3476281687
            ],
            [
              34.5052704424,
              1.3476022926
            ],
            [
              34.5052962471,
              1.3559574467
            ],
            [
              34.513597744,
              1.3559313811
            ],
            [
              34.5136498883,
              1.3726413647
            ],
            [
              34.5219512816,
              1.3726149495
            ],
            [
              34.5219776217,
              1.3809697789
            ],
            [
              34.5634823288,
              1.3808364685
            ],
            [
              34.5635089706,
              1.3891904902
            ],
            [
              34.5967099565,
              1.3890826788
            ],
            [
              34.5966831988,
              1.3807293057
            ],
            [
              34.604983013,
              1.3807024435
            ],
            [
              34.6049036266,
              1.3556428063
            ],
            [
              34.6215026008,
              1.3555899724
            ],
            [
              34.6214503742,
              1.3388841927
            ],
            [
              34.6380485883,
              1.3388318988
            ],
            [
              34.6379713004,
              1.3137742009
            ],
            [
              34.6545687005,
              1.3137227779
            ],
            [
              34.654594356,
              1.3220750181
            ],
            [
              34.6711911615,
              1.3220231578
            ],
            [
              34.6712117461,
              1.3286727096
            ],
            [
              34.6660985712,
              1.3295192482
            ],
            [
              34.6516811369,
              1.3357918809
            ],
            [
              34.6469863846,
              1.3420340991
            ],
            [
              34.6470133426,
              1.3506337869
            ],
            [
              34.6488681637,
              1.3638550528
            ],
            [
              34.6464262865,
              1.363862908
            ],
            [
              34.6464528891,
              1.3722153049
            ],
            [
              34.6381539137,
              1.3722421475
            ],
            [
              34.6382075518,
              1.3889472649
            ],
            [
              34.6299083563,
              1.3889744058
            ],
            [
              34.6299625858,
              1.4056798453
            ],
            [
              34.6299899427,
              1.4140325634
            ],
            [
              34.6216905001,
              1.4140601641
            ],
            [
              34.621717991,
              1.4224130442
            ]
          ]
        ]
      },
      "properties": {
        "country": "Uganda",
        "country_code": "UGA",
        "species_name": "Eucalyptus_grandis_nitens",
        "genus": "Eucalyptus",
        "species": "grandis_nitens",
        "suitability_name": "Marginally suitable",
        "suitability_rank": 3,
        "soil_suitability": "S1",
        "soil_type": "Ferrallitic Soils",
        "soil_description": "Humic ferrallitic - Not differentiated",
        "site_class": null,
        "maz": "I",
        "maz_zone": null,
        "tz": "5",
        "frost_risk": null,
        "source_layer": "SWIFT_SSMT_Uganda"
      }
    },
    {
      "type": "Feature",
      "geometry": {
        "type": "Polygon",
        "coordinates": [
          [
            [
              34.6876349657,
              1.2717885167
            ],
            [
              34.6883159259,
              1.2725184516
            ],
            [
              34.6883549902,
              1.2855649835
            ],
            [
              34.6869456948,
              1.2885671065
            ],
            [
              34.6710893027,
              1.2886155025
            ],
            [
              34.6710642451,
              1.2802635854
            ],
            [
              34.6544677088,
              1.2803138078
            ],
            [
              34.6544428675,
              1.2719615625
            ],
            [
              34.6627411919,
              1.2719366288
            ],
            [
              34.6627164874,
              1.2635845462
            ],
            [
              34.6793125926,
              1.2635349277
            ],
            [
              34.6793373489,
              1.271886682
            ],
            [
              34.6876349657,
              1.2717885167
            ]
          ]
        ]
      },
      "properties": {
        "country": "Uganda",
        "country_code": "UGA",
        "species_name": "Eucalyptus_grandis_nitens",
        "genus": "Eucalyptus",
        "species": "grandis_nitens",
        "suitability_name": "Marginally suitable",
        "suitability_rank": 3,
        "soil_suitability": "S1",
        "soil_type": "Ferrallitic Soils",
        "soil_description": "Humic ferrallitic - Not differentiated",
        "site_class": null,
        "maz": "I",
        "maz_zone": null,
        "tz": "5",
        "frost_risk": null,
        "source_layer": "SWIFT_SSMT_Uganda"
      }
    },
    {
      "type": "Feature",
      "geometry": {
        "type": "Polygon",
        "coordinates": [
          [
            [
              34.7372658207,
              1.2196043528
            ],
            [
              34.7372715806,
              1.2216074204
            ],
            [
              34.7455681143,
              1.2215832157
            ],
            [
              34.7455922565,
              1.2299336566
            ],
            [
              34.7372956988,
              1.2299580252
            ],
            [
              34.7373444271,
              1.2466592338
            ],
            [
              34.720750716,
              1.2467085589
            ],
            [
              34.7208248853,
              1.2717613546
            ],
            [
              34.7178276403,
              1.2717704314
            ],
            [
              34.7127494017,
              1.2665146467
            ],
            [
              34.7012202152,
              1.2529100992
            ],
            [
              34.6961852724,
              1.2437332939
            ],
            [
              34.686162986,
              1.241687253
            ],
            [
              34.6792498167,
              1.2421052751
            ],
            [
              34.6792393019,
              1.2384796592
            ],
            [
              34.6875370324,
              1.2384553029
            ],
            [
              34.6875129025,
              1.2301037099
            ],
            [
              34.7124050376,
              1.2300309816
            ],
            [
              34.7123639031,
              1.2157075913
            ],
            [
              34.7139762862,
              1.2156953919
            ],
            [
              34.7152299997,
              1.2159299992
            ],
            [
              34.7204300001,
              1.21774
            ],
            [
              34.721158756,
              1.217470659
            ],
            [
              34.7218576771,
              1.2177400006
            ],
            [
              34.7230278863,
              1.2172662214
            ],
            [
              34.7261199998,
              1.2182900007
            ],
            [
              34.72677,
              1.2181099989
            ],
            [
              34.7282900013,
              1.2185700007
            ],
            [
              34.7287339352,
              1.2182093027
            ],
            [
              34.7297176774,
              1.2185700004
            ],
            [
              34.7300351849,
              1.2183120254
            ],
            [
              34.7310099998,
              1.2186399997
            ],
            [
              34.7320717887,
              1.218516897
            ],
            [
              34.7331093016,
              1.2186195731
            ],
            [
              34.7337700011,
              1.2192599999
            ],
            [
              34.7368971099,
              1.2193223829
            ],
            [
              34.7372658207,
              1.2196043528
            ]
          ]
        ]
      },
      "properties": {
        "country": "Uganda",
        "country_code": "UGA",
        "species_name": "Eucalyptus_grandis_nitens",
        "genus": "Eucalyptus",
        "species": "grandis_nitens",
        "suitability_name": "Marginally suitable",
        "suitability_rank": 3,
        "soil_suitability": "S1",
        "soil_type": "Ferrallitic Soils",
        "soil_description": "Humic ferrallitic - Not differentiated",
        "site_class": null,
        "maz": "I",
        "maz_zone": null,
        "tz": "5",
        "frost_risk": null,
        "source_layer": "SWIFT_SSMT_Uganda"
      }
    },
    {
      "type": "Feature",
      "geometry": {
        "type": "Polygon",
        "coordinates": [
          [
            [
              34.654725072,
              1.3638362016
            ],
            [
              34.6547517026,
              1.3721884339
            ],
            [
              34.6509995275,
              1.3722005874
            ],
            [
              34.6488681637,
              1.3638550528
            ],
            [
              34.654725072,
              1.3638362016
            ]
          ]
        ]
      },
      "properties": {
        "country": "Uganda",
        "country_code": "UGA",
        "species_name": "Eucalyptus_grandis_nitens",
        "genus": "Eucalyptus",
        "species": "grandis_nitens",
        "suitability_name": "Marginally suitable",
        "suitability_rank": 3,
        "soil_suitability": "S1",
        "soil_type": "Eutrophic Soils",
        "soil_description": "On volcanic ash",
        "site_class": null,
        "maz": "II",
        "maz_zone": null,
        "tz": "5",
        "frost_risk": null,
        "source_layer": "SWIFT_SSMT_Uganda"
      }
    },
    {
      "type": "Feature",
      "geometry": {
        "type": "Polygon",
        "coordinates": [
          [
            [
              34.679567507,
              1.3470524242
            ],
            [
              34.6795938961,
              1.3554041684
            ],
            [
              34.662997197,
              1.3554573957
            ],
            [
              34.6630236937,
              1.3638094661
            ],
            [
              34.654725072,
              1.3638362016
            ],
            [
              34.6546722974,
              1.3471317317
            ],
            [
              34.6629708634,
              1.347105324
            ],
            [
              34.6629446919,
              1.3387532503
            ],
            [
              34.6712430682,
              1.3387269779
            ],
            [
              34.6712692673,
              1.3470788876
            ],
            [
              34.679567507,
              1.3470524242
            ]
          ]
        ]
      },
      "properties": {
        "country": "Uganda",
        "country_code": "UGA",
        "species_name": "Eucalyptus_grandis_nitens",
        "genus": "Eucalyptus",
        "species": "grandis_nitens",
        "suitability_name": "Marginally suitable",
        "suitability_rank": 3,
        "soil_suitability": "S1",
        "soil_type": "Eutrophic Soils",
        "soil_description": "On volcanic ash",
        "site_class": null,
        "maz": "II",
        "maz_zone": null,
        "tz": "5",
        "frost_risk": null,
        "source_layer": "SWIFT_SSMT_Uganda"
      }
    },
    {
      "type": "Feature",
      "geometry": {
        "type": "Polygon",
        "coordinates": [
          [
            [
              34.6951686166,
              1.3470025942
            ],
            [
              34.679567507,
              1.3470524242
            ],
            [
              34.6795412813,
              1.3387006788
            ],
            [
              34.6952073738,
              1.3386509521
            ],
            [
              34.6950021536,
              1.3395095619
            ],
            [
              34.6956128215,
              1.3463273462
            ],
            [
              34.6951686166,
              1.3470025942
            ]
          ]
        ]
      },
      "properties": {
        "country": "Uganda",
        "country_code": "UGA",
        "species_name": "Eucalyptus_grandis_nitens",
        "genus": "Eucalyptus",
        "species": "grandis_nitens",
        "suitability_name": "Marginally suitable",
        "suitability_rank": 3,
        "soil_suitability": "S1",
        "soil_type": "Eutrophic Soils",
        "soil_description": "On volcanic ash",
        "site_class": null,
        "maz": "II",
        "maz_zone": null,
        "tz": "5",
        "frost_risk": null,
        "source_layer": "SWIFT_SSMT_Uganda"
      }
    },
    {
      "type": "Feature",
      "geometry": {
        "type": "Polygon",
        "coordinates": [
          [
            [
              34.7707679908,
              1.3248228823
            ],
            [
              34.7606619034,
              1.3292201483
            ],
            [
              34.7509563329,
              1.3339945471
            ],
            [
              34.7459069739,
              1.3340106464
            ],
            [
              34.7458686903,
              1.3217884296
            ],
            [
              34.7209776556,
              1.3218669195
            ],
            [
              34.7210036914,
              1.3302178433
            ],
            [
              34.7170501428,
              1.3302303659
            ],
            [
              34.710283221,
              1.3273044517
            ],
            [
              34.7043929723,
              1.3251912057
            ],
            [
              34.7043828118,
              1.3219191081
            ],
            [
              34.7126803158,
              1.3218930274
            ],
            [
              34.712628789,
              1.305190847
            ],
            [
              34.7209260759,
              1.3051650685
            ],
            [
              34.7208751525,
              1.2884632135
            ],
            [
              34.7125779196,
              1.2884886617
            ],
            [
              34.7125277056,
              1.2717864725
            ],
            [
              34.7178276403,
              1.2717704314
            ],
            [
              34.7213188016,
              1.2753835572
            ],
            [
              34.737532772,
              1.2794849734
            ],
            [
              34.7451223888,
              1.2800381669
            ],
            [
              34.7374438566,
              1.2800616379
            ],
            [
              34.7374945569,
              1.2967628344
            ],
            [
              34.7291976262,
              1.2967885012
            ],
            [
              34.7292231967,
              1.3051392631
            ],
            [
              34.7375201549,
              1.3051134309
            ],
            [
              34.7375459166,
              1.3134640261
            ],
            [
              34.7624358819,
              1.3133858694
            ],
            [
              34.7624618893,
              1.3217359666
            ],
            [
              34.7707582424,
              1.3217096943
            ],
            [
              34.7707679908,
              1.3248228823
            ]
          ]
        ]
      },
      "properties": {
        "country": "Uganda",
        "country_code": "UGA",
        "species_name": "Eucalyptus_grandis_nitens",
        "genus": "Eucalyptus",
        "species": "grandis_nitens",
        "suitability_name": "Marginally suitable",
        "suitability_rank": 3,
        "soil_suitability": "S1",
        "soil_type": "Eutrophic Soils",
        "soil_description": "On volcanic ash",
        "site_class": null,
        "maz": "II",
        "maz_zone": null,
        "tz": "5",
        "frost_risk": null,
        "source_layer": "SWIFT_SSMT_Uganda"
      }
    },
    {
      "type": "Feature",
      "geometry": {
        "type": "Polygon",
        "coordinates": [
          [
            [
              34.7954342277,
              1.2522172265
            ],
            [
              34.7954420182,
              1.2548352267
            ],
            [
              34.792967789,
              1.2548426931
            ],
            [
              34.7954342277,
              1.2522172265
            ]
          ]
        ]
      },
      "properties": {
        "country": "Uganda",
        "country_code": "UGA",
        "species_name": "Eucalyptus_grandis_nitens",
        "genus": "Eucalyptus",
        "species": "grandis_nitens",
        "suitability_name": "Marginally suitable",
        "suitability_rank": 3,
        "soil_suitability": "S1",
        "soil_type": "Eutrophic Soils",
        "soil_description": "On volcanic ash",
        "site_class": null,
        "maz": "II",
        "maz_zone": null,
        "tz": "5",
        "frost_risk": null,
        "source_layer": "SWIFT_SSMT_Uganda"
      }
    },
    {
      "type": "Feature",
      "geometry": {
        "type": "Polygon",
        "coordinates": [
          [
            [
              34.8036978632,
              1.2414486119
            ],
            [
              34.803712682,
              1.2464609048
            ],
            [
              34.8001555716,
              1.2464715771
            ],
            [
              34.8036978632,
              1.2414486119
            ]
          ]
        ]
      },
      "properties": {
        "country": "Uganda",
        "country_code": "UGA",
        "species_name": "Eucalyptus_grandis_nitens",
        "genus": "Eucalyptus",
        "species": "grandis_nitens",
        "suitability_name": "Marginally suitable",
        "suitability_rank": 3,
        "soil_suitability": "S1",
        "soil_type": "Eutrophic Soils",
        "soil_description": "On volcanic ash",
        "site_class": null,
        "maz": "II",
        "maz_zone": null,
        "tz": "5",
        "frost_risk": null,
        "source_layer": "SWIFT_SSMT_Uganda"
      }
    },
    {
      "type": "Feature",
      "geometry": {
        "type": "Polygon",
        "coordinates": [
          [
            [
              34.6299899427,
              1.4140325634
            ],
            [
              34.6300174638,
              1.4223852803
            ],
            [
              34.621717991,
              1.4224130442
            ],
            [
              34.6216905001,
              1.4140601641
            ],
            [
              34.6299899427,
              1.4140325634
            ]
          ]
        ]
      },
      "properties": {
        "country": "Uganda",
        "country_code": "UGA",
        "species_name": "Eucalyptus_grandis_nitens",
        "genus": "Eucalyptus",
        "species": "grandis_nitens",
        "suitability_name": "Marginally suitable",
        "suitability_rank": 3,
        "soil_suitability": "S1",
        "soil_type": "Ferrallitic Soils",
        "soil_description": "Humic ferrallitic - Not differentiated",
        "site_class": null,
        "maz": "II",
        "maz_zone": null,
        "tz": "5",
        "frost_risk": null,
        "source_layer": "SWIFT_SSMT_Uganda"
      }
    },
    {
      "type": "Feature",
      "geometry": {
        "type": "Polygon",
        "coordinates": [
          [
            [
              34.6382075518,
              1.3889472649
            ],
            [
              34.638261838,
              1.4056523786
            ],
            [
              34.6299625858,
              1.4056798453
            ],
            [
              34.6299083563,
              1.3889744058
            ],
            [
              34.6382075518,
              1.3889472649
            ]
          ]
        ]
      },
      "properties": {
        "country": "Uganda",
        "country_code": "UGA",
        "species_name": "Eucalyptus_grandis_nitens",
        "genus": "Eucalyptus",
        "species": "grandis_nitens",
        "suitability_name": "Marginally suitable",
        "suitability_rank": 3,
        "soil_suitability": "S1",
        "soil_type": "Ferrallitic Soils",
        "soil_description": "Humic ferrallitic - Not differentiated",
        "site_class": null,
        "maz": "II",
        "maz_zone": null,
        "tz": "5",
        "frost_risk": null,
        "source_layer": "SWIFT_SSMT_Uganda"
      }
    },
    {
      "type": "Feature",
      "geometry": {
        "type": "Polygon",
        "coordinates": [
          [
            [
              34.6464528891,
              1.3722153049
            ],
            [
              34.6465065839,
              1.3889200962
            ],
            [
              34.6382075518,
              1.3889472649
            ],
            [
              34.6381539137,
              1.3722421475
            ],
            [
              34.6464528891,
              1.3722153049
            ]
          ]
        ]
      },
      "properties": {
        "country": "Uganda",
        "country_code": "UGA",
        "species_name": "Eucalyptus_grandis_nitens",
        "genus": "Eucalyptus",
        "species": "grandis_nitens",
        "suitability_name": "Marginally suitable",
        "suitability_rank": 3,
        "soil_suitability": "S1",
        "soil_type": "Ferrallitic Soils",
        "soil_description": "Humic ferrallitic - Not differentiated",
        "site_class": null,
        "maz": "II",
        "maz_zone": null,
        "tz": "5",
        "frost_risk": null,
        "source_layer": "SWIFT_SSMT_Uganda"
      }
    },
    {
      "type": "Feature",
      "geometry": {
        "type": "Polygon",
        "coordinates": [
          [
            [
              34.6509995275,
              1.3722005874
            ],
            [
              34.6464528891,
              1.3722153049
            ],
            [
              34.6464262865,
              1.363862908
            ],
            [
              34.6488681637,
              1.3638550528
            ],
            [
              34.6509995275,
              1.3722005874
            ]
          ]
        ]
      },
      "properties": {
        "country": "Uganda",
        "country_code": "UGA",
        "species_name": "Eucalyptus_grandis_nitens",
        "genus": "Eucalyptus",
        "species": "grandis_nitens",
        "suitability_name": "Marginally suitable",
        "suitability_rank": 3,
        "soil_suitability": "S1",
        "soil_type": "Ferrallitic Soils",
        "soil_description": "Humic ferrallitic - Not differentiated",
        "site_class": null,
        "maz": "II",
        "maz_zone": null,
        "tz": "5",
        "frost_risk": null,
        "source_layer": "SWIFT_SSMT_Uganda"
      }
    },
    {
      "type": "Feature",
      "geometry": {
        "type": "Polygon",
        "coordinates": [
          [
            [
              34.7705545892,
              1.2549102161
            ],
            [
              34.7705794678,
              1.2632601548
            ],
            [
              34.7622833005,
              1.2632852641
            ],
            [
              34.7623083186,
              1.2716353678
            ],
            [
              34.7540119612,
              1.2716606182
            ],
            [
              34.7540371174,
              1.2800108867
            ],
            [
              34.7451223888,
              1.2800381669
            ],
            [
              34.737532772,
              1.2794849734
            ],
            [
              34.7213188016,
              1.2753835572
            ],
            [
              34.7178276403,
              1.2717704314
            ],
            [
              34.7208248853,
              1.2717613546
            ],
            [
              34.720750716,
              1.2467085589
            ],
            [
              34.7373444271,
              1.2466592338
            ],
            [
              34.7372956988,
              1.2299580252
            ],
            [
              34.7455922565,
              1.2299336566
            ],
            [
              34.7455681143,
              1.2215832157
            ],
            [
              34.7372715806,
              1.2216074204
            ],
            [
              34.7372658207,
              1.2196043528
            ],
            [
              34.7381400003,
              1.2197299993
            ],
            [
              34.7384904811,
              1.219476876
            ],
            [
              34.7388776773,
              1.2197199995
            ],
            [
              34.7395676774,
              1.2197300004
            ],
            [
              34.74013438,
              1.2192780623
            ],
            [
              34.7406300001,
              1.2200900001
            ],
            [
              34.7412600002,
              1.2202
            ],
            [
              34.7418800002,
              1.2206999989
            ],
            [
              34.7426700006,
              1.2208400002
            ],
            [
              34.7454276769,
              1.2208
            ],
            [
              34.7467449664,
              1.2202094541
            ],
            [
              34.7486376774,
              1.2202199996
            ],
            [
              34.7499900008,
              1.2200510101
            ],
            [
              34.7499900006,
              1.2204
            ],
            [
              34.7572500006,
              1.2226499996
            ],
            [
              34.7580175974,
              1.2224454328
            ],
            [
              34.7586776782,
              1.2226500004
            ],
            [
              34.7697484553,
              1.2196996177
            ],
            [
              34.7751899998,
              1.223720001
            ],
            [
              34.7760954386,
              1.2233341589
            ],
            [
              34.7766176772,
              1.2237200003
            ],
            [
              34.7792580548,
              1.2225948387
            ],
            [
              34.7825699992,
              1.2248599996
            ],
            [
              34.7833782357,
              1.2244363434
            ],
            [
              34.7839976764,
              1.2248600006
            ],
            [
              34.787844268,
              1.2228437201
            ],
            [
              34.7951800004,
              1.2231199994
            ],
            [
              34.8015,
              1.2288100008
            ],
            [
              34.8036638722,
              1.2298742997
            ],
            [
              34.8036978632,
              1.2414486119
            ],
            [
              34.8001555716,
              1.2464715771
            ],
            [
              34.7954172276,
              1.2464857858
            ],
            [
              34.7954342277,
              1.2522172265
            ],
            [
              34.792967789,
              1.2548426931
            ],
            [
              34.7705545892,
              1.2549102161
            ]
          ]
        ]
      },
      "properties": {
        "country": "Uganda",
        "country_code": "UGA",
        "species_name": "Eucalyptus_grandis_nitens",
        "genus": "Eucalyptus",
        "species": "grandis_nitens",
        "suitability_name": "Marginally suitable",
        "suitability_rank": 3,
        "soil_suitability": "S1",
        "soil_type": "Ferrallitic Soils",
        "soil_description": "Humic ferrallitic - Not differentiated",
        "site_class": null,
        "maz": "II",
        "maz_zone": null,
        "tz": "5",
        "frost_risk": null,
        "source_layer": "SWIFT_SSMT_Uganda"
      }
    },
    {
      "type": "Feature",
      "geometry": {
        "type": "Polygon",
        "coordinates": [
          [
            [
              29.9779526857,
              0.5410825341
            ],
            [
              29.9863131156,
              0.5410783929
            ],
            [
              29.9863172658,
              0.5494947565
            ],
            [
              29.994677643,
              0.5494905389
            ],
            [
              29.9946818693,
              0.5579068365
            ],
            [
              30.0114024544,
              0.5578982375
            ],
            [
              30.0114067683,
              0.5663144054
            ],
            [
              30.0281271194,
              0.5663056283
            ],
            [
              30.0281315226,
              0.5747216658
            ],
            [
              30.0364916121,
              0.5747171937
            ],
            [
              30.0365052504,
              0.5999651056
            ],
            [
              30.0197849317,
              0.5999744303
            ],
            [
              30.0197758249,
              0.5831422277
            ],
            [
              30.0114155927,
              0.5831467406
            ],
            [
              30.011411148,
              0.5747305731
            ],
            [
              29.9946905155,
              0.5747394309
            ],
            [
              29.9946861601,
              0.5663231338
            ],
            [
              29.9863257601,
              0.5663274802
            ],
            [
              29.9863214803,
              0.557911118
            ],
            [
              29.9799749606,
              0.5579143596
            ],
            [
              29.9793000739,
              0.5571699993
            ],
            [
              29.9786600753,
              0.5550899993
            ],
            [
              29.9786600744,
              0.5543700004
            ],
            [
              29.9794100744,
              0.5522899994
            ],
            [
              29.979180075,
              0.550319999
            ],
            [
              29.9782200749,
              0.5468399995
            ],
            [
              29.9779553798,
              0.5465753046
            ],
            [
              29.9779526857,
              0.5410825341
            ]
          ]
        ]
      },
      "properties": {
        "country": "Uganda",
        "country_code": "UGA",
        "species_name": "Eucalyptus_grandis_nitens",
        "genus": "Eucalyptus",
        "species": "grandis_nitens",
        "suitability_name": "Marginally suitable",
        "suitability_rank": 3,
        "soil_suitability": "S1",
        "soil_type": "Ferrisols",
        "soil_description": "Humic of high altitudes",
        "site_class": null,
        "maz": "I",
        "maz_zone": null,
        "tz": "5",
        "frost_risk": null,
        "source_layer": "SWIFT_SSMT_Uganda"
      }
    },
    {
      "type": "Feature",
      "geometry": {
        "type": "Polygon",
        "coordinates": [
          [
            [
              30.1200141434,
              0.4147809296
            ],
            [
              30.120017475,
              0.4231962405
            ],
            [
              30.1116582361,
              0.4231996244
            ],
            [
              30.1116549133,
              0.4147842457
            ],
            [
              30.1200141434,
              0.4147809296
            ]
          ]
        ]
      },
      "properties": {
        "country": "Uganda",
        "country_code": "UGA",
        "species_name": "Eucalyptus_grandis_nitens",
        "genus": "Eucalyptus",
        "species": "grandis_nitens",
        "suitability_name": "Marginally suitable",
        "suitability_rank": 3,
        "soil_suitability": "S1",
        "soil_type": "Ferrisols",
        "soil_description": "Humic of high altitudes",
        "site_class": null,
        "maz": "I",
        "maz_zone": null,
        "tz": "5",
        "frost_risk": null,
        "source_layer": "SWIFT_SSMT_Uganda"
      }
    },
    {
      "type": "Feature",
      "geometry": {
        "type": "Polygon",
        "coordinates": [
          [
            [
              30.1712403106,
              0.7429412444
            ],
            [
              30.1734544299,
              0.7494267947
            ],
            [
              30.1797930278,
              0.7765943265
            ],
            [
              30.1703750991,
              0.776601455
            ],
            [
              30.1703626833,
              0.7597716727
            ],
            [
              30.1620033469,
              0.759777845
            ],
            [
              30.1619972565,
              0.7513628849
            ],
            [
              30.1536378673,
              0.7513689727
            ],
            [
              30.1536318615,
              0.7429539439
            ],
            [
              30.1452724202,
              0.7429599476
            ],
            [
              30.1452606425,
              0.7261297544
            ],
            [
              30.1369011642,
              0.7261356061
            ],
            [
              30.136889687,
              0.7093052742
            ],
            [
              30.1285301728,
              0.7093109764
            ],
            [
              30.1285245494,
              0.7008957422
            ],
            [
              30.1201649837,
              0.7009013618
            ],
            [
              30.120159443,
              0.6924860596
            ],
            [
              30.111799824,
              0.6924915962
            ],
            [
              30.1117943647,
              0.6840762261
            ],
            [
              30.1034346942,
              0.6840816818
            ],
            [
              30.103429316,
              0.6756662449
            ],
            [
              30.0950695923,
              0.6756716183
            ],
            [
              30.0950642956,
              0.667256114
            ],
            [
              30.0783446784,
              0.6672666835
            ],
            [
              30.0783343389,
              0.6504354078
            ],
            [
              30.0699744606,
              0.6504405386
            ],
            [
              30.0699694027,
              0.6420248337
            ],
            [
              30.0616094721,
              0.6420298847
            ],
            [
              30.0616044942,
              0.6336141122
            ],
            [
              30.0532445103,
              0.6336190837
            ],
            [
              30.0532347796,
              0.6167874081
            ],
            [
              30.0448747567,
              0.6167922335
            ],
            [
              30.0448700024,
              0.6083763297
            ],
            [
              30.0365099269,
              0.6083810765
            ],
            [
              30.0365052504,
              0.5999651056
            ],
            [
              30.0532253088,
              0.5999557311
            ],
            [
              30.0532300121,
              0.6083715697
            ],
            [
              30.0615899551,
              0.6083667975
            ],
            [
              30.0615947357,
              0.6167825695
            ],
            [
              30.0699546275,
              0.6167777166
            ],
            [
              30.0699594866,
              0.6251934228
            ],
            [
              30.0783193255,
              0.6251884907
            ],
            [
              30.0783242643,
              0.6336041299
            ],
            [
              30.0866840503,
              0.633599119
            ],
            [
              30.0866941533,
              0.650430263
            ],
            [
              30.0950539002,
              0.650425104
            ],
            [
              30.095059064,
              0.6588406095
            ],
            [
              30.1117783869,
              0.6588301161
            ],
            [
              30.1117836462,
              0.6672454865
            ],
            [
              30.1201432212,
              0.6672401515
            ],
            [
              30.1201539689,
              0.6840707573
            ],
            [
              30.1285135056,
              0.6840652727
            ],
            [
              30.1285189937,
              0.6924805071
            ],
            [
              30.1368784785,
              0.6924749413
            ],
            [
              30.1368840493,
              0.7008901082
            ],
            [
              30.1452434813,
              0.700884459
            ],
            [
              30.1452548544,
              0.717714656
            ],
            [
              30.1536142491,
              0.7177088562
            ],
            [
              30.1536259231,
              0.734538915
            ],
            [
              30.1619852801,
              0.7345329638
            ],
            [
              30.1619912346,
              0.7429479239
            ],
            [
              30.1712403106,
              0.7429412444
            ]
          ]
        ]
      },
      "properties": {
        "country": "Uganda",
        "country_code": "UGA",
        "species_name": "Eucalyptus_grandis_nitens",
        "genus": "Eucalyptus",
        "species": "grandis_nitens",
        "suitability_name": "Marginally suitable",
        "suitability_rank": 3,
        "soil_suitability": "S1",
        "soil_type": "Ferrisols",
        "soil_description": "Humic of high altitudes",
        "site_class": null,
        "maz": "I",
        "maz_zone": null,
        "tz": "5",
        "frost_risk": null,
        "source_layer": "SWIFT_SSMT_Uganda"
      }
    },
    {
      "type": "Feature",
      "geometry": {
        "type": "Polygon",
        "coordinates": [
          [
            [
              30.1012052178,
              0.4316193058
            ],
            [
              30.1033023104,
              0.4316184444
            ],
            [
              30.1033092712,
              0.4484493332
            ],
            [
              30.1116686063,
              0.4484457572
            ],
            [
              30.1116758525,
              0.465276513
            ],
            [
              30.1033164992,
              0.4652802232
            ],
            [
              30.1033278395,
              0.4905265543
            ],
            [
              30.120046542,
              0.4905187208
            ],
            [
              30.1200544771,
              0.5073493386
            ],
            [
              30.1284137488,
              0.5073452716
            ],
            [
              30.1284392305,
              0.5578367131
            ],
            [
              30.1367985033,
              0.5578322291
            ],
            [
              30.1368075575,
              0.5746625731
            ],
            [
              30.1451667866,
              0.5746579403
            ],
            [
              30.1451809102,
              0.5999032505
            ],
            [
              30.153540109,
              0.5998984025
            ],
            [
              30.1535548805,
              0.6251435053
            ],
            [
              30.1619140504,
              0.6251384399
            ],
            [
              30.1619294707,
              0.650383335
            ],
            [
              30.1702886142,
              0.650378051
            ],
            [
              30.1703046867,
              0.6756227381
            ],
            [
              30.1786638036,
              0.6756172353
            ],
            [
              30.1786805318,
              0.7008617132
            ],
            [
              30.1870396245,
              0.7008559895
            ],
            [
              30.1870719459,
              0.7470994371
            ],
            [
              30.1855585356,
              0.7429648161
            ],
            [
              30.1752121331,
              0.7168010444
            ],
            [
              30.1703251333,
              0.7064337791
            ],
            [
              30.1703213712,
              0.7008674225
            ],
            [
              30.1678714704,
              0.7008690917
            ],
            [
              30.1619522646,
              0.6860013141
            ],
            [
              30.1619455012,
              0.6756282271
            ],
            [
              30.1571354825,
              0.6756313792
            ],
            [
              30.153581552,
              0.6683177463
            ],
            [
              30.1535755221,
              0.6588036372
            ],
            [
              30.1468831239,
              0.6588079004
            ],
            [
              30.1452147575,
              0.6564597365
            ],
            [
              30.1452109821,
              0.6503938607
            ],
            [
              30.1535702596,
              0.650388604
            ],
            [
              30.1535599384,
              0.633558538
            ],
            [
              30.1452006876,
              0.6335636585
            ],
            [
              30.1451906642,
              0.6167334548
            ],
            [
              30.1395341831,
              0.6167368198
            ],
            [
              30.1395304534,
              0.6103444745
            ],
            [
              30.1368198439,
              0.5967417124
            ],
            [
              30.1368168812,
              0.5914929144
            ],
            [
              30.1351490362,
              0.591493864
            ],
            [
              30.1284489164,
              0.5758689788
            ],
            [
              30.1284482615,
              0.5746671917
            ],
            [
              30.1280378913,
              0.5746674181
            ],
            [
              30.120623142,
              0.5529908132
            ],
            [
              30.1209691647,
              0.5332715014
            ],
            [
              30.1195367518,
              0.5174969083
            ],
            [
              30.112765303,
              0.5078198855
            ],
            [
              30.1045673205,
              0.493840982
            ],
            [
              30.0878207227,
              0.4773559572
            ],
            [
              30.0828274956,
              0.4612237942
            ],
            [
              30.0849165074,
              0.4568727612
            ],
            [
              30.0865939652,
              0.4568720352
            ],
            [
              30.0865924805,
              0.4533820384
            ],
            [
              30.088165056,
              0.4501066971
            ],
            [
              30.0984909972,
              0.4443656858
            ],
            [
              30.1013351579,
              0.4321742446
            ],
            [
              30.1012052178,
              0.4316193058
            ]
          ]
        ]
      },
      "properties": {
        "country": "Uganda",
        "country_code": "UGA",
        "species_name": "Eucalyptus_grandis_nitens",
        "genus": "Eucalyptus",
        "species": "grandis_nitens",
        "suitability_name": "Marginally suitable",
        "suitability_rank": 3,
        "soil_suitability": "S1",
        "soil_type": "Ferrisols",
        "soil_description": "Humic of high altitudes",
        "site_class": null,
        "maz": "I",
        "maz_zone": null,
        "tz": "5",
        "frost_risk": null,
        "source_layer": "SWIFT_SSMT_Uganda"
      }
    },
    {
      "type": "Feature",
      "geometry": {
        "type": "Polygon",
        "coordinates": [
          [
            [
              30.0881463117,
              0.3979623883
            ],
            [
              30.0949298393,
              0.3979598271
            ],
            [
              30.094933012,
              0.4063753397
            ],
            [
              30.103292367,
              0.4063721074
            ],
            [
              30.103295615,
              0.4147875532
            ],
            [
              30.0972647087,
              0.4147899342
            ],
            [
              30.0970541363,
              0.4138905742
            ],
            [
              30.0881463117,
              0.3979623883
            ]
          ]
        ]
      },
      "properties": {
        "country": "Uganda",
        "country_code": "UGA",
        "species_name": "Eucalyptus_grandis_nitens",
        "genus": "Eucalyptus",
        "species": "grandis_nitens",
        "suitability_name": "Marginally suitable",
        "suitability_rank": 3,
        "soil_suitability": "S1",
        "soil_type": "Ferrisols",
        "soil_description": "Humic of high altitudes",
        "site_class": null,
        "maz": "I",
        "maz_zone": null,
        "tz": "5",
        "frost_risk": null,
        "source_layer": "SWIFT_SSMT_Uganda"
      }
    },
    {
      "type": "Feature",
      "geometry": {
        "type": "Polygon",
        "coordinates": [
          [
            [
              30.0456013832,
              0.3474828941
            ],
            [
              30.0614743389,
              0.3474777241
            ],
            [
              30.0614798928,
              0.3643092841
            ],
            [
              30.0781989851,
              0.3643035449
            ],
            [
              30.0782048338,
              0.381134838
            ],
            [
              30.0865642961,
              0.3811318227
            ],
            [
              30.0865695846,
              0.39569623
            ],
            [
              30.0721107192,
              0.3791213525
            ],
            [
              30.0557253876,
              0.3730318123
            ],
            [
              30.0453947631,
              0.3672985361
            ],
            [
              30.0443238694,
              0.3601277896
            ],
            [
              30.0456013832,
              0.3474828941
            ]
          ]
        ]
      },
      "properties": {
        "country": "Uganda",
        "country_code": "UGA",
        "species_name": "Eucalyptus_grandis_nitens",
        "genus": "Eucalyptus",
        "species": "grandis_nitens",
        "suitability_name": "Marginally suitable",
        "suitability_rank": 3,
        "soil_suitability": "S1",
        "soil_type": "Ferrisols",
        "soil_description": "Humic of high altitudes",
        "site_class": null,
        "maz": "I",
        "maz_zone": null,
        "tz": "5",
        "frost_risk": null,
        "source_layer": "SWIFT_SSMT_Uganda"
      }
    },
    {
      "type": "Feature",
      "geometry": {
        "type": "Polygon",
        "coordinates": [
          [
            [
              30.0609664535,
              0.3138147512
            ],
            [
              30.0614640176,
              0.3138146037
            ],
            [
              30.0614664991,
              0.3222303841
            ],
            [
              30.0578108667,
              0.3222314913
            ],
            [
              30.0609664535,
              0.3138147512
            ]
          ]
        ]
      },
      "properties": {
        "country": "Uganda",
        "country_code": "UGA",
        "species_name": "Eucalyptus_grandis_nitens",
        "genus": "Eucalyptus",
        "species": "grandis_nitens",
        "suitability_name": "Marginally suitable",
        "suitability_rank": 3,
        "soil_suitability": "S1",
        "soil_type": "Ferrisols",
        "soil_description": "Humic of high altitudes",
        "site_class": null,
        "maz": "I",
        "maz_zone": null,
        "tz": "5",
        "frost_risk": null,
        "source_layer": "SWIFT_SSMT_Uganda"
      }
    },
    {
      "type": "Feature",
      "geometry": {
        "type": "Polygon",
        "coordinates": [
          [
            [
              30.0016864895,
              0.2296695628
            ],
            [
              30.0112845715,
              0.2296675288
            ],
            [
              30.0112828405,
              0.2212513529
            ],
            [
              30.019642705,
              0.2212496413
            ],
            [
              30.0196444412,
              0.2296657518
            ],
            [
              30.0280042457,
              0.2296639694
            ],
            [
              30.0280060506,
              0.2380800137
            ],
            [
              30.0363657952,
              0.238078162
            ],
            [
              30.03636767,
              0.2464941407
            ],
            [
              30.0447273547,
              0.2464922176
            ],
            [
              30.0447313124,
              0.2633240448
            ],
            [
              30.0530909422,
              0.2633219844
            ],
            [
              30.0530957587,
              0.2824108123
            ],
            [
              30.0507102022,
              0.2765826467
            ],
            [
              30.0428719305,
              0.2654694294
            ],
            [
              30.0363707945,
              0.2599090242
            ],
            [
              30.0363696102,
              0.2549101198
            ],
            [
              30.0305278428,
              0.2549115068
            ],
            [
              30.0280093627,
              0.2527929265
            ],
            [
              30.0280079207,
              0.2464960591
            ],
            [
              30.0201149651,
              0.2464978652
            ],
            [
              30.0196480219,
              0.2461255182
            ],
            [
              30.0196462406,
              0.2380818617
            ],
            [
              30.0096082327,
              0.2380840731
            ],
            [
              30.0016864895,
              0.2296695628
            ]
          ]
        ]
      },
      "properties": {
        "country": "Uganda",
        "country_code": "UGA",
        "species_name": "Eucalyptus_grandis_nitens",
        "genus": "Eucalyptus",
        "species": "grandis_nitens",
        "suitability_name": "Marginally suitable",
        "suitability_rank": 3,
        "soil_suitability": "S1",
        "soil_type": "Ferrisols",
        "soil_description": "Humic of high altitudes",
        "site_class": null,
        "maz": "I",
        "maz_zone": null,
        "tz": "5",
        "frost_risk": null,
        "source_layer": "SWIFT_SSMT_Uganda"
      }
    },
    {
      "type": "Feature",
      "geometry": {
        "type": "Polygon",
        "coordinates": [
          [
            [
              29.9664817356,
              0.1791778388
            ],
            [
              29.9778351394,
              0.1791759826
            ],
            [
              29.9778338111,
              0.1707595484
            ],
            [
              29.986193908,
              0.1707582415
            ],
            [
              29.9861926401,
              0.1623418712
            ],
            [
              29.9945526697,
              0.1623406252
            ],
            [
              29.9945566768,
              0.1875895422
            ],
            [
              29.986196636,
              0.1875909818
            ],
            [
              29.9862015698,
              0.2147092315
            ],
            [
              29.9823104619,
              0.2063191986
            ],
            [
              29.9794581456,
              0.1901837591
            ],
            [
              29.971620568,
              0.1805034638
            ],
            [
              29.9664817356,
              0.1791778388
            ]
          ]
        ]
      },
      "properties": {
        "country": "Uganda",
        "country_code": "UGA",
        "species_name": "Eucalyptus_grandis_nitens",
        "genus": "Eucalyptus",
        "species": "grandis_nitens",
        "suitability_name": "Marginally suitable",
        "suitability_rank": 3,
        "soil_suitability": "S1",
        "soil_type": "Ferrisols",
        "soil_description": "Humic of high altitudes",
        "site_class": null,
        "maz": "I",
        "maz_zone": null,
        "tz": "5",
        "frost_risk": null,
        "source_layer": "SWIFT_SSMT_Uganda"
      }
    },
    {
      "type": "Feature",
      "geometry": {
        "type": "Polygon",
        "coordinates": [
          [
            [
              29.8960271793,
              0.1371039187
            ],
            [
              29.9025855294,
              0.137103118
            ],
            [
              29.9025865746,
              0.1455201247
            ],
            [
              29.9109472299,
              0.1455190393
            ],
            [
              29.910948341,
              0.1539359831
            ],
            [
              29.919308938,
              0.1539348313
            ],
            [
              29.9193101145,
              0.1623517123
            ],
            [
              29.9276706506,
              0.1623504936
            ],
            [
              29.9276718936,
              0.1707673115
            ],
            [
              29.9611134252,
              0.1707621503
            ],
            [
              29.961114525,
              0.1777932908
            ],
            [
              29.9577288417,
              0.1769199021
            ],
            [
              29.9156969913,
              0.1693960466
            ],
            [
              29.9053657722,
              0.1597153751
            ],
            [
              29.9000206696,
              0.1442962062
            ],
            [
              29.8960271793,
              0.1371039187
            ]
          ]
        ]
      },
      "properties": {
        "country": "Uganda",
        "country_code": "UGA",
        "species_name": "Eucalyptus_grandis_nitens",
        "genus": "Eucalyptus",
        "species": "grandis_nitens",
        "suitability_name": "Marginally suitable",
        "suitability_rank": 3,
        "soil_suitability": "S1",
        "soil_type": "Ferrisols",
        "soil_description": "Humic of high altitudes",
        "site_class": null,
        "maz": "I",
        "maz_zone": null,
        "tz": "5",
        "frost_risk": null,
        "source_layer": "SWIFT_SSMT_Uganda"
      }
    },
    {
      "type": "Feature",
      "geometry": {
        "type": "Polygon",
        "coordinates": [
          [
            [
              29.7855306084,
              0.142800032
            ],
            [
              29.7803301766,
              0.145745824
            ],
            [
              29.7760559977,
              0.1514846232
            ],
            [
              29.7701700881,
              0.1587399995
            ],
            [
              29.7690000885,
              0.1575899996
            ],
            [
              29.7688092256,
              0.1572411824
            ],
            [
              29.7689200888,
              0.1564499997
            ],
            [
              29.7692100883,
              0.1560399993
            ],
            [
              29.7689400884,
              0.1550099997
            ],
            [
              29.7690400888,
              0.154629999
            ],
            [
              29.7688088743,
              0.1545541546
            ],
            [
              29.7688087968,
              0.153955056
            ],
            [
              29.7688077405,
              0.1455370691
            ],
            [
              29.7771693708,
              0.1455360339
            ],
            [
              29.7771683697,
              0.1371181071
            ],
            [
              29.7688067426,
              0.1371190825
            ],
            [
              29.7688049257,
              0.1202831088
            ],
            [
              29.7938896131,
              0.1202805339
            ],
            [
              29.7938866658,
              0.0866093072
            ],
            [
              29.8022480993,
              0.0866086854
            ],
            [
              29.8022475107,
              0.0781909401
            ],
            [
              29.8106088823,
              0.0781903768
            ],
            [
              29.8106083521,
              0.0697726904
            ],
            [
              29.8189696634,
              0.0697721861
            ],
            [
              29.8189701935,
              0.0781898118
            ],
            [
              29.8273314452,
              0.078189245
            ],
            [
              29.8273320386,
              0.0866068089
            ],
            [
              29.8356932307,
              0.0866061801
            ],
            [
              29.8356938876,
              0.0950236812
            ],
            [
              29.8440550209,
              0.0950229898
            ],
            [
              29.8440543628,
              0.0866055483
            ],
            [
              29.8524154338,
              0.0866049145
            ],
            [
              29.8524160941,
              0.0950222945
            ],
            [
              29.8607771042,
              0.0950215988
            ],
            [
              29.860777828,
              0.1034389171
            ],
            [
              29.8691387799,
              0.1034381555
            ],
            [
              29.8691395675,
              0.1118554121
            ],
            [
              29.8775004594,
              0.1118545868
            ],
            [
              29.8775010252,
              0.1175152643
            ],
            [
              29.8729455263,
              0.1145349035
            ],
            [
              29.8640397128,
              0.1095151982
            ],
            [
              29.8569153016,
              0.1084400321
            ],
            [
              29.8494348634,
              0.1098752199
            ],
            [
              29.8479843118,
              0.1118574875
            ],
            [
              29.8106116057,
              0.1118611184
            ],
            [
              29.8106128895,
              0.1246154968
            ],
            [
              29.8052642165,
              0.1235074767
            ],
            [
              29.799594395,
              0.1286977103
            ],
            [
              29.7938904992,
              0.1286983402
            ],
            [
              29.7938913192,
              0.1360228501
            ],
            [
              29.7931674583,
              0.1371162319
            ],
            [
              29.7855299372,
              0.1371171285
            ],
            [
              29.7855306084,
              0.142800032
            ]
          ]
        ]
      },
      "properties": {
        "country": "Uganda",
        "country_code": "UGA",
        "species_name": "Eucalyptus_grandis_nitens",
        "genus": "Eucalyptus",
        "species": "grandis_nitens",
        "suitability_name": "Marginally suitable",
        "suitability_rank": 3,
        "soil_suitability": "S1",
        "soil_type": "Ferrisols",
        "soil_description": "Humic of high altitudes",
        "site_class": null,
        "maz": "I",
        "maz_zone": null,
        "tz": "5",
        "frost_risk": null,
        "source_layer": "SWIFT_SSMT_Uganda"
      }
    },
    {
      "type": "Feature",
      "geometry": {
        "type": "Polygon",
        "coordinates": [
          [
            [
              29.8907419709,
              0.1286874664
            ],
            [
              29.8942238342,
              0.1286870682
            ],
            [
              29.8942244289,
              0.1338571249
            ],
            [
              29.8932513058,
              0.1321044978
            ],
            [
              29.8907419709,
              0.1286874664
            ]
          ]
        ]
      },
      "properties": {
        "country": "Uganda",
        "country_code": "UGA",
        "species_name": "Eucalyptus_grandis_nitens",
        "genus": "Eucalyptus",
        "species": "grandis_nitens",
        "suitability_name": "Marginally suitable",
        "suitability_rank": 3,
        "soil_suitability": "S1",
        "soil_type": "Ferrisols",
        "soil_description": "Humic of high altitudes",
        "site_class": null,
        "maz": "I",
        "maz_zone": null,
        "tz": "5",
        "frost_risk": null,
        "source_layer": "SWIFT_SSMT_Uganda"
      }
    },
    {
      "type": "Feature",
      "geometry": {
        "type": "Polygon",
        "coordinates": [
          [
            [
              29.8817137179,
              0.1202713332
            ],
            [
              29.8858621449,
              0.1202708921
            ],
            [
              29.8858624331,
              0.1229855308
            ],
            [
              29.8817137179,
              0.1202713332
            ]
          ]
        ]
      },
      "properties": {
        "country": "Uganda",
        "country_code": "UGA",
        "species_name": "Eucalyptus_grandis_nitens",
        "genus": "Eucalyptus",
        "species": "grandis_nitens",
        "suitability_name": "Marginally suitable",
        "suitability_rank": 3,
        "soil_suitability": "S1",
        "soil_type": "Ferrisols",
        "soil_description": "Humic of high altitudes",
        "site_class": null,
        "maz": "I",
        "maz_zone": null,
        "tz": "5",
        "frost_risk": null,
        "source_layer": "SWIFT_SSMT_Uganda"
      }
    },
    {
      "type": "Feature",
      "geometry": {
        "type": "Polygon",
        "coordinates": [
          [
            [
              30.3874071656,
              -0.2078968252
            ],
            [
              30.3623364336,
              -0.207902227
            ],
            [
              30.3623421027,
              -0.233142082
            ],
            [
              30.3706991,
              -0.2331400682
            ],
            [
              30.3707032497,
              -0.2499664932
            ],
            [
              30.3874170475,
              -0.2499621585
            ],
            [
              30.3874128765,
              -0.2331360262
            ],
            [
              30.3957696563,
              -0.2331339972
            ],
            [
              30.3957657667,
              -0.2163080097
            ],
            [
              30.3874089963,
              -0.2163098922
            ],
            [
              30.3874071656,
              -0.2078968252
            ]
          ]
        ]
      },
      "properties": {
        "country": "Uganda",
        "country_code": "UGA",
        "species_name": "Eucalyptus_grandis_nitens",
        "genus": "Eucalyptus",
        "species": "grandis_nitens",
        "suitability_name": "Marginally suitable",
        "suitability_rank": 3,
        "soil_suitability": "S1",
        "soil_type": "Ferrallitic Soils",
        "soil_description": "Dark horizons - not differentiated",
        "site_class": null,
        "maz": "I",
        "maz_zone": null,
        "tz": "5",
        "frost_risk": null,
        "source_layer": "SWIFT_SSMT_Uganda"
      }
    },
    {
      "type": "Feature",
      "geometry": {
        "type": "Polygon",
        "coordinates": [
          [
            [
              30.5043990587,
              -0.2246951446
            ],
            [
              30.5043970893,
              -0.2162831195
            ],
            [
              30.4960412793,
              -0.2162850613
            ],
            [
              30.4960432436,
              -0.224697163
            ],
            [
              30.4876873543,
              -0.2246991763
            ],
            [
              30.4876893886,
              -0.233111352
            ],
            [
              30.4793334208,
              -0.2331134364
            ],
            [
              30.4793355246,
              -0.2415256869
            ],
            [
              30.4793377032,
              -0.2499379385
            ],
            [
              30.4709816497,
              -0.249940167
            ],
            [
              30.4709838982,
              -0.2583524924
            ],
            [
              30.4459152741,
              -0.2583593714
            ],
            [
              30.4459224141,
              -0.2835970198
            ],
            [
              30.4626349387,
              -0.2835919929
            ],
            [
              30.4626324728,
              -0.2751795926
            ],
            [
              30.4709886171,
              -0.2751771448
            ],
            [
              30.4709862204,
              -0.2667648189
            ],
            [
              30.4876982754,
              -0.2667600559
            ],
            [
              30.487703167,
              -0.283584407
            ],
            [
              30.5028778728,
              -0.2835797893
            ],
            [
              30.5044146653,
              -0.2826427283
            ],
            [
              30.5044124513,
              -0.275167296
            ],
            [
              30.5127682225,
              -0.2751648184
            ],
            [
              30.5127657966,
              -0.2667528695
            ],
            [
              30.521121487,
              -0.2667504617
            ],
            [
              30.5211191307,
              -0.2583385883
            ],
            [
              30.5127634462,
              -0.2583409199
            ],
            [
              30.5127611705,
              -0.2499289707
            ],
            [
              30.5044054172,
              -0.2499312212
            ],
            [
              30.5044032226,
              -0.2415191954
            ],
            [
              30.5044011026,
              -0.2331071707
            ],
            [
              30.5043990587,
              -0.2246951446
            ]
          ]
        ]
      },
      "properties": {
        "country": "Uganda",
        "country_code": "UGA",
        "species_name": "Eucalyptus_grandis_nitens",
        "genus": "Eucalyptus",
        "species": "grandis_nitens",
        "suitability_name": "Marginally suitable",
        "suitability_rank": 3,
        "soil_suitability": "S1",
        "soil_type": "Ferrallitic Soils",
        "soil_description": "Dark horizons - not differentiated",
        "site_class": null,
        "maz": "I",
        "maz_zone": null,
        "tz": "5",
        "frost_risk": null,
        "source_layer": "SWIFT_SSMT_Uganda"
      }
    },
    {
      "type": "Feature",
      "geometry": {
        "type": "Polygon",
        "coordinates": [
          [
            [
              30.5044011026,
              -0.2331071707
            ],
            [
              30.5127568475,
              -0.2331050721
            ],
            [
              30.5127547975,
              -0.2246931227
            ],
            [
              30.5043990587,
              -0.2246951446
            ],
            [
              30.5044011026,
              -0.2331071707
            ]
          ]
        ]
      },
      "properties": {
        "country": "Uganda",
        "country_code": "UGA",
        "species_name": "Eucalyptus_grandis_nitens",
        "genus": "Eucalyptus",
        "species": "grandis_nitens",
        "suitability_name": "Marginally suitable",
        "suitability_rank": 3,
        "soil_suitability": "S1",
        "soil_type": "Ferrallitic Soils",
        "soil_description": "Dark horizons - not differentiated",
        "site_class": null,
        "maz": "II",
        "maz_zone": null,
        "tz": "5",
        "frost_risk": null,
        "source_layer": "SWIFT_SSMT_Uganda"
      }
    },
    {
      "type": "Feature",
      "geometry": {
        "type": "Polygon",
        "coordinates": [
          [
            [
              30.5127611705,
              -0.2499289707
            ],
            [
              30.5127589712,
              -0.2415170217
            ],
            [
              30.5044032226,
              -0.2415191954
            ],
            [
              30.5044054172,
              -0.2499312212
            ],
            [
              30.5127611705,
              -0.2499289707
            ]
          ]
        ]
      },
      "properties": {
        "country": "Uganda",
        "country_code": "UGA",
        "species_name": "Eucalyptus_grandis_nitens",
        "genus": "Eucalyptus",
        "species": "grandis_nitens",
        "suitability_name": "Marginally suitable",
        "suitability_rank": 3,
        "soil_suitability": "S1",
        "soil_type": "Ferrallitic Soils",
        "soil_description": "Dark horizons - not differentiated",
        "site_class": null,
        "maz": "II",
        "maz_zone": null,
        "tz": "5",
        "frost_risk": null,
        "source_layer": "SWIFT_SSMT_Uganda"
      }
    },
    {
      "type": "Feature",
      "geometry": {
        "type": "Polygon",
        "coordinates": [
          [
            [
              30.5211191307,
              -0.2583385883
            ],
            [
              30.52111685,
              -0.2499267161
            ],
            [
              30.5127611705,
              -0.2499289707
            ],
            [
              30.5127634462,
              -0.2583409199
            ],
            [
              30.5211191307,
              -0.2583385883
            ]
          ]
        ]
      },
      "properties": {
        "country": "Uganda",
        "country_code": "UGA",
        "species_name": "Eucalyptus_grandis_nitens",
        "genus": "Eucalyptus",
        "species": "grandis_nitens",
        "suitability_name": "Marginally suitable",
        "suitability_rank": 3,
        "soil_suitability": "S1",
        "soil_type": "Ferrallitic Soils",
        "soil_description": "Dark horizons - not differentiated",
        "site_class": null,
        "maz": "II",
        "maz_zone": null,
        "tz": "5",
        "frost_risk": null,
        "source_layer": "SWIFT_SSMT_Uganda"
      }
    },
    {
      "type": "Feature",
      "geometry": {
        "type": "Polygon",
        "coordinates": [
          [
            [
              30.4208506369,
              -0.2751917427
            ],
            [
              30.4124940499,
              -0.2751941552
            ],
            [
              30.4124916929,
              -0.2667813102
            ],
            [
              30.395778309,
              -0.2667859691
            ],
            [
              30.3957806546,
              -0.275198963
            ],
            [
              30.3874238484,
              -0.2752013574
            ],
            [
              30.3874262605,
              -0.2836144231
            ],
            [
              30.3790693752,
              -0.2836168851
            ],
            [
              30.3790718542,
              -0.2920300242
            ],
            [
              30.37071489,
              -0.2920325535
            ],
            [
              30.3707200526,
              -0.3088589767
            ],
            [
              30.3623630032,
              -0.3088616446
            ],
            [
              30.3623665551,
              -0.3199491103
            ],
            [
              30.3631928388,
              -0.3216114211
            ],
            [
              30.3655761139,
              -0.3256871327
            ],
            [
              30.3790824934,
              -0.3256825778
            ],
            [
              30.3790797253,
              -0.31726944
            ],
            [
              30.3957934735,
              -0.317263925
            ],
            [
              30.3957962563,
              -0.3256769165
            ],
            [
              30.3996756815,
              -0.325675598
            ],
            [
              30.404151389,
              -0.320756871
            ],
            [
              30.4041502389,
              -0.3172611571
            ],
            [
              30.4073332372,
              -0.317260101
            ],
            [
              30.4120859187,
              -0.3120370651
            ],
            [
              30.4268011333,
              -0.3101206728
            ],
            [
              30.4419979656,
              -0.3297089909
            ],
            [
              30.4434281177,
              -0.3469123303
            ],
            [
              30.4417992231,
              -0.3508989501
            ],
            [
              30.445944703,
              -0.3508974115
            ],
            [
              30.4459478214,
              -0.35930996
            ],
            [
              30.4543041815,
              -0.3593067797
            ],
            [
              30.4543010558,
              -0.3508943058
            ],
            [
              30.4626573354,
              -0.350891192
            ],
            [
              30.4626483788,
              -0.3256539934
            ],
            [
              30.4542921216,
              -0.3256568828
            ],
            [
              30.4542892919,
              -0.3172444086
            ],
            [
              30.4375765687,
              -0.3172500185
            ],
            [
              30.4375738258,
              -0.3088373957
            ],
            [
              30.4208608216,
              -0.3088428299
            ],
            [
              30.4208530736,
              -0.2836045152
            ],
            [
              30.4208506369,
              -0.2751917427
            ]
          ]
        ]
      },
      "properties": {
        "country": "Uganda",
        "country_code": "UGA",
        "species_name": "Eucalyptus_grandis_nitens",
        "genus": "Eucalyptus",
        "species": "grandis_nitens",
        "suitability_name": "Marginally suitable",
        "suitability_rank": 3,
        "soil_suitability": "S1",
        "soil_type": "Ferrallitic Soils",
        "soil_description": "Dark horizons - not differentiated",
        "site_class": null,
        "maz": "I",
        "maz_zone": null,
        "tz": "5",
        "frost_risk": null,
        "source_layer": "SWIFT_SSMT_Uganda"
      }
    },
    {
      "type": "Feature",
      "geometry": {
        "type": "Polygon",
        "coordinates": [
          [
            [
              30.3206239044,
              -0.435079534
            ],
            [
              30.320616682,
              -0.4182522507
            ],
            [
              30.3122591029,
              -0.4182558093
            ],
            [
              30.3122663067,
              -0.4350832365
            ],
            [
              30.3206239044,
              -0.435079534
            ]
          ]
        ]
      },
      "properties": {
        "country": "Uganda",
        "country_code": "UGA",
        "species_name": "Eucalyptus_grandis_nitens",
        "genus": "Eucalyptus",
        "species": "grandis_nitens",
        "suitability_name": "Marginally suitable",
        "suitability_rank": 3,
        "soil_suitability": "S1",
        "soil_type": "Ferrallitic Soils",
        "soil_description": "Dark horizons - not differentiated",
        "site_class": null,
        "maz": "I",
        "maz_zone": null,
        "tz": "5",
        "frost_risk": null,
        "source_layer": "SWIFT_SSMT_Uganda"
      }
    },
    {
      "type": "Feature",
      "geometry": {
        "type": "Polygon",
        "coordinates": [
          [
            [
              30.215622569,
              -0.7464628652
            ],
            [
              30.2205075201,
              -0.7464592635
            ],
            [
              30.2204954038,
              -0.7296303061
            ],
            [
              30.2288542047,
              -0.7296242686
            ],
            [
              30.2288482346,
              -0.7212098588
            ],
            [
              30.2204894494,
              -0.7212158269
            ],
            [
              30.220483563,
              -0.7128013477
            ],
            [
              30.2037658154,
              -0.7128130968
            ],
            [
              30.2037825273,
              -0.7365756814
            ],
            [
              30.2055548077,
              -0.7380556648
            ],
            [
              30.2121425423,
              -0.7380508752
            ],
            [
              30.2121465134,
              -0.7435601672
            ],
            [
              30.215622569,
              -0.7464628652
            ]
          ]
        ]
      },
      "properties": {
        "country": "Uganda",
        "country_code": "UGA",
        "species_name": "Eucalyptus_grandis_nitens",
        "genus": "Eucalyptus",
        "species": "grandis_nitens",
        "suitability_name": "Marginally suitable",
        "suitability_rank": 3,
        "soil_suitability": "S2",
        "soil_type": "Ferrallitic Soils",
        "soil_description": "Yellow soils - Sandy clay loams",
        "site_class": null,
        "maz": "I",
        "maz_zone": null,
        "tz": "5",
        "frost_risk": null,
        "source_layer": "SWIFT_SSMT_Uganda"
      }
    },
    {
      "type": "Feature",
      "geometry": {
        "type": "Polygon",
        "coordinates": [
          [
            [
              30.2055548077,
              -0.7380556648
            ],
            [
              30.2037825273,
              -0.7365756814
            ],
            [
              30.2037835879,
              -0.73805695
            ],
            [
              30.2055548077,
              -0.7380556648
            ]
          ]
        ]
      },
      "properties": {
        "country": "Uganda",
        "country_code": "UGA",
        "species_name": "Eucalyptus_grandis_nitens",
        "genus": "Eucalyptus",
        "species": "grandis_nitens",
        "suitability_name": "Marginally suitable",
        "suitability_rank": 3,
        "soil_suitability": "S1",
        "soil_type": "Ferrallitic Soils",
        "soil_description": "Red soils - Not differentiated; sandy clay loams",
        "site_class": null,
        "maz": "I",
        "maz_zone": null,
        "tz": "5",
        "frost_risk": null,
        "source_layer": "SWIFT_SSMT_Uganda"
      }
    },
    {
      "type": "Feature",
      "geometry": {
        "type": "Polygon",
        "coordinates": [
          [
            [
              30.215622569,
              -0.7464628652
            ],
            [
              30.2121465134,
              -0.7435601672
            ],
            [
              30.2121486192,
              -0.7464654236
            ],
            [
              30.215622569,
              -0.7464628652
            ]
          ]
        ]
      },
      "properties": {
        "country": "Uganda",
        "country_code": "UGA",
        "species_name": "Eucalyptus_grandis_nitens",
        "genus": "Eucalyptus",
        "species": "grandis_nitens",
        "suitability_name": "Marginally suitable",
        "suitability_rank": 3,
        "soil_suitability": "S1",
        "soil_type": "Ferrallitic Soils",
        "soil_description": "Red soils - Not differentiated; sandy clay loams",
        "site_class": null,
        "maz": "I",
        "maz_zone": null,
        "tz": "5",
        "frost_risk": null,
        "source_layer": "SWIFT_SSMT_Uganda"
      }
    },
    {
      "type": "Feature",
      "geometry": {
        "type": "Polygon",
        "coordinates": [
          [
            [
              29.9613617337,
              -0.7634759114
            ],
            [
              29.9613503345,
              -0.7466428175
            ],
            [
              29.9446283617,
              -0.7466541333
            ],
            [
              29.9446396979,
              -0.7634874823
            ],
            [
              29.9613617337,
              -0.7634759114
            ]
          ]
        ]
      },
      "properties": {
        "country": "Uganda",
        "country_code": "UGA",
        "species_name": "Eucalyptus_grandis_nitens",
        "genus": "Eucalyptus",
        "species": "grandis_nitens",
        "suitability_name": "Marginally suitable",
        "suitability_rank": 3,
        "soil_suitability": "S1",
        "soil_type": "Ferrallitic Soils",
        "soil_description": "Red soils - Not differentiated; sandy clay loams",
        "site_class": null,
        "maz": "I",
        "maz_zone": null,
        "tz": "5",
        "frost_risk": null,
        "source_layer": "SWIFT_SSMT_Uganda"
      }
    },
    {
      "type": "Feature",
      "geometry": {
        "type": "Polygon",
        "coordinates": [
          [
            [
              29.7775257194,
              -0.9319577295
            ],
            [
              29.7775191501,
              -0.9235398273
            ],
            [
              29.7691564696,
              -0.9235463993
            ],
            [
              29.7691630193,
              -0.9319643622
            ],
            [
              29.7775257194,
              -0.9319577295
            ]
          ]
        ]
      },
      "properties": {
        "country": "Uganda",
        "country_code": "UGA",
        "species_name": "Eucalyptus_grandis_nitens",
        "genus": "Eucalyptus",
        "species": "grandis_nitens",
        "suitability_name": "Marginally suitable",
        "suitability_rank": 3,
        "soil_suitability": "S1",
        "soil_type": "Ferrallitic Soils",
        "soil_description": "Humic ferrallitic - Not differentiated",
        "site_class": null,
        "maz": "I",
        "maz_zone": null,
        "tz": "5",
        "frost_risk": null,
        "source_layer": "SWIFT_SSMT_Uganda"
      }
    },
    {
      "type": "Feature",
      "geometry": {
        "type": "Polygon",
        "coordinates": [
          [
            [
              30.1372255036,
              -1.0999566844
            ],
            [
              30.1372167407,
              -1.0915415381
            ],
            [
              30.1288563588,
              -1.0915503135
            ],
            [
              30.1288650984,
              -1.0999655262
            ],
            [
              30.1372255036,
              -1.0999566844
            ]
          ]
        ]
      },
      "properties": {
        "country": "Uganda",
        "country_code": "UGA",
        "species_name": "Eucalyptus_grandis_nitens",
        "genus": "Eucalyptus",
        "species": "grandis_nitens",
        "suitability_name": "Marginally suitable",
        "suitability_rank": 3,
        "soil_suitability": "S1",
        "soil_type": "Ferrallitic Soils",
        "soil_description": "Red soils - Not differentiated; sandy clay loams",
        "site_class": null,
        "maz": "II",
        "maz_zone": null,
        "tz": "5",
        "frost_risk": null,
        "source_layer": "SWIFT_SSMT_Uganda"
      }
    },
    {
      "type": "Feature",
      "geometry": {
        "type": "Polygon",
        "coordinates": [
          [
            [
              29.9348479085,
              -1.1085808522
            ],
            [
              29.9365658638,
              -1.1085791364
            ],
            [
              29.9365575965,
              -1.1001624174
            ],
            [
              29.9449195014,
              -1.1001541152
            ],
            [
              29.9449031085,
              -1.0833208016
            ],
            [
              29.9365412501,
              -1.0833289764
            ],
            [
              29.9365493917,
              -1.0917456971
            ],
            [
              29.9281874599,
              -1.0917672356
            ],
            [
              29.9332116101,
              -1.0942026342
            ],
            [
              29.9336950189,
              -1.1028083473
            ],
            [
              29.9348479085,
              -1.1085808522
            ]
          ]
        ]
      },
      "properties": {
        "country": "Uganda",
        "country_code": "UGA",
        "species_name": "Eucalyptus_grandis_nitens",
        "genus": "Eucalyptus",
        "species": "grandis_nitens",
        "suitability_name": "Marginally suitable",
        "suitability_rank": 3,
        "soil_suitability": "S1",
        "soil_type": "Ferrallitic Soils",
        "soil_description": "Dark horizons - not differentiated",
        "site_class": null,
        "maz": "I",
        "maz_zone": null,
        "tz": "5",
        "frost_risk": null,
        "source_layer": "SWIFT_SSMT_Uganda"
      }
    },
    {
      "type": "Feature",
      "geometry": {
        "type": "Polygon",
        "coordinates": [
          [
            [
              29.9348479085,
              -1.1085808522
            ],
            [
              29.9336950189,
              -1.1028083473
            ],
            [
              29.9332116101,
              -1.0942026342
            ],
            [
              29.9281874599,
              -1.0917672356
            ],
            [
              29.9282038721,
              -1.1085874777
            ],
            [
              29.9348479085,
              -1.1085808522
            ]
          ]
        ]
      },
      "properties": {
        "country": "Uganda",
        "country_code": "UGA",
        "species_name": "Eucalyptus_grandis_nitens",
        "genus": "Eucalyptus",
        "species": "grandis_nitens",
        "suitability_name": "Marginally suitable",
        "suitability_rank": 3,
        "soil_suitability": "S2",
        "soil_type": "Ferrallitic Soils",
        "soil_description": "Yellow soils - Sandy clay loams",
        "site_class": null,
        "maz": "I",
        "maz_zone": null,
        "tz": "5",
        "frost_risk": null,
        "source_layer": "SWIFT_SSMT_Uganda"
      }
    },
    {
      "type": "Feature",
      "geometry": {
        "type": "Polygon",
        "coordinates": [
          [
            [
              29.6187975668,
              -1.1425554398
            ],
            [
              29.6187824218,
              -1.1257174435
            ],
            [
              29.6020537611,
              -1.1257325256
            ],
            [
              29.6020688099,
              -1.142570748
            ],
            [
              29.6187975668,
              -1.1425554398
            ]
          ]
        ]
      },
      "properties": {
        "country": "Uganda",
        "country_code": "UGA",
        "species_name": "Eucalyptus_grandis_nitens",
        "genus": "Eucalyptus",
        "species": "grandis_nitens",
        "suitability_name": "Marginally suitable",
        "suitability_rank": 3,
        "soil_suitability": "S1",
        "soil_type": "Ferrallitic Soils",
        "soil_description": "Humic ferrallitic - Not differentiated",
        "site_class": null,
        "maz": "I",
        "maz_zone": null,
        "tz": "5",
        "frost_risk": null,
        "source_layer": "SWIFT_SSMT_Uganda"
      }
    },
    {
      "type": "Feature",
      "geometry": {
        "type": "Polygon",
        "coordinates": [
          [
            [
              29.593758603,
              -1.2015125167
            ],
            [
              29.5937506855,
              -1.193093354
            ],
            [
              29.5853860174,
              -1.1931012832
            ],
            [
              29.5853939101,
              -1.2015205015
            ],
            [
              29.593758603,
              -1.2015125167
            ]
          ]
        ]
      },
      "properties": {
        "country": "Uganda",
        "country_code": "UGA",
        "species_name": "Eucalyptus_grandis_nitens",
        "genus": "Eucalyptus",
        "species": "grandis_nitens",
        "suitability_name": "Marginally suitable",
        "suitability_rank": 3,
        "soil_suitability": "S1",
        "soil_type": "Ferrallitic Soils",
        "soil_description": "Humic ferrallitic - Not differentiated",
        "site_class": null,
        "maz": "I",
        "maz_zone": null,
        "tz": "5",
        "frost_risk": null,
        "source_layer": "SWIFT_SSMT_Uganda"
      }
    },
    {
      "type": "Feature",
      "geometry": {
        "type": "Polygon",
        "coordinates": [
          [
            [
              29.7694125108,
              -1.2097568456
            ],
            [
              29.769403999,
              -1.2013389003
            ],
            [
              29.7610405147,
              -1.2013474246
            ],
            [
              29.7610489997,
              -1.2097654305
            ],
            [
              29.7694125108,
              -1.2097568456
            ]
          ]
        ]
      },
      "properties": {
        "country": "Uganda",
        "country_code": "UGA",
        "species_name": "Eucalyptus_grandis_nitens",
        "genus": "Eucalyptus",
        "species": "grandis_nitens",
        "suitability_name": "Marginally suitable",
        "suitability_rank": 3,
        "soil_suitability": "S1",
        "soil_type": "Ferrallitic Soils",
        "soil_description": "Humic ferrallitic - Not differentiated",
        "site_class": null,
        "maz": "I",
        "maz_zone": null,
        "tz": "5",
        "frost_risk": null,
        "source_layer": "SWIFT_SSMT_Uganda"
      }
    },
    {
      "type": "Feature",
      "geometry": {
        "type": "Polygon",
        "coordinates": [
          [
            [
              29.7694125108,
              -1.2097568456
            ],
            [
              29.7694210819,
              -1.2181747905
            ],
            [
              29.7777845587,
              -1.2181661205
            ],
            [
              29.7777759615,
              -1.2097482354
            ],
            [
              29.7694125108,
              -1.2097568456
            ]
          ]
        ]
      },
      "properties": {
        "country": "Uganda",
        "country_code": "UGA",
        "species_name": "Eucalyptus_grandis_nitens",
        "genus": "Eucalyptus",
        "species": "grandis_nitens",
        "suitability_name": "Marginally suitable",
        "suitability_rank": 3,
        "soil_suitability": "S1",
        "soil_type": "Ferrallitic Soils",
        "soil_description": "Humic ferrallitic - Not differentiated",
        "site_class": null,
        "maz": "I",
        "maz_zone": null,
        "tz": "5",
        "frost_risk": null,
        "source_layer": "SWIFT_SSMT_Uganda"
      }
    },
    {
      "type": "Feature",
      "geometry": {
        "type": "Polygon",
        "coordinates": [
          [
            [
              30.0921552035,
              -1.285145363
            ],
            [
              30.0949129096,
              -1.2828688126
            ],
            [
              30.0944361003,
              -1.2767270905
            ],
            [
              30.087258467,
              -1.2767357821
            ],
            [
              30.087268549,
              -1.2851513175
            ],
            [
              30.0921552035,
              -1.285145363
            ]
          ]
        ]
      },
      "properties": {
        "country": "Uganda",
        "country_code": "UGA",
        "species_name": "Eucalyptus_grandis_nitens",
        "genus": "Eucalyptus",
        "species": "grandis_nitens",
        "suitability_name": "Marginally suitable",
        "suitability_rank": 3,
        "soil_suitability": "S1",
        "soil_type": "Ferrallitic Soils",
        "soil_description": "Dark horizons - not differentiated",
        "site_class": null,
        "maz": "II",
        "maz_zone": null,
        "tz": "5",
        "frost_risk": null,
        "source_layer": "SWIFT_SSMT_Uganda"
      }
    },
    {
      "type": "Feature",
      "geometry": {
        "type": "Polygon",
        "coordinates": [
          [
            [
              30.0956298455,
              -1.2851411243
            ],
            [
              30.0956197368,
              -1.2767256544
            ],
            [
              30.0944361003,
              -1.2767270905
            ],
            [
              30.0949129096,
              -1.2828688126
            ],
            [
              30.0921552035,
              -1.285145363
            ],
            [
              30.0956298455,
              -1.2851411243
            ]
          ]
        ]
      },
      "properties": {
        "country": "Uganda",
        "country_code": "UGA",
        "species_name": "Eucalyptus_grandis_nitens",
        "genus": "Eucalyptus",
        "species": "grandis_nitens",
        "suitability_name": "Marginally suitable",
        "suitability_rank": 3,
        "soil_suitability": "S2",
        "soil_type": "Ferrallitic Soils",
        "soil_description": "Yellow soils - Sandy clay loams",
        "site_class": null,
        "maz": "II",
        "maz_zone": null,
        "tz": "5",
        "frost_risk": null,
        "source_layer": "SWIFT_SSMT_Uganda"
      }
    },
    {
      "type": "Feature",
      "geometry": {
        "type": "Polygon",
        "coordinates": [
          [
            [
              30.1372255036,
              -1.0999566844
            ],
            [
              30.1372343335,
              -1.1083718294
            ],
            [
              30.1205134083,
              -1.1083896257
            ],
            [
              30.1205046254,
              -1.0999743454
            ],
            [
              30.1121440858,
              -1.099983141
            ],
            [
              30.1121267663,
              -1.083152445
            ],
            [
              30.1037662058,
              -1.0831610826
            ],
            [
              30.1037834789,
              -1.099991913
            ],
            [
              30.0954228066,
              -1.1000006623
            ],
            [
              30.0954402983,
              -1.1168316248
            ],
            [
              30.1121616728,
              -1.1168138359
            ],
            [
              30.1121749899,
              -1.1293913113
            ],
            [
              30.1168192523,
              -1.1320268803
            ],
            [
              30.1197525501,
              -1.1336363183
            ],
            [
              30.1205401612,
              -1.1336354638
            ],
            [
              30.1205406259,
              -1.1340687168
            ],
            [
              30.1372716492,
              -1.1432484547
            ],
            [
              30.1372612298,
              -1.1336172614
            ],
            [
              30.1539820285,
              -1.1335989617
            ],
            [
              30.1539729467,
              -1.1251839543
            ],
            [
              30.1623332214,
              -1.1251748372
            ],
            [
              30.1623241849,
              -1.1167598964
            ],
            [
              30.153963935,
              -1.1167689464
            ],
            [
              30.1539549898,
              -1.1083539381
            ],
            [
              30.1455946962,
              -1.1083628947
            ],
            [
              30.1455858419,
              -1.0999478191
            ],
            [
              30.1372255036,
              -1.0999566844
            ]
          ]
        ]
      },
      "properties": {
        "country": "Uganda",
        "country_code": "UGA",
        "species_name": "Eucalyptus_grandis_nitens",
        "genus": "Eucalyptus",
        "species": "grandis_nitens",
        "suitability_name": "Marginally suitable",
        "suitability_rank": 3,
        "soil_suitability": "S1",
        "soil_type": "Ferrallitic Soils",
        "soil_description": "Red soils - Not differentiated; sandy clay loams",
        "site_class": null,
        "maz": "II",
        "maz_zone": null,
        "tz": "5",
        "frost_risk": null,
        "source_layer": "SWIFT_SSMT_Uganda"
      }
    },
    {
      "type": "Feature",
      "geometry": {
        "type": "Polygon",
        "coordinates": [
          [
            [
              30.181313628,
              -1.2177167617
            ],
            [
              30.187518336,
              -1.2177093779
            ],
            [
              30.18748896,
              -1.1924651928
            ],
            [
              30.1791286934,
              -1.192474932
            ],
            [
              30.1791095025,
              -1.1756453351
            ],
            [
              30.1958298663,
              -1.1756261053
            ],
            [
              30.1958108485,
              -1.1587967812
            ],
            [
              30.204170878,
              -1.158787267
            ],
            [
              30.2041520865,
              -1.1419580789
            ],
            [
              30.1874320554,
              -1.1419768062
            ],
            [
              30.1874413689,
              -1.150391539
            ],
            [
              30.1457053723,
              -1.1504382009
            ],
            [
              30.1548466523,
              -1.1624594075
            ],
            [
              30.1679270534,
              -1.1803702816
            ],
            [
              30.1783453535,
              -1.2060514403
            ],
            [
              30.181027566,
              -1.215309737
            ],
            [
              30.181313628,
              -1.2177167617
            ]
          ]
        ]
      },
      "properties": {
        "country": "Uganda",
        "country_code": "UGA",
        "species_name": "Eucalyptus_grandis_nitens",
        "genus": "Eucalyptus",
        "species": "grandis_nitens",
        "suitability_name": "Marginally suitable",
        "suitability_rank": 3,
        "soil_suitability": "S1",
        "soil_type": "Ferrallitic Soils",
        "soil_description": "Red soils - Not differentiated; sandy clay loams",
        "site_class": null,
        "maz": "II",
        "maz_zone": null,
        "tz": "5",
        "frost_risk": null,
        "source_layer": "SWIFT_SSMT_Uganda"
      }
    },
    {
      "type": "Feature",
      "geometry": {
        "type": "Polygon",
        "coordinates": [
          [
            [
              30.1836200702,
              -1.242958331
            ],
            [
              30.1875483274,
              -1.242953558
            ],
            [
              30.1875282649,
              -1.2261241043
            ],
            [
              30.1823135829,
              -1.2261303544
            ],
            [
              30.1837258403,
              -1.2380119724
            ],
            [
              30.1836200702,
              -1.242958331
            ]
          ]
        ]
      },
      "properties": {
        "country": "Uganda",
        "country_code": "UGA",
        "species_name": "Eucalyptus_grandis_nitens",
        "genus": "Eucalyptus",
        "species": "grandis_nitens",
        "suitability_name": "Marginally suitable",
        "suitability_rank": 3,
        "soil_suitability": "S1",
        "soil_type": "Ferrallitic Soils",
        "soil_description": "Red soils - Not differentiated; sandy clay loams",
        "site_class": null,
        "maz": "II",
        "maz_zone": null,
        "tz": "5",
        "frost_risk": null,
        "source_layer": "SWIFT_SSMT_Uganda"
      }
    },
    {
      "type": "Feature",
      "geometry": {
        "type": "Polygon",
        "coordinates": [
          [
            [
              30.1197525501,
              -1.1336363183
            ],
            [
              30.1168192523,
              -1.1320268803
            ],
            [
              30.1121749899,
              -1.1293913113
            ],
            [
              30.1121795274,
              -1.133644528
            ],
            [
              30.1197525501,
              -1.1336363183
            ]
          ]
        ]
      },
      "properties": {
        "country": "Uganda",
        "country_code": "UGA",
        "species_name": "Eucalyptus_grandis_nitens",
        "genus": "Eucalyptus",
        "species": "grandis_nitens",
        "suitability_name": "Marginally suitable",
        "suitability_rank": 3,
        "soil_suitability": "S2",
        "soil_type": "Ferrallitic Soils",
        "soil_description": "Yellow soils - Sandy clay loams",
        "site_class": null,
        "maz": "II",
        "maz_zone": null,
        "tz": "5",
        "frost_risk": null,
        "source_layer": "SWIFT_SSMT_Uganda"
      }
    },
    {
      "type": "Feature",
      "geometry": {
        "type": "Polygon",
        "coordinates": [
          [
            [
              30.1372716492,
              -1.1432484547
            ],
            [
              30.1205406259,
              -1.1340687168
            ],
            [
              30.1205583303,
              -1.1504660185
            ],
            [
              30.1289189471,
              -1.1504567947
            ],
            [
              30.1289467786,
              -1.1757024211
            ],
            [
              30.1373074014,
              -1.1756929698
            ],
            [
              30.1373168381,
              -1.1841081089
            ],
            [
              30.154037931,
              -1.1840889959
            ],
            [
              30.1541162604,
              -1.2514090064
            ],
            [
              30.1457555405,
              -1.2514191207
            ],
            [
              30.1457962225,
              -1.2850793836
            ],
            [
              30.1374353282,
              -1.285089742
            ],
            [
              30.1374456399,
              -1.293504875
            ],
            [
              30.1207235939,
              -1.2935256445
            ],
            [
              30.1207339177,
              -1.3019409109
            ],
            [
              30.1123727662,
              -1.3019513215
            ],
            [
              30.1123624685,
              -1.2935359881
            ],
            [
              30.1040012785,
              -1.2935463046
            ],
            [
              30.103991075,
              -1.2851309024
            ],
            [
              30.0956298455,
              -1.2851411243
            ],
            [
              30.0956813859,
              -1.3272184612
            ],
            [
              30.1040427552,
              -1.3272079037
            ],
            [
              30.104053291,
              -1.3356233029
            ],
            [
              30.1124146209,
              -1.3356126507
            ],
            [
              30.1124252519,
              -1.3440279811
            ],
            [
              30.1207865434,
              -1.3440172338
            ],
            [
              30.1207972708,
              -1.3524324961
            ],
            [
              30.1375197107,
              -1.3524107804
            ],
            [
              30.1374664664,
              -1.3103351357
            ],
            [
              30.1541883537,
              -1.3103139835
            ],
            [
              30.1541778516,
              -1.3018989881
            ],
            [
              30.1625386669,
              -1.3018884383
            ],
            [
              30.1625282052,
              -1.2934735115
            ],
            [
              30.1541674178,
              -1.2934839934
            ],
            [
              30.1541365202,
              -1.2682390039
            ],
            [
              30.1708578639,
              -1.2682184221
            ],
            [
              30.1708174037,
              -1.2345589728
            ],
            [
              30.1791778673,
              -1.2345489158
            ],
            [
              30.1791879061,
              -1.2429637101
            ],
            [
              30.1836200702,
              -1.242958331
            ],
            [
              30.1837258403,
              -1.2380119724
            ],
            [
              30.1823135829,
              -1.2261303544
            ],
            [
              30.1791678956,
              -1.2261341194
            ],
            [
              30.1791579929,
              -1.2177193245
            ],
            [
              30.181313628,
              -1.2177167617
            ],
            [
              30.181027566,
              -1.215309737
            ],
            [
              30.1783453535,
              -1.2060514403
            ],
            [
              30.1679270534,
              -1.1803702816
            ],
            [
              30.1548466523,
              -1.1624594075
            ],
            [
              30.1457053723,
              -1.1504382009
            ],
            [
              30.1372794954,
              -1.1504475471
            ],
            [
              30.1372716492,
              -1.1432484547
            ]
          ]
        ]
      },
      "properties": {
        "country": "Uganda",
        "country_code": "UGA",
        "species_name": "Eucalyptus_grandis_nitens",
        "genus": "Eucalyptus",
        "species": "grandis_nitens",
        "suitability_name": "Marginally suitable",
        "suitability_rank": 3,
        "soil_suitability": "S2",
        "soil_type": "Ferrallitic Soils",
        "soil_description": "Yellow soils - Sandy clay loams",
        "site_class": null,
        "maz": "II",
        "maz_zone": null,
        "tz": "5",
        "frost_risk": null,
        "source_layer": "SWIFT_SSMT_Uganda"
      }
    },
    {
      "type": "Feature",
      "geometry": {
        "type": "Polygon",
        "coordinates": [
          [
            [
              29.7270222332,
              -1.231973646
            ],
            [
              29.7161762122,
              -1.2357200209
            ],
            [
              29.7090548344,
              -1.2411072565
            ],
            [
              29.6983784901,
              -1.2548670284
            ],
            [
              29.6817579269,
              -1.2638509592
            ],
            [
              29.6556273725,
              -1.2662691749
            ],
            [
              29.6425558199,
              -1.2615002242
            ],
            [
              29.6271066066,
              -1.2549400921
            ],
            [
              29.6158014685,
              -1.2346258514
            ],
            [
              29.610510152,
              -1.2247814132
            ],
            [
              29.6105285046,
              -1.2435917142
            ],
            [
              29.6021637946,
              -1.2436000319
            ],
            [
              29.602172073,
              -1.2520191346
            ],
            [
              29.5954461006,
              -1.2520258483
            ],
            [
              29.593817725,
              -1.2626026881
            ],
            [
              29.5938295783,
              -1.2744991709
            ],
            [
              29.5961862191,
              -1.2857017129
            ],
            [
              29.6022057468,
              -1.2856955422
            ],
            [
              29.6022224769,
              -1.3021024558
            ],
            [
              29.6026100998,
              -1.3029499983
            ],
            [
              29.6029501006,
              -1.3053499984
            ],
            [
              29.605400506,
              -1.3109495217
            ],
            [
              29.6105965174,
              -1.3109440728
            ],
            [
              29.6106140806,
              -1.3277821558
            ],
            [
              29.6043676669,
              -1.3277887909
            ],
            [
              29.6023362029,
              -1.3362100513
            ],
            [
              29.6160550907,
              -1.336195377
            ],
            [
              29.6273501783,
              -1.3337111004
            ],
            [
              29.6273438814,
              -1.327764309
            ],
            [
              29.6357086968,
              -1.3277553426
            ],
            [
              29.6357131004,
              -1.3319038613
            ],
            [
              29.6616304772,
              -1.3272376503
            ],
            [
              29.6794481963,
              -1.3266204932
            ],
            [
              29.6942629747,
              -1.3296885283
            ],
            [
              29.6942608101,
              -1.3276917837
            ],
            [
              29.7026251674,
              -1.3276825896
            ],
            [
              29.7026280995,
              -1.3303781269
            ],
            [
              29.7329069555,
              -1.3313436592
            ],
            [
              29.7620158073,
              -1.3378861427
            ],
            [
              29.7844329771,
              -1.3399531144
            ],
            [
              29.7850855802,
              -1.3382784161
            ],
            [
              29.7849407948,
              -1.3359710365
            ],
            [
              29.7854228064,
              -1.3352817834
            ],
            [
              29.7856716786,
              -1.3345149369
            ],
            [
              29.7854549519,
              -1.3338513275
            ],
            [
              29.7844424396,
              -1.3330664954
            ],
            [
              29.7843316784,
              -1.3327125215
            ],
            [
              29.7845810696,
              -1.3322896457
            ],
            [
              29.7851008973,
              -1.332144245
            ],
            [
              29.7858200731,
              -1.3326878999
            ],
            [
              29.7860780209,
              -1.332765813
            ],
            [
              29.7863185921,
              -1.3326494114
            ],
            [
              29.7874537176,
              -1.3304661521
            ],
            [
              29.7877720971,
              -1.3292503739
            ],
            [
              29.7877139067,
              -1.3275650709
            ],
            [
              29.7878412901,
              -1.3270991845
            ],
            [
              29.7882404876,
              -1.3270132932
            ],
            [
              29.7890043598,
              -1.3276389873
            ],
            [
              29.790074939,
              -1.3276222776
            ],
            [
              29.790300669,
              -1.3278503446
            ],
            [
              29.7902969668,
              -1.3281712453
            ],
            [
              29.7898325624,
              -1.3290169096
            ],
            [
              29.7904918356,
              -1.329956712
            ],
            [
              29.7906358967,
              -1.3309030867
            ],
            [
              29.7913397236,
              -1.3323592061
            ],
            [
              29.7917156578,
              -1.3326041495
            ],
            [
              29.7929009163,
              -1.3324188511
            ],
            [
              29.7933182585,
              -1.3325645745
            ],
            [
              29.793368783,
              -1.3327676293
            ],
            [
              29.7930380747,
              -1.3335183001
            ],
            [
              29.7923494016,
              -1.3342626245
            ],
            [
              29.7917812646,
              -1.3345303289
            ],
            [
              29.7917705417,
              -1.3349538887
            ],
            [
              29.7922113237,
              -1.335500411
            ],
            [
              29.7922768288,
              -1.3359016683
            ],
            [
              29.7914331803,
              -1.3374819617
            ],
            [
              29.7914999726,
              -1.3384785557
            ],
            [
              29.7924591825,
              -1.3393883788
            ],
            [
              29.7926147238,
              -1.339644738
            ],
            [
              29.7926075473,
              -1.3400513656
            ],
            [
              29.792307683,
              -1.340336676
            ],
            [
              29.791641831,
              -1.3403808321
            ],
            [
              29.7912922154,
              -1.340310858
            ],
            [
              29.7906221902,
              -1.3398521959
            ],
            [
              29.790374788,
              -1.3400122414
            ],
            [
              29.7993000853,
              -1.3437899991
            ],
            [
              29.8030051818,
              -1.3384414813
            ],
            [
              29.8030023955,
              -1.3359877464
            ],
            [
              29.8051589096,
              -1.3359852676
            ],
            [
              29.8053500851,
              -1.335559998
            ],
            [
              29.8051800853,
              -1.3334899986
            ],
            [
              29.8052700847,
              -1.3327299987
            ],
            [
              29.8060800852,
              -1.3321399986
            ],
            [
              29.8080500855,
              -1.3298599993
            ],
            [
              29.8084900846,
              -1.3278699986
            ],
            [
              29.809350084,
              -1.3270499985
            ],
            [
              29.8113550347,
              -1.3262929401
            ],
            [
              29.8113469819,
              -1.3191428532
            ],
            [
              29.8029834212,
              -1.319152355
            ],
            [
              29.8029740239,
              -1.3107346581
            ],
            [
              29.7946104314,
              -1.3107440716
            ],
            [
              29.7946011217,
              -1.3023263141
            ],
            [
              29.8029646869,
              -1.3023169611
            ],
            [
              29.802955411,
              -1.2938992629
            ],
            [
              29.7945918738,
              -1.2939085555
            ],
            [
              29.7945826842,
              -1.2854907958
            ],
            [
              29.7862191138,
              -1.2855
            ],
            [
              29.7862100127,
              -1.2770821806
            ],
            [
              29.7778464093,
              -1.2770912976
            ],
            [
              29.7778195441,
              -1.2518376535
            ],
            [
              29.7694559628,
              -1.251846564
            ],
            [
              29.7694415689,
              -1.2380630138
            ],
            [
              29.7547841524,
              -1.2404619406
            ],
            [
              29.7423106831,
              -1.2386817355
            ],
            [
              29.7294629753,
              -1.2320907254
            ],
            [
              29.7290293546,
              -1.2324685529
            ],
            [
              29.728574495,
              -1.2326185483
            ],
            [
              29.7277366842,
              -1.2325267822
            ],
            [
              29.7270222332,
              -1.231973646
            ]
          ]
        ]
      },
      "properties": {
        "country": "Uganda",
        "country_code": "UGA",
        "species_name": "Eucalyptus_grandis_nitens",
        "genus": "Eucalyptus",
        "species": "grandis_nitens",
        "suitability_name": "Marginally suitable",
        "suitability_rank": 3,
        "soil_suitability": "S1",
        "soil_type": "Eutrophic Soils",
        "soil_description": "On volcanic ash",
        "site_class": null,
        "maz": "I",
        "maz_zone": null,
        "tz": "5",
        "frost_risk": null,
        "source_layer": "SWIFT_SSMT_Uganda"
      }
    },
    {
      "type": "Feature",
      "geometry": {
        "type": "Polygon",
        "coordinates": [
          [
            [
              29.7875147783,
              -0.9487854516
            ],
            [
              29.7898985509,
              -0.9352252072
            ],
            [
              29.7895703835,
              -0.9319481414
            ],
            [
              29.7775257194,
              -0.9319577295
            ],
            [
              29.7775323482,
              -0.940375631
            ],
            [
              29.7858950075,
              -0.9403689185
            ],
            [
              29.7859017167,
              -0.9487867603
            ],
            [
              29.7875147783,
              -0.9487854516
            ]
          ]
        ]
      },
      "properties": {
        "country": "Uganda",
        "country_code": "UGA",
        "species_name": "Eucalyptus_grandis_nitens",
        "genus": "Eucalyptus",
        "species": "grandis_nitens",
        "suitability_name": "Marginally suitable",
        "suitability_rank": 3,
        "soil_suitability": "S1",
        "soil_type": "Ferrallitic Soils",
        "soil_description": "Humic ferrallitic - Not differentiated",
        "site_class": null,
        "maz": "I",
        "maz_zone": null,
        "tz": "5",
        "frost_risk": null,
        "source_layer": "SWIFT_SSMT_Uganda"
      }
    },
    {
      "type": "Feature",
      "geometry": {
        "type": "Polygon",
        "coordinates": [
          [
            [
              29.7824795344,
              -0.9740431471
            ],
            [
              29.7775594601,
              -0.9740472354
            ],
            [
              29.777573373,
              -0.9908830344
            ],
            [
              29.7608476277,
              -0.9908971167
            ],
            [
              29.7608202048,
              -0.9572250392
            ],
            [
              29.7440943883,
              -0.9572385612
            ],
            [
              29.7441078989,
              -0.9740748391
            ],
            [
              29.7357448612,
              -0.9740816882
            ],
            [
              29.7357516836,
              -0.9824998849
            ],
            [
              29.7273885665,
              -0.9825067722
            ],
            [
              29.7273954266,
              -0.990925029
            ],
            [
              29.7190322303,
              -0.9909319541
            ],
            [
              29.7190391286,
              -0.9993502681
            ],
            [
              29.6688585991,
              -0.9993917213
            ],
            [
              29.668851829,
              -0.9909730583
            ],
            [
              29.6521245679,
              -0.990986589
            ],
            [
              29.6521178957,
              -0.9825678101
            ],
            [
              29.6270266408,
              -0.9825877779
            ],
            [
              29.6270534154,
              -1.0162635764
            ],
            [
              29.635417309,
              -1.016256714
            ],
            [
              29.6354310783,
              -1.033094496
            ],
            [
              29.6437949591,
              -1.0330874984
            ],
            [
              29.6438089987,
              -1.049925165
            ],
            [
              29.6354450744,
              -1.0499322769
            ],
            [
              29.635452157,
              -1.0583511671
            ],
            [
              29.6187240931,
              -1.0583654374
            ],
            [
              29.6187311876,
              -1.06678444
            ],
            [
              29.610367049,
              -1.0667915969
            ],
            [
              29.6103813598,
              -1.083629714
            ],
            [
              29.6187455451,
              -1.0836224439
            ],
            [
              29.6187749341,
              -1.1172984447
            ],
            [
              29.6271391566,
              -1.1172909232
            ],
            [
              29.6271542362,
              -1.1341288076
            ],
            [
              29.635518449,
              -1.1341211489
            ],
            [
              29.6355415665,
              -1.1593778002
            ],
            [
              29.6188129364,
              -1.1593934329
            ],
            [
              29.6188207056,
              -1.1678124298
            ],
            [
              29.6104562811,
              -1.1678202652
            ],
            [
              29.6104798509,
              -1.1930774199
            ],
            [
              29.6188443505,
              -1.193069415
            ],
            [
              29.6188523452,
              -1.2014884089
            ],
            [
              29.593758603,
              -1.2015125167
            ],
            [
              29.593764765,
              -1.2080244388
            ],
            [
              29.5939301016,
              -1.2082999986
            ],
            [
              29.5941391997,
              -1.2099313197
            ],
            [
              29.6021312385,
              -1.2099236125
            ],
            [
              29.6021352934,
              -1.2141684886
            ],
            [
              29.6028901004,
              -1.2145999988
            ],
            [
              29.6040001009,
              -1.215589999
            ],
            [
              29.6055600994,
              -1.2159999989
            ],
            [
              29.6060100998,
              -1.2164099982
            ],
            [
              29.6063000999,
              -1.2171
            ],
            [
              29.6064001002,
              -1.2178299993
            ],
            [
              29.6068212389,
              -1.2183381613
            ],
            [
              29.610503926,
              -1.2183345691
            ],
            [
              29.610510152,
              -1.2247814132
            ],
            [
              29.6158014685,
              -1.2346258514
            ],
            [
              29.6271066066,
              -1.2549400921
            ],
            [
              29.6425558199,
              -1.2615002242
            ],
            [
              29.6556273725,
              -1.2662691749
            ],
            [
              29.6817579269,
              -1.2638509592
            ],
            [
              29.6983784901,
              -1.2548670284
            ],
            [
              29.7090548344,
              -1.2411072565
            ],
            [
              29.7161762122,
              -1.2357200209
            ],
            [
              29.7270222332,
              -1.231973646
            ],
            [
              29.7262972221,
              -1.2310761794
            ],
            [
              29.7255687362,
              -1.2308435749
            ],
            [
              29.725111455,
              -1.2309874387
            ],
            [
              29.7243319293,
              -1.2307479843
            ],
            [
              29.7237354621,
              -1.2296023966
            ],
            [
              29.723539332,
              -1.2283849498
            ],
            [
              29.7232821638,
              -1.2280142877
            ],
            [
              29.7227011882,
              -1.2275890097
            ],
            [
              29.7222892528,
              -1.2270309629
            ],
            [
              29.7209560446,
              -1.2257780822
            ],
            [
              29.7204095374,
              -1.2254424489
            ],
            [
              29.7198504936,
              -1.2254483177
            ],
            [
              29.7194582192,
              -1.2252953572
            ],
            [
              29.7184740807,
              -1.2240530271
            ],
            [
              29.7184274015,
              -1.2229767254
            ],
            [
              29.7186579627,
              -1.2225992642
            ],
            [
              29.7186773416,
              -1.2222262845
            ],
            [
              29.7181677232,
              -1.2219449405
            ],
            [
              29.7178214689,
              -1.2215238901
            ],
            [
              29.7178069051,
              -1.2211214598
            ],
            [
              29.7174225084,
              -1.2207984029
            ],
            [
              29.7172705831,
              -1.2202809353
            ],
            [
              29.7172760403,
              -1.2197278685
            ],
            [
              29.7179155367,
              -1.2189776477
            ],
            [
              29.7181454498,
              -1.2183174037
            ],
            [
              29.7180864356,
              -1.2181268882
            ],
            [
              29.7178748319,
              -1.2178406323
            ],
            [
              29.7173190351,
              -1.2177103179
            ],
            [
              29.717139784,
              -1.2168850628
            ],
            [
              29.7165555284,
              -1.2159830654
            ],
            [
              29.7166978205,
              -1.2155598292
            ],
            [
              29.7166175336,
              -1.2151516606
            ],
            [
              29.7157179902,
              -1.2144751638
            ],
            [
              29.7154501875,
              -1.2134455879
            ],
            [
              29.7148615112,
              -1.213148386
            ],
            [
              29.7143593763,
              -1.2125053659
            ],
            [
              29.714052387,
              -1.2116797668
            ],
            [
              29.7141357699,
              -1.2110068212
            ],
            [
              29.7132311393,
              -1.208964716
            ],
            [
              29.7119000713,
              -1.2077292887
            ],
            [
              29.7117240742,
              -1.2073082266
            ],
            [
              29.7117216802,
              -1.2066202641
            ],
            [
              29.7119059482,
              -1.2060829032
            ],
            [
              29.7127487864,
              -1.2048773316
            ],
            [
              29.7133267434,
              -1.2047610237
            ],
            [
              29.7136594441,
              -1.2049012039
            ],
            [
              29.7147484059,
              -1.2064853104
            ],
            [
              29.7157689586,
              -1.2069012857
            ],
            [
              29.7162969383,
              -1.2077460489
            ],
            [
              29.7171744007,
              -1.2085180601
            ],
            [
              29.7175163933,
              -1.2090965202
            ],
            [
              29.7175073563,
              -1.2093961793
            ],
            [
              29.7181202028,
              -1.2100500129
            ],
            [
              29.7193720709,
              -1.2105859522
            ],
            [
              29.7199653721,
              -1.2106401644
            ],
            [
              29.7204278105,
              -1.2109576621
            ],
            [
              29.7207841016,
              -1.2109013013
            ],
            [
              29.7209345607,
              -1.2100773871
            ],
            [
              29.7211615695,
              -1.20983251
            ],
            [
              29.7214501527,
              -1.2097899461
            ],
            [
              29.7230885786,
              -1.211021241
            ],
            [
              29.7233640298,
              -1.2120131915
            ],
            [
              29.7242316661,
              -1.2133182641
            ],
            [
              29.7247548657,
              -1.2135697089
            ],
            [
              29.7264950266,
              -1.2138416167
            ],
            [
              29.7267849263,
              -1.2141177084
            ],
            [
              29.726699586,
              -1.2159266167
            ],
            [
              29.7273166866,
              -1.2183260341
            ],
            [
              29.7272022646,
              -1.2192095072
            ],
            [
              29.7273818757,
              -1.2195584903
            ],
            [
              29.7280333393,
              -1.2201138373
            ],
            [
              29.728089457,
              -1.2204945253
            ],
            [
              29.7280951336,
              -1.2230171478
            ],
            [
              29.728011162,
              -1.2232728645
            ],
            [
              29.7274391252,
              -1.2234375151
            ],
            [
              29.7268464926,
              -1.2239431232
            ],
            [
              29.7266920506,
              -1.2242366841
            ],
            [
              29.7269111027,
              -1.225019488
            ],
            [
              29.7273413467,
              -1.2255987413
            ],
            [
              29.7279142327,
              -1.2259520044
            ],
            [
              29.728860613,
              -1.2264589096
            ],
            [
              29.7300760669,
              -1.2267878855
            ],
            [
              29.7305540253,
              -1.2267870356
            ],
            [
              29.7321847213,
              -1.2262001595
            ],
            [
              29.7333268888,
              -1.2261096285
            ],
            [
              29.7336347196,
              -1.2263660991
            ],
            [
              29.7325684012,
              -1.2275343425
            ],
            [
              29.7319894428,
              -1.228509466
            ],
            [
              29.7311465891,
              -1.2294735123
            ],
            [
              29.7309805227,
              -1.2299650684
            ],
            [
              29.7306663323,
              -1.2302782148
            ],
            [
              29.7299240204,
              -1.2316817442
            ],
            [
              29.7294629753,
              -1.2320907254
            ],
            [
              29.7423106831,
              -1.2386817355
            ],
            [
              29.7547841524,
              -1.2404619406
            ],
            [
              29.7694415689,
              -1.2380630138
            ],
            [
              29.7694384035,
              -1.2350106787
            ],
            [
              29.7610748145,
              -1.2350194418
            ],
            [
              29.7610661509,
              -1.2266014386
            ],
            [
              29.7527025292,
              -1.2266101164
            ],
            [
              29.7526939502,
              -1.2181920525
            ],
            [
              29.7443302957,
              -1.2182006444
            ],
            [
              29.7443218019,
              -1.2097825209
            ],
            [
              29.7359581137,
              -1.2097910273
            ],
            [
              29.7359497047,
              -1.2013728435
            ],
            [
              29.7275859838,
              -1.2013812658
            ],
            [
              29.727569392,
              -1.1845447794
            ],
            [
              29.7359330626,
              -1.184536475
            ],
            [
              29.7359413534,
              -1.1929546603
            ],
            [
              29.7526685686,
              -1.1929378582
            ],
            [
              29.7526769695,
              -1.2013559229
            ],
            [
              29.7610405147,
              -1.2013474246
            ],
            [
              29.7610237199,
              -1.1845114119
            ],
            [
              29.7526602258,
              -1.1845197931
            ],
            [
              29.752651943,
              -1.1761017258
            ],
            [
              29.7442884152,
              -1.1761100212
            ],
            [
              29.7442802165,
              -1.1676918943
            ],
            [
              29.7359166542,
              -1.1677001052
            ],
            [
              29.7359085393,
              -1.159281918
            ],
            [
              29.7275449432,
              -1.1592900456
            ],
            [
              29.7275369117,
              -1.1508718
            ],
            [
              29.719173281,
              -1.1508798422
            ],
            [
              29.7191574414,
              -1.1340432316
            ],
            [
              29.7442480085,
              -1.1340193823
            ],
            [
              29.7442559718,
              -1.1424375115
            ],
            [
              29.7526194002,
              -1.1424294542
            ],
            [
              29.7526114134,
              -1.1340113843
            ],
            [
              29.7609747584,
              -1.1340033628
            ],
            [
              29.7609827705,
              -1.1424213724
            ],
            [
              29.7777093323,
              -1.1424051347
            ],
            [
              29.7777174517,
              -1.1508230252
            ],
            [
              29.7860806674,
              -1.1508148095
            ],
            [
              29.7860888721,
              -1.1592326377
            ],
            [
              29.7944520518,
              -1.1592243387
            ],
            [
              29.7944603403,
              -1.1676421054
            ],
            [
              29.8028234867,
              -1.1676337209
            ],
            [
              29.8028402942,
              -1.1844691341
            ],
            [
              29.811203429,
              -1.1844606022
            ],
            [
              29.8112205276,
              -1.2012958919
            ],
            [
              29.8195836524,
              -1.2012872127
            ],
            [
              29.8195923186,
              -1.2097047957
            ],
            [
              29.8112291679,
              -1.2097135358
            ],
            [
              29.8112378678,
              -1.2181311794
            ],
            [
              29.8196010454,
              -1.2181223784
            ],
            [
              29.8196098319,
              -1.2265399609
            ],
            [
              29.8279729734,
              -1.2265310725
            ],
            [
              29.8279907813,
              -1.2433661126
            ],
            [
              29.8363539152,
              -1.243357077
            ],
            [
              29.8363720193,
              -1.2601919926
            ],
            [
              29.8530982098,
              -1.2601735945
            ],
            [
              29.8530890745,
              -1.2517562603
            ],
            [
              29.878177822,
              -1.2517286471
            ],
            [
              29.8781963149,
              -1.2685629438
            ],
            [
              29.8865591602,
              -1.2685535612
            ],
            [
              29.8865635221,
              -1.2724790976
            ],
            [
              29.8873442102,
              -1.2715768972
            ],
            [
              29.8874772027,
              -1.2710588089
            ],
            [
              29.8868416448,
              -1.2697095618
            ],
            [
              29.8868992621,
              -1.2689396558
            ],
            [
              29.8879433435,
              -1.2687859979
            ],
            [
              29.8893382245,
              -1.2677784468
            ],
            [
              29.889519816,
              -1.2673164896
            ],
            [
              29.8894287573,
              -1.2656554337
            ],
            [
              29.8887361771,
              -1.2651880012
            ],
            [
              29.8881200932,
              -1.2650412897
            ],
            [
              29.8876734628,
              -1.2650763715
            ],
            [
              29.8869767426,
              -1.2656812542
            ],
            [
              29.8866371719,
              -1.2657153528
            ],
            [
              29.8862111396,
              -1.2653880393
            ],
            [
              29.8860722161,
              -1.2645090273
            ],
            [
              29.8861994539,
              -1.2641949034
            ],
            [
              29.8875634557,
              -1.2631567601
            ],
            [
              29.8876497074,
              -1.2623790633
            ],
            [
              29.8874805363,
              -1.2619352766
            ],
            [
              29.8869136496,
              -1.2615835461
            ],
            [
              29.8865064606,
              -1.2615469906
            ],
            [
              29.8859890872,
              -1.2612849283
            ],
            [
              29.885187973,
              -1.2592139715
            ],
            [
              29.8843825771,
              -1.2592228115
            ],
            [
              29.8836650113,
              -1.2593403363
            ],
            [
              29.8833094405,
              -1.2595769996
            ],
            [
              29.8829478695,
              -1.2595418461
            ],
            [
              29.8826795322,
              -1.2593749274
            ],
            [
              29.8824400751,
              -1.2588703778
            ],
            [
              29.8809470125,
              -1.2585385726
            ],
            [
              29.8808714275,
              -1.2573169477
            ],
            [
              29.8811149188,
              -1.2568183626
            ],
            [
              29.8826122992,
              -1.255814596
            ],
            [
              29.8829917662,
              -1.2552016441
            ],
            [
              29.8837556509,
              -1.2547713972
            ],
            [
              29.8840468312,
              -1.2544051411
            ],
            [
              29.8831256373,
              -1.2522279496
            ],
            [
              29.8823634735,
              -1.2516537259
            ],
            [
              29.8814577182,
              -1.2515354289
            ],
            [
              29.8810132282,
              -1.2512380032
            ],
            [
              29.8809621003,
              -1.2508410849
            ],
            [
              29.8814442787,
              -1.2498322645
            ],
            [
              29.8817081584,
              -1.2496960054
            ],
            [
              29.8820194811,
              -1.2496924264
            ],
            [
              29.8827991209,
              -1.2500291452
            ],
            [
              29.883399553,
              -1.2499979214
            ],
            [
              29.8837979341,
              -1.2497581006
            ],
            [
              29.8839365418,
              -1.2493858792
            ],
            [
              29.8835634602,
              -1.2484084918
            ],
            [
              29.883544582,
              -1.2479268847
            ],
            [
              29.8842288453,
              -1.2471776721
            ],
            [
              29.8848808253,
              -1.2467516336
            ],
            [
              29.8855891267,
              -1.2466177601
            ],
            [
              29.8858799206,
              -1.2463588549
            ],
            [
              29.8859876124,
              -1.2458801939
            ],
            [
              29.8858205473,
              -1.2454452452
            ],
            [
              29.88491946,
              -1.2450624283
            ],
            [
              29.884410544,
              -1.2450617274
            ],
            [
              29.884081816,
              -1.245201986
            ],
            [
              29.8835690397,
              -1.2459688803
            ],
            [
              29.8828485988,
              -1.2464859918
            ],
            [
              29.8813901693,
              -1.2467492476
            ],
            [
              29.8793119027,
              -1.2465773455
            ],
            [
              29.8786774682,
              -1.2456114643
            ],
            [
              29.8787004529,
              -1.2452394528
            ],
            [
              29.8793809962,
              -1.2447521619
            ],
            [
              29.8804104095,
              -1.244522654
            ],
            [
              29.8802207106,
              -1.2438448673
            ],
            [
              29.8791138182,
              -1.242692769
            ],
            [
              29.8786682389,
              -1.2419826345
            ],
            [
              29.8767993925,
              -1.2415709091
            ],
            [
              29.8765733054,
              -1.2413348774
            ],
            [
              29.8768793629,
              -1.2404347378
            ],
            [
              29.8775015522,
              -1.2398108352
            ],
            [
              29.8778367357,
              -1.2387041315
            ],
            [
              29.8777420971,
              -1.2384095803
            ],
            [
              29.877201704,
              -1.2383271368
            ],
            [
              29.87645933,
              -1.2376926395
            ],
            [
              29.8753116627,
              -1.2376172122
            ],
            [
              29.8735252439,
              -1.2369301616
            ],
            [
              29.8732626969,
              -1.2366189809
            ],
            [
              29.87320929,
              -1.2358947437
            ],
            [
              29.8730379433,
              -1.2355526207
            ],
            [
              29.8714130448,
              -1.235043998
            ],
            [
              29.8702372701,
              -1.2351748554
            ],
            [
              29.8698498022,
              -1.2356068586
            ],
            [
              29.8698880143,
              -1.2365410285
            ],
            [
              29.8713601638,
              -1.2381548828
            ],
            [
              29.8714603473,
              -1.2389330769
            ],
            [
              29.8713539889,
              -1.2392665684
            ],
            [
              29.8702636575,
              -1.239200755
            ],
            [
              29.8698496612,
              -1.2394175629
            ],
            [
              29.8693993801,
              -1.2393898477
            ],
            [
              29.8684310596,
              -1.238691711
            ],
            [
              29.8678807359,
              -1.2387418099
            ],
            [
              29.8668921338,
              -1.2391891783
            ],
            [
              29.8660696832,
              -1.2387820837
            ],
            [
              29.8647192988,
              -1.2387503697
            ],
            [
              29.8643702194,
              -1.2384748334
            ],
            [
              29.8640684768,
              -1.2376713088
            ],
            [
              29.8636778499,
              -1.2373697425
            ],
            [
              29.8629931997,
              -1.2373760564
            ],
            [
              29.8615945303,
              -1.2381085047
            ],
            [
              29.8608824406,
              -1.2388155522
            ],
            [
              29.8606100336,
              -1.2389195357
            ],
            [
              29.8597313326,
              -1.2390882818
            ],
            [
              29.8590418417,
              -1.2387868547
            ],
            [
              29.8583648756,
              -1.2372902456
            ],
            [
              29.859038122,
              -1.2362792459
            ],
            [
              29.8591713602,
              -1.2349652732
            ],
            [
              29.8599037328,
              -1.2341565567
            ],
            [
              29.8599824407,
              -1.2336109563
            ],
            [
              29.860263093,
              -1.2332608355
            ],
            [
              29.861069752,
              -1.2326547525
            ],
            [
              29.8616947844,
              -1.2316574317
            ],
            [
              29.8617254873,
              -1.2312021334
            ],
            [
              29.861525191,
              -1.2308088613
            ],
            [
              29.8608637361,
              -1.2304332695
            ],
            [
              29.8598535177,
              -1.23046744
            ],
            [
              29.8590966522,
              -1.2302670487
            ],
            [
              29.8586503017,
              -1.2292947758
            ],
            [
              29.8582645173,
              -1.2292674126
            ],
            [
              29.8580416581,
              -1.2288095871
            ],
            [
              29.8579707412,
              -1.2281909445
            ],
            [
              29.8580788894,
              -1.2265535099
            ],
            [
              29.8582749747,
              -1.2261110506
            ],
            [
              29.8578730136,
              -1.2257359489
            ],
            [
              29.8572368943,
              -1.2261784784
            ],
            [
              29.8569320636,
              -1.2268503767
            ],
            [
              29.8569242741,
              -1.227402222
            ],
            [
              29.8563544755,
              -1.228498406
            ],
            [
              29.8559227925,
              -1.2285326472
            ],
            [
              29.8559172482,
              -1.228201119
            ],
            [
              29.8554244384,
              -1.2276227512
            ],
            [
              29.8553328166,
              -1.2271459103
            ],
            [
              29.8547429821,
              -1.227016036
            ],
            [
              29.8539369883,
              -1.2277095444
            ],
            [
              29.85380747,
              -1.2265710508
            ],
            [
              29.8531736319,
              -1.2256295789
            ],
            [
              29.8534095793,
              -1.2247545537
            ],
            [
              29.8537544136,
              -1.2241087562
            ],
            [
              29.8538066984,
              -1.223666226
            ],
            [
              29.8535044295,
              -1.2230608443
            ],
            [
              29.8522271373,
              -1.2228933603
            ],
            [
              29.85076913,
              -1.2232582877
            ],
            [
              29.8501299575,
              -1.2237394791
            ],
            [
              29.8493637575,
              -1.2239296255
            ],
            [
              29.8491116334,
              -1.2233643765
            ],
            [
              29.849113528,
              -1.2221717144
            ],
            [
              29.8473403731,
              -1.2221686264
            ],
            [
              29.8458117987,
              -1.2217358495
            ],
            [
              29.8444502189,
              -1.2207712222
            ],
            [
              29.8430744633,
              -1.2204116267
            ],
            [
              29.8423004382,
              -1.2204114862
            ],
            [
              29.8410946254,
              -1.220878855
            ],
            [
              29.8404344347,
              -1.2213791314
            ],
            [
              29.8402496829,
              -1.2218990533
            ],
            [
              29.8401111814,
              -1.2237764559
            ],
            [
              29.8403921852,
              -1.2247433268
            ],
            [
              29.8407757941,
              -1.2251478979
            ],
            [
              29.8424825923,
              -1.2255764652
            ],
            [
              29.8430990963,
              -1.2255829197
            ],
            [
              29.8437782373,
              -1.2261640243
            ],
            [
              29.844942538,
              -1.2267310274
            ],
            [
              29.8441149301,
              -1.2273085523
            ],
            [
              29.8438048351,
              -1.2277805514
            ],
            [
              29.843426771,
              -1.2277762709
            ],
            [
              29.8429529451,
              -1.2274843152
            ],
            [
              29.8426259021,
              -1.2270680984
            ],
            [
              29.8419771499,
              -1.2266266217
            ],
            [
              29.8412205295,
              -1.2264232139
            ],
            [
              29.8406119562,
              -1.2267318676
            ],
            [
              29.8399784686,
              -1.227848892
            ],
            [
              29.8396019129,
              -1.2301263686
            ],
            [
              29.8408926101,
              -1.2311698578
            ],
            [
              29.8408408513,
              -1.23155036
            ],
            [
              29.8394424273,
              -1.232224362
            ],
            [
              29.8386649978,
              -1.2322709525
            ],
            [
              29.8382019803,
              -1.2325334389
            ],
            [
              29.8378916763,
              -1.2329407427
            ],
            [
              29.8377260493,
              -1.2335283725
            ],
            [
              29.8378028963,
              -1.2340184022
            ],
            [
              29.8382035246,
              -1.2343538595
            ],
            [
              29.8392668699,
              -1.2345727024
            ],
            [
              29.8394291625,
              -1.2354008547
            ],
            [
              29.8396445482,
              -1.2356420814
            ],
            [
              29.840425697,
              -1.2353950324
            ],
            [
              29.840604623,
              -1.235564058
            ],
            [
              29.8406497843,
              -1.2362551787
            ],
            [
              29.841707375,
              -1.2374065079
            ],
            [
              29.8420942462,
              -1.2379429866
            ],
            [
              29.8421170904,
              -1.2381837217
            ],
            [
              29.8419374637,
              -1.2382443425
            ],
            [
              29.8413791386,
              -1.2378822939
            ],
            [
              29.8409271044,
              -1.2379240415
            ],
            [
              29.8400171383,
              -1.2386041463
            ],
            [
              29.8395332062,
              -1.2387265841
            ],
            [
              29.8381514852,
              -1.2385072499
            ],
            [
              29.8378347941,
              -1.237987401
            ],
            [
              29.837987823,
              -1.2372800718
            ],
            [
              29.8377202942,
              -1.2364653921
            ],
            [
              29.8369837811,
              -1.2360329679
            ],
            [
              29.8365218159,
              -1.2359337547
            ],
            [
              29.836081992,
              -1.2360922564
            ],
            [
              29.8358398679,
              -1.2364648307
            ],
            [
              29.8357496501,
              -1.2371651427
            ],
            [
              29.8355299144,
              -1.2375569419
            ],
            [
              29.835532441,
              -1.2379394077
            ],
            [
              29.8357981099,
              -1.2384106328
            ],
            [
              29.8360157054,
              -1.2394271761
            ],
            [
              29.8367465342,
              -1.2401210323
            ],
            [
              29.8364470728,
              -1.2407393218
            ],
            [
              29.8359271026,
              -1.2408567757
            ],
            [
              29.832977541,
              -1.2402217181
            ],
            [
              29.8324841695,
              -1.2392832679
            ],
            [
              29.8316772639,
              -1.2384458562
            ],
            [
              29.8316036095,
              -1.2381748798
            ],
            [
              29.8333295323,
              -1.2361544225
            ],
            [
              29.8333763086,
              -1.2354892621
            ],
            [
              29.8341851778,
              -1.2352227079
            ],
            [
              29.8342971862,
              -1.2348201727
            ],
            [
              29.8341390698,
              -1.2344405121
            ],
            [
              29.8336241179,
              -1.2339226277
            ],
            [
              29.8334251545,
              -1.2335179881
            ],
            [
              29.8335543225,
              -1.2331170681
            ],
            [
              29.8346813573,
              -1.2327822417
            ],
            [
              29.8359869673,
              -1.2330872476
            ],
            [
              29.8363936647,
              -1.2329269216
            ],
            [
              29.8367282533,
              -1.2320495835
            ],
            [
              29.836730533,
              -1.231566991
            ],
            [
              29.8364656358,
              -1.2312085889
            ],
            [
              29.8356269731,
              -1.2307374328
            ],
            [
              29.8347967695,
              -1.2305700912
            ],
            [
              29.8332577381,
              -1.230664602
            ],
            [
              29.8327930346,
              -1.2301987085
            ],
            [
              29.8327525054,
              -1.2296904348
            ],
            [
              29.8332598424,
              -1.2290386747
            ],
            [
              29.8339735132,
              -1.2288081836
            ],
            [
              29.8357567038,
              -1.2287195667
            ],
            [
              29.8370346975,
              -1.2291186629
            ],
            [
              29.8377150303,
              -1.2290489187
            ],
            [
              29.8379545936,
              -1.2288223565
            ],
            [
              29.8376328496,
              -1.2277396447
            ],
            [
              29.8377286452,
              -1.227160014
            ],
            [
              29.837630744,
              -1.2265996075
            ],
            [
              29.8368957031,
              -1.2262504679
            ],
            [
              29.8367534827,
              -1.2258841372
            ],
            [
              29.8370874383,
              -1.2249040053
            ],
            [
              29.8370419605,
              -1.22411486
            ],
            [
              29.8373872857,
              -1.2230788059
            ],
            [
              29.8370457146,
              -1.2223323205
            ],
            [
              29.8349554128,
              -1.2213226486
            ],
            [
              29.8344741833,
              -1.2214079687
            ],
            [
              29.8337692158,
              -1.2218765298
            ],
            [
              29.8334812641,
              -1.2218376584
            ],
            [
              29.833207348,
              -1.2215821889
            ],
            [
              29.8330648462,
              -1.2199180862
            ],
            [
              29.8326245656,
              -1.2195623496
            ],
            [
              29.8322001467,
              -1.2194422977
            ],
            [
              29.8317917302,
              -1.219534704
            ],
            [
              29.8312647409,
              -1.220677201
            ],
            [
              29.8305886191,
              -1.2215569292
            ],
            [
              29.830021346,
              -1.2215380541
            ],
            [
              29.8296143328,
              -1.2209838221
            ],
            [
              29.829100889,
              -1.2208735223
            ],
            [
              29.8287677761,
              -1.2211039444
            ],
            [
              29.827422899,
              -1.2229407919
            ],
            [
              29.8275485584,
              -1.2246754778
            ],
            [
              29.8274555694,
              -1.2250321954
            ],
            [
              29.8271468786,
              -1.2253020503
            ],
            [
              29.8258605336,
              -1.2254380297
            ],
            [
              29.8253932333,
              -1.22523834
            ],
            [
              29.824844419,
              -1.2241128261
            ],
            [
              29.8251770059,
              -1.2225073836
            ],
            [
              29.8244348433,
              -1.2226358546
            ],
            [
              29.8241816306,
              -1.2224189047
            ],
            [
              29.8240956594,
              -1.2222175317
            ],
            [
              29.8244072972,
              -1.2217685462
            ],
            [
              29.824437862,
              -1.2214702045
            ],
            [
              29.8238232523,
              -1.2213073515
            ],
            [
              29.8238278492,
              -1.2207990068
            ],
            [
              29.8247283048,
              -1.2201565074
            ],
            [
              29.8262050506,
              -1.2201788192
            ],
            [
              29.8269247908,
              -1.2195792589
            ],
            [
              29.8289103488,
              -1.2188642081
            ],
            [
              29.8291388562,
              -1.2179255402
            ],
            [
              29.8287829704,
              -1.2166886709
            ],
            [
              29.8288424477,
              -1.2162159686
            ],
            [
              29.8296507216,
              -1.2146753539
            ],
            [
              29.8299821158,
              -1.2135311713
            ],
            [
              29.8307061712,
              -1.2129934957
            ],
            [
              29.8311894377,
              -1.2131315102
            ],
            [
              29.8316388747,
              -1.2134811442
            ],
            [
              29.8330356503,
              -1.2157105
            ],
            [
              29.8344362502,
              -1.2162565238
            ],
            [
              29.8353589893,
              -1.2162128122
            ],
            [
              29.8363205367,
              -1.2172676027
            ],
            [
              29.8376046369,
              -1.2175683995
            ],
            [
              29.8398152986,
              -1.2171596882
            ],
            [
              29.8403621835,
              -1.2167557486
            ],
            [
              29.8412837984,
              -1.215471517
            ],
            [
              29.8417666435,
              -1.2155140381
            ],
            [
              29.8420502093,
              -1.2165346585
            ],
            [
              29.8426608865,
              -1.2169275832
            ],
            [
              29.8432321598,
              -1.2169256187
            ],
            [
              29.844688586,
              -1.2165467658
            ],
            [
              29.8446639833,
              -1.1928436224
            ],
            [
              29.8363010656,
              -1.1928523171
            ],
            [
              29.8362839363,
              -1.1760173913
            ],
            [
              29.8482378859,
              -1.1760051325
            ],
            [
              29.8485434642,
              -1.1725831422
            ],
            [
              29.8467544107,
              -1.1650539815
            ],
            [
              29.8267858821,
              -1.1489361055
            ],
            [
              29.8143011313,
              -1.1342447356
            ],
            [
              29.8061007188,
              -1.1285146514
            ],
            [
              29.7944165907,
              -1.1224978523
            ],
            [
              29.7944275471,
              -1.1339710308
            ],
            [
              29.7777012724,
              -1.1339872456
            ],
            [
              29.7776932713,
              -1.1255693552
            ],
            [
              29.7609668056,
              -1.1255853528
            ],
            [
              29.7609628605,
              -1.121385253
            ],
            [
              29.7554982411,
              -1.1213904395
            ],
            [
              29.7387493258,
              -1.1192543596
            ],
            [
              29.7230642295,
              -1.1117372771
            ],
            [
              29.7183471361,
              -1.1087890387
            ],
            [
              29.6689518428,
              -1.108834305
            ],
            [
              29.6689368667,
              -1.0919969905
            ],
            [
              29.6605730002,
              -1.0920044575
            ],
            [
              29.660565621,
              -1.0835857418
            ],
            [
              29.652201719,
              -1.0835931291
            ],
            [
              29.6521871789,
              -1.0667555803
            ],
            [
              29.6689148343,
              -1.066741014
            ],
            [
              29.6689086678,
              -1.0595654671
            ],
            [
              29.6652882834,
              -1.0544025462
            ],
            [
              29.6585076311,
              -1.0422134038
            ],
            [
              29.6563573808,
              -1.027509488
            ],
            [
              29.6563500028,
              -1.0185425784
            ],
            [
              29.6613313164,
              -1.0095715584
            ],
            [
              29.6670308281,
              -1.0074148125
            ],
            [
              29.6809304804,
              -1.0109900192
            ],
            [
              29.6976844486,
              -1.0192253263
            ],
            [
              29.7076673924,
              -1.0263901185
            ],
            [
              29.7183638878,
              -1.0346301199
            ],
            [
              29.7294151674,
              -1.0410763533
            ],
            [
              29.7308763444,
              -1.0414315565
            ],
            [
              29.7525274498,
              -1.0414125883
            ],
            [
              29.7525201713,
              -1.032994512
            ],
            [
              29.7608832409,
              -1.0329872043
            ],
            [
              29.7608688182,
              -1.0161511709
            ],
            [
              29.7775946911,
              -1.0161367291
            ],
            [
              29.7776019156,
              -1.0245546256
            ],
            [
              29.7859647853,
              -1.0245473135
            ],
            [
              29.7859720922,
              -1.0329651494
            ],
            [
              29.7943349239,
              -1.0329577534
            ],
            [
              29.7943423117,
              -1.0413755294
            ],
            [
              29.7992534919,
              -1.0413711409
            ],
            [
              29.8049473792,
              -1.0367060034
            ],
            [
              29.8077926525,
              -1.0309653646
            ],
            [
              29.8084952197,
              -1.019488551
            ],
            [
              29.8063503793,
              -1.0112419083
            ],
            [
              29.7995735623,
              -1.0026405938
            ],
            [
              29.7913692403,
              -0.9911712915
            ],
            [
              29.7849497469,
              -0.9836453326
            ],
            [
              29.7824795344,
              -0.9740431471
            ]
          ],
          [
            [
              29.6732687437,
              -1.1739012261
            ],
            [
              29.6733393809,
              -1.1726056781
            ],
            [
              29.6735952439,
              -1.1727276979
            ],
            [
              29.6747338579,
              -1.1740190703
            ],
            [
              29.6747745112,
              -1.1744729407
            ],
            [
              29.6752402123,
              -1.1750600201
            ],
            [
              29.6758096429,
              -1.1751074183
            ],
            [
              29.6762507473,
              -1.1748616265
            ],
            [
              29.6767325047,
              -1.1747924774
            ],
            [
              29.6770196843,
              -1.1749158289
            ],
            [
              29.6771177623,
              -1.1752843767
            ],
            [
              29.6768532154,
              -1.1761858365
            ],
            [
              29.6769469419,
              -1.1765365968
            ],
            [
              29.6778396773,
              -1.1765727313
            ],
            [
              29.6781145581,
              -1.1767213431
            ],
            [
              29.678208549,
              -1.1774166548
            ],
            [
              29.6781368583,
              -1.1778975725
            ],
            [
              29.6774970194,
              -1.1784532168
            ],
            [
              29.6772820736,
              -1.1796376195
            ],
            [
              29.6773806938,
              -1.1800142007
            ],
            [
              29.6787261849,
              -1.1807558548
            ],
            [
              29.6793153709,
              -1.180341384
            ],
            [
              29.6800963609,
              -1.1803670295
            ],
            [
              29.6807087941,
              -1.1810805839
            ],
            [
              29.6809187409,
              -1.1822904898
            ],
            [
              29.6811948847,
              -1.1826412144
            ],
            [
              29.6817483136,
              -1.1829319465
            ],
            [
              29.6819721206,
              -1.1834291078
            ],
            [
              29.6819605402,
              -1.1836502358
            ],
            [
              29.6809089848,
              -1.1840450239
            ],
            [
              29.6807024786,
              -1.184400624
            ],
            [
              29.6807024601,
              -1.1848194093
            ],
            [
              29.6808636837,
              -1.1850811633
            ],
            [
              29.6818066693,
              -1.1850967055
            ],
            [
              29.6826917371,
              -1.1858058719
            ],
            [
              29.6827275826,
              -1.1860295603
            ],
            [
              29.6825714472,
              -1.186333063
            ],
            [
              29.6814847316,
              -1.186829696
            ],
            [
              29.6813533185,
              -1.187122113
            ],
            [
              29.681603741,
              -1.1873394514
            ],
            [
              29.6840385965,
              -1.1873133853
            ],
            [
              29.6842767734,
              -1.1876010292
            ],
            [
              29.6842119965,
              -1.1881553733
            ],
            [
              29.6843280053,
              -1.18843102
            ],
            [
              29.6851208735,
              -1.1884001475
            ],
            [
              29.685469164,
              -1.18804802
            ],
            [
              29.6859061267,
              -1.1878734126
            ],
            [
              29.686201344,
              -1.1879579621
            ],
            [
              29.6864625736,
              -1.1882168392
            ],
            [
              29.6862966664,
              -1.1890608982
            ],
            [
              29.6866807662,
              -1.1892780613
            ],
            [
              29.6872289664,
              -1.1893128985
            ],
            [
              29.6874988295,
              -1.1895710044
            ],
            [
              29.687738971,
              -1.1903645427
            ],
            [
              29.6876315065,
              -1.1924799336
            ],
            [
              29.6880715231,
              -1.192595426
            ],
            [
              29.6883980574,
              -1.1931049
            ],
            [
              29.6883009611,
              -1.1940845172
            ],
            [
              29.6884042856,
              -1.1955481374
            ],
            [
              29.6890091754,
              -1.1967847348
            ],
            [
              29.6901776165,
              -1.1974655862
            ],
            [
              29.6901465075,
              -1.1979033848
            ],
            [
              29.6897088422,
              -1.1985890418
            ],
            [
              29.6896724019,
              -1.1991190028
            ],
            [
              29.6900181827,
              -1.1995342774
            ],
            [
              29.6907458701,
              -1.1998961564
            ],
            [
              29.6916853465,
              -1.1994606726
            ],
            [
              29.6919994942,
              -1.1991198802
            ],
            [
              29.6922633563,
              -1.1990944794
            ],
            [
              29.6926250859,
              -1.1993583725
            ],
            [
              29.6929953259,
              -1.2004673032
            ],
            [
              29.69373033,
              -1.2009106786
            ],
            [
              29.6937922465,
              -1.2016790258
            ],
            [
              29.6942157003,
              -1.2021169984
            ],
            [
              29.6942710206,
              -1.2028664344
            ],
            [
              29.6940027896,
              -1.2031214855
            ],
            [
              29.6939436618,
              -1.2034544201
            ],
            [
              29.6944089431,
              -1.2037613244
            ],
            [
              29.6946387865,
              -1.2041006442
            ],
            [
              29.6950388697,
              -1.2053248895
            ],
            [
              29.6950433787,
              -1.2060286835
            ],
            [
              29.6953414899,
              -1.2063272365
            ],
            [
              29.6957932614,
              -1.2063881403
            ],
            [
              29.6961785719,
              -1.2069407271
            ],
            [
              29.6963484453,
              -1.2077156679
            ],
            [
              29.6962462087,
              -1.2091675618
            ],
            [
              29.6955848773,
              -1.2097075886
            ],
            [
              29.6955057484,
              -1.210227935
            ],
            [
              29.6950445541,
              -1.2110619886
            ],
            [
              29.6943733802,
              -1.2115979454
            ],
            [
              29.6943224107,
              -1.211885237
            ],
            [
              29.693774036,
              -1.2123386447
            ],
            [
              29.6921450489,
              -1.2131293347
            ],
            [
              29.6918350782,
              -1.2134596735
            ],
            [
              29.6912620678,
              -1.2135674464
            ],
            [
              29.6903591909,
              -1.2125526131
            ],
            [
              29.6896904556,
              -1.2125117765
            ],
            [
              29.6891111305,
              -1.2127123796
            ],
            [
              29.6885122411,
              -1.214165956
            ],
            [
              29.6880801204,
              -1.2157226382
            ],
            [
              29.6869996152,
              -1.2152822472
            ],
            [
              29.6866309725,
              -1.2152868788
            ],
            [
              29.6865044718,
              -1.2157636496
            ],
            [
              29.6872300189,
              -1.2172235735
            ],
            [
              29.6870288466,
              -1.2201852747
            ],
            [
              29.6868906065,
              -1.2204833701
            ],
            [
              29.686474662,
              -1.2204511296
            ],
            [
              29.6850798177,
              -1.2195418614
            ],
            [
              29.684682033,
              -1.2195436496
            ],
            [
              29.6844152398,
              -1.2199067547
            ],
            [
              29.6846775407,
              -1.2208598406
            ],
            [
              29.6842041007,
              -1.2217110459
            ],
            [
              29.6842964413,
              -1.2221624517
            ],
            [
              29.6845388455,
              -1.2224252553
            ],
            [
              29.6846099738,
              -1.2233151216
            ],
            [
              29.684841957,
              -1.223667805
            ],
            [
              29.6853777344,
              -1.2238726167
            ],
            [
              29.6855069738,
              -1.2241801139
            ],
            [
              29.6853119586,
              -1.2247502727
            ],
            [
              29.685330679,
              -1.225310189
            ],
            [
              29.6852049505,
              -1.2255607122
            ],
            [
              29.6847776007,
              -1.2257739081
            ],
            [
              29.6856112618,
              -1.2262196301
            ],
            [
              29.6857366587,
              -1.2267793348
            ],
            [
              29.6853767702,
              -1.2273183059
            ],
            [
              29.6861352667,
              -1.2279679961
            ],
            [
              29.686238188,
              -1.2285143336
            ],
            [
              29.6861738144,
              -1.2287787502
            ],
            [
              29.6852026161,
              -1.2291124179
            ],
            [
              29.6846977008,
              -1.2301963222
            ],
            [
              29.6834572879,
              -1.230474806
            ],
            [
              29.6845350033,
              -1.2319512819
            ],
            [
              29.6854266337,
              -1.2324563275
            ],
            [
              29.6858687388,
              -1.2324336644
            ],
            [
              29.6861359343,
              -1.2327430202
            ],
            [
              29.6860370493,
              -1.2330663737
            ],
            [
              29.6856089985,
              -1.2331383976
            ],
            [
              29.6836412848,
              -1.2330405177
            ],
            [
              29.6823703792,
              -1.2331926698
            ],
            [
              29.6820492849,
              -1.2336945571
            ],
            [
              29.6820018591,
              -1.2341198594
            ],
            [
              29.6821653635,
              -1.2347127151
            ],
            [
              29.6825688509,
              -1.2353237438
            ],
            [
              29.6828120278,
              -1.2352947669
            ],
            [
              29.6834187758,
              -1.2346573912
            ],
            [
              29.6840368418,
              -1.2346277818
            ],
            [
              29.6843637962,
              -1.2349730275
            ],
            [
              29.6843976941,
              -1.2355694254
            ],
            [
              29.6852236005,
              -1.2358106861
            ],
            [
              29.6852587957,
              -1.2361621757
            ],
            [
              29.6845803931,
              -1.2372298341
            ],
            [
              29.6834024774,
              -1.2369922574
            ],
            [
              29.6830728894,
              -1.237101504
            ],
            [
              29.6827433204,
              -1.2376007233
            ],
            [
              29.6828098872,
              -1.2381006107
            ],
            [
              29.6830400977,
              -1.2382745141
            ],
            [
              29.6833441033,
              -1.2380454962
            ],
            [
              29.6836385662,
              -1.2382330111
            ],
            [
              29.6836366353,
              -1.2388235159
            ],
            [
              29.6833751063,
              -1.2392607805
            ],
            [
              29.6822325088,
              -1.2398022395
            ],
            [
              29.6820026142,
              -1.2403445761
            ],
            [
              29.6821309226,
              -1.2408534076
            ],
            [
              29.6824367003,
              -1.2408732297
            ],
            [
              29.6832109178,
              -1.2402732539
            ],
            [
              29.6836350914,
              -1.2403407523
            ],
            [
              29.6838382826,
              -1.2405411766
            ],
            [
              29.683977276,
              -1.2410198731
            ],
            [
              29.683792209,
              -1.2414911676
            ],
            [
              29.6829704432,
              -1.241965479
            ],
            [
              29.682899807,
              -1.242826326
            ],
            [
              29.684321356,
              -1.2440440284
            ],
            [
              29.6845766382,
              -1.2443709235
            ],
            [
              29.6845141948,
              -1.244747812
            ],
            [
              29.683964784,
              -1.2460879847
            ],
            [
              29.6837907002,
              -1.2460802311
            ],
            [
              29.6829029646,
              -1.2452161572
            ],
            [
              29.6824390692,
              -1.2454466478
            ],
            [
              29.6823544662,
              -1.245750635
            ],
            [
              29.6819651729,
              -1.2459446033
            ],
            [
              29.681385689,
              -1.2452847085
            ],
            [
              29.6809520064,
              -1.2454820462
            ],
            [
              29.6807377613,
              -1.2458252896
            ],
            [
              29.6797060499,
              -1.2462896719
            ],
            [
              29.6791511473,
              -1.2485200172
            ],
            [
              29.6787334838,
              -1.2495044568
            ],
            [
              29.6791955898,
              -1.250510051
            ],
            [
              29.6812759959,
              -1.2512255832
            ],
            [
              29.6821167625,
              -1.2506931784
            ],
            [
              29.6831552991,
              -1.250420065
            ],
            [
              29.6837674876,
              -1.2498843952
            ],
            [
              29.6840948826,
              -1.2498428942
            ],
            [
              29.6844718403,
              -1.2502865424
            ],
            [
              29.6848992768,
              -1.2503008904
            ],
            [
              29.6856453877,
              -1.2507283657
            ],
            [
              29.6858097688,
              -1.2515609686
            ],
            [
              29.6853136081,
              -1.2529813711
            ],
            [
              29.6846075523,
              -1.2533311388
            ],
            [
              29.6853583837,
              -1.2542534812
            ],
            [
              29.6840248753,
              -1.2557990896
            ],
            [
              29.6836608655,
              -1.2558568705
            ],
            [
              29.6833723167,
              -1.255674689
            ],
            [
              29.6832175857,
              -1.255222131
            ],
            [
              29.6829241075,
              -1.255054789
            ],
            [
              29.6823242881,
              -1.2554490763
            ],
            [
              29.6816485169,
              -1.2575292641
            ],
            [
              29.6813855844,
              -1.2576486476
            ],
            [
              29.6810051153,
              -1.2576203009
            ],
            [
              29.6801332414,
              -1.2571643413
            ],
            [
              29.6788239821,
              -1.2561335619
            ],
            [
              29.6773261477,
              -1.2545068789
            ],
            [
              29.6767426275,
              -1.2542575505
            ],
            [
              29.6765015735,
              -1.2535465429
            ],
            [
              29.6770148935,
              -1.2526730703
            ],
            [
              29.6768302486,
              -1.2524598418
            ],
            [
              29.6754179288,
              -1.252401746
            ],
            [
              29.6748923438,
              -1.2522099865
            ],
            [
              29.6726158342,
              -1.2522886764
            ],
            [
              29.6707909728,
              -1.2518777238
            ],
            [
              29.667989581,
              -1.2496108609
            ],
            [
              29.6670537716,
              -1.2490732275
            ],
            [
              29.6647105196,
              -1.2487788535
            ],
            [
              29.6620299969,
              -1.2476310024
            ],
            [
              29.6611993536,
              -1.247571117
            ],
            [
              29.6608856452,
              -1.2477670849
            ],
            [
              29.6604048181,
              -1.247646578
            ],
            [
              29.6603783068,
              -1.2470408162
            ],
            [
              29.6598743209,
              -1.2463378396
            ],
            [
              29.6592879248,
              -1.2449513237
            ],
            [
              29.658863436,
              -1.2422577484
            ],
            [
              29.6585882571,
              -1.2415266009
            ],
            [
              29.658381731,
              -1.2401700417
            ],
            [
              29.6586786142,
              -1.2385744309
            ],
            [
              29.6585965904,
              -1.2378117438
            ],
            [
              29.6583304283,
              -1.237135533
            ],
            [
              29.6575744587,
              -1.2365724282
            ],
            [
              29.6572681016,
              -1.2356612716
            ],
            [
              29.6563298352,
              -1.2346153271
            ],
            [
              29.6559007674,
              -1.232974598
            ],
            [
              29.6555520565,
              -1.232319471
            ],
            [
              29.655478594,
              -1.2312255332
            ],
            [
              29.6547852771,
              -1.2303674895
            ],
            [
              29.6545132734,
              -1.2294885717
            ],
            [
              29.6545371524,
              -1.2270262095
            ],
            [
              29.6543088535,
              -1.2265410202
            ],
            [
              29.6537931123,
              -1.2260486032
            ],
            [
              29.6537196337,
              -1.2251947682
            ],
            [
              29.6535320046,
              -1.2248041252
            ],
            [
              29.6533144968,
              -1.2244422843
            ],
            [
              29.6522972954,
              -1.2244158683
            ],
            [
              29.6517346372,
              -1.223813222
            ],
            [
              29.6518811395,
              -1.2219224184
            ],
            [
              29.6514557026,
              -1.2212333281
            ],
            [
              29.6514786005,
              -1.2195549473
            ],
            [
              29.6507609831,
              -1.2186895673
            ],
            [
              29.6504922079,
              -1.2178843886
            ],
            [
              29.6507940383,
              -1.2164632658
            ],
            [
              29.6509029593,
              -1.2150512637
            ],
            [
              29.6516365067,
              -1.2145329892
            ],
            [
              29.652195638,
              -1.2145902435
            ],
            [
              29.6525358567,
              -1.2153106644
            ],
            [
              29.6533772559,
              -1.2157214453
            ],
            [
              29.653396625,
              -1.2160036144
            ],
            [
              29.6531036908,
              -1.2165105564
            ],
            [
              29.6531560281,
              -1.2167104216
            ],
            [
              29.6535264425,
              -1.2168943245
            ],
            [
              29.6540167971,
              -1.2175160567
            ],
            [
              29.6549839239,
              -1.2175105499
            ],
            [
              29.6551374096,
              -1.2180313489
            ],
            [
              29.6553879561,
              -1.2183068865
            ],
            [
              29.6559706329,
              -1.2183408117
            ],
            [
              29.6560751669,
              -1.2185024724
            ],
            [
              29.6561176616,
              -1.2188095848
            ],
            [
              29.6559126275,
              -1.2194570679
            ],
            [
              29.6569623407,
              -1.21947524
            ],
            [
              29.6573053852,
              -1.2199622904
            ],
            [
              29.657392971,
              -1.2205370108
            ],
            [
              29.658644172,
              -1.2211467787
            ],
            [
              29.6587298467,
              -1.2195248459
            ],
            [
              29.659081382,
              -1.2189825761
            ],
            [
              29.660325952,
              -1.2182786111
            ],
            [
              29.6602715445,
              -1.2180362258
            ],
            [
              29.659586825,
              -1.2176899956
            ],
            [
              29.6595851752,
              -1.2174175807
            ],
            [
              29.6599811704,
              -1.2170113948
            ],
            [
              29.6610158653,
              -1.2163807867
            ],
            [
              29.6611061705,
              -1.2161782556
            ],
            [
              29.6610630803,
              -1.2159758995
            ],
            [
              29.6602883701,
              -1.2158750016
            ],
            [
              29.6600723536,
              -1.2153156804
            ],
            [
              29.6601757122,
              -1.2148989349
            ],
            [
              29.6610979241,
              -1.214308215
            ],
            [
              29.661345575,
              -1.2135928113
            ],
            [
              29.6612500061,
              -1.2130748872
            ],
            [
              29.6609533866,
              -1.2125540505
            ],
            [
              29.6609313679,
              -1.2116791618
            ],
            [
              29.6605453553,
              -1.2111108929
            ],
            [
              29.6610838709,
              -1.2107614359
            ],
            [
              29.6613724545,
              -1.2099112098
            ],
            [
              29.6615977167,
              -1.2096729625
            ],
            [
              29.6621716914,
              -1.2098560952
            ],
            [
              29.6622776468,
              -1.210170434
            ],
            [
              29.6629736659,
              -1.2108028335
            ],
            [
              29.66283283,
              -1.2111104378
            ],
            [
              29.6628777823,
              -1.2114622115
            ],
            [
              29.6630998165,
              -1.2117749028
            ],
            [
              29.6632977963,
              -1.2126366011
            ],
            [
              29.663101396,
              -1.2133729831
            ],
            [
              29.6639843413,
              -1.2134804071
            ],
            [
              29.6642364652,
              -1.214011487
            ],
            [
              29.6646146181,
              -1.2141698138
            ],
            [
              29.6647333461,
              -1.214405674
            ],
            [
              29.6649603636,
              -1.2143341412
            ],
            [
              29.6655784819,
              -1.2132545452
            ],
            [
              29.6664054239,
              -1.2127414284
            ],
            [
              29.6671811141,
              -1.2117312945
            ],
            [
              29.6682323366,
              -1.2111544314
            ],
            [
              29.6686692478,
              -1.2107284594
            ],
            [
              29.6698572346,
              -1.2106938661
            ],
            [
              29.6726322911,
              -1.208880973
            ],
            [
              29.6727261587,
              -1.2085770869
            ],
            [
              29.6724612956,
              -1.2079856635
            ],
            [
              29.6720703011,
              -1.2079120254
            ],
            [
              29.6716466184,
              -1.2080256576
            ],
            [
              29.6711567559,
              -1.2076463798
            ],
            [
              29.6709434233,
              -1.2064523418
            ],
            [
              29.6706939832,
              -1.2064611473
            ],
            [
              29.6703773628,
              -1.2071758155
            ],
            [
              29.6700865857,
              -1.2071766582
            ],
            [
              29.6697194172,
              -1.2069748633
            ],
            [
              29.6694643436,
              -1.2062231116
            ],
            [
              29.6690480838,
              -1.2058944224
            ],
            [
              29.6686064011,
              -1.2058334481
            ],
            [
              29.6685041644,
              -1.206099304
            ],
            [
              29.6680234961,
              -1.2061788716
            ],
            [
              29.6670477012,
              -1.2059553607
            ],
            [
              29.6665834374,
              -1.205433295
            ],
            [
              29.6663340498,
              -1.2047982983
            ],
            [
              29.6663662269,
              -1.2044549092
            ],
            [
              29.6669837312,
              -1.2040881539
            ],
            [
              29.668343907,
              -1.2028064429
            ],
            [
              29.6687937843,
              -1.2019319712
            ],
            [
              29.6687731504,
              -1.2016921816
            ],
            [
              29.6685367988,
              -1.2015295037
            ],
            [
              29.6675807956,
              -1.2015319586
            ],
            [
              29.6662702546,
              -1.2024570544
            ],
            [
              29.6659062094,
              -1.2021569228
            ],
            [
              29.665854872,
              -1.2017769763
            ],
            [
              29.6668648277,
              -1.2006821499
            ],
            [
              29.6668628266,
              -1.200310764
            ],
            [
              29.667048666,
              -1.2000365222
            ],
            [
              29.6674122026,
              -1.1998664406
            ],
            [
              29.66787866,
              -1.2003445134
            ],
            [
              29.6681436102,
              -1.2003777012
            ],
            [
              29.668390542,
              -1.2001495933
            ],
            [
              29.6683905775,
              -1.1984090685
            ],
            [
              29.6685188501,
              -1.1978491458
            ],
            [
              29.6687614472,
              -1.1976131456
            ],
            [
              29.6691363714,
              -1.1976030422
            ],
            [
              29.6695459826,
              -1.197149562
            ],
            [
              29.6690485048,
              -1.1966576655
            ],
            [
              29.6693434229,
              -1.1952122547
            ],
            [
              29.6689956238,
              -1.1951984669
            ],
            [
              29.6685532914,
              -1.1959758659
            ],
            [
              29.6678696777,
              -1.1964678677
            ],
            [
              29.6673743047,
              -1.1963219581
            ],
            [
              29.6669627989,
              -1.1958491827
            ],
            [
              29.6670675802,
              -1.1950812555
            ],
            [
              29.6668229818,
              -1.1942608795
            ],
            [
              29.6670286648,
              -1.1939756552
            ],
            [
              29.66744868,
              -1.1939468172
            ],
            [
              29.6676985411,
              -1.1936635235
            ],
            [
              29.667717911,
              -1.1931159154
            ],
            [
              29.6674343452,
              -1.1922300047
            ],
            [
              29.6662934676,
              -1.1920127351
            ],
            [
              29.6661133481,
              -1.1917311964
            ],
            [
              29.6661850549,
              -1.191448042
            ],
            [
              29.6666534601,
              -1.1910514658
            ],
            [
              29.6673800252,
              -1.189679795
            ],
            [
              29.6672630161,
              -1.189348753
            ],
            [
              29.6664392674,
              -1.1888112487
            ],
            [
              29.6660822224,
              -1.188833562
            ],
            [
              29.6657617423,
              -1.1893151796
            ],
            [
              29.6655073353,
              -1.1894340745
            ],
            [
              29.6643573696,
              -1.1885639139
            ],
            [
              29.6640801733,
              -1.1886459738
            ],
            [
              29.6637597449,
              -1.1896144716
            ],
            [
              29.6632783208,
              -1.1899729823
            ],
            [
              29.6628386034,
              -1.1896864967
            ],
            [
              29.66285913,
              -1.1878278756
            ],
            [
              29.6627278573,
              -1.1877923361
            ],
            [
              29.6622735947,
              -1.1881317632
            ],
            [
              29.6622292929,
              -1.1891195571
            ],
            [
              29.6619976602,
              -1.1891005769
            ],
            [
              29.6618736512,
              -1.1887857428
            ],
            [
              29.6620667539,
              -1.1881353416
            ],
            [
              29.6616728816,
              -1.1877266266
            ],
            [
              29.6619713077,
              -1.186946522
            ],
            [
              29.6620010467,
              -1.1861835398
            ],
            [
              29.6618041709,
              -1.1857101998
            ],
            [
              29.6620252419,
              -1.1852835917
            ],
            [
              29.6622104489,
              -1.1830745943
            ],
            [
              29.6624985073,
              -1.1820798516
            ],
            [
              29.6624741185,
              -1.1818694592
            ],
            [
              29.6621799206,
              -1.1817207771
            ],
            [
              29.6616411595,
              -1.1815816733
            ],
            [
              29.6613910519,
              -1.1817456163
            ],
            [
              29.6612665871,
              -1.1823457097
            ],
            [
              29.660927279,
              -1.1823643749
            ],
            [
              29.6604821224,
              -1.1827214128
            ],
            [
              29.659920272,
              -1.1839948898
            ],
            [
              29.6596367235,
              -1.1842531002
            ],
            [
              29.6594189867,
              -1.185704973
            ],
            [
              29.6592353062,
              -1.1859420626
            ],
            [
              29.6589345114,
              -1.1859714267
            ],
            [
              29.6581527672,
              -1.185426099
            ],
            [
              29.6580225809,
              -1.1856724164
            ],
            [
              29.6574185698,
              -1.1855851291
            ],
            [
              29.656909371,
              -1.1850450984
            ],
            [
              29.6567174089,
              -1.184608807
            ],
            [
              29.657150636,
              -1.184353579
            ],
            [
              29.6576202157,
              -1.1844874898
            ],
            [
              29.658052408,
              -1.1843569106
            ],
            [
              29.658427892,
              -1.1839488613
            ],
            [
              29.6585610613,
              -1.1831753874
            ],
            [
              29.6590479574,
              -1.1827685301
            ],
            [
              29.6592151815,
              -1.1821669274
            ],
            [
              29.6585551831,
              -1.1813825779
            ],
            [
              29.6585767103,
              -1.1808363703
            ],
            [
              29.6582529138,
              -1.1803674162
            ],
            [
              29.6579788754,
              -1.1805894563
            ],
            [
              29.6574615022,
              -1.1816802915
            ],
            [
              29.6574433954,
              -1.1820689062
            ],
            [
              29.6578852368,
              -1.1827828791
            ],
            [
              29.6577439279,
              -1.1830614377
            ],
            [
              29.6573520199,
              -1.1832031376
            ],
            [
              29.6564752333,
              -1.1839592108
            ],
            [
              29.6561229251,
              -1.1839955919
            ],
            [
              29.6555781811,
              -1.1837645
            ],
            [
              29.6547525203,
              -1.1815595358
            ],
            [
              29.6546855681,
              -1.180081665
            ],
            [
              29.6550019968,
              -1.1799468058
            ],
            [
              29.6560514629,
              -1.1806261528
            ],
            [
              29.6564447925,
              -1.1801808099
            ],
            [
              29.654985521,
              -1.179052224
            ],
            [
              29.6542304973,
              -1.1777799745
            ],
            [
              29.6542202686,
              -1.1775534778
            ],
            [
              29.6542581833,
              -1.1773250517
            ],
            [
              29.6546653029,
              -1.1770886976
            ],
            [
              29.6550974943,
              -1.1772452386
            ],
            [
              29.6555140008,
              -1.1779926827
            ],
            [
              29.656275094,
              -1.1785985658
            ],
            [
              29.6569576563,
              -1.1784549361
            ],
            [
              29.6575975467,
              -1.1780048918
            ],
            [
              29.6580790061,
              -1.1783158671
            ],
            [
              29.6585371472,
              -1.1776637792
            ],
            [
              29.6585129,
              -1.1768364863
            ],
            [
              29.6586557879,
              -1.1765906592
            ],
            [
              29.659064608,
              -1.1764920759
            ],
            [
              29.6594927647,
              -1.1765844143
            ],
            [
              29.6599325178,
              -1.1771166238
            ],
            [
              29.6603359522,
              -1.1771785105
            ],
            [
              29.6611935808,
              -1.1777437326
            ],
            [
              29.6628227421,
              -1.1778149871
            ],
            [
              29.6628714479,
              -1.1777318042
            ],
            [
              29.6615415553,
              -1.1765638552
            ],
            [
              29.6613081683,
              -1.1757310547
            ],
            [
              29.6606569596,
              -1.1749516126
            ],
            [
              29.660512879,
              -1.1743010333
            ],
            [
              29.6609754931,
              -1.1739637448
            ],
            [
              29.6612535327,
              -1.1744531892
            ],
            [
              29.6624415028,
              -1.1745559822
            ],
            [
              29.6628534466,
              -1.1752433295
            ],
            [
              29.6636120669,
              -1.1752151586
            ],
            [
              29.6646400756,
              -1.1765425249
            ],
            [
              29.6650074029,
              -1.1754585641
            ],
            [
              29.6652074881,
              -1.175255924
            ],
            [
              29.6655086694,
              -1.1753819424
            ],
            [
              29.6658955936,
              -1.1759319407
            ],
            [
              29.6661301211,
              -1.1760071222
            ],
            [
              29.6673716392,
              -1.1755428331
            ],
            [
              29.6680233038,
              -1.1750559512
            ],
            [
              29.6683080093,
              -1.1750050102
            ],
            [
              29.6685477649,
              -1.1751321865
            ],
            [
              29.6686661245,
              -1.1754553711
            ],
            [
              29.6682024389,
              -1.1763004166
            ],
            [
              29.6683849094,
              -1.1771112557
            ],
            [
              29.6691407232,
              -1.1775181491
            ],
            [
              29.6701441871,
              -1.1775029581
            ],
            [
              29.6711175604,
              -1.1778945903
            ],
            [
              29.6722254183,
              -1.1780787063
            ],
            [
              29.6725322847,
              -1.1779008696
            ],
            [
              29.6728364297,
              -1.1770019729
            ],
            [
              29.6732193372,
              -1.1769730289
            ],
            [
              29.6738818439,
              -1.1773546271
            ],
            [
              29.6740840179,
              -1.1771528642
            ],
            [
              29.6738802125,
              -1.1767708454
            ],
            [
              29.6738097514,
              -1.1755850742
            ],
            [
              29.6730066533,
              -1.1743311344
            ],
            [
              29.6732687437,
              -1.1739012261
            ]
          ]
        ]
      },
      "properties": {
        "country": "Uganda",
        "country_code": "UGA",
        "species_name": "Eucalyptus_grandis_nitens",
        "genus": "Eucalyptus",
        "species": "grandis_nitens",
        "suitability_name": "Marginally suitable",
        "suitability_rank": 3,
        "soil_suitability": "S1",
        "soil_type": "Ferrallitic Soils",
        "soil_description": "Humic ferrallitic - Not differentiated",
        "site_class": null,
        "maz": "I",
        "maz_zone": null,
        "tz": "5",
        "frost_risk": null,
        "source_layer": "SWIFT_SSMT_Uganda"
      }
    },
    {
      "type": "Feature",
      "geometry": {
        "type": "Polygon",
        "coordinates": [
          [
            [
              29.8948765182,
              -1.2270250498
            ],
            [
              29.8917074919,
              -1.2234604091
            ],
            [
              29.8858326332,
              -1.2180517622
            ],
            [
              29.8541051637,
              -1.2180857943
            ],
            [
              29.8545589324,
              -1.2188953602
            ],
            [
              29.85495735,
              -1.2192351002
            ],
            [
              29.8565114342,
              -1.2192856902
            ],
            [
              29.8569400991,
              -1.2199547821
            ],
            [
              29.8571731346,
              -1.2211679341
            ],
            [
              29.8581767917,
              -1.2218062249
            ],
            [
              29.860117503,
              -1.2218154154
            ],
            [
              29.8612820503,
              -1.2215036734
            ],
            [
              29.8619755413,
              -1.2211412016
            ],
            [
              29.8622538446,
              -1.2208067959
            ],
            [
              29.8628279944,
              -1.2213145093
            ],
            [
              29.8666493791,
              -1.2237817881
            ],
            [
              29.8672178423,
              -1.2237051673
            ],
            [
              29.8677024069,
              -1.223310981
            ],
            [
              29.8683336137,
              -1.2235404206
            ],
            [
              29.8694912129,
              -1.2235291232
            ],
            [
              29.870220847,
              -1.2238270443
            ],
            [
              29.87091627,
              -1.2245968937
            ],
            [
              29.8708916368,
              -1.2251608082
            ],
            [
              29.8675880126,
              -1.2272846967
            ],
            [
              29.8675530977,
              -1.2279532271
            ],
            [
              29.8679053344,
              -1.2291196462
            ],
            [
              29.8683499659,
              -1.2292173142
            ],
            [
              29.8688574788,
              -1.2290148182
            ],
            [
              29.869538654,
              -1.2278854482
            ],
            [
              29.8711958003,
              -1.2272717171
            ],
            [
              29.873025591,
              -1.2272908719
            ],
            [
              29.8735499127,
              -1.2274407434
            ],
            [
              29.8745284792,
              -1.2279218627
            ],
            [
              29.8751356844,
              -1.2288565281
            ],
            [
              29.8756725683,
              -1.2287553497
            ],
            [
              29.8765342499,
              -1.2278669243
            ],
            [
              29.8768848375,
              -1.2277207717
            ],
            [
              29.8774881121,
              -1.2277044922
            ],
            [
              29.8785522305,
              -1.2283266427
            ],
            [
              29.878607252,
              -1.2286792916
            ],
            [
              29.8782429781,
              -1.2294103372
            ],
            [
              29.8783408099,
              -1.2299298377
            ],
            [
              29.8787734406,
              -1.231173296
            ],
            [
              29.8796714401,
              -1.2323297512
            ],
            [
              29.8816698395,
              -1.2341203518
            ],
            [
              29.8847479739,
              -1.2375253672
            ],
            [
              29.8852845423,
              -1.2376776242
            ],
            [
              29.8863863456,
              -1.2372937545
            ],
            [
              29.8865876595,
              -1.237346518
            ],
            [
              29.8865888879,
              -1.2381498317
            ],
            [
              29.8862704077,
              -1.2390147478
            ],
            [
              29.8861598714,
              -1.2398690002
            ],
            [
              29.8861785397,
              -1.2411875307
            ],
            [
              29.886310972,
              -1.2416931359
            ],
            [
              29.8866539454,
              -1.2416968551
            ],
            [
              29.8876625155,
              -1.2412816223
            ],
            [
              29.8889004011,
              -1.2413879909
            ],
            [
              29.8896852684,
              -1.2415999577
            ],
            [
              29.8900150135,
              -1.2419077687
            ],
            [
              29.8899440958,
              -1.2424871164
            ],
            [
              29.8896228766,
              -1.2426523531
            ],
            [
              29.8895443458,
              -1.2428992612
            ],
            [
              29.8902084664,
              -1.2434117435
            ],
            [
              29.8903554951,
              -1.2436797706
            ],
            [
              29.8896815477,
              -1.244614921
            ],
            [
              29.8896815485,
              -1.2451450814
            ],
            [
              29.8898360513,
              -1.2454143026
            ],
            [
              29.8895716098,
              -1.2460503415
            ],
            [
              29.889531397,
              -1.2465809242
            ],
            [
              29.8897147444,
              -1.2470769142
            ],
            [
              29.8903249316,
              -1.2475999188
            ],
            [
              29.8906788891,
              -1.2476674875
            ],
            [
              29.8915541845,
              -1.2474732727
            ],
            [
              29.8924206026,
              -1.2479979616
            ],
            [
              29.8934746495,
              -1.2477911183
            ],
            [
              29.8947666446,
              -1.2478894877
            ],
            [
              29.8949467987,
              -1.2480417437
            ],
            [
              29.8950479992,
              -1.2484394344
            ],
            [
              29.8947727504,
              -1.2488249173
            ],
            [
              29.8932200686,
              -1.248897677
            ],
            [
              29.8923124896,
              -1.2501416887
            ],
            [
              29.8922920661,
              -1.2503749848
            ],
            [
              29.8924353062,
              -1.2505701812
            ],
            [
              29.8929619084,
              -1.250716613
            ],
            [
              29.8933656578,
              -1.2510122847
            ],
            [
              29.893472895,
              -1.2515343765
            ],
            [
              29.8932624228,
              -1.2519605543
            ],
            [
              29.8932701776,
              -1.2523863793
            ],
            [
              29.8936253275,
              -1.2527997158
            ],
            [
              29.8940335004,
              -1.2528987175
            ],
            [
              29.8948287895,
              -1.2527660378
            ],
            [
              29.8958134975,
              -1.2521615739
            ],
            [
              29.8966808629,
              -1.2525380047
            ],
            [
              29.8971947978,
              -1.2525913288
            ],
            [
              29.8973362472,
              -1.2527529175
            ],
            [
              29.8972932608,
              -1.2536959924
            ],
            [
              29.8958234992,
              -1.2546817272
            ],
            [
              29.8958035317,
              -1.2550587889
            ],
            [
              29.8961442951,
              -1.2554231512
            ],
            [
              29.8966965131,
              -1.2557167174
            ],
            [
              29.8969866767,
              -1.2557197341
            ],
            [
              29.8978892727,
              -1.2549602786
            ],
            [
              29.8989534948,
              -1.2552991008
            ],
            [
              29.9004462078,
              -1.2549131284
            ],
            [
              29.9007244736,
              -1.2549512981
            ],
            [
              29.9009212617,
              -1.255330323
            ],
            [
              29.9000621073,
              -1.2565512486
            ],
            [
              29.899952239,
              -1.2569033308
            ],
            [
              29.9000129101,
              -1.2573285257
            ],
            [
              29.9004245917,
              -1.2577127425
            ],
            [
              29.9007294224,
              -1.2585253113
            ],
            [
              29.9009784939,
              -1.2588165617
            ],
            [
              29.9013800335,
              -1.2589077055
            ],
            [
              29.9017417823,
              -1.2587849882
            ],
            [
              29.9025563355,
              -1.2574334197
            ],
            [
              29.9029250663,
              -1.2571008432
            ],
            [
              29.9034853197,
              -1.257268815
            ],
            [
              29.9040104487,
              -1.2581848758
            ],
            [
              29.9042172363,
              -1.2582464805
            ],
            [
              29.9054384187,
              -1.2574153879
            ],
            [
              29.9056020801,
              -1.2576733809
            ],
            [
              29.9056163979,
              -1.2582329389
            ],
            [
              29.9047337328,
              -1.2601437829
            ],
            [
              29.9049112202,
              -1.2604774826
            ],
            [
              29.905620433,
              -1.2607187055
            ],
            [
              29.9063545951,
              -1.2607488761
            ],
            [
              29.9077239637,
              -1.2605475057
            ],
            [
              29.9082489532,
              -1.2602685341
            ],
            [
              29.9086408422,
              -1.2597553557
            ],
            [
              29.9092941909,
              -1.2583320807
            ],
            [
              29.9092647849,
              -1.2580054667
            ],
            [
              29.9084113861,
              -1.2577674005
            ],
            [
              29.9081717185,
              -1.2575389461
            ],
            [
              29.9080473924,
              -1.2570167165
            ],
            [
              29.9082784286,
              -1.2566343927
            ],
            [
              29.9090965971,
              -1.2560929367
            ],
            [
              29.9100149836,
              -1.2559087572
            ],
            [
              29.9102645825,
              -1.2556659882
            ],
            [
              29.910545657,
              -1.2541309388
            ],
            [
              29.9107827981,
              -1.2540045731
            ],
            [
              29.9116892541,
              -1.2543818465
            ],
            [
              29.9120977425,
              -1.2546418739
            ],
            [
              29.9122752648,
              -1.2551714022
            ],
            [
              29.9135459592,
              -1.2562315807
            ],
            [
              29.9135053953,
              -1.2564721732
            ],
            [
              29.9129999865,
              -1.256989282
            ],
            [
              29.9128323255,
              -1.2588595728
            ],
            [
              29.9130266571,
              -1.2592470173
            ],
            [
              29.914087932,
              -1.259473367
            ],
            [
              29.9143479167,
              -1.2600444312
            ],
            [
              29.9142503647,
              -1.2603951092
            ],
            [
              29.9139510425,
              -1.2606895174
            ],
            [
              29.9131259619,
              -1.2606980783
            ],
            [
              29.9121512547,
              -1.2604301215
            ],
            [
              29.9115375581,
              -1.2604933402
            ],
            [
              29.911485063,
              -1.2607379307
            ],
            [
              29.9116967629,
              -1.2608662606
            ],
            [
              29.9132417959,
              -1.261166142
            ],
            [
              29.913408966,
              -1.261885461
            ],
            [
              29.9132173372,
              -1.2629682299
            ],
            [
              29.912174414,
              -1.2640726076
            ],
            [
              29.9119228861,
              -1.2645961701
            ],
            [
              29.9118685664,
              -1.2654796724
            ],
            [
              29.9114928531,
              -1.2668233089
            ],
            [
              29.9116762348,
              -1.267161357
            ],
            [
              29.9121156037,
              -1.2672476587
            ],
            [
              29.9123317592,
              -1.2671531485
            ],
            [
              29.9131567711,
              -1.2664329872
            ],
            [
              29.9139543075,
              -1.2661035687
            ],
            [
              29.9143720583,
              -1.2662746272
            ],
            [
              29.9146155157,
              -1.2667272548
            ],
            [
              29.9144318886,
              -1.267802864
            ],
            [
              29.9150876581,
              -1.2676645718
            ],
            [
              29.9157117414,
              -1.2670405351
            ],
            [
              29.9158174684,
              -1.2665331814
            ],
            [
              29.9158049405,
              -1.2662124623
            ],
            [
              29.915332063,
              -1.2654051591
            ],
            [
              29.915562397,
              -1.2648510751
            ],
            [
              29.916135459,
              -1.2646730699
            ],
            [
              29.9167445235,
              -1.2648782993
            ],
            [
              29.9178209926,
              -1.2646213592
            ],
            [
              29.9182925027,
              -1.2652070157
            ],
            [
              29.9187078677,
              -1.2654209454
            ],
            [
              29.9182430601,
              -1.2662431944
            ],
            [
              29.9183482618,
              -1.2667507599
            ],
            [
              29.9188917413,
              -1.2672673748
            ],
            [
              29.920305606,
              -1.2672701107
            ],
            [
              29.9217921423,
              -1.2665740873
            ],
            [
              29.9222456163,
              -1.2665700171
            ],
            [
              29.9225002672,
              -1.266684805
            ],
            [
              29.923566034,
              -1.2683810832
            ],
            [
              29.923516802,
              -1.2685755768
            ],
            [
              29.9232613087,
              -1.2685791552
            ],
            [
              29.9225717811,
              -1.2683142173
            ],
            [
              29.9224035929,
              -1.2683828373
            ],
            [
              29.9223620805,
              -1.2686055369
            ],
            [
              29.9229637412,
              -1.2696532212
            ],
            [
              29.9230617497,
              -1.2706191629
            ],
            [
              29.9236981506,
              -1.2713551798
            ],
            [
              29.9236330573,
              -1.2719266621
            ],
            [
              29.9234031083,
              -1.2721238216
            ],
            [
              29.9226810876,
              -1.271579141
            ],
            [
              29.9213990239,
              -1.2713839466
            ],
            [
              29.9213938654,
              -1.2710165696
            ],
            [
              29.9217390158,
              -1.270520653
            ],
            [
              29.9216671149,
              -1.2697819705
            ],
            [
              29.9208832643,
              -1.2692240286
            ],
            [
              29.9199843529,
              -1.2690521989
            ],
            [
              29.9196064984,
              -1.269073107
            ],
            [
              29.9190496838,
              -1.2693577621
            ],
            [
              29.9183803691,
              -1.2693414129
            ],
            [
              29.9174831062,
              -1.2696162444
            ],
            [
              29.9167957552,
              -1.2702012684
            ],
            [
              29.9154761789,
              -1.2707998351
            ],
            [
              29.9154042437,
              -1.2711188687
            ],
            [
              29.9155915215,
              -1.2713174322
            ],
            [
              29.9171551868,
              -1.2713111866
            ],
            [
              29.9179723377,
              -1.2719388709
            ],
            [
              29.918009674,
              -1.2724997586
            ],
            [
              29.9171587301,
              -1.2734990273
            ],
            [
              29.9171652219,
              -1.2741717549
            ],
            [
              29.9174151716,
              -1.2743585309
            ],
            [
              29.9178667507,
              -1.2743696171
            ],
            [
              29.9190612996,
              -1.2741314811
            ],
            [
              29.9209935539,
              -1.2731494727
            ],
            [
              29.9213426335,
              -1.2731352292
            ],
            [
              29.9219961583,
              -1.2734779089
            ],
            [
              29.9221880319,
              -1.2736855918
            ],
            [
              29.9222303165,
              -1.2742350425
            ],
            [
              29.9220226863,
              -1.2745450954
            ],
            [
              29.9209210226,
              -1.2754107722
            ],
            [
              29.9202968689,
              -1.2762731535
            ],
            [
              29.9202830075,
              -1.2768778213
            ],
            [
              29.9208754746,
              -1.2770872586
            ],
            [
              29.9212819622,
              -1.2768454763
            ],
            [
              29.9229880941,
              -1.2747990875
            ],
            [
              29.9234712551,
              -1.2741354816
            ],
            [
              29.923798228,
              -1.2732604012
            ],
            [
              29.9240192974,
              -1.2733711195
            ],
            [
              29.9249258934,
              -1.274227676
            ],
            [
              29.9250494119,
              -1.2745423596
            ],
            [
              29.9250257612,
              -1.2750079643
            ],
            [
              29.9240792669,
              -1.2771043791
            ],
            [
              29.9239014993,
              -1.2778101538
            ],
            [
              29.9239324834,
              -1.2785141032
            ],
            [
              29.92423398,
              -1.2793529061
            ],
            [
              29.9251823348,
              -1.2804398065
            ],
            [
              29.9255969286,
              -1.2807363871
            ],
            [
              29.9259682904,
              -1.2808062702
            ],
            [
              29.9279023346,
              -1.2796010743
            ],
            [
              29.9279851487,
              -1.2793183851
            ],
            [
              29.9274674592,
              -1.2781412542
            ],
            [
              29.9275351838,
              -1.277898489
            ],
            [
              29.9278800178,
              -1.2777815259
            ],
            [
              29.9291461854,
              -1.2782067171
            ],
            [
              29.9295090913,
              -1.2781279232
            ],
            [
              29.9297476718,
              -1.2776855427
            ],
            [
              29.9294005568,
              -1.2768552989
            ],
            [
              29.9294418575,
              -1.276330897
            ],
            [
              29.9297513555,
              -1.2761509285
            ],
            [
              29.9304379699,
              -1.276349981
            ],
            [
              29.9273885915,
              -1.2714250865
            ],
            [
              29.9208499402,
              -1.2600979664
            ],
            [
              29.9200005104,
              -1.2600989258
            ],
            [
              29.9199988674,
              -1.2586235954
            ],
            [
              29.9181072873,
              -1.2553466642
            ],
            [
              29.9154568115,
              -1.2516871714
            ],
            [
              29.9116286177,
              -1.2516914545
            ],
            [
              29.9116227821,
              -1.246393485
            ],
            [
              29.9095434651,
              -1.243522519
            ],
            [
              29.9093252768,
              -1.2432771028
            ],
            [
              29.9032567788,
              -1.2432838313
            ],
            [
              29.9032493201,
              -1.2364429212
            ],
            [
              29.9018495083,
              -1.234868406
            ],
            [
              29.8948849924,
              -1.2348760551
            ],
            [
              29.8948765182,
              -1.2270250498
            ]
          ]
        ]
      },
      "properties": {
        "country": "Uganda",
        "country_code": "UGA",
        "species_name": "Eucalyptus_grandis_nitens",
        "genus": "Eucalyptus",
        "species": "grandis_nitens",
        "suitability_name": "Marginally suitable",
        "suitability_rank": 3,
        "soil_suitability": "S1",
        "soil_type": "Ferrallitic Soils",
        "soil_description": "Humic ferrallitic - Not differentiated",
        "site_class": null,
        "maz": "I",
        "maz_zone": null,
        "tz": "5",
        "frost_risk": null,
        "source_layer": "SWIFT_SSMT_Uganda"
      }
    },
    {
      "type": "Feature",
      "geometry": {
        "type": "Polygon",
        "coordinates": [
          [
            [
              29.8500886091,
              -1.2180900767
            ],
            [
              29.8510523096,
              -1.2182196719
            ],
            [
              29.8513956511,
              -1.2180886832
            ],
            [
              29.8500886091,
              -1.2180900767
            ]
          ]
        ]
      },
      "properties": {
        "country": "Uganda",
        "country_code": "UGA",
        "species_name": "Eucalyptus_grandis_nitens",
        "genus": "Eucalyptus",
        "species": "grandis_nitens",
        "suitability_name": "Marginally suitable",
        "suitability_rank": 3,
        "soil_suitability": "S1",
        "soil_type": "Ferrallitic Soils",
        "soil_description": "Humic ferrallitic - Not differentiated",
        "site_class": null,
        "maz": "I",
        "maz_zone": null,
        "tz": "5",
        "frost_risk": null,
        "source_layer": "SWIFT_SSMT_Uganda"
      }
    },
    {
      "type": "Feature",
      "geometry": {
        "type": "Polygon",
        "coordinates": [
          [
            [
              29.9244067436,
              -1.3274284343
            ],
            [
              29.9239800654,
              -1.3243047151
            ],
            [
              29.9230426952,
              -1.3218341653
            ],
            [
              29.9231019637,
              -1.321074028
            ],
            [
              29.9221069036,
              -1.3192717007
            ],
            [
              29.921711785,
              -1.3188035776
            ],
            [
              29.9208314014,
              -1.3187468875
            ],
            [
              29.920357961,
              -1.3182966549
            ],
            [
              29.9202917099,
              -1.3175050137
            ],
            [
              29.9206289643,
              -1.317029383
            ],
            [
              29.920826734,
              -1.3164244432
            ],
            [
              29.9204917966,
              -1.3157751609
            ],
            [
              29.9205535542,
              -1.3144834002
            ],
            [
              29.9202286881,
              -1.3140924552
            ],
            [
              29.9196656615,
              -1.3139599893
            ],
            [
              29.9187247468,
              -1.313930591
            ],
            [
              29.9176023786,
              -1.314219661
            ],
            [
              29.9167335042,
              -1.3141516734
            ],
            [
              29.9164849237,
              -1.3139584455
            ],
            [
              29.9165389633,
              -1.3137765148
            ],
            [
              29.9172621421,
              -1.3133955318
            ],
            [
              29.9179342639,
              -1.3125016623
            ],
            [
              29.9180539934,
              -1.3118248047
            ],
            [
              29.9189500621,
              -1.3120869322
            ],
            [
              29.9194620315,
              -1.3118154739
            ],
            [
              29.9198893274,
              -1.3112049893
            ],
            [
              29.9198345869,
              -1.3105129064
            ],
            [
              29.9194812255,
              -1.3103712481
            ],
            [
              29.9177191249,
              -1.3104983834
            ],
            [
              29.9174199087,
              -1.3104019098
            ],
            [
              29.9174138738,
              -1.3098265067
            ],
            [
              29.9178739085,
              -1.3090563327
            ],
            [
              29.9175368297,
              -1.3090775221
            ],
            [
              29.9171399573,
              -1.3093552247
            ],
            [
              29.916389513,
              -1.3108482137
            ],
            [
              29.9159153011,
              -1.3112171279
            ],
            [
              29.9154002439,
              -1.3109605437
            ],
            [
              29.9154301408,
              -1.3100947386
            ],
            [
              29.915838979,
              -1.3094292466
            ],
            [
              29.9166480943,
              -1.3072840955
            ],
            [
              29.9171761353,
              -1.3038417756
            ],
            [
              29.9168869906,
              -1.3036331109
            ],
            [
              29.9159024222,
              -1.3039885556
            ],
            [
              29.9145534765,
              -1.3037217269
            ],
            [
              29.9140996869,
              -1.3031115923
            ],
            [
              29.9135199574,
              -1.3027913699
            ],
            [
              29.9130251467,
              -1.3027915087
            ],
            [
              29.9126493288,
              -1.303057637
            ],
            [
              29.9121519571,
              -1.3030932792
            ],
            [
              29.911832809,
              -1.3035212726
            ],
            [
              29.9116833234,
              -1.3043787297
            ],
            [
              29.9120114546,
              -1.3047175453
            ],
            [
              29.9125754275,
              -1.3048201242
            ],
            [
              29.9129384381,
              -1.3050431007
            ],
            [
              29.9130482363,
              -1.3054478695
            ],
            [
              29.9128071297,
              -1.3069478061
            ],
            [
              29.9113726329,
              -1.307496197
            ],
            [
              29.9114392691,
              -1.3083909106
            ],
            [
              29.9117012192,
              -1.3087388464
            ],
            [
              29.9120065767,
              -1.3089165677
            ],
            [
              29.912539635,
              -1.3088384068
            ],
            [
              29.9130047592,
              -1.3085710176
            ],
            [
              29.9132241799,
              -1.3078571837
            ],
            [
              29.9143238095,
              -1.3066164286
            ],
            [
              29.9147787907,
              -1.3057466913
            ],
            [
              29.9151378375,
              -1.3056633384
            ],
            [
              29.9153992967,
              -1.3061547574
            ],
            [
              29.9153684171,
              -1.3069793792
            ],
            [
              29.9145633013,
              -1.3087614388
            ],
            [
              29.9135154312,
              -1.3096976883
            ],
            [
              29.9126930865,
              -1.3110848012
            ],
            [
              29.9128186751,
              -1.3116842
            ],
            [
              29.9140197505,
              -1.3123258358
            ],
            [
              29.9144769097,
              -1.3140650223
            ],
            [
              29.9142886838,
              -1.3142860336
            ],
            [
              29.913954833,
              -1.3142496903
            ],
            [
              29.9122411563,
              -1.3135504512
            ],
            [
              29.911790841,
              -1.3135523461
            ],
            [
              29.9114855189,
              -1.3137388378
            ],
            [
              29.911312242,
              -1.314340059
            ],
            [
              29.9113951609,
              -1.3147619463
            ],
            [
              29.9118152285,
              -1.3151090391
            ],
            [
              29.9129283326,
              -1.3152231927
            ],
            [
              29.9131265944,
              -1.3158136798
            ],
            [
              29.9126185895,
              -1.3166578733
            ],
            [
              29.9113635443,
              -1.316966377
            ],
            [
              29.9106086797,
              -1.3178183588
            ],
            [
              29.9101822963,
              -1.3180618921
            ],
            [
              29.9100312306,
              -1.3184047043
            ],
            [
              29.9100318974,
              -1.3189642492
            ],
            [
              29.9103246924,
              -1.3199019681
            ],
            [
              29.9105611316,
              -1.3200876871
            ],
            [
              29.9112165858,
              -1.3202259071
            ],
            [
              29.9107614632,
              -1.3212047401
            ],
            [
              29.9107992197,
              -1.3229985076
            ],
            [
              29.9114484986,
              -1.3242049453
            ],
            [
              29.91132098,
              -1.3250890587
            ],
            [
              29.9113841071,
              -1.3264932126
            ],
            [
              29.9125770779,
              -1.3283564357
            ],
            [
              29.9131561397,
              -1.3304270562
            ],
            [
              29.9135691884,
              -1.3312450736
            ],
            [
              29.9146386762,
              -1.3316820428
            ],
            [
              29.9151181869,
              -1.3323144126
            ],
            [
              29.9157227948,
              -1.3323173596
            ],
            [
              29.9159181427,
              -1.3324655412
            ],
            [
              29.9159082122,
              -1.332606637
            ],
            [
              29.9153214652,
              -1.3329018076
            ],
            [
              29.9144183075,
              -1.3337278239
            ],
            [
              29.9150175477,
              -1.3372914124
            ],
            [
              29.9151974214,
              -1.3376255225
            ],
            [
              29.9158903867,
              -1.3382095499
            ],
            [
              29.9173989598,
              -1.3384596765
            ],
            [
              29.9172922141,
              -1.3391647312
            ],
            [
              29.9169693815,
              -1.3393980191
            ],
            [
              29.9160493816,
              -1.3396379721
            ],
            [
              29.915418105,
              -1.3403924199
            ],
            [
              29.9152608999,
              -1.3422500209
            ],
            [
              29.9153981377,
              -1.3441329471
            ],
            [
              29.9158631567,
              -1.3461586509
            ],
            [
              29.9164762222,
              -1.3465777956
            ],
            [
              29.9174119426,
              -1.3467562863
            ],
            [
              29.9178482578,
              -1.347194726
            ],
            [
              29.9178209922,
              -1.3474353805
            ],
            [
              29.9175466906,
              -1.3477337062
            ],
            [
              29.9167230117,
              -1.3479615913
            ],
            [
              29.9161651444,
              -1.3488223308
            ],
            [
              29.9161630041,
              -1.3492839238
            ],
            [
              29.9169683647,
              -1.3507756946
            ],
            [
              29.9183760878,
              -1.3522173009
            ],
            [
              29.9186494073,
              -1.3531899475
            ],
            [
              29.9199412617,
              -1.354738758
            ],
            [
              29.9202808323,
              -1.3549479086
            ],
            [
              29.9208081366,
              -1.3549835499
            ],
            [
              29.9210068537,
              -1.3552946451
            ],
            [
              29.9208740004,
              -1.3557591826
            ],
            [
              29.919871221,
              -1.355902592
            ],
            [
              29.9192693148,
              -1.3563774433
            ],
            [
              29.918072766,
              -1.356414488
            ],
            [
              29.9163614056,
              -1.355509619
            ],
            [
              29.9160219051,
              -1.3551190322
            ],
            [
              29.9155925735,
              -1.354078891
            ],
            [
              29.9149795784,
              -1.3533509672
            ],
            [
              29.9143955337,
              -1.3531536039
            ],
            [
              29.9140574028,
              -1.353674201
            ],
            [
              29.9137902241,
              -1.3537668832
            ],
            [
              29.9134440564,
              -1.3536332971
            ],
            [
              29.9130946266,
              -1.3532828402
            ],
            [
              29.9124802273,
              -1.3511556895
            ],
            [
              29.9121455344,
              -1.3510215413
            ],
            [
              29.9115519445,
              -1.3510735301
            ],
            [
              29.9110621176,
              -1.3512622653
            ],
            [
              29.9107912194,
              -1.3517204188
            ],
            [
              29.9104897579,
              -1.3535951989
            ],
            [
              29.9101990335,
              -1.3541434396
            ],
            [
              29.9101275189,
              -1.3549660095
            ],
            [
              29.9103019185,
              -1.3555590134
            ],
            [
              29.9107402334,
              -1.3560779953
            ],
            [
              29.9103910833,
              -1.3572046447
            ],
            [
              29.9104312609,
              -1.358619795
            ],
            [
              29.9109101767,
              -1.3599548908
            ],
            [
              29.9114515163,
              -1.3607585864
            ],
            [
              29.9120550019,
              -1.3611279156
            ],
            [
              29.9126473628,
              -1.3610644187
            ],
            [
              29.9133553828,
              -1.3604518422
            ],
            [
              29.9141288462,
              -1.3605866922
            ],
            [
              29.915455265,
              -1.3602101375
            ],
            [
              29.9158588399,
              -1.3600481358
            ],
            [
              29.9164702554,
              -1.359419071
            ],
            [
              29.9168762527,
              -1.3592430359
            ],
            [
              29.9171465186,
              -1.3592739071
            ],
            [
              29.9175115296,
              -1.3597767525
            ],
            [
              29.9180380264,
              -1.3597838389
            ],
            [
              29.9185611902,
              -1.3605187764
            ],
            [
              29.9198091461,
              -1.3613809853
            ],
            [
              29.9207519554,
              -1.3628079204
            ],
            [
              29.9218185997,
              -1.3633855571
            ],
            [
              29.9218428132,
              -1.3639303567
            ],
            [
              29.9212658905,
              -1.3645818016
            ],
            [
              29.9204720399,
              -1.3650259204
            ],
            [
              29.9204329141,
              -1.3655992753
            ],
            [
              29.9207307262,
              -1.3660695646
            ],
            [
              29.9210354521,
              -1.3664091437
            ],
            [
              29.9232705716,
              -1.3668506665
            ],
            [
              29.9234144431,
              -1.3671146116
            ],
            [
              29.9226142413,
              -1.3674177067
            ],
            [
              29.9219366449,
              -1.3674633807
            ],
            [
              29.9212742069,
              -1.368000955
            ],
            [
              29.9219981233,
              -1.3718756559
            ],
            [
              29.9219301175,
              -1.3724494292
            ],
            [
              29.9217433318,
              -1.372422419
            ],
            [
              29.9209618329,
              -1.3718485736
            ],
            [
              29.920380102,
              -1.3706610323
            ],
            [
              29.9188871095,
              -1.3694157483
            ],
            [
              29.9183399789,
              -1.3691828139
            ],
            [
              29.9173736944,
              -1.3693361851
            ],
            [
              29.9171657838,
              -1.3680273355
            ],
            [
              29.9161960941,
              -1.3672417433
            ],
            [
              29.9154547739,
              -1.3657192517
            ],
            [
              29.9140884934,
              -1.3649838242
            ],
            [
              29.9136260351,
              -1.3644069606
            ],
            [
              29.9126131503,
              -1.3637642857
            ],
            [
              29.9117403455,
              -1.3636622719
            ],
            [
              29.9112348683,
              -1.3638293952
            ],
            [
              29.9108617157,
              -1.3641312276
            ],
            [
              29.9106331371,
              -1.364596184
            ],
            [
              29.9106379797,
              -1.3655497432
            ],
            [
              29.9105092681,
              -1.365889531
            ],
            [
              29.9093212105,
              -1.3674252147
            ],
            [
              29.9093866546,
              -1.3682011934
            ],
            [
              29.9091781476,
              -1.368658992
            ],
            [
              29.9087072691,
              -1.3687464127
            ],
            [
              29.9073901488,
              -1.3683213786
            ],
            [
              29.9069208839,
              -1.3683818572
            ],
            [
              29.9065353114,
              -1.3686427156
            ],
            [
              29.906032745,
              -1.3699059609
            ],
            [
              29.9060210948,
              -1.3706353536
            ],
            [
              29.9061920908,
              -1.3711687863
            ],
            [
              29.9068361062,
              -1.3719512188
            ],
            [
              29.9057297394,
              -1.3740346416
            ],
            [
              29.9055416551,
              -1.3748101277
            ],
            [
              29.9056003612,
              -1.3754553952
            ],
            [
              29.9058189043,
              -1.3760903493
            ],
            [
              29.9070545788,
              -1.3773914083
            ],
            [
              29.9076144819,
              -1.3776663672
            ],
            [
              29.9083452759,
              -1.3772686266
            ],
            [
              29.9085556076,
              -1.3773373136
            ],
            [
              29.9090847009,
              -1.3784420634
            ],
            [
              29.9098792187,
              -1.379070911
            ],
            [
              29.9105935552,
              -1.3799137505
            ],
            [
              29.9110759073,
              -1.3809016106
            ],
            [
              29.9115202936,
              -1.3810192699
            ],
            [
              29.9123112324,
              -1.3810011688
            ],
            [
              29.9139768699,
              -1.3803837564
            ],
            [
              29.9149175745,
              -1.379434062
            ],
            [
              29.9158027306,
              -1.3790060832
            ],
            [
              29.9160885778,
              -1.3786890289
            ],
            [
              29.9164888894,
              -1.3778049343
            ],
            [
              29.9171584148,
              -1.3775871569
            ],
            [
              29.9175357424,
              -1.3770821395
            ],
            [
              29.9179592482,
              -1.3770827705
            ],
            [
              29.9182788524,
              -1.3773225106
            ],
            [
              29.9201760171,
              -1.3779982265
            ],
            [
              29.9204483189,
              -1.3782014826
            ],
            [
              29.9209160397,
              -1.3791119556
            ],
            [
              29.9212914363,
              -1.3795245
            ],
            [
              29.9215248236,
              -1.380132161
            ],
            [
              29.9222222451,
              -1.3806742202
            ],
            [
              29.9229075267,
              -1.3815952182
            ],
            [
              29.925207424,
              -1.3833753286
            ],
            [
              29.9262154674,
              -1.3833514734
            ],
            [
              29.9266830827,
              -1.3835793547
            ],
            [
              29.926584022,
              -1.3839189306
            ],
            [
              29.9257004801,
              -1.3841750858
            ],
            [
              29.9254144924,
              -1.3846302874
            ],
            [
              29.9255988938,
              -1.3850457062
            ],
            [
              29.9266614318,
              -1.3858378173
            ],
            [
              29.9270539544,
              -1.3859630535
            ],
            [
              29.9271454349,
              -1.386268041
            ],
            [
              29.9267829854,
              -1.3871301015
            ],
            [
              29.9269874216,
              -1.3878856565
            ],
            [
              29.927355204,
              -1.3882196902
            ],
            [
              29.9282926455,
              -1.3884244882
            ],
            [
              29.9286680795,
              -1.3887943032
            ],
            [
              29.9294242069,
              -1.3891996182
            ],
            [
              29.9294980017,
              -1.3895910426
            ],
            [
              29.9293860285,
              -1.3899209354
            ],
            [
              29.9281893401,
              -1.3907249021
            ],
            [
              29.9280101671,
              -1.391830416
            ],
            [
              29.9276136118,
              -1.3918931395
            ],
            [
              29.9270756036,
              -1.3911884503
            ],
            [
              29.9264146403,
              -1.3909211396
            ],
            [
              29.9259073382,
              -1.3909941765
            ],
            [
              29.9248328338,
              -1.3917324018
            ],
            [
              29.9240908119,
              -1.393359136
            ],
            [
              29.9240917938,
              -1.3940296562
            ],
            [
              29.9243137413,
              -1.3946132477
            ],
            [
              29.9247297038,
              -1.3946839689
            ],
            [
              29.9244906314,
              -1.39540353
            ],
            [
              29.923626039,
              -1.3954071089
            ],
            [
              29.9232566415,
              -1.3949467193
            ],
            [
              29.9229023682,
              -1.3949397025
            ],
            [
              29.9222693378,
              -1.3955147351
            ],
            [
              29.9218015816,
              -1.3966246664
            ],
            [
              29.9218992026,
              -1.3985020085
            ],
            [
              29.922202595,
              -1.3990964731
            ],
            [
              29.9226693681,
              -1.3991521812
            ],
            [
              29.9229986221,
              -1.3993955656
            ],
            [
              29.9230370462,
              -1.3999085049
            ],
            [
              29.9227217928,
              -1.4005952297
            ],
            [
              29.9223255172,
              -1.4007789086
            ],
            [
              29.9215664399,
              -1.4008124452
            ],
            [
              29.921468152,
              -1.4010203295
            ],
            [
              29.9198012505,
              -1.4008102
            ],
            [
              29.9185536815,
              -1.4008396673
            ],
            [
              29.9178373795,
              -1.4013442573
            ],
            [
              29.917543742,
              -1.4013496587
            ],
            [
              29.917062968,
              -1.4009442057
            ],
            [
              29.9166885537,
              -1.400874677
            ],
            [
              29.9161085086,
              -1.4001506974
            ],
            [
              29.9155935912,
              -1.3992894833
            ],
            [
              29.9157826588,
              -1.3984636313
            ],
            [
              29.915488987,
              -1.3978307876
            ],
            [
              29.9150575845,
              -1.3973645038
            ],
            [
              29.9159151608,
              -1.3972287449
            ],
            [
              29.91611314,
              -1.3970740421
            ],
            [
              29.9164283927,
              -1.3962097401
            ],
            [
              29.9163587738,
              -1.3951052807
            ],
            [
              29.9156646501,
              -1.3944224124
            ],
            [
              29.9155333764,
              -1.393905894
            ],
            [
              29.9158585607,
              -1.3932746625
            ],
            [
              29.9168689186,
              -1.3925290012
            ],
            [
              29.9175095294,
              -1.3912456306
            ],
            [
              29.9177185281,
              -1.3911692974
            ],
            [
              29.9185012906,
              -1.3902133636
            ],
            [
              29.9192571038,
              -1.389623667
            ],
            [
              29.919727281,
              -1.3894869244
            ],
            [
              29.9198229374,
              -1.3891894451
            ],
            [
              29.9195177911,
              -1.3890312336
            ],
            [
              29.9187583636,
              -1.387631607
            ],
            [
              29.9180853634,
              -1.3871904383
            ],
            [
              29.9175731489,
              -1.3871260313
            ],
            [
              29.9173810989,
              -1.3872655092
            ],
            [
              29.9172975128,
              -1.3876650723
            ],
            [
              29.9163782831,
              -1.3880658987
            ],
            [
              29.9160071675,
              -1.3880673729
            ],
            [
              29.9159681465,
              -1.3872958886
            ],
            [
              29.9155999423,
              -1.3870762171
            ],
            [
              29.9155361491,
              -1.3858329763
            ],
            [
              29.91463843,
              -1.3854336238
            ],
            [
              29.9141292323,
              -1.3849514821
            ],
            [
              29.9135210092,
              -1.3847186194
            ],
            [
              29.9123918689,
              -1.3839467145
            ],
            [
              29.91091379,
              -1.3840692846
            ],
            [
              29.9106754908,
              -1.3843894971
            ],
            [
              29.9095242441,
              -1.3846025038
            ],
            [
              29.909287489,
              -1.3843566614
            ],
            [
              29.9089911495,
              -1.3830297176
            ],
            [
              29.908496937,
              -1.3826563242
            ],
            [
              29.9081538918,
              -1.3817083163
            ],
            [
              29.9070138745,
              -1.3806227221
            ],
            [
              29.9066331084,
              -1.3800743485
            ],
            [
              29.9060131645,
              -1.3795436536
            ],
            [
              29.9054655433,
              -1.3793309265
            ],
            [
              29.9050921463,
              -1.3793342233
            ],
            [
              29.9040900334,
              -1.3797669739
            ],
            [
              29.9029582616,
              -1.3794845081
            ],
            [
              29.9023100706,
              -1.379014714
            ],
            [
              29.9015773476,
              -1.3768263337
            ],
            [
              29.9010741853,
              -1.3759887563
            ],
            [
              29.900716825,
              -1.3759443454
            ],
            [
              29.9023401443,
              -1.3735463929
            ],
            [
              29.9023595133,
              -1.3722491209
            ],
            [
              29.9022171159,
              -1.3718964927
            ],
            [
              29.9012360232,
              -1.3713401886
            ],
            [
              29.9011791065,
              -1.3711144824
            ],
            [
              29.9019515867,
              -1.370021446
            ],
            [
              29.9027066277,
              -1.3695480714
            ],
            [
              29.9055011613,
              -1.3648206297
            ],
            [
              29.9070647898,
              -1.3627272362
            ],
            [
              29.9073491629,
              -1.3618953367
            ],
            [
              29.9073154416,
              -1.3606773397
            ],
            [
              29.9071087238,
              -1.3601108587
            ],
            [
              29.9066600922,
              -1.3595963677
            ],
            [
              29.9069679757,
              -1.3584697201
            ],
            [
              29.9069109891,
              -1.3580190044
            ],
            [
              29.9061419124,
              -1.3559455306
            ],
            [
              29.9061760204,
              -1.3557290833
            ],
            [
              29.9065398378,
              -1.3555143902
            ],
            [
              29.9066997799,
              -1.3549453834
            ],
            [
              29.9069792045,
              -1.3521180224
            ],
            [
              29.9068224212,
              -1.3508104947
            ],
            [
              29.9074672436,
              -1.3495367156
            ],
            [
              29.9074006762,
              -1.349248141
            ],
            [
              29.9064221439,
              -1.3488905284
            ],
            [
              29.9062419549,
              -1.3486848151
            ],
            [
              29.9062404811,
              -1.3482135407
            ],
            [
              29.9064949222,
              -1.3478487714
            ],
            [
              29.9071844131,
              -1.3474783891
            ],
            [
              29.9080950102,
              -1.3473019318
            ],
            [
              29.9085984886,
              -1.3466191922
            ],
            [
              29.9087868886,
              -1.3457614668
            ],
            [
              29.9086845657,
              -1.3454394251
            ],
            [
              29.9082124233,
              -1.3452188382
            ],
            [
              29.9072221711,
              -1.3452859124
            ],
            [
              29.9062822731,
              -1.3455808002
            ],
            [
              29.9056506107,
              -1.3456078825
            ],
            [
              29.9052586861,
              -1.3454232888
            ],
            [
              29.9048420925,
              -1.3448645221
            ],
            [
              29.904502171,
              -1.3446690521
            ],
            [
              29.9042443967,
              -1.3429069427
            ],
            [
              29.9049362041,
              -1.3429920497
            ],
            [
              29.9050998314,
              -1.3429002786
            ],
            [
              29.9051695555,
              -1.342279137
            ],
            [
              29.9055293024,
              -1.342090613
            ],
            [
              29.9065151687,
              -1.3420883682
            ],
            [
              29.9068309826,
              -1.3418538176
            ],
            [
              29.9079920903,
              -1.3424259155
            ],
            [
              29.9083610668,
              -1.3423332323
            ],
            [
              29.9083946475,
              -1.3404471461
            ],
            [
              29.9095030496,
              -1.33960654
            ],
            [
              29.9107929044,
              -1.3380958172
            ],
            [
              29.9108384863,
              -1.3377534279
            ],
            [
              29.9104699308,
              -1.3363958675
            ],
            [
              29.9097029944,
              -1.3361246227
            ],
            [
              29.9091918677,
              -1.3356648522
            ],
            [
              29.9092069909,
              -1.3352092914
            ],
            [
              29.9093953573,
              -1.3349901059
            ],
            [
              29.9098693943,
              -1.3348500627
            ],
            [
              29.9103174286,
              -1.3342551609
            ],
            [
              29.9101980858,
              -1.3336410339
            ],
            [
              29.9095642823,
              -1.3327080205
            ],
            [
              29.9094571854,
              -1.3318516947
            ],
            [
              29.9089852548,
              -1.3314804682
            ],
            [
              29.9079527887,
              -1.331306607
            ],
            [
              29.9077411235,
              -1.3308308387
            ],
            [
              29.9079771771,
              -1.3300032787
            ],
            [
              29.9078545707,
              -1.3297981951
            ],
            [
              29.9060353771,
              -1.3293300742
            ],
            [
              29.9056372405,
              -1.3285911984
            ],
            [
              29.9062390774,
              -1.3280874346
            ],
            [
              29.9068028408,
              -1.3279158179
            ],
            [
              29.9071935377,
              -1.3275415032
            ],
            [
              29.9074194499,
              -1.327027496
            ],
            [
              29.9073887111,
              -1.3263203336
            ],
            [
              29.9071787989,
              -1.3257908904
            ],
            [
              29.9068609846,
              -1.3254489193
            ],
            [
              29.9050955855,
              -1.3249899894
            ],
            [
              29.9030506202,
              -1.3249684494
            ],
            [
              29.9027494034,
              -1.3248147945
            ],
            [
              29.902551949,
              -1.3244095381
            ],
            [
              29.902537562,
              -1.3239840041
            ],
            [
              29.9033574498,
              -1.3231638089
            ],
            [
              29.9048049314,
              -1.3222494554
            ],
            [
              29.9058051136,
              -1.3219102221
            ],
            [
              29.9060461505,
              -1.3216129443
            ],
            [
              29.9061183656,
              -1.3211356313
            ],
            [
              29.9059103148,
              -1.319659206
            ],
            [
              29.9055044239,
              -1.3188630055
            ],
            [
              29.9053046535,
              -1.3186020712
            ],
            [
              29.9047027135,
              -1.3186053694
            ],
            [
              29.9032895155,
              -1.3198490661
            ],
            [
              29.902660309,
              -1.3201177176
            ],
            [
              29.9021293552,
              -1.319789989
            ],
            [
              29.9021247937,
              -1.3193507732
            ],
            [
              29.9018195772,
              -1.319172069
            ],
            [
              29.9013617524,
              -1.3191467408
            ],
            [
              29.9007421247,
              -1.3186861957
            ],
            [
              29.8991048056,
              -1.3187564288
            ],
            [
              29.8988962977,
              -1.3185978621
            ],
            [
              29.8988023608,
              -1.3180101822
            ],
            [
              29.8989390735,
              -1.3175943308
            ],
            [
              29.8993013467,
              -1.3168307531
            ],
            [
              29.8999052539,
              -1.3161924874
            ],
            [
              29.8999105869,
              -1.3159067853
            ],
            [
              29.8996654801,
              -1.3156491491
            ],
            [
              29.8988984028,
              -1.3153352424
            ],
            [
              29.898734601,
              -1.3151094594
            ],
            [
              29.8988274857,
              -1.3148790461
            ],
            [
              29.8996704281,
              -1.3145719456
            ],
            [
              29.9007444768,
              -1.3145689295
            ],
            [
              29.900949579,
              -1.3141951737
            ],
            [
              29.9010321481,
              -1.3134066181
            ],
            [
              29.901291395,
              -1.3131248456
            ],
            [
              29.9016640558,
              -1.3132406139
            ],
            [
              29.9023224231,
              -1.312251113
            ],
            [
              29.9027684572,
              -1.312038029
            ],
            [
              29.9029990366,
              -1.3116757796
            ],
            [
              29.9041800056,
              -1.3115990926
            ],
            [
              29.9047747886,
              -1.3113607514
            ],
            [
              29.9049210453,
              -1.3099147014
            ],
            [
              29.90521584,
              -1.3090218121
            ],
            [
              29.9050409135,
              -1.3086280602
            ],
            [
              29.9043022257,
              -1.3085179052
            ],
            [
              29.9030739897,
              -1.3090569629
            ],
            [
              29.9019777997,
              -1.3091573666
            ],
            [
              29.901659213,
              -1.3093976035
            ],
            [
              29.9012999934,
              -1.3094218797
            ],
            [
              29.9008565203,
              -1.3092913068
            ],
            [
              29.9001483239,
              -1.3079111395
            ],
            [
              29.8996331262,
              -1.3074124235
            ],
            [
              29.8987935889,
              -1.3072724479
            ],
            [
              29.8985823782,
              -1.3074752884
            ],
            [
              29.8986191887,
              -1.3083454446
            ],
            [
              29.8984762652,
              -1.3088885727
            ],
            [
              29.8982227359,
              -1.3089343907
            ],
            [
              29.8979690334,
              -1.3087750508
            ],
            [
              29.8976645178,
              -1.3082206966
            ],
            [
              29.8967308665,
              -1.3080382025
            ],
            [
              29.8961214161,
              -1.3076387683
            ],
            [
              29.8958613962,
              -1.3072550475
            ],
            [
              29.8958079533,
              -1.3061868226
            ],
            [
              29.89554488,
              -1.3059117146
            ],
            [
              29.8948973911,
              -1.305885474
            ],
            [
              29.8934194514,
              -1.3049128084
            ],
            [
              29.8933110575,
              -1.3041099362
            ],
            [
              29.8933841865,
              -1.3030668976
            ],
            [
              29.8945071856,
              -1.3016635031
            ],
            [
              29.8946475826,
              -1.3011942545
            ],
            [
              29.8945910511,
              -1.3005453882
            ],
            [
              29.8953406197,
              -1.2999649316
            ],
            [
              29.8957394564,
              -1.2987773548
            ],
            [
              29.896066043,
              -1.2986436954
            ],
            [
              29.8964135086,
              -1.2987798104
            ],
            [
              29.8970046423,
              -1.2987091578
            ],
            [
              29.8976598857,
              -1.2976302624
            ],
            [
              29.8980757078,
              -1.2975033388
            ],
            [
              29.8987559005,
              -1.2977479957
            ],
            [
              29.8993589648,
              -1.2976377699
            ],
            [
              29.9000394388,
              -1.2965900973
            ],
            [
              29.9003934318,
              -1.2965733286
            ],
            [
              29.9010475167,
              -1.2973259655
            ],
            [
              29.9019718344,
              -1.2976663271
            ],
            [
              29.9022525589,
              -1.2976351742
            ],
            [
              29.9026377099,
              -1.2972428228
            ],
            [
              29.9028993093,
              -1.2959091666
            ],
            [
              29.9024222196,
              -1.2946510742
            ],
            [
              29.9025901982,
              -1.2936246606
            ],
            [
              29.9028733082,
              -1.2930065236
            ],
            [
              29.9034267898,
              -1.2927448861
            ],
            [
              29.9036013635,
              -1.2935742135
            ],
            [
              29.9038605775,
              -1.2937167144
            ],
            [
              29.9054772642,
              -1.2932474641
            ],
            [
              29.9059878292,
              -1.2916887223
            ],
            [
              29.9063627364,
              -1.2911667089
            ],
            [
              29.9065632778,
              -1.2888114044
            ],
            [
              29.9068707405,
              -1.2882397151
            ],
            [
              29.9074912443,
              -1.2880522389
            ],
            [
              29.9078182868,
              -1.2882432222
            ],
            [
              29.907890468,
              -1.2887894426
            ],
            [
              29.90886686,
              -1.289736295
            ],
            [
              29.9093188596,
              -1.2897673768
            ],
            [
              29.9099527343,
              -1.2895538708
            ],
            [
              29.9094440623,
              -1.2874331191
            ],
            [
              29.9095716155,
              -1.2872013696
            ],
            [
              29.9097909314,
              -1.2870530457
            ],
            [
              29.9110688897,
              -1.286892582
            ],
            [
              29.9121935737,
              -1.2874679911
            ],
            [
              29.9135255714,
              -1.2872998797
            ],
            [
              29.914205589,
              -1.2870110183
            ],
            [
              29.9151367845,
              -1.2861485013
            ],
            [
              29.9152067547,
              -1.2841315889
            ],
            [
              29.914677029,
              -1.2830216767
            ],
            [
              29.9142354871,
              -1.2828215703
            ],
            [
              29.9132662889,
              -1.2828926468
            ],
            [
              29.911999453,
              -1.2836280271
            ],
            [
              29.910784482,
              -1.2838286237
            ],
            [
              29.9103674325,
              -1.2838556366
            ],
            [
              29.909773492,
              -1.2835388503
            ],
            [
              29.909795844,
              -1.2832427613
            ],
            [
              29.910438245,
              -1.2822957673
            ],
            [
              29.9119823292,
              -1.2812540524
            ],
            [
              29.9136625655,
              -1.2805012701
            ],
            [
              29.9138818809,
              -1.2801197918
            ],
            [
              29.9137487116,
              -1.2796707468
            ],
            [
              29.9131445949,
              -1.2787214352
            ],
            [
              29.9128766096,
              -1.2786991938
            ],
            [
              29.9117020274,
              -1.2802350703
            ],
            [
              29.9108084486,
              -1.2805464554
            ],
            [
              29.9102708632,
              -1.2809816077
            ],
            [
              29.9100817963,
              -1.2814705756
            ],
            [
              29.9090283113,
              -1.2827440406
            ],
            [
              29.9083165713,
              -1.2828074688
            ],
            [
              29.9081839303,
              -1.2823528806
            ],
            [
              29.9082805686,
              -1.2812946764
            ],
            [
              29.9085478882,
              -1.2806796254
            ],
            [
              29.9085034636,
              -1.280311618
            ],
            [
              29.9078056903,
              -1.2802109334
            ],
            [
              29.9056223974,
              -1.2802749222
            ],
            [
              29.9050651962,
              -1.2805689772
            ],
            [
              29.9048558126,
              -1.2809533322
            ],
            [
              29.9054218561,
              -1.2818585799
            ],
            [
              29.9061229635,
              -1.2824340595
            ],
            [
              29.9061345785,
              -1.2828017847
            ],
            [
              29.9057729366,
              -1.2830848943
            ],
            [
              29.9047216612,
              -1.2832433224
            ],
            [
              29.9043791436,
              -1.2836186265
            ],
            [
              29.9039139497,
              -1.2838472882
            ],
            [
              29.9032339321,
              -1.2837972617
            ],
            [
              29.9025912508,
              -1.2848358887
            ],
            [
              29.9019489201,
              -1.2853891257
            ],
            [
              29.90189625,
              -1.285652097
            ],
            [
              29.9021644117,
              -1.286015893
            ],
            [
              29.9020811057,
              -1.2863300143
            ],
            [
              29.9016205784,
              -1.2867354172
            ],
            [
              29.9015626098,
              -1.2871838304
            ],
            [
              29.9020535948,
              -1.2873810588
            ],
            [
              29.9027940389,
              -1.2873518699
            ],
            [
              29.9028024248,
              -1.2878049841
            ],
            [
              29.901263815,
              -1.2887282601
            ],
            [
              29.9010152691,
              -1.2895023711
            ],
            [
              29.90064496,
              -1.2898676404
            ],
            [
              29.8999505896,
              -1.2897630976
            ],
            [
              29.899070381,
              -1.2900771466
            ],
            [
              29.8979063615,
              -1.2897973361
            ],
            [
              29.8967254282,
              -1.2892207359
            ],
            [
              29.8961304695,
              -1.2891818653
            ],
            [
              29.8956927521,
              -1.2893454161
            ],
            [
              29.8953789029,
              -1.2896045985
            ],
            [
              29.8949485179,
              -1.2904240334
            ],
            [
              29.8949671862,
              -1.2909632363
            ],
            [
              29.8946700053,
              -1.2910162091
            ],
            [
              29.8943967563,
              -1.2915028608
            ],
            [
              29.8935247932,
              -1.2904300671
            ],
            [
              29.8912841983,
              -1.2895470649
            ],
            [
              29.8912605837,
              -1.2860746909
            ],
            [
              29.8918493655,
              -1.2847549896
            ],
            [
              29.8930936022,
              -1.2837065402
            ],
            [
              29.8940646603,
              -1.2835721777
            ],
            [
              29.8940060938,
              -1.284281178
            ],
            [
              29.89420274,
              -1.2844032616
            ],
            [
              29.894468411,
              -1.2841089973
            ],
            [
              29.8952161881,
              -1.2813798554
            ],
            [
              29.8947474148,
              -1.281305693
            ],
            [
              29.8943135922,
              -1.2809284246
            ],
            [
              29.8942153739,
              -1.2803866229
            ],
            [
              29.8945483465,
              -1.2799245964
            ],
            [
              29.8960559732,
              -1.279253905
            ],
            [
              29.897043557,
              -1.2798336658
            ],
            [
              29.8976266554,
              -1.2797908653
            ],
            [
              29.8982675477,
              -1.2791786195
            ],
            [
              29.8983377624,
              -1.2786448863
            ],
            [
              29.8981748031,
              -1.2784080855
            ],
            [
              29.8971767266,
              -1.2783263449
            ],
            [
              29.8971028958,
              -1.2779349025
            ],
            [
              29.8977111177,
              -1.277050844
            ],
            [
              29.8983556251,
              -1.2765293892
            ],
            [
              29.8991503877,
              -1.276296167
            ],
            [
              29.8990472566,
              -1.2753030725
            ],
            [
              29.8986367334,
              -1.2751901082
            ],
            [
              29.897982157,
              -1.2752545889
            ],
            [
              29.8977432262,
              -1.2748453254
            ],
            [
              29.8978815177,
              -1.27428058
            ],
            [
              29.8981758207,
              -1.2738180609
            ],
            [
              29.8989452494,
              -1.2734010791
            ],
            [
              29.8991475455,
              -1.2730593826
            ],
            [
              29.8988222212,
              -1.2719796352
            ],
            [
              29.8987885696,
              -1.2708763136
            ],
            [
              29.8980744448,
              -1.2708125346
            ],
            [
              29.8973430549,
              -1.2722861811
            ],
            [
              29.8971346874,
              -1.2733772239
            ],
            [
              29.8957250346,
              -1.2750890031
            ],
            [
              29.8950614044,
              -1.2750368724
            ],
            [
              29.8948512467,
              -1.2747849847
            ],
            [
              29.8948230699,
              -1.2744060319
            ],
            [
              29.8950900381,
              -1.273730848
            ],
            [
              29.8951111618,
              -1.2728098816
            ],
            [
              29.894703236,
              -1.2723442056
            ],
            [
              29.8942246381,
              -1.2721836006
            ],
            [
              29.8939189998,
              -1.2723549404
            ],
            [
              29.8934938796,
              -1.2732317736
            ],
            [
              29.8933834145,
              -1.2738223414
            ],
            [
              29.8935087925,
              -1.2746634618
            ],
            [
              29.893122798,
              -1.2776437949
            ],
            [
              29.8921352485,
              -1.2777216769
            ],
            [
              29.891729392,
              -1.2780484976
            ],
            [
              29.8912945508,
              -1.2781820188
            ],
            [
              29.8910929557,
              -1.2779549001
            ],
            [
              29.8911760844,
              -1.2773464438
            ],
            [
              29.8916773175,
              -1.276623759
            ],
            [
              29.8916801948,
              -1.2758203883
            ],
            [
              29.8914600024,
              -1.2758462079
            ],
            [
              29.8912813216,
              -1.2762320366
            ],
            [
              29.8909636125,
              -1.2763103394
            ],
            [
              29.8905785658,
              -1.2757616606
            ],
            [
              29.890145374,
              -1.2755118082
            ],
            [
              29.8896114379,
              -1.2755527843
            ],
            [
              29.889216004,
              -1.2759342634
            ],
            [
              29.8890383404,
              -1.2771238149
            ],
            [
              29.888501562,
              -1.2771769975
            ],
            [
              29.8877663831,
              -1.2765717682
            ],
            [
              29.887095699,
              -1.2750079639
            ],
            [
              29.886566098,
              -1.2747933475
            ],
            [
              29.8866066132,
              -1.3106389815
            ],
            [
              29.8949695335,
              -1.3106292592
            ],
            [
              29.8950186772,
              -1.3527143514
            ],
            [
              29.8866556148,
              -1.3527243851
            ],
            [
              29.8866959336,
              -1.3863926961
            ],
            [
              29.8950591119,
              -1.3863824118
            ],
            [
              29.8950693756,
              -1.3947994255
            ],
            [
              29.9034325216,
              -1.3947890491
            ],
            [
              29.9034428771,
              -1.4032059999
            ],
            [
              29.8950797017,
              -1.4032164382
            ],
            [
              29.895100541,
              -1.4200504624
            ],
            [
              29.9118269507,
              -1.4200293043
            ],
            [
              29.9118481591,
              -1.4368630738
            ],
            [
              29.9202113305,
              -1.4368523232
            ],
            [
              29.9202220597,
              -1.4452691437
            ],
            [
              29.9285851994,
              -1.4452582991
            ],
            [
              29.9286069071,
              -1.4620918123
            ],
            [
              29.950425359,
              -1.4620630422
            ],
            [
              29.9536946096,
              -1.4608933505
            ],
            [
              29.953685155,
              -1.4536421453
            ],
            [
              29.9620480724,
              -1.4536311129
            ],
            [
              29.9620262447,
              -1.4367981074
            ],
            [
              29.9703890372,
              -1.4367871721
            ],
            [
              29.9703999503,
              -1.445203611
            ],
            [
              29.9787627091,
              -1.4451925806
            ],
            [
              29.9787733416,
              -1.45332341
            ],
            [
              29.9792500733,
              -1.45276
            ],
            [
              29.983259837,
              -1.4495127628
            ],
            [
              29.9811876441,
              -1.4471127836
            ],
            [
              29.9764113398,
              -1.4272300469
            ],
            [
              29.974491325,
              -1.4117420068
            ],
            [
              29.9703385443,
              -1.397183943
            ],
            [
              29.9703460239,
              -1.403121408
            ],
            [
              29.9619833527,
              -1.4031320866
            ],
            [
              29.9619939798,
              -1.4115485928
            ],
            [
              29.9452683858,
              -1.4115699882
            ],
            [
              29.9452578179,
              -1.4031533547
            ],
            [
              29.9368949564,
              -1.4031639442
            ],
            [
              29.9368740689,
              -1.3863305474
            ],
            [
              29.9452368718,
              -1.3863200855
            ],
            [
              29.9452264936,
              -1.377903449
            ],
            [
              29.9368637207,
              -1.3779138479
            ],
            [
              29.9368534348,
              -1.3694971483
            ],
            [
              29.9284906265,
              -1.3695074528
            ],
            [
              29.9284703037,
              -1.3526739251
            ],
            [
              29.9201074911,
              -1.3526840747
            ],
            [
              29.920077562,
              -1.3274335876
            ],
            [
              29.9244067436,
              -1.3274284343
            ]
          ]
        ]
      },
      "properties": {
        "country": "Uganda",
        "country_code": "UGA",
        "species_name": "Eucalyptus_grandis_nitens",
        "genus": "Eucalyptus",
        "species": "grandis_nitens",
        "suitability_name": "Marginally suitable",
        "suitability_rank": 3,
        "soil_suitability": "S1",
        "soil_type": "Ferrallitic Soils",
        "soil_description": "Humic ferrallitic - Not differentiated",
        "site_class": null,
        "maz": "I",
        "maz_zone": null,
        "tz": "5",
        "frost_risk": null,
        "source_layer": "SWIFT_SSMT_Uganda"
      }
    },
    {
      "type": "Feature",
      "geometry": {
        "type": "Polygon",
        "coordinates": [
          [
            [
              29.9428493703,
              -1.3358230674
            ],
            [
              29.9429358514,
              -1.3350032964
            ],
            [
              29.9421019968,
              -1.3347674123
            ],
            [
              29.9418334154,
              -1.3341900498
            ],
            [
              29.9419423349,
              -1.3339439921
            ],
            [
              29.9429617129,
              -1.3334205144
            ],
            [
              29.9428950752,
              -1.3325279153
            ],
            [
              29.9416634719,
              -1.3316576965
            ],
            [
              29.941287057,
              -1.3299665135
            ],
            [
              29.9408216865,
              -1.3298334866
            ],
            [
              29.9395588176,
              -1.3304765916
            ],
            [
              29.9386146745,
              -1.3305354574
            ],
            [
              29.9386092341,
              -1.3297694274
            ],
            [
              29.938439783,
              -1.329563152
            ],
            [
              29.9385759344,
              -1.3287574121
            ],
            [
              29.9394849877,
              -1.3280018369
            ],
            [
              29.9395459042,
              -1.3275266297
            ],
            [
              29.9393765223,
              -1.327290394
            ],
            [
              29.9375747334,
              -1.3272536997
            ],
            [
              29.9379839584,
              -1.3264773564
            ],
            [
              29.9392280195,
              -1.3254789491
            ],
            [
              29.9393869098,
              -1.3250257028
            ],
            [
              29.9389921066,
              -1.3241493774
            ],
            [
              29.938952139,
              -1.3236148818
            ],
            [
              29.9399523556,
              -1.3222360541
            ],
            [
              29.9398578228,
              -1.3214811099
            ],
            [
              29.9395480801,
              -1.3211341571
            ],
            [
              29.9382925445,
              -1.3205974167
            ],
            [
              29.9380767719,
              -1.3201268379
            ],
            [
              29.9373163633,
              -1.3191867338
            ],
            [
              29.9367806373,
              -1.3168545386
            ],
            [
              29.9364076958,
              -1.3160028381
            ],
            [
              29.9349027026,
              -1.3157562867
            ],
            [
              29.9347747272,
              -1.3154903711
            ],
            [
              29.9350250976,
              -1.3151233523
            ],
            [
              29.9349207733,
              -1.3148786252
            ],
            [
              29.9344257523,
              -1.3147520528
            ],
            [
              29.9334562393,
              -1.3149070418
            ],
            [
              29.9329309355,
              -1.3144243944
            ],
            [
              29.9331966398,
              -1.3138936158
            ],
            [
              29.9342627226,
              -1.3128257432
            ],
            [
              29.9342614585,
              -1.3124758433
            ],
            [
              29.9339911582,
              -1.3123118723
            ],
            [
              29.9332201154,
              -1.31244848
            ],
            [
              29.9326508433,
              -1.312378107
            ],
            [
              29.9313570929,
              -1.3114662045
            ],
            [
              29.9304191613,
              -1.3112918509
            ],
            [
              29.93004801,
              -1.3109260235
            ],
            [
              29.93073473,
              -1.3099473266
            ],
            [
              29.9313778665,
              -1.3096078796
            ],
            [
              29.9316481335,
              -1.3089340389
            ],
            [
              29.9317458606,
              -1.3084864726
            ],
            [
              29.9312403122,
              -1.3073712367
            ],
            [
              29.9306233528,
              -1.3073758689
            ],
            [
              29.9296353112,
              -1.3078758466
            ],
            [
              29.9286342859,
              -1.3075422234
            ],
            [
              29.927979569,
              -1.3075544319
            ],
            [
              29.927722848,
              -1.3079108582
            ],
            [
              29.9277233038,
              -1.3083537235
            ],
            [
              29.9285259274,
              -1.3095003904
            ],
            [
              29.9280971573,
              -1.3105333946
            ],
            [
              29.927918266,
              -1.3108173422
            ],
            [
              29.9275587288,
              -1.3109173932
            ],
            [
              29.9261713581,
              -1.3108778213
            ],
            [
              29.9259161815,
              -1.3110189184
            ],
            [
              29.92586723,
              -1.3122577776
            ],
            [
              29.9257698541,
              -1.3128350753
            ],
            [
              29.9254025624,
              -1.3136458721
            ],
            [
              29.9253983173,
              -1.314354723
            ],
            [
              29.9245235827,
              -1.3154762684
            ],
            [
              29.9245686033,
              -1.3159605996
            ],
            [
              29.9256281936,
              -1.3171754614
            ],
            [
              29.9255902955,
              -1.3183408576
            ],
            [
              29.925333293,
              -1.3188567611
            ],
            [
              29.9253935094,
              -1.3193034842
            ],
            [
              29.9260236985,
              -1.320633268
            ],
            [
              29.9268648515,
              -1.320622394
            ],
            [
              29.9271968769,
              -1.3209949563
            ],
            [
              29.9271348026,
              -1.3212612916
            ],
            [
              29.9267647734,
              -1.3215072104
            ],
            [
              29.9259202161,
              -1.3225192996
            ],
            [
              29.9256916562,
              -1.3274269035
            ],
            [
              29.9368029531,
              -1.3274136382
            ],
            [
              29.9368129231,
              -1.3358303413
            ],
            [
              29.9428493703,
              -1.3358230674
            ]
          ]
        ]
      },
      "properties": {
        "country": "Uganda",
        "country_code": "UGA",
        "species_name": "Eucalyptus_grandis_nitens",
        "genus": "Eucalyptus",
        "species": "grandis_nitens",
        "suitability_name": "Marginally suitable",
        "suitability_rank": 3,
        "soil_suitability": "S1",
        "soil_type": "Ferrallitic Soils",
        "soil_description": "Humic ferrallitic - Not differentiated",
        "site_class": null,
        "maz": "I",
        "maz_zone": null,
        "tz": "5",
        "frost_risk": null,
        "source_layer": "SWIFT_SSMT_Uganda"
      }
    },
    {
      "type": "Feature",
      "geometry": {
        "type": "Polygon",
        "coordinates": [
          [
            [
              29.9535589142,
              -1.3530995264
            ],
            [
              29.9544296179,
              -1.3525841749
            ],
            [
              29.9544961503,
              -1.3523162978
            ],
            [
              29.9543011881,
              -1.3519551076
            ],
            [
              29.9535897634,
              -1.3516117383
            ],
            [
              29.9527415236,
              -1.3515694315
            ],
            [
              29.9522229569,
              -1.3507338787
            ],
            [
              29.9522149207,
              -1.3497123999
            ],
            [
              29.951394506,
              -1.3485170586
            ],
            [
              29.9508062507,
              -1.3485270931
            ],
            [
              29.9500008542,
              -1.3481888443
            ],
            [
              29.9490542195,
              -1.3472301576
            ],
            [
              29.9486023949,
              -1.347007745
            ],
            [
              29.9484652261,
              -1.3467082967
            ],
            [
              29.9490307787,
              -1.3460307473
            ],
            [
              29.9499218312,
              -1.3454763299
            ],
            [
              29.9501402691,
              -1.3452150491
            ],
            [
              29.950276314,
              -1.3446931871
            ],
            [
              29.9499750636,
              -1.3444112071
            ],
            [
              29.9488367639,
              -1.3442685688
            ],
            [
              29.9487355985,
              -1.3434824797
            ],
            [
              29.94942695,
              -1.3425921288
            ],
            [
              29.9500089948,
              -1.3424478068
            ],
            [
              29.9507255418,
              -1.34180274
            ],
            [
              29.9509870366,
              -1.3414689808
            ],
            [
              29.9509427524,
              -1.3409543452
            ],
            [
              29.9501878863,
              -1.3403947361
            ],
            [
              29.9495014128,
              -1.3403219786
            ],
            [
              29.948308513,
              -1.3407865182
            ],
            [
              29.9476550931,
              -1.341358968
            ],
            [
              29.9457191893,
              -1.3413304822
            ],
            [
              29.945182437,
              -1.3415842946
            ],
            [
              29.9451957394,
              -1.3526535385
            ],
            [
              29.9535583629,
              -1.3526433015
            ],
            [
              29.9535589142,
              -1.3530995264
            ]
          ]
        ]
      },
      "properties": {
        "country": "Uganda",
        "country_code": "UGA",
        "species_name": "Eucalyptus_grandis_nitens",
        "genus": "Eucalyptus",
        "species": "grandis_nitens",
        "suitability_name": "Marginally suitable",
        "suitability_rank": 3,
        "soil_suitability": "S1",
        "soil_type": "Ferrallitic Soils",
        "soil_description": "Humic ferrallitic - Not differentiated",
        "site_class": null,
        "maz": "I",
        "maz_zone": null,
        "tz": "5",
        "frost_risk": null,
        "source_layer": "SWIFT_SSMT_Uganda"
      }
    },
    {
      "type": "Feature",
      "geometry": {
        "type": "Polygon",
        "coordinates": [
          [
            [
              29.9535648112,
              -1.3579610886
            ],
            [
              29.9542272169,
              -1.356679909
            ],
            [
              29.9538684882,
              -1.3558158025
            ],
            [
              29.9535617799,
              -1.3554642453
            ],
            [
              29.9535648112,
              -1.3579610886
            ]
          ]
        ]
      },
      "properties": {
        "country": "Uganda",
        "country_code": "UGA",
        "species_name": "Eucalyptus_grandis_nitens",
        "genus": "Eucalyptus",
        "species": "grandis_nitens",
        "suitability_name": "Marginally suitable",
        "suitability_rank": 3,
        "soil_suitability": "S1",
        "soil_type": "Ferrallitic Soils",
        "soil_description": "Humic ferrallitic - Not differentiated",
        "site_class": null,
        "maz": "I",
        "maz_zone": null,
        "tz": "5",
        "frost_risk": null,
        "source_layer": "SWIFT_SSMT_Uganda"
      }
    },
    {
      "type": "Feature",
      "geometry": {
        "type": "Polygon",
        "coordinates": [
          [
            [
              29.9592528343,
              -1.3563817234
            ],
            [
              29.9583512203,
              -1.35614928
            ],
            [
              29.9570236094,
              -1.3561093577
            ],
            [
              29.956411456,
              -1.3561826759
            ],
            [
              29.9560199176,
              -1.3565705977
            ],
            [
              29.9557683541,
              -1.3579393713
            ],
            [
              29.9549610631,
              -1.3596153817
            ],
            [
              29.9541527546,
              -1.3604017481
            ],
            [
              29.9537776733,
              -1.3612186333
            ],
            [
              29.9536110296,
              -1.3617246343
            ],
            [
              29.9535708771,
              -1.3629453294
            ],
            [
              29.9535788605,
              -1.3694764482
            ],
            [
              29.9618655684,
              -1.3694661498
            ],
            [
              29.9611348364,
              -1.3675819028
            ],
            [
              29.9592528343,
              -1.3563817234
            ]
          ]
        ]
      },
      "properties": {
        "country": "Uganda",
        "country_code": "UGA",
        "species_name": "Eucalyptus_grandis_nitens",
        "genus": "Eucalyptus",
        "species": "grandis_nitens",
        "suitability_name": "Marginally suitable",
        "suitability_rank": 3,
        "soil_suitability": "S1",
        "soil_type": "Ferrallitic Soils",
        "soil_description": "Humic ferrallitic - Not differentiated",
        "site_class": null,
        "maz": "I",
        "maz_zone": null,
        "tz": "5",
        "frost_risk": null,
        "source_layer": "SWIFT_SSMT_Uganda"
      }
    },
    {
      "type": "Feature",
      "geometry": {
        "type": "Polygon",
        "coordinates": [
          [
            [
              29.8527541924,
              -0.8898103587
            ],
            [
              29.8527535514,
              -0.8889755348
            ],
            [
              29.8465773306,
              -0.8838968124
            ],
            [
              29.8443894117,
              -0.8862601605
            ],
            [
              29.8443921328,
              -0.889816862
            ],
            [
              29.841094359,
              -0.8898194224
            ],
            [
              29.8399325764,
              -0.8910743641
            ],
            [
              29.836033606,
              -0.8945138896
            ],
            [
              29.836043,
              -0.9066583077
            ],
            [
              29.8276807798,
              -0.9066648959
            ],
            [
              29.8276873455,
              -0.9150824354
            ],
            [
              29.8119904339,
              -0.9150948654
            ],
            [
              29.8109631731,
              -0.9157226723
            ],
            [
              29.8109692728,
              -0.9235133385
            ],
            [
              29.8026068317,
              -0.9235199904
            ],
            [
              29.8026134595,
              -0.9319377119
            ],
            [
              29.7895703835,
              -0.9319481414
            ],
            [
              29.7898985509,
              -0.9352252072
            ],
            [
              29.7875147783,
              -0.9487854516
            ],
            [
              29.794264337,
              -0.9487799675
            ],
            [
              29.7942779741,
              -0.9656155278
            ],
            [
              29.7859153134,
              -0.965622441
            ],
            [
              29.7859222019,
              -0.9740402818
            ],
            [
              29.7824795344,
              -0.9740431471
            ],
            [
              29.7849497469,
              -0.9836453326
            ],
            [
              29.7913692403,
              -0.9911712915
            ],
            [
              29.7995735623,
              -1.0026405938
            ],
            [
              29.8063503793,
              -1.0112419083
            ],
            [
              29.8084952197,
              -1.019488551
            ],
            [
              29.8077926525,
              -1.0309653646
            ],
            [
              29.8049473792,
              -1.0367060034
            ],
            [
              29.7992534919,
              -1.0413711409
            ],
            [
              29.8027051046,
              -1.0413680509
            ],
            [
              29.8027125755,
              -1.049785766
            ],
            [
              29.8110753304,
              -1.0497782054
            ],
            [
              29.8110678373,
              -1.04136055
            ],
            [
              29.8361556733,
              -1.0413379148
            ],
            [
              29.836163234,
              -1.0497553853
            ],
            [
              29.8445257463,
              -1.0497477349
            ],
            [
              29.8445333894,
              -1.0581651435
            ],
            [
              29.8528958629,
              -1.0581574081
            ],
            [
              29.8529035889,
              -1.0665747554
            ],
            [
              29.8612660246,
              -1.0665669365
            ],
            [
              29.8612738355,
              -1.0749842215
            ],
            [
              29.8696362325,
              -1.0749763168
            ],
            [
              29.869644127,
              -1.0833935402
            ],
            [
              29.8780064844,
              -1.0833855512
            ],
            [
              29.8780306094,
              -1.1086370294
            ],
            [
              29.8613056928,
              -1.1086533568
            ],
            [
              29.8612976366,
              -1.1002360746
            ],
            [
              29.8445725193,
              -1.1002521833
            ],
            [
              29.8445805301,
              -1.1086695899
            ],
            [
              29.836217856,
              -1.1086776703
            ],
            [
              29.8362259034,
              -1.1170951378
            ],
            [
              29.7944115092,
              -1.1171354894
            ],
            [
              29.7944165907,
              -1.1224978523
            ],
            [
              29.8061007188,
              -1.1285146514
            ],
            [
              29.8143011313,
              -1.1342447356
            ],
            [
              29.8267858821,
              -1.1489361055
            ],
            [
              29.8467544107,
              -1.1650539815
            ],
            [
              29.8485434642,
              -1.1725831422
            ],
            [
              29.8596497072,
              -1.1626500627
            ],
            [
              29.8658224573,
              -1.1597748568
            ],
            [
              29.8697171261,
              -1.1583260942
            ],
            [
              29.8696845266,
              -1.1254796459
            ],
            [
              29.8780470008,
              -1.1254713459
            ],
            [
              29.8780387746,
              -1.1170541879
            ],
            [
              29.8882472138,
              -1.1170440993
            ],
            [
              29.8857254191,
              -1.1105058571
            ],
            [
              29.8857147969,
              -1.0995085991
            ],
            [
              29.8895150251,
              -1.0995048961
            ],
            [
              29.8966450437,
              -1.104279311
            ],
            [
              29.8990197058,
              -1.103798843
            ],
            [
              29.8990141585,
              -1.0980612113
            ],
            [
              29.8980563052,
              -1.0899338198
            ],
            [
              29.8942506498,
              -1.0841998423
            ],
            [
              29.8847429208,
              -1.0765587019
            ],
            [
              29.8785524186,
              -1.0603076567
            ],
            [
              29.8790303965,
              -1.0581330876
            ],
            [
              29.8696206268,
              -1.0581418703
            ],
            [
              29.8696129165,
              -1.0497246454
            ],
            [
              29.8528881974,
              -1.0497400612
            ],
            [
              29.8528805933,
              -1.0413227119
            ],
            [
              29.8445181643,
              -1.0413303241
            ],
            [
              29.8444884469,
              -1.0076606799
            ],
            [
              29.8194010539,
              -1.0076826481
            ],
            [
              29.8193938413,
              -0.9992650526
            ],
            [
              29.811031278,
              -0.9992722707
            ],
            [
              29.8110241471,
              -0.990854613
            ],
            [
              29.8193866902,
              -0.9908474558
            ],
            [
              29.8193795987,
              -0.9824298583
            ],
            [
              29.8277420604,
              -0.9824227401
            ],
            [
              29.8277280171,
              -0.9655876672
            ],
            [
              29.8360903769,
              -0.9655806497
            ],
            [
              29.8360834256,
              -0.9571631744
            ],
            [
              29.8528079209,
              -0.9571492008
            ],
            [
              29.8528009904,
              -0.9487318471
            ],
            [
              29.8611631265,
              -0.9487248916
            ],
            [
              29.8611700762,
              -0.9571421836
            ],
            [
              29.8695321718,
              -0.957135146
            ],
            [
              29.8695462974,
              -0.973969605
            ],
            [
              29.8611841619,
              -0.9739767656
            ],
            [
              29.8611912971,
              -0.9823940566
            ],
            [
              29.8528290795,
              -0.9824012593
            ],
            [
              29.8528434915,
              -0.9992359631
            ],
            [
              29.861205751,
              -0.9992286369
            ],
            [
              29.8612130706,
              -1.0076459261
            ],
            [
              29.8695752899,
              -1.0076385175
            ],
            [
              29.8695826916,
              -1.0160557433
            ],
            [
              29.8863069893,
              -1.016040737
            ],
            [
              29.886314496,
              -1.0244578394
            ],
            [
              29.9030385886,
              -1.0244426193
            ],
            [
              29.9030462019,
              -1.0328595958
            ],
            [
              29.9114081764,
              -1.0328518909
            ],
            [
              29.9114158733,
              -1.0412688031
            ],
            [
              29.919777808,
              -1.0412610138
            ],
            [
              29.9197855898,
              -1.0496778631
            ],
            [
              29.9365093147,
              -1.0496620892
            ],
            [
              29.9365172041,
              -1.058078812
            ],
            [
              29.9448789942,
              -1.0580708277
            ],
            [
              29.9448950072,
              -1.0749041441
            ],
            [
              29.9532567801,
              -1.0748960102
            ],
            [
              29.9532649043,
              -1.0833126037
            ],
            [
              29.9616266365,
              -1.0833043826
            ],
            [
              29.9616348466,
              -1.0917209115
            ],
            [
              29.9867197304,
              -1.0916959171
            ],
            [
              29.9867280735,
              -1.1001122537
            ],
            [
              30.0118124492,
              -1.1000868543
            ],
            [
              30.0118294714,
              -1.1169191363
            ],
            [
              30.0201908489,
              -1.1169104925
            ],
            [
              30.020199481,
              -1.1253265678
            ],
            [
              30.0285608155,
              -1.1253178343
            ],
            [
              30.0285660159,
              -1.1303437155
            ],
            [
              30.0291962073,
              -1.1304406241
            ],
            [
              30.0362092385,
              -1.1337257831
            ],
            [
              30.0369308309,
              -1.1337250217
            ],
            [
              30.0369311851,
              -1.1340639661
            ],
            [
              30.0434522837,
              -1.1371186363
            ],
            [
              30.0529536006,
              -1.1390208054
            ],
            [
              30.058652641,
              -1.1385366532
            ],
            [
              30.060548454,
              -1.1347100987
            ],
            [
              30.0600649772,
              -1.1265834916
            ],
            [
              30.0481800659,
              -1.1160784702
            ],
            [
              30.0401007813,
              -1.1113061438
            ],
            [
              30.0358183023,
              -1.1036613496
            ],
            [
              30.0339078225,
              -1.0931456009
            ],
            [
              30.0386483547,
              -1.0840573343
            ],
            [
              30.0500411514,
              -1.0778308772
            ],
            [
              30.0718869382,
              -1.075896514
            ],
            [
              30.0699747927,
              -1.0634688472
            ],
            [
              30.0628342322,
              -1.0467437198
            ],
            [
              30.0490501796,
              -1.0357616148
            ],
            [
              30.028141828,
              -1.0247859577
            ],
            [
              30.0077127146,
              -1.018590182
            ],
            [
              29.9901344781,
              -1.0138256884
            ],
            [
              29.9725634441,
              -1.0171887227
            ],
            [
              29.9592691729,
              -1.0229383601
            ],
            [
              29.9421717119,
              -1.0253447882
            ],
            [
              29.9340972186,
              -1.0258303753
            ],
            [
              29.929341591,
              -1.0196191558
            ],
            [
              29.9293372766,
              -1.0148379214
            ],
            [
              29.9307566881,
              -1.0086210272
            ],
            [
              29.9397747422,
              -1.0009629253
            ],
            [
              29.9459411151,
              -0.9913950182
            ],
            [
              29.9459331164,
              -0.9823108098
            ],
            [
              29.9354762989,
              -0.9741920189
            ],
            [
              29.9178953912,
              -0.9670354716
            ],
            [
              29.9050639391,
              -0.9593964104
            ],
            [
              29.9022103114,
              -0.9550956315
            ],
            [
              29.9022015292,
              -0.9445766581
            ],
            [
              29.9012412793,
              -0.9321459324
            ],
            [
              29.9012341822,
              -0.9234402781
            ],
            [
              29.8945903305,
              -0.9234457344
            ],
            [
              29.8945835478,
              -0.915028689
            ],
            [
              29.8611359382,
              -0.9150557191
            ],
            [
              29.8611197659,
              -0.8944269208
            ],
            [
              29.8570342301,
              -0.8924955073
            ],
            [
              29.8537678244,
              -0.8898095682
            ],
            [
              29.8527541924,
              -0.8898103587
            ]
          ],
          [
            [
              30.0368627001,
              -1.0663974576
            ],
            [
              30.0368709882,
              -1.0748134051
            ],
            [
              30.0285098579,
              -1.0748217691
            ],
            [
              30.0285015925,
              -1.0664057557
            ],
            [
              30.0201404187,
              -1.066414031
            ],
            [
              30.0201322422,
              -1.0579979524
            ],
            [
              30.0284933917,
              -1.0579897428
            ],
            [
              30.0284771852,
              -1.0411577135
            ],
            [
              30.0368382265,
              -1.0411496121
            ],
            [
              30.0368463179,
              -1.0495655611
            ],
            [
              30.0452073167,
              -1.0495573706
            ],
            [
              30.0452154961,
              -1.0579732539
            ],
            [
              30.0535764515,
              -1.0579649756
            ],
            [
              30.0535847192,
              -1.0663807921
            ],
            [
              30.0619456303,
              -1.0663724256
            ],
            [
              30.0619539875,
              -1.0747881751
            ],
            [
              30.0535930528,
              -1.074796608
            ],
            [
              30.0535847192,
              -1.0663807921
            ],
            [
              30.0368627001,
              -1.0663974576
            ]
          ],
          [
            [
              29.8527738813,
              -0.9150624274
            ],
            [
              29.8611359382,
              -0.9150557191
            ],
            [
              29.8611426428,
              -0.9234730128
            ],
            [
              29.8527805666,
              -0.9234797838
            ],
            [
              29.8527738813,
              -0.9150624274
            ]
          ]
        ]
      },
      "properties": {
        "country": "Uganda",
        "country_code": "UGA",
        "species_name": "Eucalyptus_grandis_nitens",
        "genus": "Eucalyptus",
        "species": "grandis_nitens",
        "suitability_name": "Marginally suitable",
        "suitability_rank": 3,
        "soil_suitability": "S1",
        "soil_type": "Ferrallitic Soils",
        "soil_description": "Dark horizons - not differentiated",
        "site_class": null,
        "maz": "I",
        "maz_zone": null,
        "tz": "5",
        "frost_risk": null,
        "source_layer": "SWIFT_SSMT_Uganda"
      }
    },
    {
      "type": "Feature",
      "geometry": {
        "type": "Polygon",
        "coordinates": [
          [
            [
              29.7308763444,
              -1.0414315565
            ],
            [
              29.7294151674,
              -1.0410763533
            ],
            [
              29.7183638878,
              -1.0346301199
            ],
            [
              29.7076673924,
              -1.0263901185
            ],
            [
              29.6976844486,
              -1.0192253263
            ],
            [
              29.6809304804,
              -1.0109900192
            ],
            [
              29.6670308281,
              -1.0074148125
            ],
            [
              29.6613313164,
              -1.0095715584
            ],
            [
              29.6563500028,
              -1.0185425784
            ],
            [
              29.6563573808,
              -1.027509488
            ],
            [
              29.6585076311,
              -1.0422134038
            ],
            [
              29.6652882834,
              -1.0544025462
            ],
            [
              29.6689086678,
              -1.0595654671
            ],
            [
              29.6688933156,
              -1.0414850334
            ],
            [
              29.6605295846,
              -1.0414921546
            ],
            [
              29.6605155692,
              -1.0246547161
            ],
            [
              29.6772428882,
              -1.0246406811
            ],
            [
              29.6772499103,
              -1.0330592853
            ],
            [
              29.685613505,
              -1.0330521763
            ],
            [
              29.6856206072,
              -1.0414707223
            ],
            [
              29.6939841665,
              -1.0414635342
            ],
            [
              29.6939913484,
              -1.0498820199
            ],
            [
              29.7107183364,
              -1.0498674596
            ],
            [
              29.7107256209,
              -1.0582858284
            ],
            [
              29.7190890513,
              -1.0582784556
            ],
            [
              29.7190817444,
              -1.0498601444
            ],
            [
              29.7274450932,
              -1.0498528084
            ],
            [
              29.7274378223,
              -1.0414345554
            ],
            [
              29.7308763444,
              -1.0414315565
            ]
          ]
        ]
      },
      "properties": {
        "country": "Uganda",
        "country_code": "UGA",
        "species_name": "Eucalyptus_grandis_nitens",
        "genus": "Eucalyptus",
        "species": "grandis_nitens",
        "suitability_name": "Marginally suitable",
        "suitability_rank": 3,
        "soil_suitability": "S1",
        "soil_type": "Ferrallitic Soils",
        "soil_description": "Dark horizons - not differentiated",
        "site_class": null,
        "maz": "I",
        "maz_zone": null,
        "tz": "5",
        "frost_risk": null,
        "source_layer": "SWIFT_SSMT_Uganda"
      }
    },
    {
      "type": "Feature",
      "geometry": {
        "type": "Polygon",
        "coordinates": [
          [
            [
              29.7609628605,
              -1.121385253
            ],
            [
              29.7609589121,
              -1.1171673416
            ],
            [
              29.7442322583,
              -1.1171831235
            ],
            [
              29.7442167444,
              -1.1003468631
            ],
            [
              29.7274899474,
              -1.1003623138
            ],
            [
              29.7274976291,
              -1.1087805618
            ],
            [
              29.7183471361,
              -1.1087890387
            ],
            [
              29.7230642295,
              -1.1117372771
            ],
            [
              29.7387493258,
              -1.1192543596
            ],
            [
              29.7554982411,
              -1.1213904395
            ],
            [
              29.7609628605,
              -1.121385253
            ]
          ]
        ]
      },
      "properties": {
        "country": "Uganda",
        "country_code": "UGA",
        "species_name": "Eucalyptus_grandis_nitens",
        "genus": "Eucalyptus",
        "species": "grandis_nitens",
        "suitability_name": "Marginally suitable",
        "suitability_rank": 3,
        "soil_suitability": "S1",
        "soil_type": "Ferrallitic Soils",
        "soil_description": "Dark horizons - not differentiated",
        "site_class": null,
        "maz": "I",
        "maz_zone": null,
        "tz": "5",
        "frost_risk": null,
        "source_layer": "SWIFT_SSMT_Uganda"
      }
    },
    {
      "type": "Feature",
      "geometry": {
        "type": "Polygon",
        "coordinates": [
          [
            [
              30.025096829,
              -1.1421535451
            ],
            [
              30.0202169381,
              -1.1421587151
            ],
            [
              30.0202081774,
              -1.1337426417
            ],
            [
              30.0118467527,
              -1.1337514156
            ],
            [
              30.0118380804,
              -1.1253352761
            ],
            [
              30.0034766149,
              -1.1253439612
            ],
            [
              30.0034939769,
              -1.1421763694
            ],
            [
              30.0118554891,
              -1.1421675545
            ],
            [
              30.0118640146,
              -1.1503197647
            ],
            [
              30.0121403078,
              -1.1505833997
            ],
            [
              30.020225764,
              -1.1505747891
            ],
            [
              30.020234656,
              -1.1589908608
            ],
            [
              30.0285960889,
              -1.1589818672
            ],
            [
              30.0286050692,
              -1.1673978738
            ],
            [
              30.0369664616,
              -1.1673887893
            ],
            [
              30.0370031357,
              -1.2010525488
            ],
            [
              30.045364563,
              -1.2010431766
            ],
            [
              30.0453739194,
              -1.2094590492
            ],
            [
              30.0537353076,
              -1.2094495857
            ],
            [
              30.0537542691,
              -1.2262811973
            ],
            [
              30.0453928305,
              -1.2262907925
            ],
            [
              30.0453833416,
              -1.2178749215
            ],
            [
              30.0370218624,
              -1.217884425
            ],
            [
              30.0370283366,
              -1.223648701
            ],
            [
              30.0445143303,
              -1.2394251032
            ],
            [
              30.0535795668,
              -1.2743136018
            ],
            [
              30.0678450036,
              -1.2876822697
            ],
            [
              30.0792473999,
              -1.2900587065
            ],
            [
              30.0896934063,
              -1.2871776374
            ],
            [
              30.0921552035,
              -1.285145363
            ],
            [
              30.087268549,
              -1.2851513175
            ],
            [
              30.087258467,
              -1.2767357821
            ],
            [
              30.0944361003,
              -1.2767270905
            ],
            [
              30.0891933029,
              -1.2661439354
            ],
            [
              30.0792003884,
              -1.2503800253
            ],
            [
              30.0720597601,
              -1.2365247005
            ],
            [
              30.0715705594,
              -1.224095695
            ],
            [
              30.0767827241,
              -1.2130943351
            ],
            [
              30.0838974613,
              -1.2044811831
            ],
            [
              30.0848371968,
              -1.1953970718
            ],
            [
              30.0843531929,
              -1.1872706849
            ],
            [
              30.0753242138,
              -1.1829782854
            ],
            [
              30.0582218258,
              -1.1796508595
            ],
            [
              30.0430160083,
              -1.1734526953
            ],
            [
              30.0373029611,
              -1.1610289694
            ],
            [
              30.03070232,
              -1.1505635977
            ],
            [
              30.0285871731,
              -1.1505658594
            ],
            [
              30.0285836297,
              -1.1472043291
            ],
            [
              30.028263239,
              -1.1466963334
            ],
            [
              30.025096829,
              -1.1421535451
            ]
          ]
        ]
      },
      "properties": {
        "country": "Uganda",
        "country_code": "UGA",
        "species_name": "Eucalyptus_grandis_nitens",
        "genus": "Eucalyptus",
        "species": "grandis_nitens",
        "suitability_name": "Marginally suitable",
        "suitability_rank": 3,
        "soil_suitability": "S1",
        "soil_type": "Ferrallitic Soils",
        "soil_description": "Dark horizons - not differentiated",
        "site_class": null,
        "maz": "I",
        "maz_zone": null,
        "tz": "5",
        "frost_risk": null,
        "source_layer": "SWIFT_SSMT_Uganda"
      }
    },
    {
      "type": "Feature",
      "geometry": {
        "type": "Polygon",
        "coordinates": [
          [
            [
              30.0035213652,
              -1.1682366916
            ],
            [
              29.9907620741,
              -1.1682503997
            ],
            [
              29.9855421701,
              -1.1730369825
            ],
            [
              29.9865352831,
              -1.1758595455
            ],
            [
              30.0035294736,
              -1.1758411798
            ],
            [
              30.0035213652,
              -1.1682366916
            ]
          ]
        ]
      },
      "properties": {
        "country": "Uganda",
        "country_code": "UGA",
        "species_name": "Eucalyptus_grandis_nitens",
        "genus": "Eucalyptus",
        "species": "grandis_nitens",
        "suitability_name": "Marginally suitable",
        "suitability_rank": 3,
        "soil_suitability": "S1",
        "soil_type": "Ferrallitic Soils",
        "soil_description": "Dark horizons - not differentiated",
        "site_class": null,
        "maz": "I",
        "maz_zone": null,
        "tz": "5",
        "frost_risk": null,
        "source_layer": "SWIFT_SSMT_Uganda"
      }
    },
    {
      "type": "Feature",
      "geometry": {
        "type": "Polygon",
        "coordinates": [
          [
            [
              29.9531704082,
              -0.9809583789
            ],
            [
              29.9531569338,
              -0.9654802452
            ],
            [
              29.9615183612,
              -0.9654729184
            ],
            [
              29.9615039101,
              -0.9486398441
            ],
            [
              29.9531425238,
              -0.9486470426
            ],
            [
              29.9531354143,
              -0.9402304408
            ],
            [
              29.9280509343,
              -0.9402517255
            ],
            [
              29.9280579842,
              -0.9486685176
            ],
            [
              29.9196963446,
              -0.9486756357
            ],
            [
              29.9196893155,
              -0.9402587794
            ],
            [
              29.9029658895,
              -0.9402728292
            ],
            [
              29.9029520972,
              -0.9234388649
            ],
            [
              29.9012341822,
              -0.9234402781
            ],
            [
              29.9012412793,
              -0.9321459324
            ],
            [
              29.9022015292,
              -0.9445766581
            ],
            [
              29.9022103114,
              -0.9550956315
            ],
            [
              29.9050639391,
              -0.9593964104
            ],
            [
              29.9178953912,
              -0.9670354716
            ],
            [
              29.9354762989,
              -0.9741920189
            ],
            [
              29.9459331164,
              -0.9823108098
            ],
            [
              29.9531704082,
              -0.9809583789
            ]
          ]
        ]
      },
      "properties": {
        "country": "Uganda",
        "country_code": "UGA",
        "species_name": "Eucalyptus_grandis_nitens",
        "genus": "Eucalyptus",
        "species": "grandis_nitens",
        "suitability_name": "Marginally suitable",
        "suitability_rank": 3,
        "soil_suitability": "S1",
        "soil_type": "Ferrallitic Soils",
        "soil_description": "Red soils - Not differentiated; sandy clay loams",
        "site_class": null,
        "maz": "I",
        "maz_zone": null,
        "tz": "5",
        "frost_risk": null,
        "source_layer": "SWIFT_SSMT_Uganda"
      }
    },
    {
      "type": "Feature",
      "geometry": {
        "type": "Polygon",
        "coordinates": [
          [
            [
              29.8465773306,
              -0.8838968124
            ],
            [
              29.8467197778,
              -0.8813976472
            ],
            [
              29.8443857104,
              -0.8813994439
            ],
            [
              29.8443894117,
              -0.8862601605
            ],
            [
              29.8465773306,
              -0.8838968124
            ]
          ]
        ]
      },
      "properties": {
        "country": "Uganda",
        "country_code": "UGA",
        "species_name": "Eucalyptus_grandis_nitens",
        "genus": "Eucalyptus",
        "species": "grandis_nitens",
        "suitability_name": "Marginally suitable",
        "suitability_rank": 3,
        "soil_suitability": "S1",
        "soil_type": "Ferrallitic Soils",
        "soil_description": "Red soils - Not differentiated; sandy clay loams",
        "site_class": null,
        "maz": "I",
        "maz_zone": null,
        "tz": "5",
        "frost_risk": null,
        "source_layer": "SWIFT_SSMT_Uganda"
      }
    },
    {
      "type": "Feature",
      "geometry": {
        "type": "Polygon",
        "coordinates": [
          [
            [
              29.836033606,
              -0.8945138896
            ],
            [
              29.8399325764,
              -0.8910743641
            ],
            [
              29.841094359,
              -0.8898194224
            ],
            [
              29.8360300121,
              -0.8898233474
            ],
            [
              29.836033606,
              -0.8945138896
            ]
          ]
        ]
      },
      "properties": {
        "country": "Uganda",
        "country_code": "UGA",
        "species_name": "Eucalyptus_grandis_nitens",
        "genus": "Eucalyptus",
        "species": "grandis_nitens",
        "suitability_name": "Marginally suitable",
        "suitability_rank": 3,
        "soil_suitability": "S1",
        "soil_type": "Ferrallitic Soils",
        "soil_description": "Red soils - Not differentiated; sandy clay loams",
        "site_class": null,
        "maz": "I",
        "maz_zone": null,
        "tz": "5",
        "frost_risk": null,
        "source_layer": "SWIFT_SSMT_Uganda"
      }
    },
    {
      "type": "Feature",
      "geometry": {
        "type": "Polygon",
        "coordinates": [
          [
            [
              29.8109631731,
              -0.9157226723
            ],
            [
              29.8119904339,
              -0.9150948654
            ],
            [
              29.8109626841,
              -0.915095677
            ],
            [
              29.8109631731,
              -0.9157226723
            ]
          ]
        ]
      },
      "properties": {
        "country": "Uganda",
        "country_code": "UGA",
        "species_name": "Eucalyptus_grandis_nitens",
        "genus": "Eucalyptus",
        "species": "grandis_nitens",
        "suitability_name": "Marginally suitable",
        "suitability_rank": 3,
        "soil_suitability": "S1",
        "soil_type": "Ferrallitic Soils",
        "soil_description": "Red soils - Not differentiated; sandy clay loams",
        "site_class": null,
        "maz": "I",
        "maz_zone": null,
        "tz": "5",
        "frost_risk": null,
        "source_layer": "SWIFT_SSMT_Uganda"
      }
    },
    {
      "type": "Feature",
      "geometry": {
        "type": "Polygon",
        "coordinates": [
          [
            [
              30.1037662058,
              -1.0831610826
            ],
            [
              30.0954055791,
              -1.0831696971
            ],
            [
              30.0953970648,
              -1.0747542141
            ],
            [
              30.087036395,
              -1.0747627382
            ],
            [
              30.0870196116,
              -1.0579316371
            ],
            [
              30.0786589212,
              -1.0579400059
            ],
            [
              30.0786506507,
              -1.049524387
            ],
            [
              30.0744670141,
              -1.0495285332
            ],
            [
              30.0718869382,
              -1.075896514
            ],
            [
              30.0775916565,
              -1.0887450647
            ],
            [
              30.0865189394,
              -1.1102483099
            ],
            [
              30.0963252353,
              -1.1203965389
            ],
            [
              30.1121749899,
              -1.1293913113
            ],
            [
              30.1121616728,
              -1.1168138359
            ],
            [
              30.0954402983,
              -1.1168316248
            ],
            [
              30.0954228066,
              -1.1000006623
            ],
            [
              30.1037834789,
              -1.099991913
            ],
            [
              30.1037662058,
              -1.0831610826
            ]
          ]
        ]
      },
      "properties": {
        "country": "Uganda",
        "country_code": "UGA",
        "species_name": "Eucalyptus_grandis_nitens",
        "genus": "Eucalyptus",
        "species": "grandis_nitens",
        "suitability_name": "Marginally suitable",
        "suitability_rank": 3,
        "soil_suitability": "S1",
        "soil_type": "Ferrallitic Soils",
        "soil_description": "Red soils - Not differentiated; sandy clay loams",
        "site_class": null,
        "maz": "I",
        "maz_zone": null,
        "tz": "5",
        "frost_risk": null,
        "source_layer": "SWIFT_SSMT_Uganda"
      }
    },
    {
      "type": "Feature",
      "geometry": {
        "type": "Polygon",
        "coordinates": [
          [
            [
              30.1205406259,
              -1.1340687168
            ],
            [
              30.1205401612,
              -1.1336354638
            ],
            [
              30.1197525501,
              -1.1336363183
            ],
            [
              30.1205406259,
              -1.1340687168
            ]
          ]
        ]
      },
      "properties": {
        "country": "Uganda",
        "country_code": "UGA",
        "species_name": "Eucalyptus_grandis_nitens",
        "genus": "Eucalyptus",
        "species": "grandis_nitens",
        "suitability_name": "Marginally suitable",
        "suitability_rank": 3,
        "soil_suitability": "S1",
        "soil_type": "Ferrallitic Soils",
        "soil_description": "Red soils - Not differentiated; sandy clay loams",
        "site_class": null,
        "maz": "I",
        "maz_zone": null,
        "tz": "5",
        "frost_risk": null,
        "source_layer": "SWIFT_SSMT_Uganda"
      }
    },
    {
      "type": "Feature",
      "geometry": {
        "type": "Polygon",
        "coordinates": [
          [
            [
              29.9282038721,
              -1.1085874777
            ],
            [
              29.9114797005,
              -1.1086040898
            ],
            [
              29.9114715031,
              -1.1001871808
            ],
            [
              29.9031093471,
              -1.1001953877
            ],
            [
              29.9030852003,
              -1.0749444706
            ],
            [
              29.8863608402,
              -1.0749604393
            ],
            [
              29.8863451437,
              -1.0581262411
            ],
            [
              29.8790303965,
              -1.0581330876
            ],
            [
              29.8785524186,
              -1.0603076567
            ],
            [
              29.8847429208,
              -1.0765587019
            ],
            [
              29.8942506498,
              -1.0841998423
            ],
            [
              29.8980563052,
              -1.0899338198
            ],
            [
              29.8990141585,
              -1.0980612113
            ],
            [
              29.8990197058,
              -1.103798843
            ],
            [
              29.8966450437,
              -1.104279311
            ],
            [
              29.8895150251,
              -1.0995048961
            ],
            [
              29.8857147969,
              -1.0995085991
            ],
            [
              29.8857254191,
              -1.1105058571
            ],
            [
              29.8882472138,
              -1.1170440993
            ],
            [
              29.8947634927,
              -1.1170376402
            ],
            [
              29.8947801032,
              -1.1338717068
            ],
            [
              29.9031424161,
              -1.1338632714
            ],
            [
              29.9031508401,
              -1.1422802417
            ],
            [
              29.9115131148,
              -1.1422717198
            ],
            [
              29.9115301967,
              -1.1591055314
            ],
            [
              29.9198924588,
              -1.1590968595
            ],
            [
              29.9199011174,
              -1.1675137016
            ],
            [
              29.9282633415,
              -1.1675049422
            ],
            [
              29.9282720881,
              -1.1759217196
            ],
            [
              29.9199098398,
              -1.1759305432
            ],
            [
              29.9199543909,
              -1.2180147416
            ],
            [
              29.9366790802,
              -1.2179964378
            ],
            [
              29.9366882308,
              -1.2264131486
            ],
            [
              29.9450505054,
              -1.2264038943
            ],
            [
              29.9450597448,
              -1.234820541
            ],
            [
              29.9534219834,
              -1.2348111962
            ],
            [
              29.9534313129,
              -1.2432277796
            ],
            [
              29.9617935143,
              -1.2432183448
            ],
            [
              29.9618124156,
              -1.2600513814
            ],
            [
              29.970174607,
              -1.2600417919
            ],
            [
              29.9701938175,
              -1.2768746969
            ],
            [
              29.9785559985,
              -1.2768649519
            ],
            [
              29.9785657266,
              -1.2852813398
            ],
            [
              29.9702035171,
              -1.2852911494
            ],
            [
              29.9702132817,
              -1.2937076008
            ],
            [
              29.9785755181,
              -1.2936977266
            ],
            [
              29.978595293,
              -1.3105304987
            ],
            [
              29.9869575204,
              -1.3105204688
            ],
            [
              29.9869877474,
              -1.3357694287
            ],
            [
              29.995349995,
              -1.3357591772
            ],
            [
              29.9953705245,
              -1.3525916842
            ],
            [
              30.0037327637,
              -1.3525812743
            ],
            [
              30.003764128,
              -1.3778298366
            ],
            [
              29.9870394096,
              -1.3778510165
            ],
            [
              29.9870499347,
              -1.3862673312
            ],
            [
              29.9786874496,
              -1.3862779413
            ],
            [
              29.978698009,
              -1.3946943206
            ],
            [
              29.9703354305,
              -1.3947049652
            ],
            [
              29.9703385443,
              -1.397183943
            ],
            [
              29.974491325,
              -1.4117420068
            ],
            [
              29.9764113398,
              -1.4272300469
            ],
            [
              29.9811876441,
              -1.4471127836
            ],
            [
              29.983259837,
              -1.4495127628
            ],
            [
              29.9842500745,
              -1.4484099991
            ],
            [
              29.9851000735,
              -1.4479299994
            ],
            [
              29.9882100738,
              -1.4475
            ],
            [
              29.9917300727,
              -1.4459099991
            ],
            [
              29.9938600725,
              -1.4447199993
            ],
            [
              29.9945400732,
              -1.4442
            ],
            [
              29.995240073,
              -1.4433599987
            ],
            [
              29.9965200735,
              -1.4406699999
            ],
            [
              30.000290073,
              -1.4320199993
            ],
            [
              30.0018200727,
              -1.4297099993
            ],
            [
              30.0030400729,
              -1.4288299985
            ],
            [
              30.0038288132,
              -1.4284936601
            ],
            [
              30.003828597,
              -1.4283269417
            ],
            [
              30.0043049221,
              -1.4283263149
            ],
            [
              30.0056600731,
              -1.4278499989
            ],
            [
              30.0078700723,
              -1.426419999
            ],
            [
              30.0092100717,
              -1.4244099993
            ],
            [
              30.0126100712,
              -1.4158199982
            ],
            [
              30.0130800719,
              -1.4139399989
            ],
            [
              30.0142700728,
              -1.4135599988
            ],
            [
              30.0189200721,
              -1.4113899988
            ],
            [
              30.0197900714,
              -1.4112399989
            ],
            [
              30.0209800719,
              -1.4107
            ],
            [
              30.0211987905,
              -1.4112432674
            ],
            [
              30.022407749,
              -1.4107
            ],
            [
              30.0227177065,
              -1.4114698964
            ],
            [
              30.0288937987,
              -1.4114618035
            ],
            [
              30.0289002106,
              -1.4164045649
            ],
            [
              30.0317877477,
              -1.4169499991
            ],
            [
              30.0337677475,
              -1.4182499992
            ],
            [
              30.0347077483,
              -1.4185999989
            ],
            [
              30.0352400707,
              -1.4184899987
            ],
            [
              30.0357500705,
              -1.4186
            ],
            [
              30.0357528035,
              -1.4187585157
            ],
            [
              30.0366677479,
              -1.4184899993
            ],
            [
              30.0371777471,
              -1.4185999983
            ],
            [
              30.0372669464,
              -1.4198667411
            ],
            [
              30.0456290974,
              -1.4198556613
            ],
            [
              30.04563811,
              -1.4267192992
            ],
            [
              30.0494293485,
              -1.4282664559
            ],
            [
              30.0528656637,
              -1.4282618608
            ],
            [
              30.0533700695,
              -1.4273099987
            ],
            [
              30.0532600688,
              -1.4230299991
            ],
            [
              30.0536600695,
              -1.4213099986
            ],
            [
              30.0539923855,
              -1.420759446
            ],
            [
              30.0539888635,
              -1.4180770062
            ],
            [
              30.0532000695,
              -1.4164799993
            ],
            [
              30.0526800696,
              -1.4148500001
            ],
            [
              30.0526300694,
              -1.4127199986
            ],
            [
              30.05323007,
              -1.4097999981
            ],
            [
              30.0531000691,
              -1.4086
            ],
            [
              30.0519900707,
              -1.4048399989
            ],
            [
              30.0510500694,
              -1.4029699983
            ],
            [
              30.0509200696,
              -1.4021199986
            ],
            [
              30.05105007,
              -1.3999299991
            ],
            [
              30.0514200708,
              -1.3986399985
            ],
            [
              30.0588600692,
              -1.3941099984
            ],
            [
              30.0590800705,
              -1.3937399992
            ],
            [
              30.0609000681,
              -1.3927499992
            ],
            [
              30.063740069,
              -1.3908699995
            ],
            [
              30.0692000686,
              -1.3892599996
            ],
            [
              30.0699000688,
              -1.3829199994
            ],
            [
              30.0698300688,
              -1.3803799986
            ],
            [
              30.0700600686,
              -1.3792599985
            ],
            [
              30.0706604069,
              -1.377743939
            ],
            [
              30.0724100682,
              -1.3761699985
            ],
            [
              30.0786000672,
              -1.3722199987
            ],
            [
              30.0797500684,
              -1.3713499985
            ],
            [
              30.0811300681,
              -1.3708699992
            ],
            [
              30.082530068,
              -1.370589999
            ],
            [
              30.0856377451,
              -1.370509999
            ],
            [
              30.0873753914,
              -1.3711645583
            ],
            [
              30.0873622658,
              -1.3608911129
            ],
            [
              30.0957238154,
              -1.3608803177
            ],
            [
              30.095739384,
              -1.3730254244
            ],
            [
              30.0972977442,
              -1.3737299996
            ],
            [
              30.0979297541,
              -1.3738412324
            ],
            [
              30.0990900665,
              -1.3731
            ],
            [
              30.100210067,
              -1.3717899991
            ],
            [
              30.1026000672,
              -1.3697399992
            ],
            [
              30.1037641398,
              -1.3699576713
            ],
            [
              30.1040967037,
              -1.369752894
            ],
            [
              30.1040961008,
              -1.3692848896
            ],
            [
              30.1124575457,
              -1.3692739684
            ],
            [
              30.1124632365,
              -1.3736743119
            ],
            [
              30.1133277434,
              -1.3744300002
            ],
            [
              30.1145977441,
              -1.3766
            ],
            [
              30.1149828453,
              -1.3776859873
            ],
            [
              30.1234194346,
              -1.3776748615
            ],
            [
              30.1242300657,
              -1.374069999
            ],
            [
              30.1246700654,
              -1.3682899998
            ],
            [
              30.1251500656,
              -1.3672799988
            ],
            [
              30.1269000654,
              -1.36486
            ],
            [
              30.1272800653,
              -1.3617699988
            ],
            [
              30.1282800656,
              -1.3608499992
            ],
            [
              30.1291693464,
              -1.3608368251
            ],
            [
              30.1291585247,
              -1.3524216534
            ],
            [
              30.1207972708,
              -1.3524324961
            ],
            [
              30.1207865434,
              -1.3440172338
            ],
            [
              30.1124252519,
              -1.3440279811
            ],
            [
              30.1124146209,
              -1.3356126507
            ],
            [
              30.104053291,
              -1.3356233029
            ],
            [
              30.1040427552,
              -1.3272079037
            ],
            [
              30.0956813859,
              -1.3272184612
            ],
            [
              30.0956298455,
              -1.2851411243
            ],
            [
              30.0921552035,
              -1.285145363
            ],
            [
              30.0896934063,
              -1.2871776374
            ],
            [
              30.0792473999,
              -1.2900587065
            ],
            [
              30.0678450036,
              -1.2876822697
            ],
            [
              30.0535795668,
              -1.2743136018
            ],
            [
              30.0445143303,
              -1.2394251032
            ],
            [
              30.0370283366,
              -1.223648701
            ],
            [
              30.0370313242,
              -1.2263003621
            ],
            [
              30.0286697541,
              -1.2263099043
            ],
            [
              30.0286603186,
              -1.2178939031
            ],
            [
              30.0202987093,
              -1.217903354
            ],
            [
              30.0202893643,
              -1.2094872849
            ],
            [
              30.0035660023,
              -1.2095059805
            ],
            [
              30.003575297,
              -1.2179221787
            ],
            [
              29.9868516262,
              -1.2179409
            ],
            [
              29.9868609315,
              -1.226357227
            ],
            [
              29.9784989744,
              -1.2263666129
            ],
            [
              29.9784896936,
              -1.2179502211
            ],
            [
              29.9701276985,
              -1.217959516
            ],
            [
              29.9701185079,
              -1.2095430594
            ],
            [
              29.9450322162,
              -1.2095705981
            ],
            [
              29.9450231664,
              -1.2011539486
            ],
            [
              29.9366609681,
              -1.2011630134
            ],
            [
              29.9366431092,
              -1.1843295858
            ],
            [
              29.9533673409,
              -1.1843116867
            ],
            [
              29.9533762901,
              -1.192728273
            ],
            [
              29.9617383356,
              -1.1927192214
            ],
            [
              29.9617473733,
              -1.2011357431
            ],
            [
              29.9868332063,
              -1.2011082431
            ],
            [
              29.9868150433,
              -1.184275584
            ],
            [
              29.9784532137,
              -1.1842846471
            ],
            [
              29.9784442523,
              -1.1758682526
            ],
            [
              29.9865352831,
              -1.1758595455
            ],
            [
              29.9855421701,
              -1.1730369825
            ],
            [
              29.9907620741,
              -1.1682503997
            ],
            [
              30.0035213652,
              -1.1682366916
            ],
            [
              30.0035115965,
              -1.159008775
            ],
            [
              29.9784265233,
              -1.1590354609
            ],
            [
              29.9784177547,
              -1.1506190644
            ],
            [
              29.9700559608,
              -1.1506278456
            ],
            [
              29.9700472809,
              -1.1422113841
            ],
            [
              29.944961589,
              -1.1422373893
            ],
            [
              29.9449530453,
              -1.133820735
            ],
            [
              29.9365910442,
              -1.1338292905
            ],
            [
              29.9365995645,
              -1.1422460086
            ],
            [
              29.9282374776,
              -1.1422546033
            ],
            [
              29.9282289816,
              -1.1338378234
            ],
            [
              29.9198668559,
              -1.1338463301
            ],
            [
              29.9198501012,
              -1.1170126406
            ],
            [
              29.9282121788,
              -1.1170042606
            ],
            [
              29.9282038721,
              -1.1085874777
            ]
          ],
          [
            [
              30.0538632483,
              -1.318855018
            ],
            [
              30.0538735484,
              -1.3272708158
            ],
            [
              30.062235248,
              -1.3272604014
            ],
            [
              30.062245642,
              -1.3356761325
            ],
            [
              30.0538839146,
              -1.3356866134
            ],
            [
              30.0538943459,
              -1.3441024108
            ],
            [
              30.0371706379,
              -1.3441234172
            ],
            [
              30.037149953,
              -1.3272915599
            ],
            [
              30.0455117836,
              -1.3272812023
            ],
            [
              30.0455015111,
              -1.3188653381
            ],
            [
              30.0538632483,
              -1.318855018
            ]
          ]
        ]
      },
      "properties": {
        "country": "Uganda",
        "country_code": "UGA",
        "species_name": "Eucalyptus_grandis_nitens",
        "genus": "Eucalyptus",
        "species": "grandis_nitens",
        "suitability_name": "Marginally suitable",
        "suitability_rank": 3,
        "soil_suitability": "S2",
        "soil_type": "Ferrallitic Soils",
        "soil_description": "Yellow soils - Sandy clay loams",
        "site_class": null,
        "maz": "I",
        "maz_zone": null,
        "tz": "5",
        "frost_risk": null,
        "source_layer": "SWIFT_SSMT_Uganda"
      }
    },
    {
      "type": "Feature",
      "geometry": {
        "type": "Polygon",
        "coordinates": [
          [
            [
              30.1121749899,
              -1.1293913113
            ],
            [
              30.0963252353,
              -1.1203965389
            ],
            [
              30.0865189394,
              -1.1102483099
            ],
            [
              30.0775916565,
              -1.0887450647
            ],
            [
              30.0718869382,
              -1.075896514
            ],
            [
              30.0500411514,
              -1.0778308772
            ],
            [
              30.0386483547,
              -1.0840573343
            ],
            [
              30.0339078225,
              -1.0931456009
            ],
            [
              30.0358183023,
              -1.1036613496
            ],
            [
              30.0401007813,
              -1.1113061438
            ],
            [
              30.0481800659,
              -1.1160784702
            ],
            [
              30.0600649772,
              -1.1265834916
            ],
            [
              30.060548454,
              -1.1347100987
            ],
            [
              30.058652641,
              -1.1385366532
            ],
            [
              30.0529536006,
              -1.1390208054
            ],
            [
              30.0434522837,
              -1.1371186363
            ],
            [
              30.0369311851,
              -1.1340639661
            ],
            [
              30.0369485159,
              -1.1505569059
            ],
            [
              30.03070232,
              -1.1505635977
            ],
            [
              30.0373029611,
              -1.1610289694
            ],
            [
              30.0430160083,
              -1.1734526953
            ],
            [
              30.0582218258,
              -1.1796508595
            ],
            [
              30.0753242138,
              -1.1829782854
            ],
            [
              30.0843531929,
              -1.1872706849
            ],
            [
              30.0848371968,
              -1.1953970718
            ],
            [
              30.0838974613,
              -1.2044811831
            ],
            [
              30.0767827241,
              -1.2130943351
            ],
            [
              30.0715705594,
              -1.224095695
            ],
            [
              30.0720597601,
              -1.2365247005
            ],
            [
              30.0792003884,
              -1.2503800253
            ],
            [
              30.0891933029,
              -1.2661439354
            ],
            [
              30.0944361003,
              -1.2767270905
            ],
            [
              30.0956197368,
              -1.2767256544
            ],
            [
              30.0956298455,
              -1.2851411243
            ],
            [
              30.103991075,
              -1.2851309024
            ],
            [
              30.1040012785,
              -1.2935463046
            ],
            [
              30.1123624685,
              -1.2935359881
            ],
            [
              30.1123727662,
              -1.3019513215
            ],
            [
              30.1207339177,
              -1.3019409109
            ],
            [
              30.1207235939,
              -1.2935256445
            ],
            [
              30.1374456399,
              -1.293504875
            ],
            [
              30.1374353282,
              -1.285089742
            ],
            [
              30.1457962225,
              -1.2850793836
            ],
            [
              30.1457555405,
              -1.2514191207
            ],
            [
              30.1541162604,
              -1.2514090064
            ],
            [
              30.154037931,
              -1.1840889959
            ],
            [
              30.1373168381,
              -1.1841081089
            ],
            [
              30.1373074014,
              -1.1756929698
            ],
            [
              30.1289467786,
              -1.1757024211
            ],
            [
              30.1289189471,
              -1.1504567947
            ],
            [
              30.1205583303,
              -1.1504660185
            ],
            [
              30.1205406259,
              -1.1340687168
            ],
            [
              30.1197525501,
              -1.1336363183
            ],
            [
              30.1121795274,
              -1.133644528
            ],
            [
              30.1121749899,
              -1.1293913113
            ]
          ]
        ]
      },
      "properties": {
        "country": "Uganda",
        "country_code": "UGA",
        "species_name": "Eucalyptus_grandis_nitens",
        "genus": "Eucalyptus",
        "species": "grandis_nitens",
        "suitability_name": "Marginally suitable",
        "suitability_rank": 3,
        "soil_suitability": "S2",
        "soil_type": "Ferrallitic Soils",
        "soil_description": "Yellow soils - Sandy clay loams",
        "site_class": null,
        "maz": "I",
        "maz_zone": null,
        "tz": "5",
        "frost_risk": null,
        "source_layer": "SWIFT_SSMT_Uganda"
      }
    },
    {
      "type": "Feature",
      "geometry": {
        "type": "Polygon",
        "coordinates": [
          [
            [
              30.0362092385,
              -1.1337257831
            ],
            [
              30.0291962073,
              -1.1304406241
            ],
            [
              30.0285660159,
              -1.1303437155
            ],
            [
              30.0285695359,
              -1.1337338434
            ],
            [
              30.0362092385,
              -1.1337257831
            ]
          ]
        ]
      },
      "properties": {
        "country": "Uganda",
        "country_code": "UGA",
        "species_name": "Eucalyptus_grandis_nitens",
        "genus": "Eucalyptus",
        "species": "grandis_nitens",
        "suitability_name": "Marginally suitable",
        "suitability_rank": 3,
        "soil_suitability": "S2",
        "soil_type": "Ferrallitic Soils",
        "soil_description": "Yellow soils - Sandy clay loams",
        "site_class": null,
        "maz": "I",
        "maz_zone": null,
        "tz": "5",
        "frost_risk": null,
        "source_layer": "SWIFT_SSMT_Uganda"
      }
    },
    {
      "type": "Feature",
      "geometry": {
        "type": "Polygon",
        "coordinates": [
          [
            [
              30.0285836297,
              -1.1472043291
            ],
            [
              30.0285783218,
              -1.1421498521
            ],
            [
              30.025096829,
              -1.1421535451
            ],
            [
              30.028263239,
              -1.1466963334
            ],
            [
              30.0285836297,
              -1.1472043291
            ]
          ]
        ]
      },
      "properties": {
        "country": "Uganda",
        "country_code": "UGA",
        "species_name": "Eucalyptus_grandis_nitens",
        "genus": "Eucalyptus",
        "species": "grandis_nitens",
        "suitability_name": "Marginally suitable",
        "suitability_rank": 3,
        "soil_suitability": "S2",
        "soil_type": "Ferrallitic Soils",
        "soil_description": "Yellow soils - Sandy clay loams",
        "site_class": null,
        "maz": "I",
        "maz_zone": null,
        "tz": "5",
        "frost_risk": null,
        "source_layer": "SWIFT_SSMT_Uganda"
      }
    },
    {
      "type": "Feature",
      "geometry": {
        "type": "Polygon",
        "coordinates": [
          [
            [
              30.0121403078,
              -1.1505833997
            ],
            [
              30.0118640146,
              -1.1503197647
            ],
            [
              30.0118642923,
              -1.1505836931
            ],
            [
              30.0121403078,
              -1.1505833997
            ]
          ]
        ]
      },
      "properties": {
        "country": "Uganda",
        "country_code": "UGA",
        "species_name": "Eucalyptus_grandis_nitens",
        "genus": "Eucalyptus",
        "species": "grandis_nitens",
        "suitability_name": "Marginally suitable",
        "suitability_rank": 3,
        "soil_suitability": "S2",
        "soil_type": "Ferrallitic Soils",
        "soil_description": "Yellow soils - Sandy clay loams",
        "site_class": null,
        "maz": "I",
        "maz_zone": null,
        "tz": "5",
        "frost_risk": null,
        "source_layer": "SWIFT_SSMT_Uganda"
      }
    },
    {
      "type": "Feature",
      "geometry": {
        "type": "Polygon",
        "coordinates": [
          [
            [
              29.8482378859,
              -1.1760051325
            ],
            [
              29.8697350386,
              -1.1759829544
            ],
            [
              29.8697171261,
              -1.1583260942
            ],
            [
              29.8658224573,
              -1.1597748568
            ],
            [
              29.8596497072,
              -1.1626500627
            ],
            [
              29.8485434642,
              -1.1725831422
            ],
            [
              29.8482378859,
              -1.1760051325
            ]
          ]
        ]
      },
      "properties": {
        "country": "Uganda",
        "country_code": "UGA",
        "species_name": "Eucalyptus_grandis_nitens",
        "genus": "Eucalyptus",
        "species": "grandis_nitens",
        "suitability_name": "Marginally suitable",
        "suitability_rank": 3,
        "soil_suitability": "S2",
        "soil_type": "Ferrallitic Soils",
        "soil_description": "Yellow soils - Sandy clay loams",
        "site_class": null,
        "maz": "I",
        "maz_zone": null,
        "tz": "5",
        "frost_risk": null,
        "source_layer": "SWIFT_SSMT_Uganda"
      }
    },
    {
      "type": "Feature",
      "geometry": {
        "type": "Polygon",
        "coordinates": [
          [
            [
              29.8948765182,
              -1.2270250498
            ],
            [
              29.8948668888,
              -1.2180420027
            ],
            [
              29.8858326332,
              -1.2180517622
            ],
            [
              29.8917074919,
              -1.2234604091
            ],
            [
              29.8948765182,
              -1.2270250498
            ]
          ]
        ]
      },
      "properties": {
        "country": "Uganda",
        "country_code": "UGA",
        "species_name": "Eucalyptus_grandis_nitens",
        "genus": "Eucalyptus",
        "species": "grandis_nitens",
        "suitability_name": "Marginally suitable",
        "suitability_rank": 3,
        "soil_suitability": "S2",
        "soil_type": "Ferrallitic Soils",
        "soil_description": "Yellow soils - Sandy clay loams",
        "site_class": null,
        "maz": "I",
        "maz_zone": null,
        "tz": "5",
        "frost_risk": null,
        "source_layer": "SWIFT_SSMT_Uganda"
      }
    },
    {
      "type": "Feature",
      "geometry": {
        "type": "Polygon",
        "coordinates": [
          [
            [
              29.9032493201,
              -1.2364429212
            ],
            [
              29.9032476081,
              -1.2348668679
            ],
            [
              29.9018495083,
              -1.234868406
            ],
            [
              29.9032493201,
              -1.2364429212
            ]
          ]
        ]
      },
      "properties": {
        "country": "Uganda",
        "country_code": "UGA",
        "species_name": "Eucalyptus_grandis_nitens",
        "genus": "Eucalyptus",
        "species": "grandis_nitens",
        "suitability_name": "Marginally suitable",
        "suitability_rank": 3,
        "soil_suitability": "S2",
        "soil_type": "Ferrallitic Soils",
        "soil_description": "Yellow soils - Sandy clay loams",
        "site_class": null,
        "maz": "I",
        "maz_zone": null,
        "tz": "5",
        "frost_risk": null,
        "source_layer": "SWIFT_SSMT_Uganda"
      }
    },
    {
      "type": "Feature",
      "geometry": {
        "type": "Polygon",
        "coordinates": [
          [
            [
              29.9116227821,
              -1.246393485
            ],
            [
              29.9116193577,
              -1.2432745562
            ],
            [
              29.9093252768,
              -1.2432771028
            ],
            [
              29.9095434651,
              -1.243522519
            ],
            [
              29.9116227821,
              -1.246393485
            ]
          ]
        ]
      },
      "properties": {
        "country": "Uganda",
        "country_code": "UGA",
        "species_name": "Eucalyptus_grandis_nitens",
        "genus": "Eucalyptus",
        "species": "grandis_nitens",
        "suitability_name": "Marginally suitable",
        "suitability_rank": 3,
        "soil_suitability": "S2",
        "soil_type": "Ferrallitic Soils",
        "soil_description": "Yellow soils - Sandy clay loams",
        "site_class": null,
        "maz": "I",
        "maz_zone": null,
        "tz": "5",
        "frost_risk": null,
        "source_layer": "SWIFT_SSMT_Uganda"
      }
    },
    {
      "type": "Feature",
      "geometry": {
        "type": "Polygon",
        "coordinates": [
          [
            [
              29.9199988674,
              -1.2586235954
            ],
            [
              29.9199911607,
              -1.2516820901
            ],
            [
              29.9154568115,
              -1.2516871714
            ],
            [
              29.9181072873,
              -1.2553466642
            ],
            [
              29.9199988674,
              -1.2586235954
            ]
          ]
        ]
      },
      "properties": {
        "country": "Uganda",
        "country_code": "UGA",
        "species_name": "Eucalyptus_grandis_nitens",
        "genus": "Eucalyptus",
        "species": "grandis_nitens",
        "suitability_name": "Marginally suitable",
        "suitability_rank": 3,
        "soil_suitability": "S2",
        "soil_type": "Ferrallitic Soils",
        "soil_description": "Yellow soils - Sandy clay loams",
        "site_class": null,
        "maz": "I",
        "maz_zone": null,
        "tz": "5",
        "frost_risk": null,
        "source_layer": "SWIFT_SSMT_Uganda"
      }
    },
    {
      "type": "Feature",
      "geometry": {
        "type": "Polygon",
        "coordinates": [
          [
            [
              29.9367320508,
              -1.2659450382
            ],
            [
              29.9367254615,
              -1.2600799889
            ],
            [
              29.9208499402,
              -1.2600979664
            ],
            [
              29.9273885915,
              -1.2714250865
            ],
            [
              29.9304379699,
              -1.276349981
            ],
            [
              29.9306625495,
              -1.2763450004
            ],
            [
              29.9308755829,
              -1.2761324047
            ],
            [
              29.9310985475,
              -1.2750190506
            ],
            [
              29.9315969719,
              -1.2744455346
            ],
            [
              29.9315250367,
              -1.2742085211
            ],
            [
              29.931234945,
              -1.2740099582
            ],
            [
              29.9303321722,
              -1.2736490382
            ],
            [
              29.930240166,
              -1.2729878871
            ],
            [
              29.9303676482,
              -1.2724656591
            ],
            [
              29.9301328584,
              -1.2715844039
            ],
            [
              29.9302539212,
              -1.2712170274
            ],
            [
              29.9313249859,
              -1.269889251
            ],
            [
              29.9330887717,
              -1.2694964042
            ],
            [
              29.9333906906,
              -1.2692450087
            ],
            [
              29.9333965149,
              -1.2688267638
            ],
            [
              29.9327023212,
              -1.2678509269
            ],
            [
              29.9327365335,
              -1.267623525
            ],
            [
              29.9330619628,
              -1.2673008424
            ],
            [
              29.933336335,
              -1.266300518
            ],
            [
              29.9345770984,
              -1.2659839389
            ],
            [
              29.9346811059,
              -1.2655760778
            ],
            [
              29.9348503467,
              -1.2655123696
            ],
            [
              29.9361307618,
              -1.2660074442
            ],
            [
              29.9367320508,
              -1.2659450382
            ]
          ]
        ]
      },
      "properties": {
        "country": "Uganda",
        "country_code": "UGA",
        "species_name": "Eucalyptus_grandis_nitens",
        "genus": "Eucalyptus",
        "species": "grandis_nitens",
        "suitability_name": "Marginally suitable",
        "suitability_rank": 3,
        "soil_suitability": "S2",
        "soil_type": "Ferrallitic Soils",
        "soil_description": "Yellow soils - Sandy clay loams",
        "site_class": null,
        "maz": "I",
        "maz_zone": null,
        "tz": "5",
        "frost_risk": null,
        "source_layer": "SWIFT_SSMT_Uganda"
      }
    },
    {
      "type": "Feature",
      "geometry": {
        "type": "Polygon",
        "coordinates": [
          [
            [
              29.9451238404,
              -1.2916977639
            ],
            [
              29.9450973356,
              -1.268487125
            ],
            [
              29.9377352481,
              -1.2684955531
            ],
            [
              29.9365673219,
              -1.2691787034
            ],
            [
              29.9364233823,
              -1.2695300835
            ],
            [
              29.9365829729,
              -1.2704148466
            ],
            [
              29.9368777319,
              -1.2707030079
            ],
            [
              29.9373300481,
              -1.2707779434
            ],
            [
              29.9383323356,
              -1.2705787487
            ],
            [
              29.9388079878,
              -1.2708913977
            ],
            [
              29.9388962753,
              -1.2712329549
            ],
            [
              29.938662818,
              -1.271637377
            ],
            [
              29.937345839,
              -1.272101019
            ],
            [
              29.9371755094,
              -1.2723858131
            ],
            [
              29.9373694196,
              -1.272610336
            ],
            [
              29.9384282386,
              -1.2727625907
            ],
            [
              29.9386521855,
              -1.2734107624
            ],
            [
              29.9383334594,
              -1.2736072199
            ],
            [
              29.9376302466,
              -1.2733717503
            ],
            [
              29.9364800525,
              -1.2736488971
            ],
            [
              29.9350993841,
              -1.2736702969
            ],
            [
              29.934642822,
              -1.2741231312
            ],
            [
              29.9348542072,
              -1.2744630052
            ],
            [
              29.93523357,
              -1.2745508495
            ],
            [
              29.9365677788,
              -1.2744198534
            ],
            [
              29.9375823125,
              -1.2746000329
            ],
            [
              29.9384561007,
              -1.2744571108
            ],
            [
              29.9387352447,
              -1.2748296088
            ],
            [
              29.93813197,
              -1.2756150191
            ],
            [
              29.938142638,
              -1.2759991641
            ],
            [
              29.9384107281,
              -1.2764035159
            ],
            [
              29.9383154936,
              -1.276987627
            ],
            [
              29.9378458074,
              -1.2773363391
            ],
            [
              29.937122137,
              -1.2769249003
            ],
            [
              29.936444225,
              -1.2775131506
            ],
            [
              29.9361675362,
              -1.2774217283
            ],
            [
              29.9355149259,
              -1.2762194775
            ],
            [
              29.9350498351,
              -1.2760216164
            ],
            [
              29.9345868174,
              -1.2760138292
            ],
            [
              29.9340126322,
              -1.2763819058
            ],
            [
              29.9336761157,
              -1.2774527407
            ],
            [
              29.9329516035,
              -1.2781312215
            ],
            [
              29.9325116043,
              -1.2789454669
            ],
            [
              29.9318875321,
              -1.2796736424
            ],
            [
              29.9321928083,
              -1.2803736003
            ],
            [
              29.9324808307,
              -1.2805787302
            ],
            [
              29.9337944057,
              -1.2806782922
            ],
            [
              29.934579169,
              -1.2803389122
            ],
            [
              29.9354421471,
              -1.2791607985
            ],
            [
              29.9357746644,
              -1.2789089123
            ],
            [
              29.9360948293,
              -1.2787813555
            ],
            [
              29.9374518117,
              -1.2787368706
            ],
            [
              29.9376671619,
              -1.2788621831
            ],
            [
              29.9377182893,
              -1.2791188409
            ],
            [
              29.9373614542,
              -1.2801454716
            ],
            [
              29.9368153406,
              -1.2809225307
            ],
            [
              29.936133289,
              -1.2815808032
            ],
            [
              29.9361761345,
              -1.2818780142
            ],
            [
              29.9367567408,
              -1.2819801026
            ],
            [
              29.9372498314,
              -1.2817106762
            ],
            [
              29.938220889,
              -1.2807097953
            ],
            [
              29.9387691417,
              -1.27947464
            ],
            [
              29.9391441195,
              -1.2790867053
            ],
            [
              29.9398435064,
              -1.2787360992
            ],
            [
              29.9401152118,
              -1.2788078064
            ],
            [
              29.9403800388,
              -1.2791847946
            ],
            [
              29.9403807409,
              -1.2796554513
            ],
            [
              29.9393963478,
              -1.2815079035
            ],
            [
              29.9390189152,
              -1.2818046943
            ],
            [
              29.9387146815,
              -1.2823721047
            ],
            [
              29.9387314198,
              -1.2827648095
            ],
            [
              29.939028706,
              -1.2830831393
            ],
            [
              29.9397477793,
              -1.2833535486
            ],
            [
              29.9402800311,
              -1.2834576714
            ],
            [
              29.940886219,
              -1.2832331493
            ],
            [
              29.9411350797,
              -1.2832706866
            ],
            [
              29.9418552412,
              -1.2841582518
            ],
            [
              29.9415622708,
              -1.2845100503
            ],
            [
              29.9401735306,
              -1.2845304674
            ],
            [
              29.9394243503,
              -1.2842821601
            ],
            [
              29.9389549805,
              -1.2843009634
            ],
            [
              29.9386375877,
              -1.284488018
            ],
            [
              29.9385346329,
              -1.284893001
            ],
            [
              29.939515831,
              -1.2857680071
            ],
            [
              29.9398016078,
              -1.286278725
            ],
            [
              29.9403314386,
              -1.2867683938
            ],
            [
              29.9416406268,
              -1.2873752353
            ],
            [
              29.9417270558,
              -1.2876031244
            ],
            [
              29.9414746158,
              -1.2887232088
            ],
            [
              29.9416620333,
              -1.2889870228
            ],
            [
              29.9423525764,
              -1.2892450823
            ],
            [
              29.9426629531,
              -1.2897386087
            ],
            [
              29.9427513449,
              -1.2910352242
            ],
            [
              29.9429051469,
              -1.2913913712
            ],
            [
              29.9432850711,
              -1.2916283114
            ],
            [
              29.9451238404,
              -1.2916977639
            ]
          ]
        ]
      },
      "properties": {
        "country": "Uganda",
        "country_code": "UGA",
        "species_name": "Eucalyptus_grandis_nitens",
        "genus": "Eucalyptus",
        "species": "grandis_nitens",
        "suitability_name": "Marginally suitable",
        "suitability_rank": 3,
        "soil_suitability": "S2",
        "soil_type": "Ferrallitic Soils",
        "soil_description": "Yellow soils - Sandy clay loams",
        "site_class": null,
        "maz": "I",
        "maz_zone": null,
        "tz": "5",
        "frost_risk": null,
        "source_layer": "SWIFT_SSMT_Uganda"
      }
    },
    {
      "type": "Feature",
      "geometry": {
        "type": "Polygon",
        "coordinates": [
          [
            [
              29.9618944426,
              -1.3306344065
            ],
            [
              29.961880575,
              -1.3189669892
            ],
            [
              29.9535181288,
              -1.3189769989
            ],
            [
              29.9535082287,
              -1.3105604214
            ],
            [
              29.9618706474,
              -1.3105504759
            ],
            [
              29.9618607828,
              -1.3021339615
            ],
            [
              29.9534983923,
              -1.3021438437
            ],
            [
              29.9534886195,
              -1.2937272649
            ],
            [
              29.9488994182,
              -1.2937326412
            ],
            [
              29.9474511485,
              -1.294611994
            ],
            [
              29.9471883557,
              -1.2952654927
            ],
            [
              29.9467954839,
              -1.2951504254
            ],
            [
              29.9463220435,
              -1.2946766138
            ],
            [
              29.945932118,
              -1.2948321655
            ],
            [
              29.9457210844,
              -1.2955100097
            ],
            [
              29.9458162142,
              -1.2966735213
            ],
            [
              29.9456285509,
              -1.2969983757
            ],
            [
              29.9452937533,
              -1.297195744
            ],
            [
              29.9448497533,
              -1.2970148627
            ],
            [
              29.9441818418,
              -1.295159195
            ],
            [
              29.9438531152,
              -1.2950556336
            ],
            [
              29.9435042456,
              -1.2953121497
            ],
            [
              29.9431259705,
              -1.2962406858
            ],
            [
              29.9422742554,
              -1.2964216366
            ],
            [
              29.9419806186,
              -1.2968348957
            ],
            [
              29.9417727777,
              -1.2978098794
            ],
            [
              29.9419000864,
              -1.2981745863
            ],
            [
              29.9420907686,
              -1.2982874077
            ],
            [
              29.9425276788,
              -1.2981952145
            ],
            [
              29.9426698307,
              -1.2979717446
            ],
            [
              29.9429304119,
              -1.2981347334
            ],
            [
              29.9432885099,
              -1.2997056103
            ],
            [
              29.9432007492,
              -1.3007179883
            ],
            [
              29.9433501984,
              -1.3030462695
            ],
            [
              29.9437372808,
              -1.3034063452
            ],
            [
              29.9444911991,
              -1.3036385842
            ],
            [
              29.9451092476,
              -1.3033688081
            ],
            [
              29.9453579685,
              -1.3029540759
            ],
            [
              29.945552229,
              -1.3018610099
            ],
            [
              29.9459663665,
              -1.3016352276
            ],
            [
              29.9463990317,
              -1.3018510472
            ],
            [
              29.947644777,
              -1.3034711749
            ],
            [
              29.9486949647,
              -1.3041303534
            ],
            [
              29.9505786895,
              -1.3047364193
            ],
            [
              29.9508568503,
              -1.304638051
            ],
            [
              29.9516252959,
              -1.3033376552
            ],
            [
              29.9521125968,
              -1.301801583
            ],
            [
              29.952453361,
              -1.3016939535
            ],
            [
              29.9526773775,
              -1.302052415
            ],
            [
              29.9526890286,
              -1.3034808586
            ],
            [
              29.9532216652,
              -1.3036649656
            ],
            [
              29.9533772914,
              -1.3041186374
            ],
            [
              29.9528126861,
              -1.3055136817
            ],
            [
              29.953215525,
              -1.3056271343
            ],
            [
              29.9535020734,
              -1.305466322
            ],
            [
              29.9540023232,
              -1.305484774
            ],
            [
              29.954246763,
              -1.3057611451
            ],
            [
              29.9542109351,
              -1.3066307419
            ],
            [
              29.9544400755,
              -1.3069752395
            ],
            [
              29.955554373,
              -1.3074805504
            ],
            [
              29.95565603,
              -1.3077118079
            ],
            [
              29.9555062285,
              -1.3084128013
            ],
            [
              29.9549442203,
              -1.3092512445
            ],
            [
              29.9546807955,
              -1.3092773441
            ],
            [
              29.9515618883,
              -1.3072464885
            ],
            [
              29.9494470919,
              -1.3063859448
            ],
            [
              29.9488424488,
              -1.3064281111
            ],
            [
              29.9480049111,
              -1.3067883969
            ],
            [
              29.9475270839,
              -1.3077582548
            ],
            [
              29.9471321063,
              -1.3083055932
            ],
            [
              29.9467911675,
              -1.3085141156
            ],
            [
              29.9464187169,
              -1.3079756887
            ],
            [
              29.9460661634,
              -1.3069972001
            ],
            [
              29.945782352,
              -1.3066853275
            ],
            [
              29.9455035936,
              -1.3066896788
            ],
            [
              29.9450041169,
              -1.3070569098
            ],
            [
              29.9448497181,
              -1.3082151531
            ],
            [
              29.9445496613,
              -1.3087047481
            ],
            [
              29.9449839385,
              -1.3101130845
            ],
            [
              29.9454855569,
              -1.3103986118
            ],
            [
              29.945719119,
              -1.3107149752
            ],
            [
              29.945681432,
              -1.3112609093
            ],
            [
              29.9454257135,
              -1.3115457199
            ],
            [
              29.945774594,
              -1.3126771023
            ],
            [
              29.9464090327,
              -1.3123583205
            ],
            [
              29.9469519163,
              -1.3123253439
            ],
            [
              29.9473972137,
              -1.3130360202
            ],
            [
              29.9473944418,
              -1.3144728069
            ],
            [
              29.9476193366,
              -1.3148117606
            ],
            [
              29.9485289155,
              -1.3149336328
            ],
            [
              29.9486863665,
              -1.3151014622
            ],
            [
              29.9486754189,
              -1.3157326422
            ],
            [
              29.947856513,
              -1.3172581119
            ],
            [
              29.9478220194,
              -1.317748828
            ],
            [
              29.9479041306,
              -1.3182081096
            ],
            [
              29.9483687977,
              -1.3191352344
            ],
            [
              29.9493875434,
              -1.3194751015
            ],
            [
              29.9495968938,
              -1.3197813596
            ],
            [
              29.9497188673,
              -1.3201845821
            ],
            [
              29.9496620559,
              -1.3209842912
            ],
            [
              29.9498818286,
              -1.3217689848
            ],
            [
              29.9495221861,
              -1.322241037
            ],
            [
              29.9494646026,
              -1.3226272089
            ],
            [
              29.9504533101,
              -1.3229837025
            ],
            [
              29.9509776329,
              -1.323520584
            ],
            [
              29.9507082422,
              -1.3244686147
            ],
            [
              29.9496590802,
              -1.3252737538
            ],
            [
              29.950346495,
              -1.3275028414
            ],
            [
              29.9517435511,
              -1.3271387738
            ],
            [
              29.9526867825,
              -1.3270805395
            ],
            [
              29.9529309063,
              -1.3272088653
            ],
            [
              29.953018387,
              -1.3275389083
            ],
            [
              29.9528479883,
              -1.3288560588
            ],
            [
              29.9530317565,
              -1.3292170432
            ],
            [
              29.9540720475,
              -1.3298057728
            ],
            [
              29.9551227602,
              -1.3297861275
            ],
            [
              29.955735019,
              -1.3302500376
            ],
            [
              29.9568502624,
              -1.3305194601
            ],
            [
              29.9582647232,
              -1.3305441572
            ],
            [
              29.9592852933,
              -1.3298313116
            ],
            [
              29.9596985179,
              -1.329145759
            ],
            [
              29.9601122694,
              -1.3291495466
            ],
            [
              29.9603422167,
              -1.3300172399
            ],
            [
              29.9618944426,
              -1.3306344065
            ]
          ]
        ]
      },
      "properties": {
        "country": "Uganda",
        "country_code": "UGA",
        "species_name": "Eucalyptus_grandis_nitens",
        "genus": "Eucalyptus",
        "species": "grandis_nitens",
        "suitability_name": "Marginally suitable",
        "suitability_rank": 3,
        "soil_suitability": "S2",
        "soil_type": "Ferrallitic Soils",
        "soil_description": "Yellow soils - Sandy clay loams",
        "site_class": null,
        "maz": "I",
        "maz_zone": null,
        "tz": "5",
        "frost_risk": null,
        "source_layer": "SWIFT_SSMT_Uganda"
      }
    },
    {
      "type": "Feature",
      "geometry": {
        "type": "Polygon",
        "coordinates": [
          [
            [
              29.9618974009,
              -1.3331095364
            ],
            [
              29.9617541873,
              -1.3332612468
            ],
            [
              29.9613490662,
              -1.3328115795
            ],
            [
              29.9606470134,
              -1.3325072178
            ],
            [
              29.9579446278,
              -1.3320510241
            ],
            [
              29.9561719292,
              -1.3323446516
            ],
            [
              29.9555497399,
              -1.332666976
            ],
            [
              29.9549712043,
              -1.3325505069
            ],
            [
              29.9540331327,
              -1.3326258615
            ],
            [
              29.9535313739,
              -1.3331935411
            ],
            [
              29.953563657,
              -1.3336279136
            ],
            [
              29.9540344299,
              -1.3339380283
            ],
            [
              29.954308872,
              -1.3346001457
            ],
            [
              29.9539602137,
              -1.3359645132
            ],
            [
              29.9539552315,
              -1.3372880454
            ],
            [
              29.9541750388,
              -1.3375405573
            ],
            [
              29.9549404296,
              -1.3378278695
            ],
            [
              29.9563959122,
              -1.337593318
            ],
            [
              29.9566472648,
              -1.3377064194
            ],
            [
              29.9567599754,
              -1.337992469
            ],
            [
              29.9566812316,
              -1.3402053693
            ],
            [
              29.9569086529,
              -1.3412152773
            ],
            [
              29.9560777814,
              -1.3428405008
            ],
            [
              29.9561496119,
              -1.3430897144
            ],
            [
              29.9571740062,
              -1.3442524325
            ],
            [
              29.9578148281,
              -1.3446418996
            ],
            [
              29.9582555998,
              -1.344577631
            ],
            [
              29.9587388305,
              -1.3455361771
            ],
            [
              29.9598757957,
              -1.3464275096
            ],
            [
              29.9599492386,
              -1.3467541818
            ],
            [
              29.9591286149,
              -1.3473053713
            ],
            [
              29.9591481946,
              -1.347584964
            ],
            [
              29.9608014115,
              -1.3487672544
            ],
            [
              29.9616212988,
              -1.3488786015
            ],
            [
              29.9620160667,
              -1.3490857178
            ],
            [
              29.962311669,
              -1.3493935157
            ],
            [
              29.962292824,
              -1.3506997816
            ],
            [
              29.9624497845,
              -1.3510947184
            ],
            [
              29.9632796034,
              -1.3516007932
            ],
            [
              29.9643798982,
              -1.3525911208
            ],
            [
              29.9646527618,
              -1.3526152552
            ],
            [
              29.9660747671,
              -1.3521020252
            ],
            [
              29.9665352583,
              -1.3528008334
            ],
            [
              29.9676560821,
              -1.3534527014
            ],
            [
              29.9676365028,
              -1.353672236
            ],
            [
              29.9659284399,
              -1.3543749009
            ],
            [
              29.9656523827,
              -1.3547508245
            ],
            [
              29.9656021338,
              -1.3552488302
            ],
            [
              29.9657302484,
              -1.355965247
            ],
            [
              29.9659936373,
              -1.35642817
            ],
            [
              29.9671149168,
              -1.3570883872
            ],
            [
              29.9672924759,
              -1.358068819
            ],
            [
              29.9678645896,
              -1.3585786101
            ],
            [
              29.9679229809,
              -1.3590485495
            ],
            [
              29.9683525225,
              -1.3594579404
            ],
            [
              29.968021128,
              -1.3595360292
            ],
            [
              29.9672982303,
              -1.3591340763
            ],
            [
              29.9666810599,
              -1.3590578112
            ],
            [
              29.9662792734,
              -1.3587627131
            ],
            [
              29.9658768921,
              -1.3587639066
            ],
            [
              29.9653687119,
              -1.3591046089
            ],
            [
              29.964736909,
              -1.3601982099
            ],
            [
              29.9640572429,
              -1.3624061087
            ],
            [
              29.9621578672,
              -1.3626400254
            ],
            [
              29.9607298965,
              -1.3624498191
            ],
            [
              29.9605302675,
              -1.3623304048
            ],
            [
              29.9602715793,
              -1.3609798751
            ],
            [
              29.9604987902,
              -1.3586289864
            ],
            [
              29.9603741145,
              -1.3580575235
            ],
            [
              29.9598304932,
              -1.3566653154
            ],
            [
              29.9592528343,
              -1.3563817234
            ],
            [
              29.9611348364,
              -1.3675819028
            ],
            [
              29.9618655684,
              -1.3694661498
            ],
            [
              29.9703040321,
              -1.3694556333
            ],
            [
              29.970314435,
              -1.3778720774
            ],
            [
              29.9786769536,
              -1.3778615611
            ],
            [
              29.9786458513,
              -1.3526124184
            ],
            [
              29.9702834186,
              -1.352622741
            ],
            [
              29.970273208,
              -1.3442062947
            ],
            [
              29.9619107395,
              -1.3442165252
            ],
            [
              29.9618974009,
              -1.3331095364
            ]
          ]
        ]
      },
      "properties": {
        "country": "Uganda",
        "country_code": "UGA",
        "species_name": "Eucalyptus_grandis_nitens",
        "genus": "Eucalyptus",
        "species": "grandis_nitens",
        "suitability_name": "Marginally suitable",
        "suitability_rank": 3,
        "soil_suitability": "S2",
        "soil_type": "Ferrallitic Soils",
        "soil_description": "Yellow soils - Sandy clay loams",
        "site_class": null,
        "maz": "I",
        "maz_zone": null,
        "tz": "5",
        "frost_risk": null,
        "source_layer": "SWIFT_SSMT_Uganda"
      }
    }
  ]
}
