{
  "type": "FeatureCollection",
  "features": [
    {
      "type": "Feature",
      "geometry": {
        "type": "Polygon",
        "coordinates": [
          [
            [
              33.037373817,
              3.8827525957
            ],
            [
              33.0374000199,
              3.8864254587
            ],
            [
              33.0310967529,
              3.8911787044
            ],
            [
              33.0249181307,
              3.8912231787
            ],
            [
              33.0228276812,
              3.8900600002
            ],
            [
              33.0207268471,
              3.8886050802
            ],
            [
              33.0206860517,
              3.8828724798
            ],
            [
              33.037373817,
              3.8827525957
            ]
          ]
        ]
      },
      "properties": {
        "country": "Uganda",
        "country_code": "UGA",
        "species_name": "Eucalyptus_camaldulensis_S",
        "genus": "Eucalyptus",
        "species": "camaldulensis_S",
        "suitability_name": "Moderately suitable",
        "suitability_rank": 2,
        "soil_suitability": "S4",
        "soil_type": "Lithosols",
        "soil_description": "Not differentiated",
        "site_class": null,
        "maz": "I",
        "maz_zone": null,
        "tz": "6",
        "frost_risk": null,
        "source_layer": "SWIFT_SSMT_Uganda"
      }
    },
    {
      "type": "Feature",
      "geometry": {
        "type": "Polygon",
        "coordinates": [
          [
            [
              33.0456982509,
              3.8799951622
            ],
            [
              33.0422166479,
              3.882717744
            ],
            [
              33.0123419733,
              3.8829322996
            ],
            [
              33.0122825219,
              3.8745514601
            ],
            [
              33.0289703843,
              3.8744319993
            ],
            [
              33.0289108994,
              3.8660514179
            ],
            [
              33.0372545554,
              3.8659916948
            ],
            [
              33.0373141215,
              3.8743721469
            ],
            [
              33.0456577274,
              3.8743122129
            ],
            [
              33.0456982509,
              3.8799951622
            ]
          ]
        ]
      },
      "properties": {
        "country": "Uganda",
        "country_code": "UGA",
        "species_name": "Eucalyptus_camaldulensis_S",
        "genus": "Eucalyptus",
        "species": "camaldulensis_S",
        "suitability_name": "Moderately suitable",
        "suitability_rank": 2,
        "soil_suitability": "S4",
        "soil_type": "Lithosols",
        "soil_description": "Not differentiated",
        "site_class": null,
        "maz": "I",
        "maz_zone": null,
        "tz": "5",
        "frost_risk": null,
        "source_layer": "SWIFT_SSMT_Uganda"
      }
    },
    {
      "type": "Feature",
      "geometry": {
        "type": "Polygon",
        "coordinates": [
          [
            [
              32.8949911313,
              3.808317396
            ],
            [
              32.903336279,
              3.8082598648
            ],
            [
              32.9033898728,
              3.8160902279
            ],
            [
              32.9025876808,
              3.8156
            ],
            [
              32.900727681,
              3.8150199995
            ],
            [
              32.8990176813,
              3.8147
            ],
            [
              32.8950266446,
              3.8135152544
            ],
            [
              32.8949911313,
              3.808317396
            ]
          ]
        ]
      },
      "properties": {
        "country": "Uganda",
        "country_code": "UGA",
        "species_name": "Eucalyptus_camaldulensis_S",
        "genus": "Eucalyptus",
        "species": "camaldulensis_S",
        "suitability_name": "Moderately suitable",
        "suitability_rank": 2,
        "soil_suitability": "S4",
        "soil_type": "Lithosols",
        "soil_description": "Not differentiated",
        "site_class": null,
        "maz": "II",
        "maz_zone": null,
        "tz": "5",
        "frost_risk": null,
        "source_layer": "SWIFT_SSMT_Uganda"
      }
    },
    {
      "type": "Feature",
      "geometry": {
        "type": "Polygon",
        "coordinates": [
          [
            [
              32.9451757885,
              3.8247347801
            ],
            [
              32.9452919834,
              3.8414985443
            ],
            [
              32.9442279243,
              3.841506001
            ],
            [
              32.9369147697,
              3.8368858758
            ],
            [
              32.9368890711,
              3.8331749795
            ],
            [
              32.9310988218,
              3.8332153956
            ],
            [
              32.9285326492,
              3.8315626862
            ],
            [
              32.9284863196,
              3.8248510755
            ],
            [
              32.9175388632,
              3.8249271831
            ],
            [
              32.9117715207,
              3.8213562407
            ],
            [
              32.9117387572,
              3.8165846531
            ],
            [
              32.9042615768,
              3.8166363907
            ],
            [
              32.9033898728,
              3.8160902279
            ],
            [
              32.903336279,
              3.8082598648
            ],
            [
              32.8949911313,
              3.808317396
            ],
            [
              32.8949339605,
              3.7999347413
            ],
            [
              32.9116239682,
              3.7998198529
            ],
            [
              32.9116812986,
              3.8082022542
            ],
            [
              32.9200261927,
              3.8081445625
            ],
            [
              32.9200837295,
              3.8165268339
            ],
            [
              32.9367732929,
              3.8164109543
            ],
            [
              32.9367155962,
              3.8080289384
            ],
            [
              32.9450601062,
              3.807971006
            ],
            [
              32.9451178837,
              3.8163528948
            ],
            [
              32.9451757885,
              3.8247347801
            ]
          ]
        ]
      },
      "properties": {
        "country": "Uganda",
        "country_code": "UGA",
        "species_name": "Eucalyptus_camaldulensis_S",
        "genus": "Eucalyptus",
        "species": "camaldulensis_S",
        "suitability_name": "Moderately suitable",
        "suitability_rank": 2,
        "soil_suitability": "S4",
        "soil_type": "Lithosols",
        "soil_description": "Not differentiated",
        "site_class": null,
        "maz": "I",
        "maz_zone": null,
        "tz": "5",
        "frost_risk": null,
        "source_layer": "SWIFT_SSMT_Uganda"
      }
    },
    {
      "type": "Feature",
      "geometry": {
        "type": "Polygon",
        "coordinates": [
          [
            [
              34.0372234602,
              3.824781676
            ],
            [
              34.0290369955,
              3.8248493564
            ],
            [
              34.0262426972,
              3.8235479751
            ],
            [
              34.0205643414,
              3.8241854257
            ],
            [
              34.0204338231,
              3.8081914527
            ],
            [
              34.0037804208,
              3.8083281237
            ],
            [
              34.003644819,
              3.7915996941
            ],
            [
              34.0202979059,
              3.7914636252
            ],
            [
              34.0203657888,
              3.7998275401
            ],
            [
              34.0370184298,
              3.7996908529
            ],
            [
              34.0369503881,
              3.7913272393
            ],
            [
              34.0536022678,
              3.7911905366
            ],
            [
              34.0538073194,
              3.8162804612
            ],
            [
              34.0371549659,
              3.8164180712
            ],
            [
              34.0372234602,
              3.824781676
            ]
          ]
        ]
      },
      "properties": {
        "country": "Uganda",
        "country_code": "UGA",
        "species_name": "Eucalyptus_camaldulensis_S",
        "genus": "Eucalyptus",
        "species": "camaldulensis_S",
        "suitability_name": "Moderately suitable",
        "suitability_rank": 2,
        "soil_suitability": "S4",
        "soil_type": "Lithosols",
        "soil_description": "Not differentiated",
        "site_class": null,
        "maz": "II",
        "maz_zone": null,
        "tz": "5",
        "frost_risk": null,
        "source_layer": "SWIFT_SSMT_Uganda"
      }
    },
    {
      "type": "Feature",
      "geometry": {
        "type": "Polygon",
        "coordinates": [
          [
            [
              34.0288969779,
              3.8248505132
            ],
            [
              34.028965543,
              3.8332142656
            ],
            [
              34.0206388299,
              3.8332831731
            ],
            [
              34.0205703432,
              3.8249192692
            ],
            [
              34.0288969779,
              3.8248505132
            ]
          ]
        ]
      },
      "properties": {
        "country": "Uganda",
        "country_code": "UGA",
        "species_name": "Eucalyptus_camaldulensis_S",
        "genus": "Eucalyptus",
        "species": "camaldulensis_S",
        "suitability_name": "Moderately suitable",
        "suitability_rank": 2,
        "soil_suitability": "S2",
        "soil_type": "Ferruginous Soils",
        "soil_description": "On crystalline acid rock - freely drained",
        "site_class": null,
        "maz": "III",
        "maz_zone": null,
        "tz": "5",
        "frost_risk": null,
        "source_layer": "SWIFT_SSMT_Uganda"
      }
    },
    {
      "type": "Feature",
      "geometry": {
        "type": "Polygon",
        "coordinates": [
          [
            [
              34.0205643414,
              3.8241854257
            ],
            [
              34.0205703432,
              3.8249192692
            ],
            [
              34.0156605658,
              3.8249597732
            ],
            [
              34.0159635635,
              3.824701884
            ],
            [
              34.0205643414,
              3.8241854257
            ]
          ]
        ]
      },
      "properties": {
        "country": "Uganda",
        "country_code": "UGA",
        "species_name": "Eucalyptus_camaldulensis_S",
        "genus": "Eucalyptus",
        "species": "camaldulensis_S",
        "suitability_name": "Moderately suitable",
        "suitability_rank": 2,
        "soil_suitability": "S2",
        "soil_type": "Ferruginous Soils",
        "soil_description": "On crystalline acid rock - freely drained",
        "site_class": null,
        "maz": "III",
        "maz_zone": null,
        "tz": "5",
        "frost_risk": null,
        "source_layer": "SWIFT_SSMT_Uganda"
      }
    },
    {
      "type": "Feature",
      "geometry": {
        "type": "Polygon",
        "coordinates": [
          [
            [
              33.0289108994,
              3.8660514179
            ],
            [
              33.0289703843,
              3.8744319993
            ],
            [
              33.020626518,
              3.874491771
            ],
            [
              33.0205671143,
              3.8661110597
            ],
            [
              33.0289108994,
              3.8660514179
            ]
          ]
        ]
      },
      "properties": {
        "country": "Uganda",
        "country_code": "UGA",
        "species_name": "Eucalyptus_camaldulensis_S",
        "genus": "Eucalyptus",
        "species": "camaldulensis_S",
        "suitability_name": "Moderately suitable",
        "suitability_rank": 2,
        "soil_suitability": "S4",
        "soil_type": "Lithosols",
        "soil_description": "Not differentiated",
        "site_class": null,
        "maz": "I",
        "maz_zone": null,
        "tz": "4",
        "frost_risk": null,
        "source_layer": "SWIFT_SSMT_Uganda"
      }
    },
    {
      "type": "Feature",
      "geometry": {
        "type": "Polygon",
        "coordinates": [
          [
            [
              33.020626518,
              3.874491771
            ],
            [
              33.0122825219,
              3.8745514601
            ],
            [
              33.0123419733,
              3.8829322996
            ],
            [
              33.0115296238,
              3.8829381186
            ],
            [
              33.0039642256,
              3.8782594401
            ],
            [
              33.0039383969,
              3.8746110694
            ],
            [
              33.0038791546,
              3.8662300987
            ],
            [
              33.0205671143,
              3.8661110597
            ],
            [
              33.020626518,
              3.874491771
            ]
          ]
        ]
      },
      "properties": {
        "country": "Uganda",
        "country_code": "UGA",
        "species_name": "Eucalyptus_camaldulensis_S",
        "genus": "Eucalyptus",
        "species": "camaldulensis_S",
        "suitability_name": "Moderately suitable",
        "suitability_rank": 2,
        "soil_suitability": "S4",
        "soil_type": "Lithosols",
        "soil_description": "Not differentiated",
        "site_class": null,
        "maz": "II",
        "maz_zone": null,
        "tz": "4",
        "frost_risk": null,
        "source_layer": "SWIFT_SSMT_Uganda"
      }
    },
    {
      "type": "Feature",
      "geometry": {
        "type": "Polygon",
        "coordinates": [
          [
            [
              33.0539984376,
              3.8738643544
            ],
            [
              33.0501000037,
              3.8769199996
            ],
            [
              33.0456982509,
              3.8799951622
            ],
            [
              33.0456577274,
              3.8743122129
            ],
            [
              33.0373141215,
              3.8743721469
            ],
            [
              33.0372545554,
              3.8659916948
            ],
            [
              33.0205671143,
              3.8661110597
            ],
            [
              33.0205078413,
              3.8577303449
            ],
            [
              33.0455385642,
              3.8575515658
            ],
            [
              33.0455980811,
              3.8659318911
            ],
            [
              33.0539414763,
              3.8658720051
            ],
            [
              33.0539984376,
              3.8738643544
            ]
          ]
        ]
      },
      "properties": {
        "country": "Uganda",
        "country_code": "UGA",
        "species_name": "Eucalyptus_camaldulensis_S",
        "genus": "Eucalyptus",
        "species": "camaldulensis_S",
        "suitability_name": "Moderately suitable",
        "suitability_rank": 2,
        "soil_suitability": "S4",
        "soil_type": "Lithosols",
        "soil_description": "Not differentiated",
        "site_class": null,
        "maz": "II",
        "maz_zone": null,
        "tz": "4",
        "frost_risk": null,
        "source_layer": "SWIFT_SSMT_Uganda"
      }
    },
    {
      "type": "Feature",
      "geometry": {
        "type": "Polygon",
        "coordinates": [
          [
            [
              32.9451757885,
              3.8247347801
            ],
            [
              32.9535203305,
              3.8246765111
            ],
            [
              32.9536366862,
              3.8414400198
            ],
            [
              32.9452919834,
              3.8414985443
            ],
            [
              32.9451757885,
              3.8247347801
            ]
          ]
        ]
      },
      "properties": {
        "country": "Uganda",
        "country_code": "UGA",
        "species_name": "Eucalyptus_camaldulensis_S",
        "genus": "Eucalyptus",
        "species": "camaldulensis_S",
        "suitability_name": "Moderately suitable",
        "suitability_rank": 2,
        "soil_suitability": "S4",
        "soil_type": "Lithosols",
        "soil_description": "Not differentiated",
        "site_class": null,
        "maz": "I",
        "maz_zone": null,
        "tz": "4",
        "frost_risk": null,
        "source_layer": "SWIFT_SSMT_Uganda"
      }
    },
    {
      "type": "Feature",
      "geometry": {
        "type": "Polygon",
        "coordinates": [
          [
            [
              32.9367155962,
              3.8080289384
            ],
            [
              32.9366580265,
              3.7996469209
            ],
            [
              32.9533467588,
              3.7995312312
            ],
            [
              32.9534623447,
              3.816294754
            ],
            [
              32.9451178837,
              3.8163528948
            ],
            [
              32.9450601062,
              3.807971006
            ],
            [
              32.9367155962,
              3.8080289384
            ]
          ]
        ]
      },
      "properties": {
        "country": "Uganda",
        "country_code": "UGA",
        "species_name": "Eucalyptus_camaldulensis_S",
        "genus": "Eucalyptus",
        "species": "camaldulensis_S",
        "suitability_name": "Moderately suitable",
        "suitability_rank": 2,
        "soil_suitability": "S4",
        "soil_type": "Lithosols",
        "soil_description": "Not differentiated",
        "site_class": null,
        "maz": "I",
        "maz_zone": null,
        "tz": "4",
        "frost_risk": null,
        "source_layer": "SWIFT_SSMT_Uganda"
      }
    },
    {
      "type": "Feature",
      "geometry": {
        "type": "Polygon",
        "coordinates": [
          [
            [
              32.9367155962,
              3.8080289384
            ],
            [
              32.9367732929,
              3.8164109543
            ],
            [
              32.9200837295,
              3.8165268339
            ],
            [
              32.9200261927,
              3.8081445625
            ],
            [
              32.9367155962,
              3.8080289384
            ]
          ]
        ]
      },
      "properties": {
        "country": "Uganda",
        "country_code": "UGA",
        "species_name": "Eucalyptus_camaldulensis_S",
        "genus": "Eucalyptus",
        "species": "camaldulensis_S",
        "suitability_name": "Moderately suitable",
        "suitability_rank": 2,
        "soil_suitability": "S4",
        "soil_type": "Lithosols",
        "soil_description": "Not differentiated",
        "site_class": null,
        "maz": "I",
        "maz_zone": null,
        "tz": "4",
        "frost_risk": null,
        "source_layer": "SWIFT_SSMT_Uganda"
      }
    },
    {
      "type": "Feature",
      "geometry": {
        "type": "Polygon",
        "coordinates": [
          [
            [
              32.9116239682,
              3.7998198529
            ],
            [
              32.9199687825,
              3.7997622887
            ],
            [
              32.9200261927,
              3.8081445625
            ],
            [
              32.9116812986,
              3.8082022542
            ],
            [
              32.9116239682,
              3.7998198529
            ]
          ]
        ]
      },
      "properties": {
        "country": "Uganda",
        "country_code": "UGA",
        "species_name": "Eucalyptus_camaldulensis_S",
        "genus": "Eucalyptus",
        "species": "camaldulensis_S",
        "suitability_name": "Moderately suitable",
        "suitability_rank": 2,
        "soil_suitability": "S4",
        "soil_type": "Lithosols",
        "soil_description": "Not differentiated",
        "site_class": null,
        "maz": "I",
        "maz_zone": null,
        "tz": "4",
        "frost_risk": null,
        "source_layer": "SWIFT_SSMT_Uganda"
      }
    },
    {
      "type": "Feature",
      "geometry": {
        "type": "Polygon",
        "coordinates": [
          [
            [
              32.8949339605,
              3.7999347413
            ],
            [
              32.8948769166,
              3.7915520841
            ],
            [
              32.9115667651,
              3.7914374492
            ],
            [
              32.9116239682,
              3.7998198529
            ],
            [
              32.8949339605,
              3.7999347413
            ]
          ]
        ]
      },
      "properties": {
        "country": "Uganda",
        "country_code": "UGA",
        "species_name": "Eucalyptus_camaldulensis_S",
        "genus": "Eucalyptus",
        "species": "camaldulensis_S",
        "suitability_name": "Moderately suitable",
        "suitability_rank": 2,
        "soil_suitability": "S4",
        "soil_type": "Lithosols",
        "soil_description": "Not differentiated",
        "site_class": null,
        "maz": "I",
        "maz_zone": null,
        "tz": "4",
        "frost_risk": null,
        "source_layer": "SWIFT_SSMT_Uganda"
      }
    },
    {
      "type": "Feature",
      "geometry": {
        "type": "Polygon",
        "coordinates": [
          [
            [
              32.8781298014,
              3.7832834845
            ],
            [
              32.8782434449,
              3.8000493094
            ],
            [
              32.8698979975,
              3.8001064733
            ],
            [
              32.8698411926,
              3.791723436
            ],
            [
              32.844804331,
              3.7918940688
            ],
            [
              32.84474789,
              3.7835106507
            ],
            [
              32.8781298014,
              3.7832834845
            ]
          ]
        ]
      },
      "properties": {
        "country": "Uganda",
        "country_code": "UGA",
        "species_name": "Eucalyptus_camaldulensis_S",
        "genus": "Eucalyptus",
        "species": "camaldulensis_S",
        "suitability_name": "Moderately suitable",
        "suitability_rank": 2,
        "soil_suitability": "S4",
        "soil_type": "Lithosols",
        "soil_description": "Not differentiated",
        "site_class": null,
        "maz": "I",
        "maz_zone": null,
        "tz": "4",
        "frost_risk": null,
        "source_layer": "SWIFT_SSMT_Uganda"
      }
    },
    {
      "type": "Feature",
      "geometry": {
        "type": "Polygon",
        "coordinates": [
          [
            [
              32.9620397121,
              3.8497630355
            ],
            [
              32.9575711077,
              3.8497944982
            ],
            [
              32.9536783838,
              3.8474294832
            ],
            [
              32.9536366862,
              3.8414400198
            ],
            [
              32.9535203305,
              3.8246765111
            ],
            [
              32.9451757885,
              3.8247347801
            ],
            [
              32.9451178837,
              3.8163528948
            ],
            [
              32.9534623447,
              3.816294754
            ],
            [
              32.9533467588,
              3.7995312312
            ],
            [
              32.9366580265,
              3.7996469209
            ],
            [
              32.9367155962,
              3.8080289384
            ],
            [
              32.9200261927,
              3.8081445625
            ],
            [
              32.9199687825,
              3.7997622887
            ],
            [
              32.9116239682,
              3.7998198529
            ],
            [
              32.9115667651,
              3.7914374492
            ],
            [
              32.8948769166,
              3.7915520841
            ],
            [
              32.8949339605,
              3.7999347413
            ],
            [
              32.8949911313,
              3.808317396
            ],
            [
              32.8754062241,
              3.8084520961
            ],
            [
              32.8615843065,
              3.8048673305
            ],
            [
              32.8615524229,
              3.800163558
            ],
            [
              32.844693333,
              3.8002786271
            ],
            [
              32.8281388461,
              3.7959315497
            ],
            [
              32.8281124594,
              3.7920074242
            ],
            [
              32.8280561782,
              3.7836237549
            ],
            [
              32.8197101336,
              3.7836801873
            ],
            [
              32.819598106,
              3.7669125897
            ],
            [
              32.8362897529,
              3.7668001468
            ],
            [
              32.8363458614,
              3.7751836955
            ],
            [
              32.8780731699,
              3.7749005688
            ],
            [
              32.8780166651,
              3.7665176497
            ],
            [
              32.8947065468,
              3.7664040949
            ],
            [
              32.8947632098,
              3.7747867605
            ],
            [
              32.9114527419,
              3.7746726341
            ],
            [
              32.9113959191,
              3.7662902237
            ],
            [
              32.9197404161,
              3.7662331692
            ],
            [
              32.9196836426,
              3.7578508828
            ],
            [
              32.9447161279,
              3.7576796251
            ],
            [
              32.9446592469,
              3.7492977196
            ],
            [
              32.9530030754,
              3.7492406035
            ],
            [
              32.9529462422,
              3.7408588236
            ],
            [
              32.9612898641,
              3.740801756
            ],
            [
              32.9615182766,
              3.7743283486
            ],
            [
              32.9617487425,
              3.8078549015
            ],
            [
              32.9620397121,
              3.8497630355
            ]
          ],
          [
            [
              32.8781298014,
              3.7832834845
            ],
            [
              32.84474789,
              3.7835106507
            ],
            [
              32.844804331,
              3.7918940688
            ],
            [
              32.8698411926,
              3.791723436
            ],
            [
              32.8698979975,
              3.8001064733
            ],
            [
              32.8782434449,
              3.8000493094
            ],
            [
              32.8781298014,
              3.7832834845
            ]
          ]
        ]
      },
      "properties": {
        "country": "Uganda",
        "country_code": "UGA",
        "species_name": "Eucalyptus_camaldulensis_S",
        "genus": "Eucalyptus",
        "species": "camaldulensis_S",
        "suitability_name": "Moderately suitable",
        "suitability_rank": 2,
        "soil_suitability": "S4",
        "soil_type": "Lithosols",
        "soil_description": "Not differentiated",
        "site_class": null,
        "maz": "II",
        "maz_zone": null,
        "tz": "4",
        "frost_risk": null,
        "source_layer": "SWIFT_SSMT_Uganda"
      }
    },
    {
      "type": "Feature",
      "geometry": {
        "type": "Polygon",
        "coordinates": [
          [
            [
              33.0038791546,
              3.8662300987
            ],
            [
              33.0039383969,
              3.8746110694
            ],
            [
              32.9979014618,
              3.8746541435
            ],
            [
              32.9955842153,
              3.8732656938
            ],
            [
              32.9955349813,
              3.8662894961
            ],
            [
              33.0038791546,
              3.8662300987
            ]
          ]
        ]
      },
      "properties": {
        "country": "Uganda",
        "country_code": "UGA",
        "species_name": "Eucalyptus_camaldulensis_S",
        "genus": "Eucalyptus",
        "species": "camaldulensis_S",
        "suitability_name": "Moderately suitable",
        "suitability_rank": 2,
        "soil_suitability": "S4",
        "soil_type": "Lithosols",
        "soil_description": "Not differentiated",
        "site_class": null,
        "maz": "II",
        "maz_zone": null,
        "tz": "3",
        "frost_risk": null,
        "source_layer": "SWIFT_SSMT_Uganda"
      }
    },
    {
      "type": "Feature",
      "geometry": {
        "type": "Polygon",
        "coordinates": [
          [
            [
              33.0622847419,
              3.8658120386
            ],
            [
              33.0622968463,
              3.8675094597
            ],
            [
              33.0590400037,
              3.8698099996
            ],
            [
              33.0539984376,
              3.8738643544
            ],
            [
              33.0539414763,
              3.8658720051
            ],
            [
              33.0622847419,
              3.8658120386
            ]
          ]
        ]
      },
      "properties": {
        "country": "Uganda",
        "country_code": "UGA",
        "species_name": "Eucalyptus_camaldulensis_S",
        "genus": "Eucalyptus",
        "species": "camaldulensis_S",
        "suitability_name": "Moderately suitable",
        "suitability_rank": 2,
        "soil_suitability": "S4",
        "soil_type": "Lithosols",
        "soil_description": "Not differentiated",
        "site_class": null,
        "maz": "II",
        "maz_zone": null,
        "tz": "3",
        "frost_risk": null,
        "source_layer": "SWIFT_SSMT_Uganda"
      }
    },
    {
      "type": "Feature",
      "geometry": {
        "type": "Polygon",
        "coordinates": [
          [
            [
              33.0371951195,
              3.8576112401
            ],
            [
              33.0371358139,
              3.8492307829
            ],
            [
              33.0538224123,
              3.8491116139
            ],
            [
              33.0539414763,
              3.8658720051
            ],
            [
              33.0455980811,
              3.8659318911
            ],
            [
              33.0455385642,
              3.8575515658
            ],
            [
              33.0371951195,
              3.8576112401
            ]
          ]
        ]
      },
      "properties": {
        "country": "Uganda",
        "country_code": "UGA",
        "species_name": "Eucalyptus_camaldulensis_S",
        "genus": "Eucalyptus",
        "species": "camaldulensis_S",
        "suitability_name": "Moderately suitable",
        "suitability_rank": 2,
        "soil_suitability": "S4",
        "soil_type": "Lithosols",
        "soil_description": "Not differentiated",
        "site_class": null,
        "maz": "II",
        "maz_zone": null,
        "tz": "3",
        "frost_risk": null,
        "source_layer": "SWIFT_SSMT_Uganda"
      }
    },
    {
      "type": "Feature",
      "geometry": {
        "type": "Polygon",
        "coordinates": [
          [
            [
              33.0205078413,
              3.8577303449
            ],
            [
              33.0205671143,
              3.8661110597
            ],
            [
              33.0122231993,
              3.8661706199
            ],
            [
              33.0121640064,
              3.8577897763
            ],
            [
              33.0205078413,
              3.8577303449
            ]
          ]
        ]
      },
      "properties": {
        "country": "Uganda",
        "country_code": "UGA",
        "species_name": "Eucalyptus_camaldulensis_S",
        "genus": "Eucalyptus",
        "species": "camaldulensis_S",
        "suitability_name": "Moderately suitable",
        "suitability_rank": 2,
        "soil_suitability": "S4",
        "soil_type": "Lithosols",
        "soil_description": "Not differentiated",
        "site_class": null,
        "maz": "II",
        "maz_zone": null,
        "tz": "3",
        "frost_risk": null,
        "source_layer": "SWIFT_SSMT_Uganda"
      }
    },
    {
      "type": "Feature",
      "geometry": {
        "type": "Polygon",
        "coordinates": [
          [
            [
              32.9870729072,
              3.8495863479
            ],
            [
              32.9871906787,
              3.866348812
            ],
            [
              32.9843783534,
              3.8663687846
            ],
            [
              32.9788215174,
              3.8628894863
            ],
            [
              32.9787873782,
              3.8580266866
            ],
            [
              32.9709928508,
              3.8580818237
            ],
            [
              32.9704404589,
              3.8577375518
            ],
            [
              32.9703842386,
              3.8497042205
            ],
            [
              32.9620397121,
              3.8497630355
            ],
            [
              32.9617487425,
              3.8078549015
            ],
            [
              32.9685369658,
              3.807807582
            ],
            [
              32.9655032082,
              3.8106715649
            ],
            [
              32.9634220956,
              3.8181854171
            ],
            [
              32.962758114,
              3.8249751783
            ],
            [
              32.9677872939,
              3.83243924
            ],
            [
              32.9702779503,
              3.8344703278
            ],
            [
              32.9703257074,
              3.8413227278
            ],
            [
              32.9786700254,
              3.8412639595
            ],
            [
              32.9787286374,
              3.8496453243
            ],
            [
              32.9870729072,
              3.8495863479
            ]
          ]
        ]
      },
      "properties": {
        "country": "Uganda",
        "country_code": "UGA",
        "species_name": "Eucalyptus_camaldulensis_S",
        "genus": "Eucalyptus",
        "species": "camaldulensis_S",
        "suitability_name": "Moderately suitable",
        "suitability_rank": 2,
        "soil_suitability": "S4",
        "soil_type": "Lithosols",
        "soil_description": "Not differentiated",
        "site_class": null,
        "maz": "II",
        "maz_zone": null,
        "tz": "3",
        "frost_risk": null,
        "source_layer": "SWIFT_SSMT_Uganda"
      }
    },
    {
      "type": "Feature",
      "geometry": {
        "type": "Polygon",
        "coordinates": [
          [
            [
              32.9615182766,
              3.7743283486
            ],
            [
              32.9612898641,
              3.740801756
            ],
            [
              32.9529462422,
              3.7408588236
            ],
            [
              32.9530030754,
              3.7492406035
            ],
            [
              32.9446592469,
              3.7492977196
            ],
            [
              32.9447161279,
              3.7576796251
            ],
            [
              32.9196836426,
              3.7578508828
            ],
            [
              32.9197404161,
              3.7662331692
            ],
            [
              32.9113959191,
              3.7662902237
            ],
            [
              32.9114527419,
              3.7746726341
            ],
            [
              32.8947632098,
              3.7747867605
            ],
            [
              32.8947065468,
              3.7664040949
            ],
            [
              32.8780166651,
              3.7665176497
            ],
            [
              32.8780731699,
              3.7749005688
            ],
            [
              32.8363458614,
              3.7751836955
            ],
            [
              32.8362897529,
              3.7668001468
            ],
            [
              32.819598106,
              3.7669125897
            ],
            [
              32.8197101336,
              3.7836801873
            ],
            [
              32.8280561782,
              3.7836237549
            ],
            [
              32.8281124594,
              3.7920074242
            ],
            [
              32.8125312455,
              3.7921129464
            ],
            [
              32.8030563743,
              3.7895849884
            ],
            [
              32.8030176698,
              3.7837928129
            ],
            [
              32.79467125,
              3.7838490069
            ],
            [
              32.7946154115,
              3.7754648339
            ],
            [
              32.7945596987,
              3.7670806585
            ],
            [
              32.8029059591,
              3.767024715
            ],
            [
              32.8028502919,
              3.7586406628
            ],
            [
              32.81954228,
              3.7585287867
            ],
            [
              32.8194865793,
              3.7501449822
            ],
            [
              32.8445233874,
              3.749976952
            ],
            [
              32.8444992647,
              3.7463558637
            ],
            [
              32.8502304158,
              3.7468176984
            ],
            [
              32.8611686114,
              3.7430730297
            ],
            [
              32.861213964,
              3.749864536
            ],
            [
              32.8779040341,
              3.7497518049
            ],
            [
              32.8779602867,
              3.758134729
            ],
            [
              32.8863052121,
              3.7580781175
            ],
            [
              32.8862488816,
              3.749695321
            ],
            [
              32.9112826588,
              3.7495253946
            ],
            [
              32.9112262187,
              3.7411429757
            ],
            [
              32.9195704789,
              3.7410863025
            ],
            [
              32.9196269975,
              3.749468594
            ],
            [
              32.9363152913,
              3.749354756
            ],
            [
              32.9362586158,
              3.74097272
            ],
            [
              32.9446024931,
              3.7409158116
            ],
            [
              32.9445458672,
              3.732533901
            ],
            [
              32.9528895382,
              3.7324770402
            ],
            [
              32.9528329623,
              3.7240952561
            ],
            [
              32.9611764261,
              3.7240384452
            ],
            [
              32.9612330809,
              3.7324201028
            ],
            [
              32.9695764952,
              3.7323630841
            ],
            [
              32.9698620839,
              3.774270689
            ],
            [
              32.9615182766,
              3.7743283486
            ]
          ]
        ]
      },
      "properties": {
        "country": "Uganda",
        "country_code": "UGA",
        "species_name": "Eucalyptus_camaldulensis_S",
        "genus": "Eucalyptus",
        "species": "camaldulensis_S",
        "suitability_name": "Moderately suitable",
        "suitability_rank": 2,
        "soil_suitability": "S4",
        "soil_type": "Lithosols",
        "soil_description": "Not differentiated",
        "site_class": null,
        "maz": "II",
        "maz_zone": null,
        "tz": "3",
        "frost_risk": null,
        "source_layer": "SWIFT_SSMT_Uganda"
      }
    },
    {
      "type": "Feature",
      "geometry": {
        "type": "Polygon",
        "coordinates": [
          [
            [
              32.8496511581,
              3.7415587211
            ],
            [
              32.8444675754,
              3.7415935207
            ],
            [
              32.8444992647,
              3.7463558637
            ],
            [
              32.8420480177,
              3.7461583215
            ],
            [
              32.8359893538,
              3.7440558309
            ],
            [
              32.8326810414,
              3.7416725372
            ],
            [
              32.8361221773,
              3.7416494849
            ],
            [
              32.8360665703,
              3.7332659254
            ],
            [
              32.8485625642,
              3.7331822859
            ],
            [
              32.8488540805,
              3.7343213388
            ],
            [
              32.8496511581,
              3.7415587211
            ]
          ]
        ]
      },
      "properties": {
        "country": "Uganda",
        "country_code": "UGA",
        "species_name": "Eucalyptus_camaldulensis_S",
        "genus": "Eucalyptus",
        "species": "camaldulensis_S",
        "suitability_name": "Moderately suitable",
        "suitability_rank": 2,
        "soil_suitability": "S3",
        "soil_type": "Ferruginous Soils",
        "soil_description": "On crystalline acid rock-Complex with Black clays",
        "site_class": null,
        "maz": "III",
        "maz_zone": null,
        "tz": "3",
        "frost_risk": null,
        "source_layer": "SWIFT_SSMT_Uganda"
      }
    },
    {
      "type": "Feature",
      "geometry": {
        "type": "Polygon",
        "coordinates": [
          [
            [
              32.970321158,
              3.7239760875
            ],
            [
              32.977862971,
              3.7239245894
            ],
            [
              32.9780674341,
              3.7540013751
            ],
            [
              32.9753930597,
              3.7495378295
            ],
            [
              32.9724594841,
              3.7363451003
            ],
            [
              32.970321158,
              3.7239760875
            ]
          ]
        ]
      },
      "properties": {
        "country": "Uganda",
        "country_code": "UGA",
        "species_name": "Eucalyptus_camaldulensis_S",
        "genus": "Eucalyptus",
        "species": "camaldulensis_S",
        "suitability_name": "Moderately suitable",
        "suitability_rank": 2,
        "soil_suitability": "S2",
        "soil_type": "Ferrallitic Soils",
        "soil_description": "Red soils - Not differentiated; sandy loams",
        "site_class": null,
        "maz": "III",
        "maz_zone": null,
        "tz": "3",
        "frost_risk": null,
        "source_layer": "SWIFT_SSMT_Uganda"
      }
    },
    {
      "type": "Feature",
      "geometry": {
        "type": "Polygon",
        "coordinates": [
          [
            [
              32.8485625642,
              3.7331822859
            ],
            [
              32.8611021528,
              3.7330981766
            ],
            [
              32.8611579948,
              3.7414813575
            ],
            [
              32.8496511581,
              3.7415587211
            ],
            [
              32.8488540805,
              3.7343213388
            ],
            [
              32.8485625642,
              3.7331822859
            ]
          ]
        ]
      },
      "properties": {
        "country": "Uganda",
        "country_code": "UGA",
        "species_name": "Eucalyptus_camaldulensis_S",
        "genus": "Eucalyptus",
        "species": "camaldulensis_S",
        "suitability_name": "Moderately suitable",
        "suitability_rank": 2,
        "soil_suitability": "S2",
        "soil_type": "Ferrallitic Soils",
        "soil_description": "Red soils - Not differentiated; sandy loams",
        "site_class": null,
        "maz": "III",
        "maz_zone": null,
        "tz": "3",
        "frost_risk": null,
        "source_layer": "SWIFT_SSMT_Uganda"
      }
    },
    {
      "type": "Feature",
      "geometry": {
        "type": "Polygon",
        "coordinates": [
          [
            [
              32.9688740142,
              3.715604036
            ],
            [
              32.9694631591,
              3.7156000253
            ],
            [
              32.9694871253,
              3.7191511365
            ],
            [
              32.9688740142,
              3.715604036
            ]
          ]
        ]
      },
      "properties": {
        "country": "Uganda",
        "country_code": "UGA",
        "species_name": "Eucalyptus_camaldulensis_S",
        "genus": "Eucalyptus",
        "species": "camaldulensis_S",
        "suitability_name": "Moderately suitable",
        "suitability_rank": 2,
        "soil_suitability": "S2",
        "soil_type": "Ferrallitic Soils",
        "soil_description": "Red soils - Not differentiated; sandy loams",
        "site_class": null,
        "maz": "III",
        "maz_zone": null,
        "tz": "3",
        "frost_risk": null,
        "source_layer": "SWIFT_SSMT_Uganda"
      }
    },
    {
      "type": "Feature",
      "geometry": {
        "type": "Polygon",
        "coordinates": [
          [
            [
              33.5199494115,
              3.7284264772
            ],
            [
              33.5366181088,
              3.7283018613
            ],
            [
              33.5366802813,
              3.7366742423
            ],
            [
              33.5283459248,
              3.73673673
            ],
            [
              33.5284081591,
              3.7451092485
            ],
            [
              33.5200735845,
              3.7451717985
            ],
            [
              33.5199494115,
              3.7284264772
            ]
          ]
        ]
      },
      "properties": {
        "country": "Uganda",
        "country_code": "UGA",
        "species_name": "Eucalyptus_camaldulensis_S",
        "genus": "Eucalyptus",
        "species": "camaldulensis_S",
        "suitability_name": "Moderately suitable",
        "suitability_rank": 2,
        "soil_suitability": "S4",
        "soil_type": "Lithosols",
        "soil_description": "Not differentiated",
        "site_class": null,
        "maz": "II",
        "maz_zone": null,
        "tz": "4",
        "frost_risk": null,
        "source_layer": "SWIFT_SSMT_Uganda"
      }
    },
    {
      "type": "Feature",
      "geometry": {
        "type": "Polygon",
        "coordinates": [
          [
            [
              33.5619966503,
              3.7783460631
            ],
            [
              33.5536623234,
              3.7784094909
            ],
            [
              33.5537254955,
              3.7867815747
            ],
            [
              33.5473942772,
              3.78682981
            ],
            [
              33.5453753786,
              3.7847805097
            ],
            [
              33.5453278555,
              3.778472838
            ],
            [
              33.5392069598,
              3.7785193116
            ],
            [
              33.5369761041,
              3.7762550006
            ],
            [
              33.5369303736,
              3.7701637396
            ],
            [
              33.5310190859,
              3.7702084646
            ],
            [
              33.5285770026,
              3.767729604
            ],
            [
              33.5285330487,
              3.7618542776
            ],
            [
              33.5228313724,
              3.7618972678
            ],
            [
              33.520178071,
              3.7592040646
            ],
            [
              33.5201358811,
              3.7535444543
            ],
            [
              33.5145070343,
              3.7535867473
            ],
            [
              33.5132476783,
              3.7524299999
            ],
            [
              33.5289387128,
              3.7518126805
            ],
            [
              33.5385153874,
              3.7503136987
            ],
            [
              33.551266188,
              3.7459370453
            ],
            [
              33.5611654233,
              3.7401551177
            ],
            [
              33.5706800562,
              3.730452541
            ],
            [
              33.580178539,
              3.7186102144
            ],
            [
              33.5846605642,
              3.7111968382
            ],
            [
              33.5864959694,
              3.7111830583
            ],
            [
              33.586620824,
              3.7279261362
            ],
            [
              33.5782873899,
              3.7279889523
            ],
            [
              33.5783499529,
              3.7363606293
            ],
            [
              33.5700162998,
              3.7364235081
            ],
            [
              33.5701416901,
              3.7531671349
            ],
            [
              33.5702676453,
              3.7699107518
            ],
            [
              33.5619335388,
              3.7699741174
            ],
            [
              33.5619966503,
              3.7783460631
            ]
          ]
        ]
      },
      "properties": {
        "country": "Uganda",
        "country_code": "UGA",
        "species_name": "Eucalyptus_camaldulensis_S",
        "genus": "Eucalyptus",
        "species": "camaldulensis_S",
        "suitability_name": "Moderately suitable",
        "suitability_rank": 2,
        "soil_suitability": "S2",
        "soil_type": "Ferruginous Soils",
        "soil_description": "On crystalline acid rock - freely drained",
        "site_class": null,
        "maz": "III",
        "maz_zone": null,
        "tz": "4",
        "frost_risk": null,
        "source_layer": "SWIFT_SSMT_Uganda"
      }
    },
    {
      "type": "Feature",
      "geometry": {
        "type": "Polygon",
        "coordinates": [
          [
            [
              33.5112398699,
              3.7519581601
            ],
            [
              33.5110700019,
              3.7518199996
            ],
            [
              33.5067000017,
              3.7523
            ],
            [
              33.5001700018,
              3.7527099997
            ],
            [
              33.4962000015,
              3.75332
            ],
            [
              33.4951280255,
              3.753320001
            ],
            [
              33.4950690206,
              3.7453589752
            ],
            [
              33.503404015,
              3.745296661
            ],
            [
              33.5033420141,
              3.7369237223
            ],
            [
              33.511676791,
              3.7368614696
            ],
            [
              33.5116148531,
              3.7284886688
            ],
            [
              33.5194181435,
              3.7284304437
            ],
            [
              33.5149946499,
              3.7390749736
            ],
            [
              33.5132476783,
              3.7524299999
            ],
            [
              33.5124976792,
              3.7518199997
            ],
            [
              33.5112398699,
              3.7519581601
            ]
          ]
        ]
      },
      "properties": {
        "country": "Uganda",
        "country_code": "UGA",
        "species_name": "Eucalyptus_camaldulensis_S",
        "genus": "Eucalyptus",
        "species": "camaldulensis_S",
        "suitability_name": "Moderately suitable",
        "suitability_rank": 2,
        "soil_suitability": "S2",
        "soil_type": "Ferruginous Soils",
        "soil_description": "On crystalline acid rock - freely drained",
        "site_class": null,
        "maz": "III",
        "maz_zone": null,
        "tz": "4",
        "frost_risk": null,
        "source_layer": "SWIFT_SSMT_Uganda"
      }
    },
    {
      "type": "Feature",
      "geometry": {
        "type": "Polygon",
        "coordinates": [
          [
            [
              33.5253752015,
              3.71163988
            ],
            [
              33.5240659374,
              3.7172465409
            ],
            [
              33.5199401495,
              3.7271743316
            ],
            [
              33.519825799,
              3.7116811461
            ],
            [
              33.5253752015,
              3.71163988
            ]
          ]
        ]
      },
      "properties": {
        "country": "Uganda",
        "country_code": "UGA",
        "species_name": "Eucalyptus_camaldulensis_S",
        "genus": "Eucalyptus",
        "species": "camaldulensis_S",
        "suitability_name": "Moderately suitable",
        "suitability_rank": 2,
        "soil_suitability": "S2",
        "soil_type": "Ferruginous Soils",
        "soil_description": "On crystalline acid rock - freely drained",
        "site_class": null,
        "maz": "III",
        "maz_zone": null,
        "tz": "4",
        "frost_risk": null,
        "source_layer": "SWIFT_SSMT_Uganda"
      }
    },
    {
      "type": "Feature",
      "geometry": {
        "type": "Polygon",
        "coordinates": [
          [
            [
              34.0290369955,
              3.8248493564
            ],
            [
              34.0330091807,
              3.8266992713
            ],
            [
              34.0348295796,
              3.8331656899
            ],
            [
              34.028965543,
              3.8332142656
            ],
            [
              34.0288969779,
              3.8248505132
            ],
            [
              34.0290369955,
              3.8248493564
            ]
          ]
        ]
      },
      "properties": {
        "country": "Uganda",
        "country_code": "UGA",
        "species_name": "Eucalyptus_camaldulensis_S",
        "genus": "Eucalyptus",
        "species": "camaldulensis_S",
        "suitability_name": "Moderately suitable",
        "suitability_rank": 2,
        "soil_suitability": "S2",
        "soil_type": "Ferruginous Soils",
        "soil_description": "On crystalline acid rock - freely drained",
        "site_class": null,
        "maz": "III",
        "maz_zone": null,
        "tz": "4",
        "frost_risk": null,
        "source_layer": "SWIFT_SSMT_Uganda"
      }
    },
    {
      "type": "Feature",
      "geometry": {
        "type": "Polygon",
        "coordinates": [
          [
            [
              34.0205703432,
              3.8249192692
            ],
            [
              34.0206388299,
              3.8332831731
            ],
            [
              34.0123119653,
              3.8333520008
            ],
            [
              34.0122669344,
              3.8278481823
            ],
            [
              34.0156605658,
              3.8249597732
            ],
            [
              34.0205703432,
              3.8249192692
            ]
          ]
        ]
      },
      "properties": {
        "country": "Uganda",
        "country_code": "UGA",
        "species_name": "Eucalyptus_camaldulensis_S",
        "genus": "Eucalyptus",
        "species": "camaldulensis_S",
        "suitability_name": "Moderately suitable",
        "suitability_rank": 2,
        "soil_suitability": "S2",
        "soil_type": "Ferruginous Soils",
        "soil_description": "On crystalline acid rock - freely drained",
        "site_class": null,
        "maz": "III",
        "maz_zone": null,
        "tz": "4",
        "frost_risk": null,
        "source_layer": "SWIFT_SSMT_Uganda"
      }
    },
    {
      "type": "Feature",
      "geometry": {
        "type": "Polygon",
        "coordinates": [
          [
            [
              34.127940514,
              3.7184855518
            ],
            [
              34.1226115354,
              3.7222744904
            ],
            [
              34.1123643899,
              3.7269897555
            ],
            [
              34.1113614745,
              3.7271473777
            ],
            [
              34.1113345536,
              3.723811505
            ],
            [
              34.1030103769,
              3.7238792301
            ],
            [
              34.1029430763,
              3.7155168045
            ],
            [
              34.1112671754,
              3.7154492327
            ],
            [
              34.1111999505,
              3.707086957
            ],
            [
              34.1278475371,
              3.7069518859
            ],
            [
              34.127940514,
              3.7184855518
            ]
          ]
        ]
      },
      "properties": {
        "country": "Uganda",
        "country_code": "UGA",
        "species_name": "Eucalyptus_camaldulensis_S",
        "genus": "Eucalyptus",
        "species": "camaldulensis_S",
        "suitability_name": "Moderately suitable",
        "suitability_rank": 2,
        "soil_suitability": "S2",
        "soil_type": "Ferruginous Soils",
        "soil_description": "On crystalline acid rock - freely drained",
        "site_class": null,
        "maz": "III",
        "maz_zone": null,
        "tz": "4",
        "frost_risk": null,
        "source_layer": "SWIFT_SSMT_Uganda"
      }
    },
    {
      "type": "Feature",
      "geometry": {
        "type": "Polygon",
        "coordinates": [
          [
            [
              34.0191844417,
              3.6910988967
            ],
            [
              34.0188063801,
              3.6928233982
            ],
            [
              34.0145949388,
              3.6985588282
            ],
            [
              34.0043251486,
              3.7007789195
            ],
            [
              34.0000792712,
              3.6996156651
            ],
            [
              34.002909756,
              3.6995931298
            ],
            [
              34.0028438326,
              3.6912288801
            ],
            [
              34.0191844417,
              3.6910988967
            ]
          ]
        ]
      },
      "properties": {
        "country": "Uganda",
        "country_code": "UGA",
        "species_name": "Eucalyptus_camaldulensis_S",
        "genus": "Eucalyptus",
        "species": "camaldulensis_S",
        "suitability_name": "Moderately suitable",
        "suitability_rank": 2,
        "soil_suitability": "S2",
        "soil_type": "Ferruginous Soils",
        "soil_description": "On crystalline acid rock - freely drained",
        "site_class": null,
        "maz": "III",
        "maz_zone": null,
        "tz": "4",
        "frost_risk": null,
        "source_layer": "SWIFT_SSMT_Uganda"
      }
    },
    {
      "type": "Feature",
      "geometry": {
        "type": "Polygon",
        "coordinates": [
          [
            [
              32.90249086,
              3.6825216822
            ],
            [
              32.8858027948,
              3.682632858
            ],
            [
              32.8857476045,
              3.6742500387
            ],
            [
              32.8774034593,
              3.6743053829
            ],
            [
              32.8772936103,
              3.6575394852
            ],
            [
              32.8856376031,
              3.6574843942
            ],
            [
              32.8855827909,
              3.649101568
            ],
            [
              32.8939265797,
              3.649046526
            ],
            [
              32.8938718198,
              3.640663825
            ],
            [
              32.9022154046,
              3.6406088324
            ],
            [
              32.90249086,
              3.6825216822
            ]
          ]
        ]
      },
      "properties": {
        "country": "Uganda",
        "country_code": "UGA",
        "species_name": "Eucalyptus_camaldulensis_S",
        "genus": "Eucalyptus",
        "species": "camaldulensis_S",
        "suitability_name": "Moderately suitable",
        "suitability_rank": 2,
        "soil_suitability": "S2",
        "soil_type": "Ferrallitic Soils",
        "soil_description": "Red soils - Not differentiated; sandy loams",
        "site_class": null,
        "maz": "III",
        "maz_zone": null,
        "tz": "3",
        "frost_risk": null,
        "source_layer": "SWIFT_SSMT_Uganda"
      }
    },
    {
      "type": "Feature",
      "geometry": {
        "type": "Polygon",
        "coordinates": [
          [
            [
              33.6442038059,
              3.6270375517
            ],
            [
              33.6442652774,
              3.6354081228
            ],
            [
              33.6359336827,
              3.6354699159
            ],
            [
              33.6359952208,
              3.6438406277
            ],
            [
              33.6276634072,
              3.6439024877
            ],
            [
              33.6275319567,
              3.6259760208
            ],
            [
              33.6337438509,
              3.6165604382
            ],
            [
              33.643586322,
              3.6032920149
            ],
            [
              33.6523301132,
              3.5989451879
            ],
            [
              33.6524737769,
              3.618605393
            ],
            [
              33.6441424762,
              3.6186669776
            ],
            [
              33.6442038059,
              3.6270375517
            ]
          ]
        ]
      },
      "properties": {
        "country": "Uganda",
        "country_code": "UGA",
        "species_name": "Eucalyptus_camaldulensis_S",
        "genus": "Eucalyptus",
        "species": "camaldulensis_S",
        "suitability_name": "Moderately suitable",
        "suitability_rank": 2,
        "soil_suitability": "S2",
        "soil_type": "Ferruginous Soils",
        "soil_description": "On crystalline acid rock - freely drained",
        "site_class": null,
        "maz": "III",
        "maz_zone": null,
        "tz": "4",
        "frost_risk": null,
        "source_layer": "SWIFT_SSMT_Uganda"
      }
    },
    {
      "type": "Feature",
      "geometry": {
        "type": "Polygon",
        "coordinates": [
          [
            [
              33.5619966503,
              3.7783460631
            ],
            [
              33.5620599011,
              3.7867180059
            ],
            [
              33.5537254955,
              3.7867815747
            ],
            [
              33.5536623234,
              3.7784094909
            ],
            [
              33.5619966503,
              3.7783460631
            ]
          ]
        ]
      },
      "properties": {
        "country": "Uganda",
        "country_code": "UGA",
        "species_name": "Eucalyptus_camaldulensis_S",
        "genus": "Eucalyptus",
        "species": "camaldulensis_S",
        "suitability_name": "Moderately suitable",
        "suitability_rank": 2,
        "soil_suitability": "S2",
        "soil_type": "Ferruginous Soils",
        "soil_description": "On crystalline acid rock - freely drained",
        "site_class": null,
        "maz": "III",
        "maz_zone": null,
        "tz": "3",
        "frost_risk": null,
        "source_layer": "SWIFT_SSMT_Uganda"
      }
    },
    {
      "type": "Feature",
      "geometry": {
        "type": "Polygon",
        "coordinates": [
          [
            [
              33.5702676453,
              3.7699107518
            ],
            [
              33.5703308362,
              3.7782825563
            ],
            [
              33.5619966503,
              3.7783460631
            ],
            [
              33.5619335388,
              3.7699741174
            ],
            [
              33.5702676453,
              3.7699107518
            ]
          ]
        ]
      },
      "properties": {
        "country": "Uganda",
        "country_code": "UGA",
        "species_name": "Eucalyptus_camaldulensis_S",
        "genus": "Eucalyptus",
        "species": "camaldulensis_S",
        "suitability_name": "Moderately suitable",
        "suitability_rank": 2,
        "soil_suitability": "S2",
        "soil_type": "Ferruginous Soils",
        "soil_description": "On crystalline acid rock - freely drained",
        "site_class": null,
        "maz": "III",
        "maz_zone": null,
        "tz": "3",
        "frost_risk": null,
        "source_layer": "SWIFT_SSMT_Uganda"
      }
    },
    {
      "type": "Feature",
      "geometry": {
        "type": "Polygon",
        "coordinates": [
          [
            [
              33.5783499529,
              3.7363606293
            ],
            [
              33.5784754997,
              3.7531039743
            ],
            [
              33.5701416901,
              3.7531671349
            ],
            [
              33.5700162998,
              3.7364235081
            ],
            [
              33.5783499529,
              3.7363606293
            ]
          ]
        ]
      },
      "properties": {
        "country": "Uganda",
        "country_code": "UGA",
        "species_name": "Eucalyptus_camaldulensis_S",
        "genus": "Eucalyptus",
        "species": "camaldulensis_S",
        "suitability_name": "Moderately suitable",
        "suitability_rank": 2,
        "soil_suitability": "S2",
        "soil_type": "Ferruginous Soils",
        "soil_description": "On crystalline acid rock - freely drained",
        "site_class": null,
        "maz": "III",
        "maz_zone": null,
        "tz": "3",
        "frost_risk": null,
        "source_layer": "SWIFT_SSMT_Uganda"
      }
    },
    {
      "type": "Feature",
      "geometry": {
        "type": "Polygon",
        "coordinates": [
          [
            [
              33.5935264531,
              3.6943864594
            ],
            [
              33.5947046636,
              3.6943776424
            ],
            [
              33.5947668147,
              3.7027490462
            ],
            [
              33.6030997313,
              3.7026864992
            ],
            [
              33.6032872656,
              3.7278002695
            ],
            [
              33.5949541157,
              3.7278632422
            ],
            [
              33.5950168329,
              3.7362346358
            ],
            [
              33.5783499529,
              3.7363606293
            ],
            [
              33.5782873899,
              3.7279889523
            ],
            [
              33.586620824,
              3.7279261362
            ],
            [
              33.5864959694,
              3.7111830583
            ],
            [
              33.5846605642,
              3.7111968382
            ],
            [
              33.5875440407,
              3.7064275526
            ],
            [
              33.5935264531,
              3.6943864594
            ]
          ]
        ]
      },
      "properties": {
        "country": "Uganda",
        "country_code": "UGA",
        "species_name": "Eucalyptus_camaldulensis_S",
        "genus": "Eucalyptus",
        "species": "camaldulensis_S",
        "suitability_name": "Moderately suitable",
        "suitability_rank": 2,
        "soil_suitability": "S2",
        "soil_type": "Ferruginous Soils",
        "soil_description": "On crystalline acid rock - freely drained",
        "site_class": null,
        "maz": "III",
        "maz_zone": null,
        "tz": "3",
        "frost_risk": null,
        "source_layer": "SWIFT_SSMT_Uganda"
      }
    },
    {
      "type": "Feature",
      "geometry": {
        "type": "Polygon",
        "coordinates": [
          [
            [
              33.5033420141,
              3.7369237223
            ],
            [
              33.503404015,
              3.745296661
            ],
            [
              33.4950690206,
              3.7453589752
            ],
            [
              33.4950070984,
              3.7369858969
            ],
            [
              33.5033420141,
              3.7369237223
            ]
          ]
        ]
      },
      "properties": {
        "country": "Uganda",
        "country_code": "UGA",
        "species_name": "Eucalyptus_camaldulensis_S",
        "genus": "Eucalyptus",
        "species": "camaldulensis_S",
        "suitability_name": "Moderately suitable",
        "suitability_rank": 2,
        "soil_suitability": "S2",
        "soil_type": "Ferruginous Soils",
        "soil_description": "On crystalline acid rock - freely drained",
        "site_class": null,
        "maz": "III",
        "maz_zone": null,
        "tz": "3",
        "frost_risk": null,
        "source_layer": "SWIFT_SSMT_Uganda"
      }
    },
    {
      "type": "Feature",
      "geometry": {
        "type": "Polygon",
        "coordinates": [
          [
            [
              33.5116148531,
              3.7284886688
            ],
            [
              33.511676791,
              3.7368614696
            ],
            [
              33.5033420141,
              3.7369237223
            ],
            [
              33.5032801547,
              3.7285507808
            ],
            [
              33.5116148531,
              3.7284886688
            ]
          ]
        ]
      },
      "properties": {
        "country": "Uganda",
        "country_code": "UGA",
        "species_name": "Eucalyptus_camaldulensis_S",
        "genus": "Eucalyptus",
        "species": "camaldulensis_S",
        "suitability_name": "Moderately suitable",
        "suitability_rank": 2,
        "soil_suitability": "S2",
        "soil_type": "Ferruginous Soils",
        "soil_description": "On crystalline acid rock - freely drained",
        "site_class": null,
        "maz": "III",
        "maz_zone": null,
        "tz": "3",
        "frost_risk": null,
        "source_layer": "SWIFT_SSMT_Uganda"
      }
    },
    {
      "type": "Feature",
      "geometry": {
        "type": "Polygon",
        "coordinates": [
          [
            [
              33.5199401495,
              3.7271743316
            ],
            [
              33.5194181435,
              3.7284304437
            ],
            [
              33.5116148531,
              3.7284886688
            ],
            [
              33.5114913961,
              3.7117430567
            ],
            [
              33.519825799,
              3.7116811461
            ],
            [
              33.5199401495,
              3.7271743316
            ]
          ]
        ]
      },
      "properties": {
        "country": "Uganda",
        "country_code": "UGA",
        "species_name": "Eucalyptus_camaldulensis_S",
        "genus": "Eucalyptus",
        "species": "camaldulensis_S",
        "suitability_name": "Moderately suitable",
        "suitability_rank": 2,
        "soil_suitability": "S2",
        "soil_type": "Ferruginous Soils",
        "soil_description": "On crystalline acid rock - freely drained",
        "site_class": null,
        "maz": "III",
        "maz_zone": null,
        "tz": "3",
        "frost_risk": null,
        "source_layer": "SWIFT_SSMT_Uganda"
      }
    },
    {
      "type": "Feature",
      "geometry": {
        "type": "Polygon",
        "coordinates": [
          [
            [
              33.5253752015,
              3.71163988
            ],
            [
              33.519825799,
              3.7116811461
            ],
            [
              33.5197642028,
              3.7033084766
            ],
            [
              33.5273826986,
              3.7032519427
            ],
            [
              33.5253752015,
              3.71163988
            ]
          ]
        ]
      },
      "properties": {
        "country": "Uganda",
        "country_code": "UGA",
        "species_name": "Eucalyptus_camaldulensis_S",
        "genus": "Eucalyptus",
        "species": "camaldulensis_S",
        "suitability_name": "Moderately suitable",
        "suitability_rank": 2,
        "soil_suitability": "S2",
        "soil_type": "Ferruginous Soils",
        "soil_description": "On crystalline acid rock - freely drained",
        "site_class": null,
        "maz": "III",
        "maz_zone": null,
        "tz": "3",
        "frost_risk": null,
        "source_layer": "SWIFT_SSMT_Uganda"
      }
    },
    {
      "type": "Feature",
      "geometry": {
        "type": "Polygon",
        "coordinates": [
          [
            [
              33.6770143911,
              3.5563694994
            ],
            [
              33.6772217305,
              3.5849401528
            ],
            [
              33.6688911583,
              3.5850013919
            ],
            [
              33.6690745369,
              3.6101118501
            ],
            [
              33.6658058278,
              3.6101360252
            ],
            [
              33.6648827485,
              3.6031351201
            ],
            [
              33.664815062,
              3.5938632864
            ],
            [
              33.6734678635,
              3.5634866983
            ],
            [
              33.6770143911,
              3.5563694994
            ]
          ]
        ]
      },
      "properties": {
        "country": "Uganda",
        "country_code": "UGA",
        "species_name": "Eucalyptus_camaldulensis_S",
        "genus": "Eucalyptus",
        "species": "camaldulensis_S",
        "suitability_name": "Moderately suitable",
        "suitability_rank": 2,
        "soil_suitability": "S3",
        "soil_type": "Ferruginous Soils",
        "soil_description": "On crystalline acid rock-Complex with Lithosols",
        "site_class": null,
        "maz": "III",
        "maz_zone": null,
        "tz": "3",
        "frost_risk": null,
        "source_layer": "SWIFT_SSMT_Uganda"
      }
    },
    {
      "type": "Feature",
      "geometry": {
        "type": "Polygon",
        "coordinates": [
          [
            [
              33.7100569095,
              3.5177388629
            ],
            [
              33.7101171147,
              3.5261083203
            ],
            [
              33.7017876347,
              3.5261688503
            ],
            [
              33.7019083298,
              3.5429080458
            ],
            [
              33.6852486468,
              3.5430294595
            ],
            [
              33.685309062,
              3.5513993405
            ],
            [
              33.6794698591,
              3.5514419256
            ],
            [
              33.6892067974,
              3.5312766186
            ],
            [
              33.6972871287,
              3.5198065861
            ],
            [
              33.6990420015,
              3.5178187019
            ],
            [
              33.7100569095,
              3.5177388629
            ]
          ]
        ]
      },
      "properties": {
        "country": "Uganda",
        "country_code": "UGA",
        "species_name": "Eucalyptus_camaldulensis_S",
        "genus": "Eucalyptus",
        "species": "camaldulensis_S",
        "suitability_name": "Moderately suitable",
        "suitability_rank": 2,
        "soil_suitability": "S3",
        "soil_type": "Ferruginous Soils",
        "soil_description": "On crystalline acid rock-Complex with Lithosols",
        "site_class": null,
        "maz": "III",
        "maz_zone": null,
        "tz": "3",
        "frost_risk": null,
        "source_layer": "SWIFT_SSMT_Uganda"
      }
    },
    {
      "type": "Feature",
      "geometry": {
        "type": "Polygon",
        "coordinates": [
          [
            [
              33.6359952208,
              3.6438406277
            ],
            [
              33.6360569023,
              3.6522113364
            ],
            [
              33.6193929814,
              3.6523352647
            ],
            [
              33.6195164661,
              3.6690772449
            ],
            [
              33.6051359865,
              3.6691844298
            ],
            [
              33.6109579218,
              3.6559615189
            ],
            [
              33.6221577108,
              3.6341220704
            ],
            [
              33.6275319567,
              3.6259760208
            ],
            [
              33.6276634072,
              3.6439024877
            ],
            [
              33.6359952208,
              3.6438406277
            ]
          ]
        ]
      },
      "properties": {
        "country": "Uganda",
        "country_code": "UGA",
        "species_name": "Eucalyptus_camaldulensis_S",
        "genus": "Eucalyptus",
        "species": "camaldulensis_S",
        "suitability_name": "Moderately suitable",
        "suitability_rank": 2,
        "soil_suitability": "S2",
        "soil_type": "Ferruginous Soils",
        "soil_description": "On crystalline acid rock - freely drained",
        "site_class": null,
        "maz": "III",
        "maz_zone": null,
        "tz": "3",
        "frost_risk": null,
        "source_layer": "SWIFT_SSMT_Uganda"
      }
    },
    {
      "type": "Feature",
      "geometry": {
        "type": "Polygon",
        "coordinates": [
          [
            [
              33.6524737769,
              3.618605393
            ],
            [
              33.6525351816,
              3.6269758242
            ],
            [
              33.6442038059,
              3.6270375517
            ],
            [
              33.6441424762,
              3.6186669776
            ],
            [
              33.6524737769,
              3.618605393
            ]
          ]
        ]
      },
      "properties": {
        "country": "Uganda",
        "country_code": "UGA",
        "species_name": "Eucalyptus_camaldulensis_S",
        "genus": "Eucalyptus",
        "species": "camaldulensis_S",
        "suitability_name": "Moderately suitable",
        "suitability_rank": 2,
        "soil_suitability": "S2",
        "soil_type": "Ferruginous Soils",
        "soil_description": "On crystalline acid rock - freely drained",
        "site_class": null,
        "maz": "III",
        "maz_zone": null,
        "tz": "3",
        "frost_risk": null,
        "source_layer": "SWIFT_SSMT_Uganda"
      }
    },
    {
      "type": "Feature",
      "geometry": {
        "type": "Polygon",
        "coordinates": [
          [
            [
              33.6658058278,
              3.6101360252
            ],
            [
              33.6607435972,
              3.6101734429
            ],
            [
              33.6608049355,
              3.6185437331
            ],
            [
              33.6524737769,
              3.618605393
            ],
            [
              33.6523301132,
              3.5989451879
            ],
            [
              33.6559651322,
              3.5971380901
            ],
            [
              33.664815062,
              3.5938632864
            ],
            [
              33.6648827485,
              3.6031351201
            ],
            [
              33.6658058278,
              3.6101360252
            ]
          ]
        ]
      },
      "properties": {
        "country": "Uganda",
        "country_code": "UGA",
        "species_name": "Eucalyptus_camaldulensis_S",
        "genus": "Eucalyptus",
        "species": "camaldulensis_S",
        "suitability_name": "Moderately suitable",
        "suitability_rank": 2,
        "soil_suitability": "S2",
        "soil_type": "Ferruginous Soils",
        "soil_description": "On crystalline acid rock - freely drained",
        "site_class": null,
        "maz": "III",
        "maz_zone": null,
        "tz": "3",
        "frost_risk": null,
        "source_layer": "SWIFT_SSMT_Uganda"
      }
    },
    {
      "type": "Feature",
      "geometry": {
        "type": "Polygon",
        "coordinates": [
          [
            [
              33.7266550808,
              3.5092486989
            ],
            [
              33.7267152887,
              3.5176178705
            ],
            [
              33.7100569095,
              3.5177388629
            ],
            [
              33.7099806664,
              3.5071111459
            ],
            [
              33.7230286247,
              3.4967982725
            ],
            [
              33.732571168,
              3.4913805991
            ],
            [
              33.7424887192,
              3.4888128988
            ],
            [
              33.7431832721,
              3.4911076063
            ],
            [
              33.7431924621,
              3.4923899285
            ],
            [
              33.7348638523,
              3.4924501749
            ],
            [
              33.734923845,
              3.5008192072
            ],
            [
              33.7265950175,
              3.5008795251
            ],
            [
              33.7266550808,
              3.5092486989
            ]
          ]
        ]
      },
      "properties": {
        "country": "Uganda",
        "country_code": "UGA",
        "species_name": "Eucalyptus_camaldulensis_S",
        "genus": "Eucalyptus",
        "species": "camaldulensis_S",
        "suitability_name": "Moderately suitable",
        "suitability_rank": 2,
        "soil_suitability": "S3",
        "soil_type": "Ferruginous Soils",
        "soil_description": "On crystalline acid rock-Complex with Lithosols",
        "site_class": null,
        "maz": "III",
        "maz_zone": null,
        "tz": "3",
        "frost_risk": null,
        "source_layer": "SWIFT_SSMT_Uganda"
      }
    },
    {
      "type": "Feature",
      "geometry": {
        "type": "Polygon",
        "coordinates": [
          [
            [
              33.6174945166,
              3.3844622104
            ],
            [
              33.61766632,
              3.4095754171
            ],
            [
              33.6010061003,
              3.409690803
            ],
            [
              33.6009488321,
              3.401319453
            ],
            [
              33.5926185813,
              3.4013768974
            ],
            [
              33.5925615257,
              3.3930054025
            ],
            [
              33.5842312035,
              3.3930626339
            ],
            [
              33.5841743601,
              3.3846909952
            ],
            [
              33.6174945166,
              3.3844622104
            ]
          ]
        ]
      },
      "properties": {
        "country": "Uganda",
        "country_code": "UGA",
        "species_name": "Eucalyptus_camaldulensis_S",
        "genus": "Eucalyptus",
        "species": "camaldulensis_S",
        "suitability_name": "Moderately suitable",
        "suitability_rank": 2,
        "soil_suitability": "S4",
        "soil_type": "Lithosols",
        "soil_description": "Not differentiated",
        "site_class": null,
        "maz": "II",
        "maz_zone": null,
        "tz": "5",
        "frost_risk": null,
        "source_layer": "SWIFT_SSMT_Uganda"
      }
    },
    {
      "type": "Feature",
      "geometry": {
        "type": "Polygon",
        "coordinates": [
          [
            [
              33.6260538401,
              3.4178885386
            ],
            [
              33.6177238724,
              3.4179464817
            ],
            [
              33.6177815659,
              3.4263175422
            ],
            [
              33.5927905959,
              3.4264913658
            ],
            [
              33.5926757784,
              3.4097483891
            ],
            [
              33.5760147095,
              3.4098633465
            ],
            [
              33.5759576547,
              3.4014915719
            ],
            [
              33.5676269793,
              3.401548802
            ],
            [
              33.5675701365,
              3.393176884
            ],
            [
              33.5592393921,
              3.3932339008
            ],
            [
              33.5591262689,
              3.3764897751
            ],
            [
              33.5674568728,
              3.3764330393
            ],
            [
              33.5674004527,
              3.3680611135
            ],
            [
              33.5757308454,
              3.368004448
            ],
            [
              33.5756744958,
              3.3596326601
            ],
            [
              33.5840046773,
              3.3595760662
            ],
            [
              33.584061097,
              3.3679477109
            ],
            [
              33.6007211765,
              3.3678340274
            ],
            [
              33.6007778782,
              3.3762053866
            ],
            [
              33.6257671462,
              3.3760339059
            ],
            [
              33.6258242003,
              3.3844048365
            ],
            [
              33.6259387367,
              3.4011466926
            ],
            [
              33.6260538401,
              3.4178885386
            ]
          ],
          [
            [
              33.6174945166,
              3.3844622104
            ],
            [
              33.5841743601,
              3.3846909952
            ],
            [
              33.5842312035,
              3.3930626339
            ],
            [
              33.5925615257,
              3.3930054025
            ],
            [
              33.5926185813,
              3.4013768974
            ],
            [
              33.6009488321,
              3.401319453
            ],
            [
              33.6010061003,
              3.409690803
            ],
            [
              33.61766632,
              3.4095754171
            ],
            [
              33.6174945166,
              3.3844622104
            ]
          ]
        ]
      },
      "properties": {
        "country": "Uganda",
        "country_code": "UGA",
        "species_name": "Eucalyptus_camaldulensis_S",
        "genus": "Eucalyptus",
        "species": "camaldulensis_S",
        "suitability_name": "Moderately suitable",
        "suitability_rank": 2,
        "soil_suitability": "S4",
        "soil_type": "Lithosols",
        "soil_description": "Not differentiated",
        "site_class": null,
        "maz": "II",
        "maz_zone": null,
        "tz": "4",
        "frost_risk": null,
        "source_layer": "SWIFT_SSMT_Uganda"
      }
    },
    {
      "type": "Feature",
      "geometry": {
        "type": "Polygon",
        "coordinates": [
          [
            [
              33.6264025625,
              3.4681140185
            ],
            [
              33.5930801167,
              3.4683487662
            ],
            [
              33.5930219303,
              3.4599772911
            ],
            [
              33.5846910371,
              3.460035654
            ],
            [
              33.5846782451,
              3.4581902863
            ],
            [
              33.5999684664,
              3.4595151155
            ],
            [
              33.6098839441,
              3.4562354824
            ],
            [
              33.6172603107,
              3.4451271355
            ],
            [
              33.6253513768,
              3.4347273784
            ],
            [
              33.6334867675,
              3.4307472926
            ],
            [
              33.6515388275,
              3.4238447511
            ],
            [
              33.6621503167,
              3.4187776018
            ],
            [
              33.6670615729,
              3.4105408094
            ],
            [
              33.6673006491,
              3.4092299413
            ],
            [
              33.6759726082,
              3.4091693158
            ],
            [
              33.6759147011,
              3.4007992498
            ],
            [
              33.6925722127,
              3.4006828655
            ],
            [
              33.6926884528,
              3.4174224224
            ],
            [
              33.684359627,
              3.4174809382
            ],
            [
              33.6844178912,
              3.425850856
            ],
            [
              33.6677596672,
              3.4259679587
            ],
            [
              33.6678179308,
              3.4343381612
            ],
            [
              33.6594885328,
              3.4343967484
            ],
            [
              33.6595468687,
              3.4427670919
            ],
            [
              33.6512172559,
              3.4428257501
            ],
            [
              33.6512756636,
              3.4511962344
            ],
            [
              33.634615866,
              3.4513136177
            ],
            [
              33.6346742712,
              3.4596843852
            ],
            [
              33.6263440873,
              3.4597431116
            ],
            [
              33.6264025625,
              3.4681140185
            ]
          ]
        ]
      },
      "properties": {
        "country": "Uganda",
        "country_code": "UGA",
        "species_name": "Eucalyptus_camaldulensis_S",
        "genus": "Eucalyptus",
        "species": "camaldulensis_S",
        "suitability_name": "Moderately suitable",
        "suitability_rank": 2,
        "soil_suitability": "S2",
        "soil_type": "Ferruginous Soils",
        "soil_description": "On crystalline acid rock - freely drained",
        "site_class": null,
        "maz": "III",
        "maz_zone": null,
        "tz": "3",
        "frost_risk": null,
        "source_layer": "SWIFT_SSMT_Uganda"
      }
    },
    {
      "type": "Feature",
      "geometry": {
        "type": "Polygon",
        "coordinates": [
          [
            [
              33.6673558178,
              3.3673764688
            ],
            [
              33.6590269858,
              3.3674339103
            ],
            [
              33.6591415162,
              3.3841746346
            ],
            [
              33.6576743748,
              3.3841847955
            ],
            [
              33.6530232572,
              3.3817512797
            ],
            [
              33.6522769464,
              3.3764068899
            ],
            [
              33.6532660596,
              3.3653443439
            ],
            [
              33.6571087112,
              3.3564020612
            ],
            [
              33.6583021676,
              3.3506973665
            ],
            [
              33.658913028,
              3.3506931766
            ],
            [
              33.6589699354,
              3.359063545
            ],
            [
              33.6672986973,
              3.3590062459
            ],
            [
              33.6673558178,
              3.3673764688
            ]
          ]
        ]
      },
      "properties": {
        "country": "Uganda",
        "country_code": "UGA",
        "species_name": "Eucalyptus_camaldulensis_S",
        "genus": "Eucalyptus",
        "species": "camaldulensis_S",
        "suitability_name": "Moderately suitable",
        "suitability_rank": 2,
        "soil_suitability": "S2",
        "soil_type": "Ferruginous Soils",
        "soil_description": "On crystalline acid rock - freely drained",
        "site_class": null,
        "maz": "III",
        "maz_zone": null,
        "tz": "3",
        "frost_risk": null,
        "source_layer": "SWIFT_SSMT_Uganda"
      }
    },
    {
      "type": "Feature",
      "geometry": {
        "type": "Polygon",
        "coordinates": [
          [
            [
              33.3913097462,
              3.193672632
            ],
            [
              33.3902001213,
              3.1968854386
            ],
            [
              33.3844293954,
              3.2017808695
            ],
            [
              33.3746955866,
              3.2018419731
            ],
            [
              33.3745918645,
              3.1850916274
            ],
            [
              33.3912558937,
              3.1849875112
            ],
            [
              33.3913097462,
              3.193672632
            ]
          ]
        ]
      },
      "properties": {
        "country": "Uganda",
        "country_code": "UGA",
        "species_name": "Eucalyptus_camaldulensis_S",
        "genus": "Eucalyptus",
        "species": "camaldulensis_S",
        "suitability_name": "Moderately suitable",
        "suitability_rank": 2,
        "soil_suitability": "S2",
        "soil_type": "Ferrallitic Soils",
        "soil_description": "Red soils - Not differentiated; sandy loams",
        "site_class": null,
        "maz": "III",
        "maz_zone": null,
        "tz": "3",
        "frost_risk": null,
        "source_layer": "SWIFT_SSMT_Uganda"
      }
    },
    {
      "type": "Feature",
      "geometry": {
        "type": "Polygon",
        "coordinates": [
          [
            [
              33.3913097462,
              3.193672632
            ],
            [
              33.391359883,
              3.2017373078
            ],
            [
              33.3844293954,
              3.2017808695
            ],
            [
              33.3902001213,
              3.1968854386
            ],
            [
              33.3913097462,
              3.193672632
            ]
          ]
        ]
      },
      "properties": {
        "country": "Uganda",
        "country_code": "UGA",
        "species_name": "Eucalyptus_camaldulensis_S",
        "genus": "Eucalyptus",
        "species": "camaldulensis_S",
        "suitability_name": "Moderately suitable",
        "suitability_rank": 2,
        "soil_suitability": "S3",
        "soil_type": "Ferrallitic Soils",
        "soil_description": "On sandy sediments",
        "site_class": null,
        "maz": "III",
        "maz_zone": null,
        "tz": "3",
        "frost_risk": null,
        "source_layer": "SWIFT_SSMT_Uganda"
      }
    },
    {
      "type": "Feature",
      "geometry": {
        "type": "Polygon",
        "coordinates": [
          [
            [
              33.2746983764,
              3.2024643204
            ],
            [
              33.2663643971,
              3.2025157451
            ],
            [
              33.2663133353,
              3.1941388075
            ],
            [
              33.257979288,
              3.1941900317
            ],
            [
              33.2578777018,
              3.1774358806
            ],
            [
              33.2662116161,
              3.1773849264
            ],
            [
              33.2661609578,
              3.1690079812
            ],
            [
              33.3161612178,
              3.1687016668
            ],
            [
              33.3161102983,
              3.1603255314
            ],
            [
              33.3244431356,
              3.1602743825
            ],
            [
              33.3243922853,
              3.1518983811
            ],
            [
              33.3410574206,
              3.151796156
            ],
            [
              33.3411595225,
              3.1685476119
            ],
            [
              33.3244941219,
              3.1686503816
            ],
            [
              33.3245452444,
              3.1770263784
            ],
            [
              33.3162122741,
              3.1770777999
            ],
            [
              33.3162634655,
              3.1854539308
            ],
            [
              33.2995969864,
              3.1855568442
            ],
            [
              33.2996481797,
              3.1939332431
            ],
            [
              33.2746472478,
              3.1940875171
            ],
            [
              33.2746983764,
              3.2024643204
            ]
          ]
        ]
      },
      "properties": {
        "country": "Uganda",
        "country_code": "UGA",
        "species_name": "Eucalyptus_camaldulensis_S",
        "genus": "Eucalyptus",
        "species": "camaldulensis_S",
        "suitability_name": "Moderately suitable",
        "suitability_rank": 2,
        "soil_suitability": "S2",
        "soil_type": "Ferrallitic Soils",
        "soil_description": "Red soils - Not differentiated; sandy loams",
        "site_class": null,
        "maz": "III",
        "maz_zone": null,
        "tz": "3",
        "frost_risk": null,
        "source_layer": "SWIFT_SSMT_Uganda"
      }
    },
    {
      "type": "Feature",
      "geometry": {
        "type": "Polygon",
        "coordinates": [
          [
            [
              33.3490362584,
              3.0931157326
            ],
            [
              33.349086354,
              3.1014913412
            ],
            [
              33.3407543812,
              3.1015417344
            ],
            [
              33.3408045487,
              3.1099174765
            ],
            [
              33.3324723748,
              3.1099679424
            ],
            [
              33.3324222738,
              3.1015920636
            ],
            [
              33.3240900292,
              3.1016423279
            ],
            [
              33.3238912367,
              3.0681382489
            ],
            [
              33.3322232228,
              3.0680885286
            ],
            [
              33.3321738001,
              3.0597126399
            ],
            [
              33.3488372377,
              3.0596132803
            ],
            [
              33.3488867887,
              3.0679888956
            ],
            [
              33.3405550735,
              3.0680387441
            ],
            [
              33.3406046962,
              3.0764144957
            ],
            [
              33.3322727816,
              3.0764644168
            ],
            [
              33.3323723071,
              3.0932161833
            ],
            [
              33.3490362584,
              3.0931157326
            ]
          ]
        ]
      },
      "properties": {
        "country": "Uganda",
        "country_code": "UGA",
        "species_name": "Eucalyptus_camaldulensis_S",
        "genus": "Eucalyptus",
        "species": "camaldulensis_S",
        "suitability_name": "Moderately suitable",
        "suitability_rank": 2,
        "soil_suitability": "S2",
        "soil_type": "Ferrallitic Soils",
        "soil_description": "Red soils - Not differentiated; sandy loams",
        "site_class": null,
        "maz": "III",
        "maz_zone": null,
        "tz": "3",
        "frost_risk": null,
        "source_layer": "SWIFT_SSMT_Uganda"
      }
    },
    {
      "type": "Feature",
      "geometry": {
        "type": "Polygon",
        "coordinates": [
          [
            [
              33.3550800952,
              3.0930792352
            ],
            [
              33.3490362584,
              3.0931157326
            ],
            [
              33.3488867887,
              3.0679888956
            ],
            [
              33.357071313,
              3.0679398639
            ],
            [
              33.3571786125,
              3.0689251237
            ],
            [
              33.35724933,
              3.0808195537
            ],
            [
              33.3549414241,
              3.090646743
            ],
            [
              33.3550800952,
              3.0930792352
            ]
          ]
        ]
      },
      "properties": {
        "country": "Uganda",
        "country_code": "UGA",
        "species_name": "Eucalyptus_camaldulensis_S",
        "genus": "Eucalyptus",
        "species": "camaldulensis_S",
        "suitability_name": "Moderately suitable",
        "suitability_rank": 2,
        "soil_suitability": "S2",
        "soil_type": "Ferrallitic Soils",
        "soil_description": "Red soils - Not differentiated; sandy loams",
        "site_class": null,
        "maz": "III",
        "maz_zone": null,
        "tz": "3",
        "frost_risk": null,
        "source_layer": "SWIFT_SSMT_Uganda"
      }
    },
    {
      "type": "Feature",
      "geometry": {
        "type": "Polygon",
        "coordinates": [
          [
            [
              33.357071313,
              3.0679398639
            ],
            [
              33.3572183673,
              3.0679389837
            ],
            [
              33.3573680302,
              3.0930654098
            ],
            [
              33.3550800952,
              3.0930792352
            ],
            [
              33.3549414241,
              3.090646743
            ],
            [
              33.35724933,
              3.0808195537
            ],
            [
              33.3571786125,
              3.0689251237
            ],
            [
              33.357071313,
              3.0679398639
            ]
          ]
        ]
      },
      "properties": {
        "country": "Uganda",
        "country_code": "UGA",
        "species_name": "Eucalyptus_camaldulensis_S",
        "genus": "Eucalyptus",
        "species": "camaldulensis_S",
        "suitability_name": "Moderately suitable",
        "suitability_rank": 2,
        "soil_suitability": "S3",
        "soil_type": "Ferrallitic Soils",
        "soil_description": "On sandy sediments",
        "site_class": null,
        "maz": "III",
        "maz_zone": null,
        "tz": "3",
        "frost_risk": null,
        "source_layer": "SWIFT_SSMT_Uganda"
      }
    },
    {
      "type": "Feature",
      "geometry": {
        "type": "Polygon",
        "coordinates": [
          [
            [
              33.5643223296,
              2.8743815115
            ],
            [
              33.564988918,
              2.8824819295
            ],
            [
              33.5643689106,
              2.8824855374
            ],
            [
              33.5643223296,
              2.8743815115
            ]
          ]
        ]
      },
      "properties": {
        "country": "Uganda",
        "country_code": "UGA",
        "species_name": "Eucalyptus_camaldulensis_S",
        "genus": "Eucalyptus",
        "species": "camaldulensis_S",
        "suitability_name": "Moderately suitable",
        "suitability_rank": 2,
        "soil_suitability": "S3",
        "soil_type": "Ferrallitic Soils",
        "soil_description": "On sandy sediments",
        "site_class": null,
        "maz": "III",
        "maz_zone": null,
        "tz": "3",
        "frost_risk": null,
        "source_layer": "SWIFT_SSMT_Uganda"
      }
    },
    {
      "type": "Feature",
      "geometry": {
        "type": "Polygon",
        "coordinates": [
          [
            [
              33.5643223296,
              2.8743815115
            ],
            [
              33.5643207917,
              2.8741134819
            ],
            [
              33.5809737605,
              2.874016739
            ],
            [
              33.5814129826,
              2.9493626304
            ],
            [
              33.5647589205,
              2.949461913
            ],
            [
              33.5647096773,
              2.9410898728
            ],
            [
              33.5563824964,
              2.9411392804
            ],
            [
              33.5562845544,
              2.9243949136
            ],
            [
              33.5646116123,
              2.9243457874
            ],
            [
              33.56441717,
              2.8908575911
            ],
            [
              33.5727438446,
              2.8908089686
            ],
            [
              33.5726955247,
              2.8824370557
            ],
            [
              33.564988918,
              2.8824819295
            ],
            [
              33.5643223296,
              2.8743815115
            ]
          ]
        ]
      },
      "properties": {
        "country": "Uganda",
        "country_code": "UGA",
        "species_name": "Eucalyptus_camaldulensis_S",
        "genus": "Eucalyptus",
        "species": "camaldulensis_S",
        "suitability_name": "Moderately suitable",
        "suitability_rank": 2,
        "soil_suitability": "S2",
        "soil_type": "Ferrallitic Soils",
        "soil_description": "Red soils - Not differentiated; sandy loams",
        "site_class": null,
        "maz": "III",
        "maz_zone": null,
        "tz": "3",
        "frost_risk": null,
        "source_layer": "SWIFT_SSMT_Uganda"
      }
    },
    {
      "type": "Feature",
      "geometry": {
        "type": "Polygon",
        "coordinates": [
          [
            [
              33.688346421,
              2.7227231057
            ],
            [
              33.6800229,
              2.7227697056
            ],
            [
              33.6799766585,
              2.7143996023
            ],
            [
              33.6716530505,
              2.7144460028
            ],
            [
              33.6714242659,
              2.672594738
            ],
            [
              33.6631007957,
              2.6726403664
            ],
            [
              33.6630555223,
              2.6642699647
            ],
            [
              33.6713789369,
              2.6642244803
            ],
            [
              33.6713337505,
              2.6558542198
            ],
            [
              33.6796569671,
              2.6558088219
            ],
            [
              33.6797022079,
              2.6641789391
            ],
            [
              33.6880253371,
              2.6641333432
            ],
            [
              33.6881163603,
              2.6808732853
            ],
            [
              33.6964394568,
              2.6808273454
            ],
            [
              33.696623444,
              2.7143066317
            ],
            [
              33.6883001228,
              2.714353145
            ],
            [
              33.688346421,
              2.7227231057
            ]
          ]
        ]
      },
      "properties": {
        "country": "Uganda",
        "country_code": "UGA",
        "species_name": "Eucalyptus_camaldulensis_S",
        "genus": "Eucalyptus",
        "species": "camaldulensis_S",
        "suitability_name": "Moderately suitable",
        "suitability_rank": 2,
        "soil_suitability": "S2",
        "soil_type": "Ferrallitic Soils",
        "soil_description": "Red soils - Not differentiated; sandy loams",
        "site_class": null,
        "maz": "III",
        "maz_zone": null,
        "tz": "3",
        "frost_risk": null,
        "source_layer": "SWIFT_SSMT_Uganda"
      }
    },
    {
      "type": "Feature",
      "geometry": {
        "type": "Polygon",
        "coordinates": [
          [
            [
              33.6297604423,
              2.6644513465
            ],
            [
              33.6380844255,
              2.6644060843
            ],
            [
              33.6381747809,
              2.6811477425
            ],
            [
              33.6298506863,
              2.6811932884
            ],
            [
              33.6298960209,
              2.6895642574
            ],
            [
              33.6215717296,
              2.6896098901
            ],
            [
              33.6215264501,
              2.6812387798
            ],
            [
              33.621481313,
              2.6728676669
            ],
            [
              33.6298054935,
              2.6728223184
            ],
            [
              33.6297604423,
              2.6644513465
            ]
          ]
        ]
      },
      "properties": {
        "country": "Uganda",
        "country_code": "UGA",
        "species_name": "Eucalyptus_camaldulensis_S",
        "genus": "Eucalyptus",
        "species": "camaldulensis_S",
        "suitability_name": "Moderately suitable",
        "suitability_rank": 2,
        "soil_suitability": "S2",
        "soil_type": "Ferrallitic Soils",
        "soil_description": "Red soils - Not differentiated; sandy loams",
        "site_class": null,
        "maz": "III",
        "maz_zone": null,
        "tz": "3",
        "frost_risk": null,
        "source_layer": "SWIFT_SSMT_Uganda"
      }
    },
    {
      "type": "Feature",
      "geometry": {
        "type": "Polygon",
        "coordinates": [
          [
            [
              33.6132020723,
              2.6812842133
            ],
            [
              33.6132472949,
              2.6896554673
            ],
            [
              33.6049227198,
              2.6897009863
            ],
            [
              33.6048775522,
              2.6813295916
            ],
            [
              33.6132020723,
              2.6812842133
            ]
          ]
        ]
      },
      "properties": {
        "country": "Uganda",
        "country_code": "UGA",
        "species_name": "Eucalyptus_camaldulensis_S",
        "genus": "Eucalyptus",
        "species": "camaldulensis_S",
        "suitability_name": "Moderately suitable",
        "suitability_rank": 2,
        "soil_suitability": "S2",
        "soil_type": "Ferrallitic Soils",
        "soil_description": "Red soils - Not differentiated; sandy loams",
        "site_class": null,
        "maz": "III",
        "maz_zone": null,
        "tz": "3",
        "frost_risk": null,
        "source_layer": "SWIFT_SSMT_Uganda"
      }
    },
    {
      "type": "Feature",
      "geometry": {
        "type": "Polygon",
        "coordinates": [
          [
            [
              33.5799031469,
              2.681465389
            ],
            [
              33.5799481465,
              2.6898372087
            ],
            [
              33.5632977262,
              2.6899277418
            ],
            [
              33.5632528386,
              2.6815556404
            ],
            [
              33.5549274736,
              2.6816006822
            ],
            [
              33.5548382314,
              2.6648561917
            ],
            [
              33.5798135703,
              2.664721745
            ],
            [
              33.5797689934,
              2.6563499206
            ],
            [
              33.6047428982,
              2.6562153971
            ],
            [
              33.6047876414,
              2.6645867974
            ],
            [
              33.5964630925,
              2.6646318355
            ],
            [
              33.5965079222,
              2.6730033763
            ],
            [
              33.5715332602,
              2.6731385807
            ],
            [
              33.5715780634,
              2.6815105432
            ],
            [
              33.5799031469,
              2.681465389
            ]
          ]
        ]
      },
      "properties": {
        "country": "Uganda",
        "country_code": "UGA",
        "species_name": "Eucalyptus_camaldulensis_S",
        "genus": "Eucalyptus",
        "species": "camaldulensis_S",
        "suitability_name": "Moderately suitable",
        "suitability_rank": 2,
        "soil_suitability": "S2",
        "soil_type": "Ferrallitic Soils",
        "soil_description": "Red soils - Not differentiated; sandy loams",
        "site_class": null,
        "maz": "III",
        "maz_zone": null,
        "tz": "3",
        "frost_risk": null,
        "source_layer": "SWIFT_SSMT_Uganda"
      }
    },
    {
      "type": "Feature",
      "geometry": {
        "type": "Polygon",
        "coordinates": [
          [
            [
              33.5965079222,
              2.6730033763
            ],
            [
              33.6048325267,
              2.672958195
            ],
            [
              33.6048775522,
              2.6813295916
            ],
            [
              33.596552892,
              2.6813749145
            ],
            [
              33.5965079222,
              2.6730033763
            ]
          ]
        ]
      },
      "properties": {
        "country": "Uganda",
        "country_code": "UGA",
        "species_name": "Eucalyptus_camaldulensis_S",
        "genus": "Eucalyptus",
        "species": "camaldulensis_S",
        "suitability_name": "Moderately suitable",
        "suitability_rank": 2,
        "soil_suitability": "S2",
        "soil_type": "Ferrallitic Soils",
        "soil_description": "Red soils - Not differentiated; sandy loams",
        "site_class": null,
        "maz": "III",
        "maz_zone": null,
        "tz": "3",
        "frost_risk": null,
        "source_layer": "SWIFT_SSMT_Uganda"
      }
    },
    {
      "type": "Feature",
      "geometry": {
        "type": "Polygon",
        "coordinates": [
          [
            [
              33.6213467507,
              2.6477543177
            ],
            [
              33.629670765,
              2.6477093954
            ],
            [
              33.6297155328,
              2.6560803719
            ],
            [
              33.6213914624,
              2.6561254353
            ],
            [
              33.6213467507,
              2.6477543177
            ]
          ]
        ]
      },
      "properties": {
        "country": "Uganda",
        "country_code": "UGA",
        "species_name": "Eucalyptus_camaldulensis_S",
        "genus": "Eucalyptus",
        "species": "camaldulensis_S",
        "suitability_name": "Moderately suitable",
        "suitability_rank": 2,
        "soil_suitability": "S2",
        "soil_type": "Ferrallitic Soils",
        "soil_description": "Red soils - Not differentiated; sandy loams",
        "site_class": null,
        "maz": "III",
        "maz_zone": null,
        "tz": "3",
        "frost_risk": null,
        "source_layer": "SWIFT_SSMT_Uganda"
      }
    },
    {
      "type": "Feature",
      "geometry": {
        "type": "Polygon",
        "coordinates": [
          [
            [
              33.6130225949,
              2.6477991836
            ],
            [
              33.6130672523,
              2.656170444
            ],
            [
              33.6047428982,
              2.6562153971
            ],
            [
              33.6046982969,
              2.6478439949
            ],
            [
              33.6130225949,
              2.6477991836
            ]
          ]
        ]
      },
      "properties": {
        "country": "Uganda",
        "country_code": "UGA",
        "species_name": "Eucalyptus_camaldulensis_S",
        "genus": "Eucalyptus",
        "species": "camaldulensis_S",
        "suitability_name": "Moderately suitable",
        "suitability_rank": 2,
        "soil_suitability": "S2",
        "soil_type": "Ferrallitic Soils",
        "soil_description": "Red soils - Not differentiated; sandy loams",
        "site_class": null,
        "maz": "III",
        "maz_zone": null,
        "tz": "3",
        "frost_risk": null,
        "source_layer": "SWIFT_SSMT_Uganda"
      }
    },
    {
      "type": "Feature",
      "geometry": {
        "type": "Polygon",
        "coordinates": [
          [
            [
              33.8710047888,
              2.64638258
            ],
            [
              33.8626849569,
              2.6464291069
            ],
            [
              33.8627777276,
              2.6631629508
            ],
            [
              33.8461374038,
              2.663256427
            ],
            [
              33.8460910563,
              2.6548892121
            ],
            [
              33.8294502586,
              2.654982173
            ],
            [
              33.8294964965,
              2.6633496806
            ],
            [
              33.8274381107,
              2.6633611998
            ],
            [
              33.8250017978,
              2.6570952
            ],
            [
              33.8154135544,
              2.6466923978
            ],
            [
              33.8210836059,
              2.6466609122
            ],
            [
              33.8210377151,
              2.638293254
            ],
            [
              33.8127170604,
              2.6383393022
            ],
            [
              33.8126713712,
              2.6299714956
            ],
            [
              33.8043506273,
              2.6300173443
            ],
            [
              33.8043962618,
              2.638385297
            ],
            [
              33.7960753176,
              2.638431235
            ],
            [
              33.7960297369,
              2.6300631372
            ],
            [
              33.787708702,
              2.6301088743
            ],
            [
              33.7875729959,
              2.6050041298
            ],
            [
              33.7958938686,
              2.6049588284
            ],
            [
              33.7958488694,
              2.5965907227
            ],
            [
              33.8208104511,
              2.5964549315
            ],
            [
              33.8209009193,
              2.6131902667
            ],
            [
              33.8292212645,
              2.6131446022
            ],
            [
              33.8292667709,
              2.6215121197
            ],
            [
              33.8375870234,
              2.621466254
            ],
            [
              33.8375414618,
              2.6130988822
            ],
            [
              33.8458615146,
              2.6130531087
            ],
            [
              33.845725544,
              2.587951423
            ],
            [
              33.8540452877,
              2.5879060353
            ],
            [
              33.8540002042,
              2.5795389495
            ],
            [
              33.8456805141,
              2.579584191
            ],
            [
              33.8456356296,
              2.571216957
            ],
            [
              33.8539552655,
              2.5711718626
            ],
            [
              33.8539104753,
              2.5628047745
            ],
            [
              33.8705492015,
              2.5627147197
            ],
            [
              33.8706843358,
              2.5878150972
            ],
            [
              33.8623648847,
              2.5878605937
            ],
            [
              33.8624556012,
              2.6045944638
            ],
            [
              33.8707751599,
              2.6045486733
            ],
            [
              33.8708207916,
              2.6129154592
            ],
            [
              33.8625011788,
              2.6129613962
            ],
            [
              33.8625927745,
              2.629695256
            ],
            [
              33.870912496,
              2.6296490231
            ],
            [
              33.8710047888,
              2.64638258
            ]
          ]
        ]
      },
      "properties": {
        "country": "Uganda",
        "country_code": "UGA",
        "species_name": "Eucalyptus_camaldulensis_S",
        "genus": "Eucalyptus",
        "species": "camaldulensis_S",
        "suitability_name": "Moderately suitable",
        "suitability_rank": 2,
        "soil_suitability": "S2",
        "soil_type": "Ferruginous Soils",
        "soil_description": "On crystalline acid rock - freely drained",
        "site_class": null,
        "maz": "III",
        "maz_zone": null,
        "tz": "3",
        "frost_risk": null,
        "source_layer": "SWIFT_SSMT_Uganda"
      }
    },
    {
      "type": "Feature",
      "geometry": {
        "type": "Polygon",
        "coordinates": [
          [
            [
              33.8154135544,
              2.6466923978
            ],
            [
              33.8250017978,
              2.6570952
            ],
            [
              33.8274381107,
              2.6633611998
            ],
            [
              33.804534039,
              2.6634891443
            ],
            [
              33.8044879686,
              2.6551211966
            ],
            [
              33.8128088781,
              2.6550749111
            ],
            [
              33.8127628964,
              2.6467071076
            ],
            [
              33.8154135544,
              2.6466923978
            ]
          ]
        ]
      },
      "properties": {
        "country": "Uganda",
        "country_code": "UGA",
        "species_name": "Eucalyptus_camaldulensis_S",
        "genus": "Eucalyptus",
        "species": "camaldulensis_S",
        "suitability_name": "Moderately suitable",
        "suitability_rank": 2,
        "soil_suitability": "S2",
        "soil_type": "Ferrallitic Soils",
        "soil_description": "Red soils - Not differentiated; sandy loams",
        "site_class": null,
        "maz": "III",
        "maz_zone": null,
        "tz": "3",
        "frost_risk": null,
        "source_layer": "SWIFT_SSMT_Uganda"
      }
    },
    {
      "type": "Feature",
      "geometry": {
        "type": "Polygon",
        "coordinates": [
          [
            [
              34.8013398431,
              2.5573310265
            ],
            [
              34.8013906811,
              2.5656802205
            ],
            [
              34.7930888626,
              2.5657314075
            ],
            [
              34.793076471,
              2.563696519
            ],
            [
              34.8010780538,
              2.5603603861
            ],
            [
              34.801214018,
              2.5573317993
            ],
            [
              34.8013398431,
              2.5573310265
            ]
          ]
        ]
      },
      "properties": {
        "country": "Uganda",
        "country_code": "UGA",
        "species_name": "Eucalyptus_camaldulensis_S",
        "genus": "Eucalyptus",
        "species": "camaldulensis_S",
        "suitability_name": "Moderately suitable",
        "suitability_rank": 2,
        "soil_suitability": "S2",
        "soil_type": "Ferruginous Soils",
        "soil_description": "On crystalline acid rock - freely drained",
        "site_class": null,
        "maz": "III",
        "maz_zone": null,
        "tz": "4",
        "frost_risk": null,
        "source_layer": "SWIFT_SSMT_Uganda"
      }
    },
    {
      "type": "Feature",
      "geometry": {
        "type": "Polygon",
        "coordinates": [
          [
            [
              34.7931398157,
              2.5740807672
            ],
            [
              34.7848377781,
              2.5741320667
            ],
            [
              34.7847951736,
              2.5671449952
            ],
            [
              34.7881171932,
              2.5657620355
            ],
            [
              34.7930888626,
              2.5657314075
            ],
            [
              34.7931398157,
              2.5740807672
            ]
          ]
        ]
      },
      "properties": {
        "country": "Uganda",
        "country_code": "UGA",
        "species_name": "Eucalyptus_camaldulensis_S",
        "genus": "Eucalyptus",
        "species": "camaldulensis_S",
        "suitability_name": "Moderately suitable",
        "suitability_rank": 2,
        "soil_suitability": "S2",
        "soil_type": "Ferruginous Soils",
        "soil_description": "On crystalline acid rock - freely drained",
        "site_class": null,
        "maz": "III",
        "maz_zone": null,
        "tz": "4",
        "frost_risk": null,
        "source_layer": "SWIFT_SSMT_Uganda"
      }
    },
    {
      "type": "Feature",
      "geometry": {
        "type": "Polygon",
        "coordinates": [
          [
            [
              34.8013248494,
              2.554863404
            ],
            [
              34.801214018,
              2.5573317993
            ],
            [
              34.7930380779,
              2.5573820453
            ],
            [
              34.7929874571,
              2.5490326806
            ],
            [
              34.8012891701,
              2.5489818281
            ],
            [
              34.8013248494,
              2.554863404
            ]
          ]
        ]
      },
      "properties": {
        "country": "Uganda",
        "country_code": "UGA",
        "species_name": "Eucalyptus_camaldulensis_S",
        "genus": "Eucalyptus",
        "species": "camaldulensis_S",
        "suitability_name": "Moderately suitable",
        "suitability_rank": 2,
        "soil_suitability": "S4",
        "soil_type": "Lithosols",
        "soil_description": "Not differentiated",
        "site_class": null,
        "maz": "II",
        "maz_zone": null,
        "tz": "5",
        "frost_risk": null,
        "source_layer": "SWIFT_SSMT_Uganda"
      }
    },
    {
      "type": "Feature",
      "geometry": {
        "type": "Polygon",
        "coordinates": [
          [
            [
              34.8095907172,
              2.5489309223
            ],
            [
              34.8096414416,
              2.5572799532
            ],
            [
              34.8013398431,
              2.5573310265
            ],
            [
              34.8013248494,
              2.554863404
            ],
            [
              34.8015890704,
              2.5489799906
            ],
            [
              34.8095907172,
              2.5489309223
            ]
          ]
        ]
      },
      "properties": {
        "country": "Uganda",
        "country_code": "UGA",
        "species_name": "Eucalyptus_camaldulensis_S",
        "genus": "Eucalyptus",
        "species": "camaldulensis_S",
        "suitability_name": "Moderately suitable",
        "suitability_rank": 2,
        "soil_suitability": "S2",
        "soil_type": "Ferruginous Soils",
        "soil_description": "On crystalline acid rock - freely drained",
        "site_class": null,
        "maz": "III",
        "maz_zone": null,
        "tz": "4",
        "frost_risk": null,
        "source_layer": "SWIFT_SSMT_Uganda"
      }
    },
    {
      "type": "Feature",
      "geometry": {
        "type": "Polygon",
        "coordinates": [
          [
            [
              33.9120088387,
              2.5373904675
            ],
            [
              33.91205356,
              2.5457565288
            ],
            [
              33.9203718605,
              2.5457114508
            ],
            [
              33.9204167824,
              2.5540773615
            ],
            [
              33.9037799279,
              2.5541677614
            ],
            [
              33.9037351115,
              2.5458015547
            ],
            [
              33.8954165162,
              2.5458465268
            ],
            [
              33.895371901,
              2.5374801689
            ],
            [
              33.9120088387,
              2.5373904675
            ]
          ]
        ]
      },
      "properties": {
        "country": "Uganda",
        "country_code": "UGA",
        "species_name": "Eucalyptus_camaldulensis_S",
        "genus": "Eucalyptus",
        "species": "camaldulensis_S",
        "suitability_name": "Moderately suitable",
        "suitability_rank": 2,
        "soil_suitability": "S2",
        "soil_type": "Ferruginous Soils",
        "soil_description": "On crystalline acid rock - freely drained",
        "site_class": null,
        "maz": "III",
        "maz_zone": null,
        "tz": "3",
        "frost_risk": null,
        "source_layer": "SWIFT_SSMT_Uganda"
      }
    },
    {
      "type": "Feature",
      "geometry": {
        "type": "Polygon",
        "coordinates": [
          [
            [
              33.9213452262,
              2.5122416249
            ],
            [
              33.9181911771,
              2.5171149844
            ],
            [
              33.916463365,
              2.5254411445
            ],
            [
              33.9170923998,
              2.5289968029
            ],
            [
              33.9036459228,
              2.5290691342
            ],
            [
              33.9035573223,
              2.5123367063
            ],
            [
              33.9213452262,
              2.5122416249
            ]
          ]
        ]
      },
      "properties": {
        "country": "Uganda",
        "country_code": "UGA",
        "species_name": "Eucalyptus_camaldulensis_S",
        "genus": "Eucalyptus",
        "species": "camaldulensis_S",
        "suitability_name": "Moderately suitable",
        "suitability_rank": 2,
        "soil_suitability": "S2",
        "soil_type": "Ferruginous Soils",
        "soil_description": "On crystalline acid rock - freely drained",
        "site_class": null,
        "maz": "III",
        "maz_zone": null,
        "tz": "3",
        "frost_risk": null,
        "source_layer": "SWIFT_SSMT_Uganda"
      }
    },
    {
      "type": "Feature",
      "geometry": {
        "type": "Polygon",
        "coordinates": [
          [
            [
              34.7928584472,
              2.5276283305
            ],
            [
              34.7929370036,
              2.5406833152
            ],
            [
              34.7763331849,
              2.5407845289
            ],
            [
              34.7762830017,
              2.5324348281
            ],
            [
              34.784584942,
              2.5323844133
            ],
            [
              34.7845348724,
              2.5240348759
            ],
            [
              34.7927232299,
              2.5239852634
            ],
            [
              34.7927432779,
              2.5273284285
            ],
            [
              34.7928584472,
              2.5276283305
            ]
          ]
        ]
      },
      "properties": {
        "country": "Uganda",
        "country_code": "UGA",
        "species_name": "Eucalyptus_camaldulensis_S",
        "genus": "Eucalyptus",
        "species": "camaldulensis_S",
        "suitability_name": "Moderately suitable",
        "suitability_rank": 2,
        "soil_suitability": "S4",
        "soil_type": "Lithosols",
        "soil_description": "Not differentiated",
        "site_class": null,
        "maz": "I",
        "maz_zone": null,
        "tz": "6",
        "frost_risk": null,
        "source_layer": "SWIFT_SSMT_Uganda"
      }
    },
    {
      "type": "Feature",
      "geometry": {
        "type": "Polygon",
        "coordinates": [
          [
            [
              34.7845348724,
              2.5240348759
            ],
            [
              34.7762329847,
              2.5240851238
            ],
            [
              34.7762830017,
              2.5324348281
            ],
            [
              34.7679808962,
              2.5324851889
            ],
            [
              34.7679697327,
              2.5306219899
            ],
            [
              34.7725655476,
              2.5246047461
            ],
            [
              34.7783770835,
              2.5157221885
            ],
            [
              34.7844849692,
              2.515685337
            ],
            [
              34.7845348724,
              2.5240348759
            ]
          ]
        ]
      },
      "properties": {
        "country": "Uganda",
        "country_code": "UGA",
        "species_name": "Eucalyptus_camaldulensis_S",
        "genus": "Eucalyptus",
        "species": "camaldulensis_S",
        "suitability_name": "Moderately suitable",
        "suitability_rank": 2,
        "soil_suitability": "S4",
        "soil_type": "Lithosols",
        "soil_description": "Not differentiated",
        "site_class": null,
        "maz": "I",
        "maz_zone": null,
        "tz": "6",
        "frost_risk": null,
        "source_layer": "SWIFT_SSMT_Uganda"
      }
    },
    {
      "type": "Feature",
      "geometry": {
        "type": "Polygon",
        "coordinates": [
          [
            [
              34.7930380779,
              2.5573820453
            ],
            [
              34.7764340489,
              2.5574839251
            ],
            [
              34.7763331849,
              2.5407845289
            ],
            [
              34.7929370036,
              2.5406833152
            ],
            [
              34.7928584472,
              2.5276283305
            ],
            [
              34.7966958897,
              2.5376206098
            ],
            [
              34.8012694104,
              2.5457186702
            ],
            [
              34.8012891701,
              2.5489818281
            ],
            [
              34.7929874571,
              2.5490326806
            ],
            [
              34.7930380779,
              2.5573820453
            ]
          ]
        ]
      },
      "properties": {
        "country": "Uganda",
        "country_code": "UGA",
        "species_name": "Eucalyptus_camaldulensis_S",
        "genus": "Eucalyptus",
        "species": "camaldulensis_S",
        "suitability_name": "Moderately suitable",
        "suitability_rank": 2,
        "soil_suitability": "S4",
        "soil_type": "Lithosols",
        "soil_description": "Not differentiated",
        "site_class": null,
        "maz": "II",
        "maz_zone": null,
        "tz": "6",
        "frost_risk": null,
        "source_layer": "SWIFT_SSMT_Uganda"
      }
    },
    {
      "type": "Feature",
      "geometry": {
        "type": "Polygon",
        "coordinates": [
          [
            [
              34.7762830017,
              2.5324348281
            ],
            [
              34.7763331849,
              2.5407845289
            ],
            [
              34.7680310275,
              2.5408350565
            ],
            [
              34.7679808962,
              2.5324851889
            ],
            [
              34.7762830017,
              2.5324348281
            ]
          ]
        ]
      },
      "properties": {
        "country": "Uganda",
        "country_code": "UGA",
        "species_name": "Eucalyptus_camaldulensis_S",
        "genus": "Eucalyptus",
        "species": "camaldulensis_S",
        "suitability_name": "Moderately suitable",
        "suitability_rank": 2,
        "soil_suitability": "S4",
        "soil_type": "Lithosols",
        "soil_description": "Not differentiated",
        "site_class": null,
        "maz": "II",
        "maz_zone": null,
        "tz": "6",
        "frost_risk": null,
        "source_layer": "SWIFT_SSMT_Uganda"
      }
    },
    {
      "type": "Feature",
      "geometry": {
        "type": "Polygon",
        "coordinates": [
          [
            [
              34.7679697327,
              2.5306219899
            ],
            [
              34.7679808962,
              2.5324851889
            ],
            [
              34.7665400133,
              2.5324939247
            ],
            [
              34.7679697327,
              2.5306219899
            ]
          ]
        ]
      },
      "properties": {
        "country": "Uganda",
        "country_code": "UGA",
        "species_name": "Eucalyptus_camaldulensis_S",
        "genus": "Eucalyptus",
        "species": "camaldulensis_S",
        "suitability_name": "Moderately suitable",
        "suitability_rank": 2,
        "soil_suitability": "S4",
        "soil_type": "Lithosols",
        "soil_description": "Not differentiated",
        "site_class": null,
        "maz": "II",
        "maz_zone": null,
        "tz": "6",
        "frost_risk": null,
        "source_layer": "SWIFT_SSMT_Uganda"
      }
    },
    {
      "type": "Feature",
      "geometry": {
        "type": "Polygon",
        "coordinates": [
          [
            [
              34.7930706563,
              2.5156334875
            ],
            [
              34.7926814989,
              2.5170125271
            ],
            [
              34.7927232299,
              2.5239852634
            ],
            [
              34.7845348724,
              2.5240348759
            ],
            [
              34.7844849692,
              2.515685337
            ],
            [
              34.7783770835,
              2.5157221885
            ],
            [
              34.7816789455,
              2.5106756216
            ],
            [
              34.7831205978,
              2.5073437035
            ],
            [
              34.79273685,
              2.507285829
            ],
            [
              34.792786639,
              2.5156352034
            ],
            [
              34.7930706563,
              2.5156334875
            ]
          ]
        ]
      },
      "properties": {
        "country": "Uganda",
        "country_code": "UGA",
        "species_name": "Eucalyptus_camaldulensis_S",
        "genus": "Eucalyptus",
        "species": "camaldulensis_S",
        "suitability_name": "Moderately suitable",
        "suitability_rank": 2,
        "soil_suitability": "S4",
        "soil_type": "Lithosols",
        "soil_description": "Not differentiated",
        "site_class": null,
        "maz": "II",
        "maz_zone": null,
        "tz": "6",
        "frost_risk": null,
        "source_layer": "SWIFT_SSMT_Uganda"
      }
    },
    {
      "type": "Feature",
      "geometry": {
        "type": "Polygon",
        "coordinates": [
          [
            [
              34.7764847288,
              2.5658336204
            ],
            [
              34.7764340489,
              2.5574839251
            ],
            [
              34.7930380779,
              2.5573820453
            ],
            [
              34.793076471,
              2.563696519
            ],
            [
              34.7881171932,
              2.5657620355
            ],
            [
              34.7764847288,
              2.5658336204
            ]
          ]
        ]
      },
      "properties": {
        "country": "Uganda",
        "country_code": "UGA",
        "species_name": "Eucalyptus_camaldulensis_S",
        "genus": "Eucalyptus",
        "species": "camaldulensis_S",
        "suitability_name": "Moderately suitable",
        "suitability_rank": 2,
        "soil_suitability": "S4",
        "soil_type": "Lithosols",
        "soil_description": "Not differentiated",
        "site_class": null,
        "maz": "II",
        "maz_zone": null,
        "tz": "5",
        "frost_risk": null,
        "source_layer": "SWIFT_SSMT_Uganda"
      }
    },
    {
      "type": "Feature",
      "geometry": {
        "type": "Polygon",
        "coordinates": [
          [
            [
              34.7764340489,
              2.5574839251
            ],
            [
              34.7681317855,
              2.5575347861
            ],
            [
              34.7680813231,
              2.5491849226
            ],
            [
              34.7680310275,
              2.5408350565
            ],
            [
              34.7763331849,
              2.5407845289
            ],
            [
              34.7764340489,
              2.5574839251
            ]
          ]
        ]
      },
      "properties": {
        "country": "Uganda",
        "country_code": "UGA",
        "species_name": "Eucalyptus_camaldulensis_S",
        "genus": "Eucalyptus",
        "species": "camaldulensis_S",
        "suitability_name": "Moderately suitable",
        "suitability_rank": 2,
        "soil_suitability": "S4",
        "soil_type": "Lithosols",
        "soil_description": "Not differentiated",
        "site_class": null,
        "maz": "II",
        "maz_zone": null,
        "tz": "5",
        "frost_risk": null,
        "source_layer": "SWIFT_SSMT_Uganda"
      }
    },
    {
      "type": "Feature",
      "geometry": {
        "type": "Polygon",
        "coordinates": [
          [
            [
              34.7680310275,
              2.5408350565
            ],
            [
              34.7601905189,
              2.540882726
            ],
            [
              34.7665400133,
              2.5324939247
            ],
            [
              34.7679808962,
              2.5324851889
            ],
            [
              34.7680310275,
              2.5408350565
            ]
          ]
        ]
      },
      "properties": {
        "country": "Uganda",
        "country_code": "UGA",
        "species_name": "Eucalyptus_camaldulensis_S",
        "genus": "Eucalyptus",
        "species": "camaldulensis_S",
        "suitability_name": "Moderately suitable",
        "suitability_rank": 2,
        "soil_suitability": "S4",
        "soil_type": "Lithosols",
        "soil_description": "Not differentiated",
        "site_class": null,
        "maz": "II",
        "maz_zone": null,
        "tz": "5",
        "frost_risk": null,
        "source_layer": "SWIFT_SSMT_Uganda"
      }
    },
    {
      "type": "Feature",
      "geometry": {
        "type": "Polygon",
        "coordinates": [
          [
            [
              34.7954309794,
              2.5072696014
            ],
            [
              34.7930706563,
              2.5156334875
            ],
            [
              34.792786639,
              2.5156352034
            ],
            [
              34.79273685,
              2.507285829
            ],
            [
              34.7954309794,
              2.5072696014
            ]
          ]
        ]
      },
      "properties": {
        "country": "Uganda",
        "country_code": "UGA",
        "species_name": "Eucalyptus_camaldulensis_S",
        "genus": "Eucalyptus",
        "species": "camaldulensis_S",
        "suitability_name": "Moderately suitable",
        "suitability_rank": 2,
        "soil_suitability": "S4",
        "soil_type": "Lithosols",
        "soil_description": "Not differentiated",
        "site_class": null,
        "maz": "II",
        "maz_zone": null,
        "tz": "5",
        "frost_risk": null,
        "source_layer": "SWIFT_SSMT_Uganda"
      }
    },
    {
      "type": "Feature",
      "geometry": {
        "type": "Polygon",
        "coordinates": [
          [
            [
              34.7844174641,
              2.5043464574
            ],
            [
              34.7844352305,
              2.5073357964
            ],
            [
              34.7831205978,
              2.5073437035
            ],
            [
              34.7844174641,
              2.5043464574
            ]
          ]
        ]
      },
      "properties": {
        "country": "Uganda",
        "country_code": "UGA",
        "species_name": "Eucalyptus_camaldulensis_S",
        "genus": "Eucalyptus",
        "species": "camaldulensis_S",
        "suitability_name": "Moderately suitable",
        "suitability_rank": 2,
        "soil_suitability": "S4",
        "soil_type": "Lithosols",
        "soil_description": "Not differentiated",
        "site_class": null,
        "maz": "II",
        "maz_zone": null,
        "tz": "5",
        "frost_risk": null,
        "source_layer": "SWIFT_SSMT_Uganda"
      }
    },
    {
      "type": "Feature",
      "geometry": {
        "type": "Polygon",
        "coordinates": [
          [
            [
              34.7431736996,
              2.549336689
            ],
            [
              34.7432744728,
              2.566037409
            ],
            [
              34.7349714958,
              2.5660882236
            ],
            [
              34.7350220771,
              2.5744387455
            ],
            [
              34.7267188822,
              2.5744896713
            ],
            [
              34.7266683544,
              2.5661389836
            ],
            [
              34.718365047,
              2.5661896917
            ],
            [
              34.7183226524,
              2.5591544911
            ],
            [
              34.7265962742,
              2.5541791565
            ],
            [
              34.7266179899,
              2.5577882944
            ],
            [
              34.7349210798,
              2.5577376984
            ],
            [
              34.7348708281,
              2.5493871717
            ],
            [
              34.7431736996,
              2.549336689
            ]
          ]
        ]
      },
      "properties": {
        "country": "Uganda",
        "country_code": "UGA",
        "species_name": "Eucalyptus_camaldulensis_S",
        "genus": "Eucalyptus",
        "species": "camaldulensis_S",
        "suitability_name": "Moderately suitable",
        "suitability_rank": 2,
        "soil_suitability": "S1",
        "soil_type": "Eutrophic Soils",
        "soil_description": "On volcanic ash",
        "site_class": null,
        "maz": "III",
        "maz_zone": null,
        "tz": "5",
        "frost_risk": null,
        "source_layer": "SWIFT_SSMT_Uganda"
      }
    },
    {
      "type": "Feature",
      "geometry": {
        "type": "Polygon",
        "coordinates": [
          [
            [
              34.7562700104,
              2.5492569512
            ],
            [
              34.7431736996,
              2.549336689
            ],
            [
              34.7431073023,
              2.5382727017
            ],
            [
              34.7461872165,
              2.5326171386
            ],
            [
              34.7596786247,
              2.5325354986
            ],
            [
              34.7597287033,
              2.5408855328
            ],
            [
              34.7601905189,
              2.540882726
            ],
            [
              34.7562700104,
              2.5492569512
            ]
          ]
        ]
      },
      "properties": {
        "country": "Uganda",
        "country_code": "UGA",
        "species_name": "Eucalyptus_camaldulensis_S",
        "genus": "Eucalyptus",
        "species": "camaldulensis_S",
        "suitability_name": "Moderately suitable",
        "suitability_rank": 2,
        "soil_suitability": "S1",
        "soil_type": "Eutrophic Soils",
        "soil_description": "On volcanic ash",
        "site_class": null,
        "maz": "III",
        "maz_zone": null,
        "tz": "5",
        "frost_risk": null,
        "source_layer": "SWIFT_SSMT_Uganda"
      }
    },
    {
      "type": "Feature",
      "geometry": {
        "type": "Polygon",
        "coordinates": [
          [
            [
              34.789789692,
              2.4906041075
            ],
            [
              34.7897039833,
              2.4921289934
            ],
            [
              34.7844174641,
              2.5043464574
            ],
            [
              34.784385659,
              2.4989862534
            ],
            [
              34.7760839262,
              2.4990360015
            ],
            [
              34.776034572,
              2.49068629
            ],
            [
              34.7594307117,
              2.4907852991
            ],
            [
              34.7593327044,
              2.474085205
            ],
            [
              34.7427283883,
              2.4741833447
            ],
            [
              34.7427971376,
              2.4859347593
            ],
            [
              34.7390577566,
              2.4810461249
            ],
            [
              34.7344245793,
              2.4739917185
            ],
            [
              34.7343773787,
              2.4658817905
            ],
            [
              34.7426797332,
              2.4658329637
            ],
            [
              34.7426312452,
              2.4574825793
            ],
            [
              34.7509333841,
              2.4574338663
            ],
            [
              34.750981924,
              2.4657840845
            ],
            [
              34.7758875025,
              2.4656371424
            ],
            [
              34.775985383,
              2.482336576
            ],
            [
              34.7842870133,
              2.4822871607
            ],
            [
              34.784336253,
              2.4906367069
            ],
            [
              34.789789692,
              2.4906041075
            ]
          ]
        ]
      },
      "properties": {
        "country": "Uganda",
        "country_code": "UGA",
        "species_name": "Eucalyptus_camaldulensis_S",
        "genus": "Eucalyptus",
        "species": "camaldulensis_S",
        "suitability_name": "Moderately suitable",
        "suitability_rank": 2,
        "soil_suitability": "S1",
        "soil_type": "Eutrophic Soils",
        "soil_description": "On volcanic ash",
        "site_class": null,
        "maz": "III",
        "maz_zone": null,
        "tz": "5",
        "frost_risk": null,
        "source_layer": "SWIFT_SSMT_Uganda"
      }
    },
    {
      "type": "Feature",
      "geometry": {
        "type": "Polygon",
        "coordinates": [
          [
            [
              34.7265962742,
              2.5541791565
            ],
            [
              34.7183226524,
              2.5591544911
            ],
            [
              34.7183147359,
              2.557838836
            ],
            [
              34.7100113179,
              2.5578893258
            ],
            [
              34.7097132213,
              2.5077831603
            ],
            [
              34.7180163266,
              2.5077336612
            ],
            [
              34.717967167,
              2.4993827919
            ],
            [
              34.7262700563,
              2.499333405
            ],
            [
              34.7262210106,
              2.4909826989
            ],
            [
              34.734523683,
              2.4909334255
            ],
            [
              34.7345727806,
              2.4992839677
            ],
            [
              34.7346220434,
              2.5076345065
            ],
            [
              34.7263192671,
              2.5076841096
            ],
            [
              34.726368642,
              2.5160348126
            ],
            [
              34.7180656502,
              2.5160845289
            ],
            [
              34.7182645906,
              2.5494879796
            ],
            [
              34.7265677915,
              2.5494376019
            ],
            [
              34.7265962742,
              2.5541791565
            ]
          ]
        ]
      },
      "properties": {
        "country": "Uganda",
        "country_code": "UGA",
        "species_name": "Eucalyptus_camaldulensis_S",
        "genus": "Eucalyptus",
        "species": "camaldulensis_S",
        "suitability_name": "Moderately suitable",
        "suitability_rank": 2,
        "soil_suitability": "S1",
        "soil_type": "Ferrisols",
        "soil_description": "Humic of high altitudes",
        "site_class": null,
        "maz": "III",
        "maz_zone": null,
        "tz": "5",
        "frost_risk": null,
        "source_layer": "SWIFT_SSMT_Uganda"
      }
    },
    {
      "type": "Feature",
      "geometry": {
        "type": "Polygon",
        "coordinates": [
          [
            [
              34.7461872165,
              2.5326171386
            ],
            [
              34.7431073023,
              2.5382727017
            ],
            [
              34.7430735863,
              2.53263596
            ],
            [
              34.7461872165,
              2.5326171386
            ]
          ]
        ]
      },
      "properties": {
        "country": "Uganda",
        "country_code": "UGA",
        "species_name": "Eucalyptus_camaldulensis_S",
        "genus": "Eucalyptus",
        "species": "camaldulensis_S",
        "suitability_name": "Moderately suitable",
        "suitability_rank": 2,
        "soil_suitability": "S1",
        "soil_type": "Ferrisols",
        "soil_description": "Humic of high altitudes",
        "site_class": null,
        "maz": "III",
        "maz_zone": null,
        "tz": "5",
        "frost_risk": null,
        "source_layer": "SWIFT_SSMT_Uganda"
      }
    },
    {
      "type": "Feature",
      "geometry": {
        "type": "Polygon",
        "coordinates": [
          [
            [
              34.7427971376,
              2.4859347593
            ],
            [
              34.742826191,
              2.4908841018
            ],
            [
              34.734523683,
              2.4909334255
            ],
            [
              34.7344245793,
              2.4739917185
            ],
            [
              34.7390577566,
              2.4810461249
            ],
            [
              34.7427971376,
              2.4859347593
            ]
          ]
        ]
      },
      "properties": {
        "country": "Uganda",
        "country_code": "UGA",
        "species_name": "Eucalyptus_camaldulensis_S",
        "genus": "Eucalyptus",
        "species": "camaldulensis_S",
        "suitability_name": "Moderately suitable",
        "suitability_rank": 2,
        "soil_suitability": "S1",
        "soil_type": "Ferrisols",
        "soil_description": "Humic of high altitudes",
        "site_class": null,
        "maz": "III",
        "maz_zone": null,
        "tz": "5",
        "frost_risk": null,
        "source_layer": "SWIFT_SSMT_Uganda"
      }
    },
    {
      "type": "Feature",
      "geometry": {
        "type": "Polygon",
        "coordinates": [
          [
            [
              34.7847951736,
              2.5671449952
            ],
            [
              34.7848377781,
              2.5741320667
            ],
            [
              34.7698756026,
              2.5742243838
            ],
            [
              34.770735274,
              2.5729981528
            ],
            [
              34.7847951736,
              2.5671449952
            ]
          ]
        ]
      },
      "properties": {
        "country": "Uganda",
        "country_code": "UGA",
        "species_name": "Eucalyptus_camaldulensis_S",
        "genus": "Eucalyptus",
        "species": "camaldulensis_S",
        "suitability_name": "Moderately suitable",
        "suitability_rank": 2,
        "soil_suitability": "S2",
        "soil_type": "Ferruginous Soils",
        "soil_description": "On crystalline acid rock - freely drained",
        "site_class": null,
        "maz": "III",
        "maz_zone": null,
        "tz": "5",
        "frost_risk": null,
        "source_layer": "SWIFT_SSMT_Uganda"
      }
    },
    {
      "type": "Feature",
      "geometry": {
        "type": "Polygon",
        "coordinates": [
          [
            [
              34.809540158,
              2.5405818899
            ],
            [
              34.8095907172,
              2.5489309223
            ],
            [
              34.8015890704,
              2.5489799906
            ],
            [
              34.8017012231,
              2.5464832303
            ],
            [
              34.8012694104,
              2.5457186702
            ],
            [
              34.8010881433,
              2.5155850181
            ],
            [
              34.801038302,
              2.507235811
            ],
            [
              34.7954309794,
              2.5072696014
            ],
            [
              34.7957988694,
              2.5059660169
            ],
            [
              34.8007034617,
              2.4988883142
            ],
            [
              34.8092898617,
              2.4988366965
            ],
            [
              34.809540158,
              2.5405818899
            ]
          ]
        ]
      },
      "properties": {
        "country": "Uganda",
        "country_code": "UGA",
        "species_name": "Eucalyptus_camaldulensis_S",
        "genus": "Eucalyptus",
        "species": "camaldulensis_S",
        "suitability_name": "Moderately suitable",
        "suitability_rank": 2,
        "soil_suitability": "S2",
        "soil_type": "Ferruginous Soils",
        "soil_description": "On crystalline acid rock - freely drained",
        "site_class": null,
        "maz": "III",
        "maz_zone": null,
        "tz": "5",
        "frost_risk": null,
        "source_layer": "SWIFT_SSMT_Uganda"
      }
    },
    {
      "type": "Feature",
      "geometry": {
        "type": "Polygon",
        "coordinates": [
          [
            [
              34.7562700104,
              2.5492569512
            ],
            [
              34.7525982056,
              2.5571002229
            ],
            [
              34.7448957019,
              2.5703109135
            ],
            [
              34.7261987946,
              2.5789644444
            ],
            [
              34.7184548873,
              2.5810343995
            ],
            [
              34.7184155231,
              2.574540545
            ],
            [
              34.7101119981,
              2.5745913648
            ],
            [
              34.7100615756,
              2.5662403469
            ],
            [
              34.7017579404,
              2.5662909475
            ],
            [
              34.7017183175,
              2.5597022897
            ],
            [
              34.7027342296,
              2.5598945597
            ],
            [
              34.717238672,
              2.559806344
            ],
            [
              34.7183226524,
              2.5591544911
            ],
            [
              34.718365047,
              2.5661896917
            ],
            [
              34.7266683544,
              2.5661389836
            ],
            [
              34.7267188822,
              2.5744896713
            ],
            [
              34.7350220771,
              2.5744387455
            ],
            [
              34.7349714958,
              2.5660882236
            ],
            [
              34.7432744728,
              2.566037409
            ],
            [
              34.7431736996,
              2.549336689
            ],
            [
              34.7562700104,
              2.5492569512
            ]
          ]
        ]
      },
      "properties": {
        "country": "Uganda",
        "country_code": "UGA",
        "species_name": "Eucalyptus_camaldulensis_S",
        "genus": "Eucalyptus",
        "species": "camaldulensis_S",
        "suitability_name": "Moderately suitable",
        "suitability_rank": 2,
        "soil_suitability": "S1",
        "soil_type": "Eutrophic Soils",
        "soil_description": "On volcanic ash",
        "site_class": null,
        "maz": "III",
        "maz_zone": null,
        "tz": "4",
        "frost_risk": null,
        "source_layer": "SWIFT_SSMT_Uganda"
      }
    },
    {
      "type": "Feature",
      "geometry": {
        "type": "Polygon",
        "coordinates": [
          [
            [
              34.7892120945,
              2.4686533325
            ],
            [
              34.7906643634,
              2.4750479567
            ],
            [
              34.789789692,
              2.4906041075
            ],
            [
              34.784336253,
              2.4906367069
            ],
            [
              34.7842870133,
              2.4822871607
            ],
            [
              34.775985383,
              2.482336576
            ],
            [
              34.7758875025,
              2.4656371424
            ],
            [
              34.7865831289,
              2.4655738952
            ],
            [
              34.7892120945,
              2.4686533325
            ]
          ]
        ]
      },
      "properties": {
        "country": "Uganda",
        "country_code": "UGA",
        "species_name": "Eucalyptus_camaldulensis_S",
        "genus": "Eucalyptus",
        "species": "camaldulensis_S",
        "suitability_name": "Moderately suitable",
        "suitability_rank": 2,
        "soil_suitability": "S1",
        "soil_type": "Eutrophic Soils",
        "soil_description": "On volcanic ash",
        "site_class": null,
        "maz": "III",
        "maz_zone": null,
        "tz": "4",
        "frost_risk": null,
        "source_layer": "SWIFT_SSMT_Uganda"
      }
    },
    {
      "type": "Feature",
      "geometry": {
        "type": "Polygon",
        "coordinates": [
          [
            [
              34.7343773787,
              2.4658817905
            ],
            [
              34.7344245793,
              2.4739917185
            ],
            [
              34.7297104907,
              2.4659092146
            ],
            [
              34.7343773787,
              2.4658817905
            ]
          ]
        ]
      },
      "properties": {
        "country": "Uganda",
        "country_code": "UGA",
        "species_name": "Eucalyptus_camaldulensis_S",
        "genus": "Eucalyptus",
        "species": "camaldulensis_S",
        "suitability_name": "Moderately suitable",
        "suitability_rank": 2,
        "soil_suitability": "S1",
        "soil_type": "Eutrophic Soils",
        "soil_description": "On volcanic ash",
        "site_class": null,
        "maz": "III",
        "maz_zone": null,
        "tz": "4",
        "frost_risk": null,
        "source_layer": "SWIFT_SSMT_Uganda"
      }
    },
    {
      "type": "Feature",
      "geometry": {
        "type": "Polygon",
        "coordinates": [
          [
            [
              34.7509333841,
              2.4574338663
            ],
            [
              34.7758388101,
              2.4572874236
            ],
            [
              34.7758875025,
              2.4656371424
            ],
            [
              34.750981924,
              2.4657840845
            ],
            [
              34.7509333841,
              2.4574338663
            ]
          ]
        ]
      },
      "properties": {
        "country": "Uganda",
        "country_code": "UGA",
        "species_name": "Eucalyptus_camaldulensis_S",
        "genus": "Eucalyptus",
        "species": "camaldulensis_S",
        "suitability_name": "Moderately suitable",
        "suitability_rank": 2,
        "soil_suitability": "S1",
        "soil_type": "Eutrophic Soils",
        "soil_description": "On volcanic ash",
        "site_class": null,
        "maz": "III",
        "maz_zone": null,
        "tz": "4",
        "frost_risk": null,
        "source_layer": "SWIFT_SSMT_Uganda"
      }
    },
    {
      "type": "Feature",
      "geometry": {
        "type": "Polygon",
        "coordinates": [
          [
            [
              34.7426312452,
              2.4574825793
            ],
            [
              34.7426797332,
              2.4658329637
            ],
            [
              34.7343773787,
              2.4658817905
            ],
            [
              34.734328941,
              2.4575312411
            ],
            [
              34.7426312452,
              2.4574825793
            ]
          ]
        ]
      },
      "properties": {
        "country": "Uganda",
        "country_code": "UGA",
        "species_name": "Eucalyptus_camaldulensis_S",
        "genus": "Eucalyptus",
        "species": "camaldulensis_S",
        "suitability_name": "Moderately suitable",
        "suitability_rank": 2,
        "soil_suitability": "S1",
        "soil_type": "Eutrophic Soils",
        "soil_description": "On volcanic ash",
        "site_class": null,
        "maz": "III",
        "maz_zone": null,
        "tz": "4",
        "frost_risk": null,
        "source_layer": "SWIFT_SSMT_Uganda"
      }
    },
    {
      "type": "Feature",
      "geometry": {
        "type": "Polygon",
        "coordinates": [
          [
            [
              34.7426312452,
              2.4574825793
            ],
            [
              34.7425829209,
              2.4491321934
            ],
            [
              34.7508850097,
              2.4490836473
            ],
            [
              34.7509333841,
              2.4574338663
            ],
            [
              34.7426312452,
              2.4574825793
            ]
          ]
        ]
      },
      "properties": {
        "country": "Uganda",
        "country_code": "UGA",
        "species_name": "Eucalyptus_camaldulensis_S",
        "genus": "Eucalyptus",
        "species": "camaldulensis_S",
        "suitability_name": "Moderately suitable",
        "suitability_rank": 2,
        "soil_suitability": "S1",
        "soil_type": "Eutrophic Soils",
        "soil_description": "On volcanic ash",
        "site_class": null,
        "maz": "III",
        "maz_zone": null,
        "tz": "4",
        "frost_risk": null,
        "source_layer": "SWIFT_SSMT_Uganda"
      }
    },
    {
      "type": "Feature",
      "geometry": {
        "type": "Polygon",
        "coordinates": [
          [
            [
              34.7183226524,
              2.5591544911
            ],
            [
              34.717238672,
              2.559806344
            ],
            [
              34.7027342296,
              2.5598945597
            ],
            [
              34.7017183175,
              2.5597022897
            ],
            [
              34.7017077351,
              2.5579397629
            ],
            [
              34.6934039878,
              2.5579901455
            ],
            [
              34.6933041752,
              2.5412874399
            ],
            [
              34.7016078172,
              2.5412373855
            ],
            [
              34.7015085566,
              2.5245350011
            ],
            [
              34.6932050191,
              2.5245847254
            ],
            [
              34.6930086734,
              2.4911792725
            ],
            [
              34.7013120039,
              2.4911302066
            ],
            [
              34.7012632757,
              2.4827790027
            ],
            [
              34.7095663909,
              2.4827300499
            ],
            [
              34.7095177765,
              2.4743790087
            ],
            [
              34.7261234115,
              2.4742812801
            ],
            [
              34.72607486,
              2.4659305666
            ],
            [
              34.7297104907,
              2.4659092146
            ],
            [
              34.7344245793,
              2.4739917185
            ],
            [
              34.734523683,
              2.4909334255
            ],
            [
              34.7262210106,
              2.4909826989
            ],
            [
              34.7262700563,
              2.499333405
            ],
            [
              34.717967167,
              2.4993827919
            ],
            [
              34.7180163266,
              2.5077336612
            ],
            [
              34.7097132213,
              2.5077831603
            ],
            [
              34.7100113179,
              2.5578893258
            ],
            [
              34.7183147359,
              2.557838836
            ],
            [
              34.7183226524,
              2.5591544911
            ]
          ]
        ]
      },
      "properties": {
        "country": "Uganda",
        "country_code": "UGA",
        "species_name": "Eucalyptus_camaldulensis_S",
        "genus": "Eucalyptus",
        "species": "camaldulensis_S",
        "suitability_name": "Moderately suitable",
        "suitability_rank": 2,
        "soil_suitability": "S1",
        "soil_type": "Ferrisols",
        "soil_description": "Humic of high altitudes",
        "site_class": null,
        "maz": "III",
        "maz_zone": null,
        "tz": "4",
        "frost_risk": null,
        "source_layer": "SWIFT_SSMT_Uganda"
      }
    },
    {
      "type": "Feature",
      "geometry": {
        "type": "Polygon",
        "coordinates": [
          [
            [
              34.7921372351,
              2.4655410164
            ],
            [
              34.7892120945,
              2.4686533325
            ],
            [
              34.7865831289,
              2.4655738952
            ],
            [
              34.7921372351,
              2.4655410164
            ]
          ]
        ]
      },
      "properties": {
        "country": "Uganda",
        "country_code": "UGA",
        "species_name": "Eucalyptus_camaldulensis_S",
        "genus": "Eucalyptus",
        "species": "camaldulensis_S",
        "suitability_name": "Moderately suitable",
        "suitability_rank": 2,
        "soil_suitability": "S2",
        "soil_type": "Ferruginous Soils",
        "soil_description": "On crystalline acid rock - freely drained",
        "site_class": null,
        "maz": "III",
        "maz_zone": null,
        "tz": "4",
        "frost_risk": null,
        "source_layer": "SWIFT_SSMT_Uganda"
      }
    },
    {
      "type": "Feature",
      "geometry": {
        "type": "Polygon",
        "coordinates": [
          [
            [
              34.7848377781,
              2.5741320667
            ],
            [
              34.7848888431,
              2.5824815911
            ],
            [
              34.7765865864,
              2.5825330045
            ],
            [
              34.776637764,
              2.5908826933
            ],
            [
              34.7611319974,
              2.5909788789
            ],
            [
              34.7637215748,
              2.583002592
            ],
            [
              34.7698756026,
              2.5742243838
            ],
            [
              34.7848377781,
              2.5741320667
            ]
          ]
        ]
      },
      "properties": {
        "country": "Uganda",
        "country_code": "UGA",
        "species_name": "Eucalyptus_camaldulensis_S",
        "genus": "Eucalyptus",
        "species": "camaldulensis_S",
        "suitability_name": "Moderately suitable",
        "suitability_rank": 2,
        "soil_suitability": "S2",
        "soil_type": "Ferruginous Soils",
        "soil_description": "On crystalline acid rock - freely drained",
        "site_class": null,
        "maz": "III",
        "maz_zone": null,
        "tz": "4",
        "frost_risk": null,
        "source_layer": "SWIFT_SSMT_Uganda"
      }
    },
    {
      "type": "Feature",
      "geometry": {
        "type": "Polygon",
        "coordinates": [
          [
            [
              34.8259916568,
              2.5154341487
            ],
            [
              34.8176906523,
              2.5154844908
            ],
            [
              34.8178414863,
              2.5405310993
            ],
            [
              34.809540158,
              2.5405818899
            ],
            [
              34.8092898617,
              2.4988366965
            ],
            [
              34.8007034617,
              2.4988883142
            ],
            [
              34.8042151998,
              2.493820704
            ],
            [
              34.8092244456,
              2.4878106195
            ],
            [
              34.8092403011,
              2.4904876518
            ],
            [
              34.8175413184,
              2.4904378624
            ],
            [
              34.8175909299,
              2.4987867413
            ],
            [
              34.8258918321,
              2.4987367339
            ],
            [
              34.8259916568,
              2.5154341487
            ]
          ]
        ]
      },
      "properties": {
        "country": "Uganda",
        "country_code": "UGA",
        "species_name": "Eucalyptus_camaldulensis_S",
        "genus": "Eucalyptus",
        "species": "camaldulensis_S",
        "suitability_name": "Moderately suitable",
        "suitability_rank": 2,
        "soil_suitability": "S2",
        "soil_type": "Ferruginous Soils",
        "soil_description": "On crystalline acid rock - freely drained",
        "site_class": null,
        "maz": "III",
        "maz_zone": null,
        "tz": "4",
        "frost_risk": null,
        "source_layer": "SWIFT_SSMT_Uganda"
      }
    },
    {
      "type": "Feature",
      "geometry": {
        "type": "Polygon",
        "coordinates": [
          [
            [
              30.9100085553,
              2.8023281519
            ],
            [
              30.9100601472,
              2.8178093633
            ],
            [
              30.9038812412,
              2.8121626095
            ],
            [
              30.9011785813,
              2.8029175928
            ],
            [
              30.9016452726,
              2.801918317
            ],
            [
              30.9016467242,
              2.8023562185
            ],
            [
              30.9100085553,
              2.8023281519
            ]
          ]
        ]
      },
      "properties": {
        "country": "Uganda",
        "country_code": "UGA",
        "species_name": "Eucalyptus_camaldulensis_S",
        "genus": "Eucalyptus",
        "species": "camaldulensis_S",
        "suitability_name": "Moderately suitable",
        "suitability_rank": 2,
        "soil_suitability": "S4",
        "soil_type": "Lithosols",
        "soil_description": "Not differentiated",
        "site_class": null,
        "maz": "I",
        "maz_zone": null,
        "tz": "3",
        "frost_risk": null,
        "source_layer": "SWIFT_SSMT_Uganda"
      }
    },
    {
      "type": "Feature",
      "geometry": {
        "type": "Polygon",
        "coordinates": [
          [
            [
              30.9098698955,
              2.760288425
            ],
            [
              30.909919531,
              2.7754107728
            ],
            [
              30.9031552582,
              2.7721634886
            ],
            [
              30.8814368532,
              2.7579060634
            ],
            [
              30.8754674787,
              2.7480741856
            ],
            [
              30.8754193977,
              2.7331478872
            ],
            [
              30.8807361895,
              2.7247718401
            ],
            [
              30.8833821509,
              2.7167030444
            ],
            [
              30.8821622923,
              2.7065570787
            ],
            [
              30.8756019371,
              2.6973237983
            ],
            [
              30.8696401623,
              2.6895810832
            ],
            [
              30.8690182221,
              2.6806271229
            ],
            [
              30.8713696375,
              2.6731563722
            ],
            [
              30.8775895385,
              2.6686586876
            ],
            [
              30.8847027334,
              2.6650537788
            ],
            [
              30.8977790911,
              2.6697885301
            ],
            [
              30.9012237442,
              2.6717534182
            ],
            [
              30.9012379243,
              2.6762356611
            ],
            [
              30.9095988852,
              2.6762088591
            ],
            [
              30.9096256073,
              2.6846168228
            ],
            [
              30.9012645907,
              2.6846437086
            ],
            [
              30.9013720926,
              2.7182758834
            ],
            [
              30.9013991776,
              2.7266839238
            ],
            [
              30.8930377899,
              2.726711173
            ],
            [
              30.8930649015,
              2.7351192964
            ],
            [
              30.901426347,
              2.7350919618
            ],
            [
              30.9014809376,
              2.7519080357
            ],
            [
              30.9098424158,
              2.7518804736
            ],
            [
              30.9098698955,
              2.760288425
            ]
          ]
        ]
      },
      "properties": {
        "country": "Uganda",
        "country_code": "UGA",
        "species_name": "Eucalyptus_camaldulensis_S",
        "genus": "Eucalyptus",
        "species": "camaldulensis_S",
        "suitability_name": "Moderately suitable",
        "suitability_rank": 2,
        "soil_suitability": "S4",
        "soil_type": "Lithosols",
        "soil_description": "Not differentiated",
        "site_class": null,
        "maz": "I",
        "maz_zone": null,
        "tz": "3",
        "frost_risk": null,
        "source_layer": "SWIFT_SSMT_Uganda"
      }
    },
    {
      "type": "Feature",
      "geometry": {
        "type": "Polygon",
        "coordinates": [
          [
            [
              30.9509119923,
              2.5184996209
            ],
            [
              30.9510332573,
              2.558368305
            ],
            [
              30.9447687383,
              2.5583877148
            ],
            [
              30.944322208,
              2.5553117332
            ],
            [
              30.9442758134,
              2.5400881194
            ],
            [
              30.9509119923,
              2.5184996209
            ]
          ]
        ]
      },
      "properties": {
        "country": "Uganda",
        "country_code": "UGA",
        "species_name": "Eucalyptus_camaldulensis_S",
        "genus": "Eucalyptus",
        "species": "camaldulensis_S",
        "suitability_name": "Moderately suitable",
        "suitability_rank": 2,
        "soil_suitability": "S4",
        "soil_type": "Lithosols",
        "soil_description": "Not differentiated",
        "site_class": null,
        "maz": "I",
        "maz_zone": null,
        "tz": "3",
        "frost_risk": null,
        "source_layer": "SWIFT_SSMT_Uganda"
      }
    },
    {
      "type": "Feature",
      "geometry": {
        "type": "Polygon",
        "coordinates": [
          [
            [
              30.9706709876,
              2.4406030654
            ],
            [
              30.9757573015,
              2.4405879334
            ],
            [
              30.9759072764,
              2.491031835
            ],
            [
              30.9675481986,
              2.491057207
            ],
            [
              30.9675734403,
              2.4994646046
            ],
            [
              30.9606636062,
              2.4994856078
            ],
            [
              30.961658522,
              2.4976477445
            ],
            [
              30.96399524,
              2.48510373
            ],
            [
              30.9675209769,
              2.473153199
            ],
            [
              30.9686664389,
              2.4591204183
            ],
            [
              30.9674397145,
              2.445691731
            ],
            [
              30.9706709876,
              2.4406030654
            ]
          ]
        ]
      },
      "properties": {
        "country": "Uganda",
        "country_code": "UGA",
        "species_name": "Eucalyptus_camaldulensis_S",
        "genus": "Eucalyptus",
        "species": "camaldulensis_S",
        "suitability_name": "Moderately suitable",
        "suitability_rank": 2,
        "soil_suitability": "S4",
        "soil_type": "Lithosols",
        "soil_description": "Not differentiated",
        "site_class": null,
        "maz": "I",
        "maz_zone": null,
        "tz": "3",
        "frost_risk": null,
        "source_layer": "SWIFT_SSMT_Uganda"
      }
    },
    {
      "type": "Feature",
      "geometry": {
        "type": "Polygon",
        "coordinates": [
          [
            [
              30.9098698955,
              2.760288425
            ],
            [
              30.9182313475,
              2.7602607203
            ],
            [
              30.9182866758,
              2.777076446
            ],
            [
              30.9134230805,
              2.7770926663
            ],
            [
              30.909919531,
              2.7754107728
            ],
            [
              30.9098698955,
              2.760288425
            ]
          ]
        ]
      },
      "properties": {
        "country": "Uganda",
        "country_code": "UGA",
        "species_name": "Eucalyptus_camaldulensis_S",
        "genus": "Eucalyptus",
        "species": "camaldulensis_S",
        "suitability_name": "Moderately suitable",
        "suitability_rank": 2,
        "soil_suitability": "S4",
        "soil_type": "Lithosols",
        "soil_description": "Not differentiated",
        "site_class": null,
        "maz": "II",
        "maz_zone": null,
        "tz": "3",
        "frost_risk": null,
        "source_layer": "SWIFT_SSMT_Uganda"
      }
    },
    {
      "type": "Feature",
      "geometry": {
        "type": "Polygon",
        "coordinates": [
          [
            [
              30.9013991776,
              2.7266839238
            ],
            [
              30.901426347,
              2.7350919618
            ],
            [
              30.8930649015,
              2.7351192964
            ],
            [
              30.8930377899,
              2.726711173
            ],
            [
              30.9013991776,
              2.7266839238
            ]
          ]
        ]
      },
      "properties": {
        "country": "Uganda",
        "country_code": "UGA",
        "species_name": "Eucalyptus_camaldulensis_S",
        "genus": "Eucalyptus",
        "species": "camaldulensis_S",
        "suitability_name": "Moderately suitable",
        "suitability_rank": 2,
        "soil_suitability": "S4",
        "soil_type": "Lithosols",
        "soil_description": "Not differentiated",
        "site_class": null,
        "maz": "II",
        "maz_zone": null,
        "tz": "3",
        "frost_risk": null,
        "source_layer": "SWIFT_SSMT_Uganda"
      }
    },
    {
      "type": "Feature",
      "geometry": {
        "type": "Polygon",
        "coordinates": [
          [
            [
              30.9096256073,
              2.6846168228
            ],
            [
              30.9096524138,
              2.693024784
            ],
            [
              30.9180134037,
              2.6929977555
            ],
            [
              30.9180403507,
              2.7014056321
            ],
            [
              30.9096793039,
              2.7014327445
            ],
            [
              30.9097333375,
              2.7182486599
            ],
            [
              30.9013720926,
              2.7182758834
            ],
            [
              30.9012645907,
              2.6846437086
            ],
            [
              30.9096256073,
              2.6846168228
            ]
          ]
        ]
      },
      "properties": {
        "country": "Uganda",
        "country_code": "UGA",
        "species_name": "Eucalyptus_camaldulensis_S",
        "genus": "Eucalyptus",
        "species": "camaldulensis_S",
        "suitability_name": "Moderately suitable",
        "suitability_rank": 2,
        "soil_suitability": "S4",
        "soil_type": "Lithosols",
        "soil_description": "Not differentiated",
        "site_class": null,
        "maz": "II",
        "maz_zone": null,
        "tz": "3",
        "frost_risk": null,
        "source_layer": "SWIFT_SSMT_Uganda"
      }
    },
    {
      "type": "Feature",
      "geometry": {
        "type": "Polygon",
        "coordinates": [
          [
            [
              30.9346682879,
              2.672063161
            ],
            [
              30.9346812595,
              2.6761281113
            ],
            [
              30.9263205526,
              2.6761550838
            ],
            [
              30.9263473887,
              2.6845628776
            ],
            [
              30.9096256073,
              2.6846168228
            ],
            [
              30.9095988852,
              2.6762088591
            ],
            [
              30.9012379243,
              2.6762356611
            ],
            [
              30.9012237442,
              2.6717534182
            ],
            [
              30.908187566,
              2.6757256191
            ],
            [
              30.9194704199,
              2.6765849189
            ],
            [
              30.9262948655,
              2.6756674091
            ],
            [
              30.9346682879,
              2.672063161
            ]
          ]
        ]
      },
      "properties": {
        "country": "Uganda",
        "country_code": "UGA",
        "species_name": "Eucalyptus_camaldulensis_S",
        "genus": "Eucalyptus",
        "species": "camaldulensis_S",
        "suitability_name": "Moderately suitable",
        "suitability_rank": 2,
        "soil_suitability": "S4",
        "soil_type": "Lithosols",
        "soil_description": "Not differentiated",
        "site_class": null,
        "maz": "II",
        "maz_zone": null,
        "tz": "3",
        "frost_risk": null,
        "source_layer": "SWIFT_SSMT_Uganda"
      }
    },
    {
      "type": "Feature",
      "geometry": {
        "type": "Polygon",
        "coordinates": [
          [
            [
              30.9430089456,
              2.6657893884
            ],
            [
              30.9430150173,
              2.6676934563
            ],
            [
              30.9406708041,
              2.6677010173
            ],
            [
              30.9430089456,
              2.6657893884
            ]
          ]
        ]
      },
      "properties": {
        "country": "Uganda",
        "country_code": "UGA",
        "species_name": "Eucalyptus_camaldulensis_S",
        "genus": "Eucalyptus",
        "species": "camaldulensis_S",
        "suitability_name": "Moderately suitable",
        "suitability_rank": 2,
        "soil_suitability": "S4",
        "soil_type": "Lithosols",
        "soil_description": "Not differentiated",
        "site_class": null,
        "maz": "II",
        "maz_zone": null,
        "tz": "3",
        "frost_risk": null,
        "source_layer": "SWIFT_SSMT_Uganda"
      }
    },
    {
      "type": "Feature",
      "geometry": {
        "type": "Polygon",
        "coordinates": [
          [
            [
              30.9927530389,
              2.5330166203
            ],
            [
              30.984393866,
              2.533042529
            ],
            [
              30.9844455038,
              2.5498569675
            ],
            [
              30.976086138,
              2.5498829936
            ],
            [
              30.97613801,
              2.5666975976
            ],
            [
              30.9594188048,
              2.5667498295
            ],
            [
              30.9594708011,
              2.5835647708
            ],
            [
              30.9678305563,
              2.5835385114
            ],
            [
              30.9678830031,
              2.6003532756
            ],
            [
              30.9547215432,
              2.6003948629
            ],
            [
              30.9509410015,
              2.5842460026
            ],
            [
              30.946747922,
              2.572020461
            ],
            [
              30.9447687383,
              2.5583877148
            ],
            [
              30.9510332573,
              2.558368305
            ],
            [
              30.9509119923,
              2.5184996209
            ],
            [
              30.9516234168,
              2.5161853227
            ],
            [
              30.9606636062,
              2.4994856078
            ],
            [
              30.9675734403,
              2.4994646046
            ],
            [
              30.9675481986,
              2.491057207
            ],
            [
              30.9759072764,
              2.491031835
            ],
            [
              30.9757573015,
              2.4405879334
            ],
            [
              30.9706709876,
              2.4406030654
            ],
            [
              30.9727569716,
              2.4373180323
            ],
            [
              30.9804737361,
              2.4375935779
            ],
            [
              30.9849357357,
              2.4411621752
            ],
            [
              30.9896927459,
              2.4441328575
            ],
            [
              30.9909036706,
              2.4521884192
            ],
            [
              30.9936047348,
              2.4623288789
            ],
            [
              30.9966000383,
              2.4715729116
            ],
            [
              30.9985327606,
              2.4741485773
            ],
            [
              30.9925746328,
              2.4741666479
            ],
            [
              30.9926251767,
              2.4909809326
            ],
            [
              30.9842662691,
              2.4910064096
            ],
            [
              30.9843681753,
              2.5246353075
            ],
            [
              30.9927272943,
              2.5246094853
            ],
            [
              30.9927530389,
              2.5330166203
            ]
          ]
        ]
      },
      "properties": {
        "country": "Uganda",
        "country_code": "UGA",
        "species_name": "Eucalyptus_camaldulensis_S",
        "genus": "Eucalyptus",
        "species": "camaldulensis_S",
        "suitability_name": "Moderately suitable",
        "suitability_rank": 2,
        "soil_suitability": "S4",
        "soil_type": "Lithosols",
        "soil_description": "Not differentiated",
        "site_class": null,
        "maz": "II",
        "maz_zone": null,
        "tz": "3",
        "frost_risk": null,
        "source_layer": "SWIFT_SSMT_Uganda"
      }
    },
    {
      "type": "Feature",
      "geometry": {
        "type": "Polygon",
        "coordinates": [
          [
            [
              31.0427511794,
              2.4824203308
            ],
            [
              31.0428025279,
              2.499233572
            ],
            [
              31.0260855565,
              2.4992852853
            ],
            [
              31.026059945,
              2.4908784919
            ],
            [
              31.0093427328,
              2.4909298173
            ],
            [
              31.0093173134,
              2.4825228485
            ],
            [
              31.0009586307,
              2.4825483465
            ],
            [
              31.0009370045,
              2.4753586575
            ],
            [
              31.0061099224,
              2.4760213003
            ],
            [
              31.0138095391,
              2.4706252079
            ],
            [
              31.0164525682,
              2.4613643145
            ],
            [
              31.0176083269,
              2.4509140584
            ],
            [
              31.014003779,
              2.4362994254
            ],
            [
              31.0106638445,
              2.4106400583
            ],
            [
              31.010382547,
              2.3982036048
            ],
            [
              31.0102000298,
              2.3955
            ],
            [
              31.0103000298,
              2.3946699992
            ],
            [
              31.0105800296,
              2.3935699989
            ],
            [
              31.0116200302,
              2.3914599992
            ],
            [
              31.0117600297,
              2.3902399993
            ],
            [
              31.0120133177,
              2.3900373685
            ],
            [
              31.025759352,
              2.3899968574
            ],
            [
              31.0257490729,
              2.3864717852
            ],
            [
              31.025960029,
              2.3869799994
            ],
            [
              31.0262500305,
              2.3870499998
            ],
            [
              31.0265800303,
              2.3867899992
            ],
            [
              31.0269300299,
              2.3861899991
            ],
            [
              31.0270500297,
              2.3858299996
            ],
            [
              31.027000029,
              2.3852799995
            ],
            [
              31.0267572212,
              2.3846177958
            ],
            [
              31.0270477062,
              2.3849399987
            ],
            [
              31.0272177058,
              2.3857799995
            ],
            [
              31.0271677065,
              2.386449999
            ],
            [
              31.0273877058,
              2.3869799997
            ],
            [
              31.0276777066,
              2.3870499992
            ],
            [
              31.0280077063,
              2.3867899992
            ],
            [
              31.0284777063,
              2.3858299993
            ],
            [
              31.0284277067,
              2.3852799991
            ],
            [
              31.0280977054,
              2.3843799995
            ],
            [
              31.0281677061,
              2.3840099996
            ],
            [
              31.0285477064,
              2.3836300001
            ],
            [
              31.0296877056,
              2.3832299991
            ],
            [
              31.0298777053,
              2.3829899998
            ],
            [
              31.029807706,
              2.3827700002
            ],
            [
              31.0291177064,
              2.3822
            ],
            [
              31.029037706,
              2.3815803264
            ],
            [
              31.0340926698,
              2.3815654345
            ],
            [
              31.0340769268,
              2.3761560998
            ],
            [
              31.0373534972,
              2.3731490553
            ],
            [
              31.0424258882,
              2.3731341328
            ],
            [
              31.0424145878,
              2.3692467965
            ],
            [
              31.0486457528,
              2.3647091637
            ],
            [
              31.0507590049,
              2.3647029547
            ],
            [
              31.0507546359,
              2.3631981916
            ],
            [
              31.0719417824,
              2.3478277243
            ],
            [
              31.0757821105,
              2.3478164534
            ],
            [
              31.0757733026,
              2.3447794372
            ],
            [
              31.0821130915,
              2.3443740602
            ],
            [
              31.0854132996,
              2.3373021838
            ],
            [
              31.0840166588,
              2.3372356779
            ],
            [
              31.0806854143,
              2.3443740604
            ],
            [
              31.0757730381,
              2.3446881678
            ],
            [
              31.0757577592,
              2.3394101598
            ],
            [
              31.06894437,
              2.3394300785
            ],
            [
              31.0684300284,
              2.3387099994
            ],
            [
              31.0682600287,
              2.3379199996
            ],
            [
              31.0684800283,
              2.3369800001
            ],
            [
              31.0693300283,
              2.3352699987
            ],
            [
              31.0693500283,
              2.3333
            ],
            [
              31.0695500276,
              2.3328099994
            ],
            [
              31.0700500282,
              2.3322099998
            ],
            [
              31.071302984,
              2.3310167749
            ],
            [
              31.0757334943,
              2.3310038659
            ],
            [
              31.0757123657,
              2.3236589413
            ],
            [
              31.0759900282,
              2.323039999
            ],
            [
              31.0760400277,
              2.3223299996
            ],
            [
              31.0837186558,
              2.3292418064
            ],
            [
              31.0932338179,
              2.3363768213
            ],
            [
              31.096521813,
              2.3447237567
            ],
            [
              31.0968367963,
              2.350990267
            ],
            [
              31.0965662973,
              2.3599445518
            ],
            [
              31.1004436137,
              2.3667973499
            ],
            [
              31.1049012003,
              2.3691716397
            ],
            [
              31.1099698538,
              2.37751295
            ],
            [
              31.1129634778,
              2.3864572702
            ],
            [
              31.1168855427,
              2.3897248001
            ],
            [
              31.0926197633,
              2.3897978395
            ],
            [
              31.0925948719,
              2.3813917297
            ],
            [
              31.0758803938,
              2.3814416124
            ],
            [
              31.0759051839,
              2.3898478996
            ],
            [
              31.0675477637,
              2.3898728526
            ],
            [
              31.0675975044,
              2.4066855988
            ],
            [
              31.0592398943,
              2.4067106762
            ],
            [
              31.0592648453,
              2.415117135
            ],
            [
              31.050907097,
              2.4151422498
            ],
            [
              31.050982318,
              2.4403618795
            ],
            [
              31.0342662535,
              2.440412477
            ],
            [
              31.0342913977,
              2.4488191916
            ],
            [
              31.0259331829,
              2.4488445003
            ],
            [
              31.0260089804,
              2.4740648985
            ],
            [
              31.0343673515,
              2.4740393293
            ],
            [
              31.0343928427,
              2.4824460399
            ],
            [
              31.0427511794,
              2.4824203308
            ]
          ]
        ]
      },
      "properties": {
        "country": "Uganda",
        "country_code": "UGA",
        "species_name": "Eucalyptus_camaldulensis_S",
        "genus": "Eucalyptus",
        "species": "camaldulensis_S",
        "suitability_name": "Moderately suitable",
        "suitability_rank": 2,
        "soil_suitability": "S4",
        "soil_type": "Lithosols",
        "soil_description": "Not differentiated",
        "site_class": null,
        "maz": "II",
        "maz_zone": null,
        "tz": "3",
        "frost_risk": null,
        "source_layer": "SWIFT_SSMT_Uganda"
      }
    },
    {
      "type": "Feature",
      "geometry": {
        "type": "Polygon",
        "coordinates": [
          [
            [
              31.142786665,
              2.3980520156
            ],
            [
              31.1344298999,
              2.3980774653
            ],
            [
              31.1344552209,
              2.4064831289
            ],
            [
              31.1260983152,
              2.406508617
            ],
            [
              31.1260730453,
              2.3981028645
            ],
            [
              31.1177161023,
              2.3981282126
            ],
            [
              31.1176929868,
              2.3903974864
            ],
            [
              31.1201021525,
              2.3924045648
            ],
            [
              31.126921805,
              2.3908917297
            ],
            [
              31.1304714702,
              2.3872997376
            ],
            [
              31.1292481917,
              2.3750675123
            ],
            [
              31.1292145411,
              2.3637269982
            ],
            [
              31.1289037282,
              2.3589529313
            ],
            [
              31.1324552032,
              2.3559579523
            ],
            [
              31.1377911902,
              2.3544498291
            ],
            [
              31.1469964022,
              2.3571081548
            ],
            [
              31.1541389888,
              2.3645474072
            ],
            [
              31.1573959489,
              2.3727909091
            ],
            [
              31.1510676096,
              2.3728100513
            ],
            [
              31.1510927648,
              2.3812155408
            ],
            [
              31.1427361891,
              2.3812408623
            ],
            [
              31.142786665,
              2.3980520156
            ]
          ]
        ]
      },
      "properties": {
        "country": "Uganda",
        "country_code": "UGA",
        "species_name": "Eucalyptus_camaldulensis_S",
        "genus": "Eucalyptus",
        "species": "camaldulensis_S",
        "suitability_name": "Moderately suitable",
        "suitability_rank": 2,
        "soil_suitability": "S4",
        "soil_type": "Lithosols",
        "soil_description": "Not differentiated",
        "site_class": null,
        "maz": "II",
        "maz_zone": null,
        "tz": "3",
        "frost_risk": null,
        "source_layer": "SWIFT_SSMT_Uganda"
      }
    },
    {
      "type": "Feature",
      "geometry": {
        "type": "Polygon",
        "coordinates": [
          [
            [
              31.02579003,
              2.3857800005
            ],
            [
              31.025748672,
              2.3863341891
            ],
            [
              31.0257464302,
              2.3855645671
            ],
            [
              31.02579003,
              2.3857800005
            ]
          ]
        ]
      },
      "properties": {
        "country": "Uganda",
        "country_code": "UGA",
        "species_name": "Eucalyptus_camaldulensis_S",
        "genus": "Eucalyptus",
        "species": "camaldulensis_S",
        "suitability_name": "Moderately suitable",
        "suitability_rank": 2,
        "soil_suitability": "S4",
        "soil_type": "Lithosols",
        "soil_description": "Not differentiated",
        "site_class": null,
        "maz": "II",
        "maz_zone": null,
        "tz": "3",
        "frost_risk": null,
        "source_layer": "SWIFT_SSMT_Uganda"
      }
    },
    {
      "type": "Feature",
      "geometry": {
        "type": "Polygon",
        "coordinates": [
          [
            [
              31.1594240459,
              2.3727847683
            ],
            [
              31.1594395635,
              2.377963199
            ],
            [
              31.1573959489,
              2.3727909091
            ],
            [
              31.1594240459,
              2.3727847683
            ]
          ]
        ]
      },
      "properties": {
        "country": "Uganda",
        "country_code": "UGA",
        "species_name": "Eucalyptus_camaldulensis_S",
        "genus": "Eucalyptus",
        "species": "camaldulensis_S",
        "suitability_name": "Moderately suitable",
        "suitability_rank": 2,
        "soil_suitability": "S1",
        "soil_type": "Ferrallitic Soils",
        "soil_description": "Red soils - Not differentiated; sandy clay loams",
        "site_class": null,
        "maz": "III",
        "maz_zone": null,
        "tz": "3",
        "frost_risk": null,
        "source_layer": "SWIFT_SSMT_Uganda"
      }
    },
    {
      "type": "Feature",
      "geometry": {
        "type": "Polygon",
        "coordinates": [
          [
            [
              34.2091978699,
              2.1093460259
            ],
            [
              34.2092755688,
              2.126067428
            ],
            [
              34.1926542071,
              2.1261458167
            ],
            [
              34.192576683,
              2.1094237973
            ],
            [
              34.2091978699,
              2.1093460259
            ]
          ]
        ]
      },
      "properties": {
        "country": "Uganda",
        "country_code": "UGA",
        "species_name": "Eucalyptus_camaldulensis_S",
        "genus": "Eucalyptus",
        "species": "camaldulensis_S",
        "suitability_name": "Moderately suitable",
        "suitability_rank": 2,
        "soil_suitability": "S1",
        "soil_type": "Eutrophic Soils",
        "soil_description": "On volcanic ash",
        "site_class": null,
        "maz": "III",
        "maz_zone": null,
        "tz": "3",
        "frost_risk": null,
        "source_layer": "SWIFT_SSMT_Uganda"
      }
    },
    {
      "type": "Feature",
      "geometry": {
        "type": "Polygon",
        "coordinates": [
          [
            [
              34.3336154228,
              2.0611374069
            ],
            [
              34.339591481,
              2.0669374893
            ],
            [
              34.3336422771,
              2.0669652867
            ],
            [
              34.3336154228,
              2.0611374069
            ]
          ]
        ]
      },
      "properties": {
        "country": "Uganda",
        "country_code": "UGA",
        "species_name": "Eucalyptus_camaldulensis_S",
        "genus": "Eucalyptus",
        "species": "camaldulensis_S",
        "suitability_name": "Moderately suitable",
        "suitability_rank": 2,
        "soil_suitability": "S1",
        "soil_type": "Eutrophic Soils",
        "soil_description": "On volcanic ash",
        "site_class": null,
        "maz": "III",
        "maz_zone": null,
        "tz": "4",
        "frost_risk": null,
        "source_layer": "SWIFT_SSMT_Uganda"
      }
    },
    {
      "type": "Feature",
      "geometry": {
        "type": "Polygon",
        "coordinates": [
          [
            [
              34.339591481,
              2.0669374893
            ],
            [
              34.3448591534,
              2.0720498662
            ],
            [
              34.3505818715,
              2.0848425586
            ],
            [
              34.3509891222,
              2.0962357723
            ],
            [
              34.3442975261,
              2.1033895975
            ],
            [
              34.3312311944,
              2.1098617866
            ],
            [
              34.3255340191,
              2.1098889277
            ],
            [
              34.3255288813,
              2.1087967065
            ],
            [
              34.2930290372,
              2.1089510525
            ],
            [
              34.2873306633,
              2.108645787
            ],
            [
              34.2839775698,
              2.1072803377
            ],
            [
              34.2839465691,
              2.1006345723
            ],
            [
              34.2756374863,
              2.1006737196
            ],
            [
              34.2755986733,
              2.0923142563
            ],
            [
              34.267289479,
              2.0923532035
            ],
            [
              34.2672508649,
              2.0839935814
            ],
            [
              34.2838690131,
              2.0839159545
            ],
            [
              34.2839077136,
              2.0922752647
            ],
            [
              34.3171423187,
              2.0921188642
            ],
            [
              34.3171813478,
              2.1004775474
            ],
            [
              34.3337978011,
              2.1003987725
            ],
            [
              34.3336422771,
              2.0669652867
            ],
            [
              34.339591481,
              2.0669374893
            ]
          ]
        ]
      },
      "properties": {
        "country": "Uganda",
        "country_code": "UGA",
        "species_name": "Eucalyptus_camaldulensis_S",
        "genus": "Eucalyptus",
        "species": "camaldulensis_S",
        "suitability_name": "Moderately suitable",
        "suitability_rank": 2,
        "soil_suitability": "S1",
        "soil_type": "Eutrophic Soils",
        "soil_description": "On volcanic ash",
        "site_class": null,
        "maz": "III",
        "maz_zone": null,
        "tz": "3",
        "frost_risk": null,
        "source_layer": "SWIFT_SSMT_Uganda"
      }
    },
    {
      "type": "Feature",
      "geometry": {
        "type": "Polygon",
        "coordinates": [
          [
            [
              34.2670979584,
              2.0505550797
            ],
            [
              34.2672508649,
              2.0839935814
            ],
            [
              34.2589415583,
              2.0840323297
            ],
            [
              34.2589031419,
              2.0756725507
            ],
            [
              34.250593724,
              2.0757111015
            ],
            [
              34.250479532,
              2.0506312898
            ],
            [
              34.2670979584,
              2.0505550797
            ]
          ]
        ]
      },
      "properties": {
        "country": "Uganda",
        "country_code": "UGA",
        "species_name": "Eucalyptus_camaldulensis_S",
        "genus": "Eucalyptus",
        "species": "camaldulensis_S",
        "suitability_name": "Moderately suitable",
        "suitability_rank": 2,
        "soil_suitability": "S1",
        "soil_type": "Eutrophic Soils",
        "soil_description": "On volcanic ash",
        "site_class": null,
        "maz": "III",
        "maz_zone": null,
        "tz": "3",
        "frost_risk": null,
        "source_layer": "SWIFT_SSMT_Uganda"
      }
    },
    {
      "type": "Feature",
      "geometry": {
        "type": "Polygon",
        "coordinates": [
          [
            [
              34.2670601191,
              2.0421954496
            ],
            [
              34.2587510259,
              2.0422334207
            ],
            [
              34.2586385626,
              2.017154056
            ],
            [
              34.26694753,
              2.0171165524
            ],
            [
              34.2669276894,
              2.0126647148
            ],
            [
              34.2706221164,
              2.0157664409
            ],
            [
              34.27879255,
              2.0221403283
            ],
            [
              34.2834170064,
              2.0254015841
            ],
            [
              34.275293759,
              2.0254384854
            ],
            [
              34.2753313301,
              2.0337979615
            ],
            [
              34.2670224345,
              2.0338358197
            ],
            [
              34.2670601191,
              2.0421954496
            ]
          ]
        ]
      },
      "properties": {
        "country": "Uganda",
        "country_code": "UGA",
        "species_name": "Eucalyptus_camaldulensis_S",
        "genus": "Eucalyptus",
        "species": "camaldulensis_S",
        "suitability_name": "Moderately suitable",
        "suitability_rank": 2,
        "soil_suitability": "S1",
        "soil_type": "Eutrophic Soils",
        "soil_description": "On volcanic ash",
        "site_class": null,
        "maz": "III",
        "maz_zone": null,
        "tz": "3",
        "frost_risk": null,
        "source_layer": "SWIFT_SSMT_Uganda"
      }
    },
    {
      "type": "Feature",
      "geometry": {
        "type": "Polygon",
        "coordinates": [
          [
            [
              34.2919382298,
              2.0314107136
            ],
            [
              34.2951949718,
              2.0337072838
            ],
            [
              34.2919486576,
              2.0337221201
            ],
            [
              34.2919382298,
              2.0314107136
            ]
          ]
        ]
      },
      "properties": {
        "country": "Uganda",
        "country_code": "UGA",
        "species_name": "Eucalyptus_camaldulensis_S",
        "genus": "Eucalyptus",
        "species": "camaldulensis_S",
        "suitability_name": "Moderately suitable",
        "suitability_rank": 2,
        "soil_suitability": "S1",
        "soil_type": "Eutrophic Soils",
        "soil_description": "On volcanic ash",
        "site_class": null,
        "maz": "III",
        "maz_zone": null,
        "tz": "3",
        "frost_risk": null,
        "source_layer": "SWIFT_SSMT_Uganda"
      }
    },
    {
      "type": "Feature",
      "geometry": {
        "type": "Polygon",
        "coordinates": [
          [
            [
              34.8172563763,
              1.8308568987
            ],
            [
              34.8153988056,
              1.8340665642
            ],
            [
              34.8141782097,
              1.8378058419
            ],
            [
              34.8141479301,
              1.8308706166
            ],
            [
              34.8172563763,
              1.8308568987
            ]
          ]
        ]
      },
      "properties": {
        "country": "Uganda",
        "country_code": "UGA",
        "species_name": "Eucalyptus_camaldulensis_S",
        "genus": "Eucalyptus",
        "species": "camaldulensis_S",
        "suitability_name": "Moderately suitable",
        "suitability_rank": 2,
        "soil_suitability": "S1",
        "soil_type": "Eutrophic Soils",
        "soil_description": "On volcanic ash",
        "site_class": null,
        "maz": "III",
        "maz_zone": null,
        "tz": "5",
        "frost_risk": null,
        "source_layer": "SWIFT_SSMT_Uganda"
      }
    },
    {
      "type": "Feature",
      "geometry": {
        "type": "Polygon",
        "coordinates": [
          [
            [
              34.8234000856,
              1.7974338007
            ],
            [
              34.8238231247,
              1.8141299305
            ],
            [
              34.8223727539,
              1.8141362796
            ],
            [
              34.8223009065,
              1.7974385675
            ],
            [
              34.8234000856,
              1.7974338007
            ]
          ]
        ]
      },
      "properties": {
        "country": "Uganda",
        "country_code": "UGA",
        "species_name": "Eucalyptus_camaldulensis_S",
        "genus": "Eucalyptus",
        "species": "camaldulensis_S",
        "suitability_name": "Moderately suitable",
        "suitability_rank": 2,
        "soil_suitability": "S1",
        "soil_type": "Eutrophic Soils",
        "soil_description": "On volcanic ash",
        "site_class": null,
        "maz": "III",
        "maz_zone": null,
        "tz": "5",
        "frost_risk": null,
        "source_layer": "SWIFT_SSMT_Uganda"
      }
    },
    {
      "type": "Feature",
      "geometry": {
        "type": "Polygon",
        "coordinates": [
          [
            [
              34.8267000237,
              1.8642109024
            ],
            [
              34.8225922884,
              1.8642293809
            ],
            [
              34.8226294596,
              1.8725782267
            ],
            [
              34.789438353,
              1.8727278582
            ],
            [
              34.7894013351,
              1.8643783451
            ],
            [
              34.764506379,
              1.8644896632
            ],
            [
              34.7644358544,
              1.8484264869
            ],
            [
              34.776140773,
              1.8493766215
            ],
            [
              34.781033302,
              1.8485338183
            ],
            [
              34.7810663679,
              1.8560658095
            ],
            [
              34.8142578321,
              1.8559176674
            ],
            [
              34.8142157589,
              1.8463692733
            ],
            [
              34.8145760931,
              1.8480022615
            ],
            [
              34.8202151649,
              1.8574626654
            ],
            [
              34.8267000237,
              1.8642109024
            ]
          ]
        ]
      },
      "properties": {
        "country": "Uganda",
        "country_code": "UGA",
        "species_name": "Eucalyptus_camaldulensis_S",
        "genus": "Eucalyptus",
        "species": "camaldulensis_S",
        "suitability_name": "Moderately suitable",
        "suitability_rank": 2,
        "soil_suitability": "S3",
        "soil_type": "Ferruginous Soils",
        "soil_description": "On crystalline acid rock-Complex with Black clays",
        "site_class": null,
        "maz": "III",
        "maz_zone": null,
        "tz": "4",
        "frost_risk": null,
        "source_layer": "SWIFT_SSMT_Uganda"
      }
    },
    {
      "type": "Feature",
      "geometry": {
        "type": "Polygon",
        "coordinates": [
          [
            [
              34.756129829,
              1.846756504
            ],
            [
              34.7589489106,
              1.8478138915
            ],
            [
              34.7561344974,
              1.8478263314
            ],
            [
              34.756129829,
              1.846756504
            ]
          ]
        ]
      },
      "properties": {
        "country": "Uganda",
        "country_code": "UGA",
        "species_name": "Eucalyptus_camaldulensis_S",
        "genus": "Eucalyptus",
        "species": "camaldulensis_S",
        "suitability_name": "Moderately suitable",
        "suitability_rank": 2,
        "soil_suitability": "S3",
        "soil_type": "Ferruginous Soils",
        "soil_description": "On crystalline acid rock-Complex with Black clays",
        "site_class": null,
        "maz": "III",
        "maz_zone": null,
        "tz": "4",
        "frost_risk": null,
        "source_layer": "SWIFT_SSMT_Uganda"
      }
    },
    {
      "type": "Feature",
      "geometry": {
        "type": "Polygon",
        "coordinates": [
          [
            [
              34.6745320817,
              1.8147772646
            ],
            [
              34.6875778992,
              1.8106269761
            ],
            [
              34.7008186685,
              1.8146641842
            ],
            [
              34.6745320817,
              1.8147772646
            ]
          ]
        ]
      },
      "properties": {
        "country": "Uganda",
        "country_code": "UGA",
        "species_name": "Eucalyptus_camaldulensis_S",
        "genus": "Eucalyptus",
        "species": "camaldulensis_S",
        "suitability_name": "Moderately suitable",
        "suitability_rank": 2,
        "soil_suitability": "S3",
        "soil_type": "Ferruginous Soils",
        "soil_description": "On crystalline acid rock-Complex with Black clays",
        "site_class": null,
        "maz": "III",
        "maz_zone": null,
        "tz": "4",
        "frost_risk": null,
        "source_layer": "SWIFT_SSMT_Uganda"
      }
    },
    {
      "type": "Feature",
      "geometry": {
        "type": "Polygon",
        "coordinates": [
          [
            [
              34.781033302,
              1.8485338183
            ],
            [
              34.776140773,
              1.8493766215
            ],
            [
              34.7644358544,
              1.8484264869
            ],
            [
              34.764433071,
              1.8477896363
            ],
            [
              34.7589489106,
              1.8478138915
            ],
            [
              34.756129829,
              1.846756504
            ],
            [
              34.7560619255,
              1.8311259672
            ],
            [
              34.7477632643,
              1.8311622933
            ],
            [
              34.7477272617,
              1.8228119432
            ],
            [
              34.7311295204,
              1.822884152
            ],
            [
              34.7310937579,
              1.8145334694
            ],
            [
              34.7008186685,
              1.8146641842
            ],
            [
              34.6875778992,
              1.8106269761
            ],
            [
              34.6745320817,
              1.8147772646
            ],
            [
              34.6480955773,
              1.8148906023
            ],
            [
              34.647990394,
              1.7898336097
            ],
            [
              34.6562908362,
              1.7897985565
            ],
            [
              34.6562720012,
              1.7852794567
            ],
            [
              34.6645743608,
              1.7857484563
            ],
            [
              34.6646612227,
              1.8064674743
            ],
            [
              34.6895613024,
              1.8063609974
            ],
            [
              34.6895260556,
              1.7980094863
            ],
            [
              34.697825718,
              1.7979740832
            ],
            [
              34.6978610016,
              1.8063254286
            ],
            [
              34.7144599096,
              1.8062541808
            ],
            [
              34.7144252537,
              1.798069338
            ],
            [
              34.7197114171,
              1.8001707804
            ],
            [
              34.7310546243,
              1.8053510949
            ],
            [
              34.731058161,
              1.806182784
            ],
            [
              34.7328588278,
              1.8061750297
            ],
            [
              34.7393698287,
              1.8091483817
            ],
            [
              34.7393926749,
              1.814497548
            ],
            [
              34.7507370468,
              1.8144483846
            ],
            [
              34.7533671254,
              1.815679866
            ],
            [
              34.755995008,
              1.8155906719
            ],
            [
              34.7560258866,
              1.8227757823
            ],
            [
              34.7643243453,
              1.8227395831
            ],
            [
              34.7643604223,
              1.8310896018
            ],
            [
              34.7726587537,
              1.8310531998
            ],
            [
              34.7726950336,
              1.8394030511
            ],
            [
              34.7809932376,
              1.8393664431
            ],
            [
              34.781033302,
              1.8485338183
            ]
          ]
        ]
      },
      "properties": {
        "country": "Uganda",
        "country_code": "UGA",
        "species_name": "Eucalyptus_camaldulensis_S",
        "genus": "Eucalyptus",
        "species": "camaldulensis_S",
        "suitability_name": "Moderately suitable",
        "suitability_rank": 2,
        "soil_suitability": "S1",
        "soil_type": "Eutrophic Soils",
        "soil_description": "On volcanic ash",
        "site_class": null,
        "maz": "III",
        "maz_zone": null,
        "tz": "4",
        "frost_risk": null,
        "source_layer": "SWIFT_SSMT_Uganda"
      }
    },
    {
      "type": "Feature",
      "geometry": {
        "type": "Polygon",
        "coordinates": [
          [
            [
              34.8238231247,
              1.8141299305
            ],
            [
              34.8238618724,
              1.8156510858
            ],
            [
              34.8223994371,
              1.820298655
            ],
            [
              34.8223727539,
              1.8141362796
            ],
            [
              34.8238231247,
              1.8141299305
            ]
          ]
        ]
      },
      "properties": {
        "country": "Uganda",
        "country_code": "UGA",
        "species_name": "Eucalyptus_camaldulensis_S",
        "genus": "Eucalyptus",
        "species": "camaldulensis_S",
        "suitability_name": "Moderately suitable",
        "suitability_rank": 2,
        "soil_suitability": "S1",
        "soil_type": "Eutrophic Soils",
        "soil_description": "On volcanic ash",
        "site_class": null,
        "maz": "III",
        "maz_zone": null,
        "tz": "4",
        "frost_risk": null,
        "source_layer": "SWIFT_SSMT_Uganda"
      }
    },
    {
      "type": "Feature",
      "geometry": {
        "type": "Polygon",
        "coordinates": [
          [
            [
              34.8203847826,
              1.7723997242
            ],
            [
              34.8210344404,
              1.7744608082
            ],
            [
              34.8231518167,
              1.7874942449
            ],
            [
              34.8234000856,
              1.7974338007
            ],
            [
              34.8223009065,
              1.7974385675
            ],
            [
              34.8222652324,
              1.7890897091
            ],
            [
              34.7890756324,
              1.7892326643
            ],
            [
              34.7890402719,
              1.7808831368
            ],
            [
              34.7807424944,
              1.7809186168
            ],
            [
              34.7807073351,
              1.7725689216
            ],
            [
              34.7558131193,
              1.7726746412
            ],
            [
              34.7557782346,
              1.7643244467
            ],
            [
              34.7474798697,
              1.7643594471
            ],
            [
              34.7474451869,
              1.7560090846
            ],
            [
              34.7473562743,
              1.7344180644
            ],
            [
              34.7513722107,
              1.7418493406
            ],
            [
              34.7590530256,
              1.7468572644
            ],
            [
              34.7640108438,
              1.7484972103
            ],
            [
              34.7640416808,
              1.7559393781
            ],
            [
              34.7723396802,
              1.7559044701
            ],
            [
              34.7723744712,
              1.7642543349
            ],
            [
              34.7889700472,
              1.7641840779
            ],
            [
              34.7890050766,
              1.7725336074
            ],
            [
              34.8203847826,
              1.7723997242
            ]
          ]
        ]
      },
      "properties": {
        "country": "Uganda",
        "country_code": "UGA",
        "species_name": "Eucalyptus_camaldulensis_S",
        "genus": "Eucalyptus",
        "species": "camaldulensis_S",
        "suitability_name": "Moderately suitable",
        "suitability_rank": 2,
        "soil_suitability": "S1",
        "soil_type": "Eutrophic Soils",
        "soil_description": "On volcanic ash",
        "site_class": null,
        "maz": "III",
        "maz_zone": null,
        "tz": "4",
        "frost_risk": null,
        "source_layer": "SWIFT_SSMT_Uganda"
      }
    },
    {
      "type": "Feature",
      "geometry": {
        "type": "Polygon",
        "coordinates": [
          [
            [
              34.7475435156,
              1.730957156
            ],
            [
              34.7473498569,
              1.7328493998
            ],
            [
              34.7473421269,
              1.7309579892
            ],
            [
              34.7475435156,
              1.730957156
            ]
          ]
        ]
      },
      "properties": {
        "country": "Uganda",
        "country_code": "UGA",
        "species_name": "Eucalyptus_camaldulensis_S",
        "genus": "Eucalyptus",
        "species": "camaldulensis_S",
        "suitability_name": "Moderately suitable",
        "suitability_rank": 2,
        "soil_suitability": "S1",
        "soil_type": "Eutrophic Soils",
        "soil_description": "On volcanic ash",
        "site_class": null,
        "maz": "III",
        "maz_zone": null,
        "tz": "4",
        "frost_risk": null,
        "source_layer": "SWIFT_SSMT_Uganda"
      }
    },
    {
      "type": "Feature",
      "geometry": {
        "type": "Polygon",
        "coordinates": [
          [
            [
              34.763848291,
              1.7087306437
            ],
            [
              34.7547711585,
              1.7142265302
            ],
            [
              34.7389759295,
              1.7142912226
            ],
            [
              34.7389422707,
              1.7059406855
            ],
            [
              34.7306438252,
              1.705974455
            ],
            [
              34.7306774492,
              1.7143251578
            ],
            [
              34.7140799957,
              1.7143929215
            ],
            [
              34.7140464419,
              1.7060418898
            ],
            [
              34.6931299661,
              1.7061266659
            ],
            [
              34.6888896954,
              1.6996059437
            ],
            [
              34.686337885,
              1.6978024291
            ],
            [
              34.7057141506,
              1.6977243544
            ],
            [
              34.7056809606,
              1.6893731555
            ],
            [
              34.7222785313,
              1.6893064521
            ],
            [
              34.7223117918,
              1.6976573224
            ],
            [
              34.7472070213,
              1.6975565078
            ],
            [
              34.7472405515,
              1.7059068811
            ],
            [
              34.7638366177,
              1.7058391643
            ],
            [
              34.763848291,
              1.7087306437
            ]
          ]
        ]
      },
      "properties": {
        "country": "Uganda",
        "country_code": "UGA",
        "species_name": "Eucalyptus_camaldulensis_S",
        "genus": "Eucalyptus",
        "species": "camaldulensis_S",
        "suitability_name": "Moderately suitable",
        "suitability_rank": 2,
        "soil_suitability": "S1",
        "soil_type": "Eutrophic Soils",
        "soil_description": "On volcanic ash",
        "site_class": null,
        "maz": "III",
        "maz_zone": null,
        "tz": "4",
        "frost_risk": null,
        "source_layer": "SWIFT_SSMT_Uganda"
      }
    },
    {
      "type": "Feature",
      "geometry": {
        "type": "Polygon",
        "coordinates": [
          [
            [
              30.8729457424,
              1.3036786079
            ],
            [
              30.8729489107,
              1.3057472289
            ],
            [
              30.856239984,
              1.3057731169
            ],
            [
              30.8562271917,
              1.297364478
            ],
            [
              30.8645816691,
              1.2973516313
            ],
            [
              30.8645786673,
              1.295374622
            ],
            [
              30.8695735882,
              1.2992544178
            ],
            [
              30.8729457424,
              1.3036786079
            ]
          ]
        ]
      },
      "properties": {
        "country": "Uganda",
        "country_code": "UGA",
        "species_name": "Eucalyptus_camaldulensis_S",
        "genus": "Eucalyptus",
        "species": "camaldulensis_S",
        "suitability_name": "Moderately suitable",
        "suitability_rank": 2,
        "soil_suitability": "S4",
        "soil_type": "Lithosols",
        "soil_description": "Not differentiated",
        "site_class": null,
        "maz": "II",
        "maz_zone": null,
        "tz": "3",
        "frost_risk": null,
        "source_layer": "SWIFT_SSMT_Uganda"
      }
    },
    {
      "type": "Feature",
      "geometry": {
        "type": "Polygon",
        "coordinates": [
          [
            [
              30.8060612075,
              1.2722135726
            ],
            [
              30.8060489067,
              1.2638044347
            ],
            [
              30.8144037697,
              1.2637920823
            ],
            [
              30.8144160967,
              1.2722011372
            ],
            [
              30.8060612075,
              1.2722135726
            ]
          ]
        ]
      },
      "properties": {
        "country": "Uganda",
        "country_code": "UGA",
        "species_name": "Eucalyptus_camaldulensis_S",
        "genus": "Eucalyptus",
        "species": "camaldulensis_S",
        "suitability_name": "Moderately suitable",
        "suitability_rank": 2,
        "soil_suitability": "S4",
        "soil_type": "Lithosols",
        "soil_description": "Not differentiated",
        "site_class": null,
        "maz": "I",
        "maz_zone": null,
        "tz": "3",
        "frost_risk": null,
        "source_layer": "SWIFT_SSMT_Uganda"
      }
    },
    {
      "type": "Feature",
      "geometry": {
        "type": "Polygon",
        "coordinates": [
          [
            [
              30.8060612075,
              1.2722135726
            ],
            [
              30.8144160967,
              1.2722011372
            ],
            [
              30.8144037697,
              1.2637920823
            ],
            [
              30.8060489067,
              1.2638044347
            ],
            [
              30.8060612075,
              1.2722135726
            ],
            [
              30.7893511839,
              1.2722383594
            ],
            [
              30.7893389373,
              1.2638290587
            ],
            [
              30.7809838312,
              1.2638413304
            ],
            [
              30.7809476584,
              1.2386131758
            ],
            [
              30.7882637833,
              1.2386026466
            ],
            [
              30.7983121624,
              1.2506385607
            ],
            [
              30.809712418,
              1.2573095443
            ],
            [
              30.8394859273,
              1.2759772334
            ],
            [
              30.8394927627,
              1.2805724775
            ],
            [
              30.831138092,
              1.2805850768
            ],
            [
              30.8311506375,
              1.2889939651
            ],
            [
              30.8144409959,
              1.2890192458
            ],
            [
              30.8144285054,
              1.2806101917
            ],
            [
              30.806073589,
              1.2806227083
            ],
            [
              30.8060612075,
              1.2722135726
            ]
          ]
        ]
      },
      "properties": {
        "country": "Uganda",
        "country_code": "UGA",
        "species_name": "Eucalyptus_camaldulensis_S",
        "genus": "Eucalyptus",
        "species": "camaldulensis_S",
        "suitability_name": "Moderately suitable",
        "suitability_rank": 2,
        "soil_suitability": "S4",
        "soil_type": "Lithosols",
        "soil_description": "Not differentiated",
        "site_class": null,
        "maz": "II",
        "maz_zone": null,
        "tz": "3",
        "frost_risk": null,
        "source_layer": "SWIFT_SSMT_Uganda"
      }
    },
    {
      "type": "Feature",
      "geometry": {
        "type": "Polygon",
        "coordinates": [
          [
            [
              34.7938715767,
              1.3717336654
            ],
            [
              34.80636,
              1.3832499996
            ],
            [
              34.8065,
              1.3838300004
            ],
            [
              34.8062299996,
              1.3878500003
            ],
            [
              34.8049399995,
              1.39229
            ],
            [
              34.8030936372,
              1.3967513387
            ],
            [
              34.7958888071,
              1.3967755524
            ],
            [
              34.7958337591,
              1.3800767063
            ],
            [
              34.779241491,
              1.3801317197
            ],
            [
              34.7792142715,
              1.3717819618
            ],
            [
              34.7938715767,
              1.3717336654
            ]
          ]
        ]
      },
      "properties": {
        "country": "Uganda",
        "country_code": "UGA",
        "species_name": "Eucalyptus_camaldulensis_S",
        "genus": "Eucalyptus",
        "species": "camaldulensis_S",
        "suitability_name": "Moderately suitable",
        "suitability_rank": 2,
        "soil_suitability": "S3",
        "soil_type": "Ferruginous Soils",
        "soil_description": "On crystalline acid rock-Complex with Black clays",
        "site_class": null,
        "maz": "III",
        "maz_zone": null,
        "tz": "4",
        "frost_risk": null,
        "source_layer": "SWIFT_SSMT_Uganda"
      }
    },
    {
      "type": "Feature",
      "geometry": {
        "type": "Polygon",
        "coordinates": [
          [
            [
              34.7791872185,
              1.3634322036
            ],
            [
              34.7792142715,
              1.3717819618
            ],
            [
              34.7543247161,
              1.3718637682
            ],
            [
              34.7542977464,
              1.363513512
            ],
            [
              34.7460009254,
              1.3635405576
            ],
            [
              34.7459741496,
              1.3551901344
            ],
            [
              34.7625675699,
              1.3551363453
            ],
            [
              34.7625944024,
              1.3634864374
            ],
            [
              34.7791872185,
              1.3634322036
            ]
          ]
        ]
      },
      "properties": {
        "country": "Uganda",
        "country_code": "UGA",
        "species_name": "Eucalyptus_camaldulensis_S",
        "genus": "Eucalyptus",
        "species": "camaldulensis_S",
        "suitability_name": "Moderately suitable",
        "suitability_rank": 2,
        "soil_suitability": "S3",
        "soil_type": "Ferruginous Soils",
        "soil_description": "On crystalline acid rock-Complex with Black clays",
        "site_class": null,
        "maz": "III",
        "maz_zone": null,
        "tz": "4",
        "frost_risk": null,
        "source_layer": "SWIFT_SSMT_Uganda"
      }
    },
    {
      "type": "Feature",
      "geometry": {
        "type": "Polygon",
        "coordinates": [
          [
            [
              34.8288851042,
              1.2812765659
            ],
            [
              34.8289200006,
              1.2825900002
            ],
            [
              34.8286700004,
              1.285300001
            ],
            [
              34.8285599995,
              1.2861500003
            ],
            [
              34.8283800009,
              1.2865099994
            ],
            [
              34.8283799996,
              1.2873100001
            ],
            [
              34.828560001,
              1.2877900008
            ],
            [
              34.8284300008,
              1.2891300001
            ],
            [
              34.8285400002,
              1.292
            ],
            [
              34.8282700005,
              1.293740001
            ],
            [
              34.8285300002,
              1.2950099999
            ],
            [
              34.8282200013,
              1.29661
            ],
            [
              34.8291400002,
              1.2995500008
            ],
            [
              34.82976,
              1.3010600003
            ],
            [
              34.8297,
              1.3019499996
            ],
            [
              34.8300700004,
              1.3036299991
            ],
            [
              34.8299700005,
              1.3043300001
            ],
            [
              34.8293900008,
              1.3060699999
            ],
            [
              34.8290700005,
              1.3097299997
            ],
            [
              34.8286400003,
              1.3105
            ],
            [
              34.8275099996,
              1.3117
            ],
            [
              34.8258100001,
              1.3139199996
            ],
            [
              34.8253700007,
              1.3146900003
            ],
            [
              34.8235,
              1.3164099996
            ],
            [
              34.8205800002,
              1.3198400002
            ],
            [
              34.8167400001,
              1.3258899998
            ],
            [
              34.8149100006,
              1.3278800002
            ],
            [
              34.8133,
              1.33004
            ],
            [
              34.8109700003,
              1.3325299995
            ],
            [
              34.809950001,
              1.3340899999
            ],
            [
              34.8087200004,
              1.3354400004
            ],
            [
              34.80742,
              1.337700001
            ],
            [
              34.8056599997,
              1.3399099992
            ],
            [
              34.8039200007,
              1.343
            ],
            [
              34.8022699995,
              1.3451600002
            ],
            [
              34.7981200006,
              1.3519500005
            ],
            [
              34.7957534179,
              1.3553357236
            ],
            [
              34.795725651,
              1.3466790033
            ],
            [
              34.7874297117,
              1.3467058569
            ],
            [
              34.7874031262,
              1.3383562618
            ],
            [
              34.7791070486,
              1.3383829219
            ],
            [
              34.7790806562,
              1.3300331589
            ],
            [
              34.7790529733,
              1.3212180496
            ],
            [
              34.7833114357,
              1.3193651916
            ],
            [
              34.8047761617,
              1.3077362348
            ],
            [
              34.8150448547,
              1.2949576002
            ],
            [
              34.8229693168,
              1.286040264
            ],
            [
              34.8288851042,
              1.2812765659
            ]
          ]
        ]
      },
      "properties": {
        "country": "Uganda",
        "country_code": "UGA",
        "species_name": "Eucalyptus_camaldulensis_S",
        "genus": "Eucalyptus",
        "species": "camaldulensis_S",
        "suitability_name": "Moderately suitable",
        "suitability_rank": 2,
        "soil_suitability": "S3",
        "soil_type": "Ferruginous Soils",
        "soil_description": "On crystalline acid rock-Complex with Black clays",
        "site_class": null,
        "maz": "III",
        "maz_zone": null,
        "tz": "4",
        "frost_risk": null,
        "source_layer": "SWIFT_SSMT_Uganda"
      }
    },
    {
      "type": "Feature",
      "geometry": {
        "type": "Polygon",
        "coordinates": [
          [
            [
              34.8288851042,
              1.2812765659
            ],
            [
              34.8229693168,
              1.286040264
            ],
            [
              34.8150448547,
              1.2949576002
            ],
            [
              34.8047761617,
              1.3077362348
            ],
            [
              34.7833114357,
              1.3193651916
            ],
            [
              34.7790529733,
              1.3212180496
            ],
            [
              34.7790024713,
              1.3049838645
            ],
            [
              34.7707063373,
              1.3050098312
            ],
            [
              34.7706076602,
              1.2726562342
            ],
            [
              34.772523396,
              1.2716042413
            ],
            [
              34.7789005385,
              1.2715847895
            ],
            [
              34.7788874431,
              1.2672300743
            ],
            [
              34.7866689952,
              1.261547723
            ],
            [
              34.792967789,
              1.2548426931
            ],
            [
              34.7954420182,
              1.2548352267
            ],
            [
              34.7954342277,
              1.2522172265
            ],
            [
              34.798119284,
              1.2493590775
            ],
            [
              34.8001555716,
              1.2464715771
            ],
            [
              34.803712682,
              1.2464609048
            ],
            [
              34.8036978632,
              1.2414486119
            ],
            [
              34.8078925924,
              1.2365622943
            ],
            [
              34.8083800004,
              1.2376299993
            ],
            [
              34.8114199996,
              1.2407599997
            ],
            [
              34.8106800002,
              1.2428199994
            ],
            [
              34.8133100008,
              1.2484199991
            ],
            [
              34.8150299994,
              1.2484199995
            ],
            [
              34.8165,
              1.2500599999
            ],
            [
              34.8173400008,
              1.2504300003
            ],
            [
              34.8178700004,
              1.2503
            ],
            [
              34.8183900004,
              1.2505899997
            ],
            [
              34.8183900001,
              1.2511900007
            ],
            [
              34.8177700005,
              1.2521700001
            ],
            [
              34.8181400002,
              1.2547200002
            ],
            [
              34.8177700005,
              1.2556400002
            ],
            [
              34.8179200006,
              1.2564
            ],
            [
              34.8182700003,
              1.2569
            ],
            [
              34.8182099997,
              1.2577299993
            ],
            [
              34.8189500001,
              1.2584399996
            ],
            [
              34.8189599995,
              1.2607
            ],
            [
              34.8198500002,
              1.2628899999
            ],
            [
              34.8209299999,
              1.2633500003
            ],
            [
              34.8225500007,
              1.2637800001
            ],
            [
              34.8234500003,
              1.2642800002
            ],
            [
              34.82484,
              1.2645199997
            ],
            [
              34.825260001,
              1.2656100002
            ],
            [
              34.8262499996,
              1.2661300002
            ],
            [
              34.8268899999,
              1.26615
            ],
            [
              34.8275700001,
              1.2669100002
            ],
            [
              34.8284299997,
              1.2672699993
            ],
            [
              34.8286500004,
              1.2681300006
            ],
            [
              34.8292900003,
              1.2681299999
            ],
            [
              34.8296900004,
              1.2684799999
            ],
            [
              34.8302499999,
              1.2686400001
            ],
            [
              34.8307799998,
              1.2692200001
            ],
            [
              34.8305599998,
              1.2700900002
            ],
            [
              34.8306200006,
              1.2703899996
            ],
            [
              34.8313700006,
              1.2707100001
            ],
            [
              34.8314800003,
              1.2710299999
            ],
            [
              34.8311300009,
              1.2713799995
            ],
            [
              34.8310599995,
              1.2718199999
            ],
            [
              34.83043,
              1.2723599996
            ],
            [
              34.8304200001,
              1.27285
            ],
            [
              34.8300000012,
              1.2739399995
            ],
            [
              34.8293499999,
              1.2743
            ],
            [
              34.829,
              1.2748899998
            ],
            [
              34.8293,
              1.2762700001
            ],
            [
              34.8291899998,
              1.2765900002
            ],
            [
              34.8292,
              1.2795199998
            ],
            [
              34.8289100001,
              1.2805199998
            ],
            [
              34.8288851042,
              1.2812765659
            ]
          ]
        ]
      },
      "properties": {
        "country": "Uganda",
        "country_code": "UGA",
        "species_name": "Eucalyptus_camaldulensis_S",
        "genus": "Eucalyptus",
        "species": "camaldulensis_S",
        "suitability_name": "Moderately suitable",
        "suitability_rank": 2,
        "soil_suitability": "S1",
        "soil_type": "Eutrophic Soils",
        "soil_description": "On volcanic ash",
        "site_class": null,
        "maz": "III",
        "maz_zone": null,
        "tz": "4",
        "frost_risk": null,
        "source_layer": "SWIFT_SSMT_Uganda"
      }
    },
    {
      "type": "Feature",
      "geometry": {
        "type": "Polygon",
        "coordinates": [
          [
            [
              34.772523396,
              1.2716042413
            ],
            [
              34.7706076602,
              1.2726562342
            ],
            [
              34.7706045108,
              1.2716100912
            ],
            [
              34.772523396,
              1.2716042413
            ]
          ]
        ]
      },
      "properties": {
        "country": "Uganda",
        "country_code": "UGA",
        "species_name": "Eucalyptus_camaldulensis_S",
        "genus": "Eucalyptus",
        "species": "camaldulensis_S",
        "suitability_name": "Moderately suitable",
        "suitability_rank": 2,
        "soil_suitability": "S1",
        "soil_type": "Ferrallitic Soils",
        "soil_description": "Humic ferrallitic - Not differentiated",
        "site_class": null,
        "maz": "III",
        "maz_zone": null,
        "tz": "4",
        "frost_risk": null,
        "source_layer": "SWIFT_SSMT_Uganda"
      }
    },
    {
      "type": "Feature",
      "geometry": {
        "type": "Polygon",
        "coordinates": [
          [
            [
              34.792967789,
              1.2548426931
            ],
            [
              34.7866689952,
              1.261547723
            ],
            [
              34.7788874431,
              1.2672300743
            ],
            [
              34.7788505636,
              1.2548852445
            ],
            [
              34.792967789,
              1.2548426931
            ]
          ]
        ]
      },
      "properties": {
        "country": "Uganda",
        "country_code": "UGA",
        "species_name": "Eucalyptus_camaldulensis_S",
        "genus": "Eucalyptus",
        "species": "camaldulensis_S",
        "suitability_name": "Moderately suitable",
        "suitability_rank": 2,
        "soil_suitability": "S1",
        "soil_type": "Ferrallitic Soils",
        "soil_description": "Humic ferrallitic - Not differentiated",
        "site_class": null,
        "maz": "III",
        "maz_zone": null,
        "tz": "4",
        "frost_risk": null,
        "source_layer": "SWIFT_SSMT_Uganda"
      }
    },
    {
      "type": "Feature",
      "geometry": {
        "type": "Polygon",
        "coordinates": [
          [
            [
              34.8001555716,
              1.2464715771
            ],
            [
              34.798119284,
              1.2493590775
            ],
            [
              34.7954342277,
              1.2522172265
            ],
            [
              34.7954172276,
              1.2464857858
            ],
            [
              34.8001555716,
              1.2464715771
            ]
          ]
        ]
      },
      "properties": {
        "country": "Uganda",
        "country_code": "UGA",
        "species_name": "Eucalyptus_camaldulensis_S",
        "genus": "Eucalyptus",
        "species": "camaldulensis_S",
        "suitability_name": "Moderately suitable",
        "suitability_rank": 2,
        "soil_suitability": "S1",
        "soil_type": "Ferrallitic Soils",
        "soil_description": "Humic ferrallitic - Not differentiated",
        "site_class": null,
        "maz": "III",
        "maz_zone": null,
        "tz": "4",
        "frost_risk": null,
        "source_layer": "SWIFT_SSMT_Uganda"
      }
    },
    {
      "type": "Feature",
      "geometry": {
        "type": "Polygon",
        "coordinates": [
          [
            [
              34.8078925924,
              1.2365622943
            ],
            [
              34.8036978632,
              1.2414486119
            ],
            [
              34.8036638722,
              1.2298742997
            ],
            [
              34.8051800002,
              1.2306199995
            ],
            [
              34.8078925924,
              1.2365622943
            ]
          ]
        ]
      },
      "properties": {
        "country": "Uganda",
        "country_code": "UGA",
        "species_name": "Eucalyptus_camaldulensis_S",
        "genus": "Eucalyptus",
        "species": "camaldulensis_S",
        "suitability_name": "Moderately suitable",
        "suitability_rank": 2,
        "soil_suitability": "S1",
        "soil_type": "Ferrallitic Soils",
        "soil_description": "Humic ferrallitic - Not differentiated",
        "site_class": null,
        "maz": "III",
        "maz_zone": null,
        "tz": "4",
        "frost_risk": null,
        "source_layer": "SWIFT_SSMT_Uganda"
      }
    },
    {
      "type": "Feature",
      "geometry": {
        "type": "Polygon",
        "coordinates": [
          [
            [
              34.9362911972,
              1.571579937
            ],
            [
              34.9209380925,
              1.5716389606
            ],
            [
              34.9209698315,
              1.5799858366
            ],
            [
              34.9126755533,
              1.5800178457
            ],
            [
              34.9127074283,
              1.5883648893
            ],
            [
              34.9044129496,
              1.588397035
            ],
            [
              34.9044449595,
              1.5967442461
            ],
            [
              34.8961502803,
              1.5967765271
            ],
            [
              34.8962472188,
              1.6218186595
            ],
            [
              34.8879522724,
              1.6218514137
            ],
            [
              34.8880176713,
              1.6385464998
            ],
            [
              34.8797224902,
              1.6385795563
            ],
            [
              34.87977852,
              1.6527635046
            ],
            [
              34.8649445332,
              1.6474565896
            ],
            [
              34.8557133293,
              1.636823182
            ],
            [
              34.8422464936,
              1.6276286732
            ],
            [
              34.8238586359,
              1.6255667689
            ],
            [
              34.8082868346,
              1.6206477627
            ],
            [
              34.7863029132,
              1.6029466774
            ],
            [
              34.7572301797,
              1.5802897357
            ],
            [
              34.7550402221,
              1.5773221592
            ],
            [
              34.7550214296,
              1.5722695735
            ],
            [
              34.7633188404,
              1.5722383529
            ],
            [
              34.7632878834,
              1.5638882903
            ],
            [
              34.7549905041,
              1.5639193465
            ],
            [
              34.7549367397,
              1.5492952787
            ],
            [
              34.7585102727,
              1.5439974703
            ],
            [
              34.7615572268,
              1.5388441351
            ],
            [
              34.7631959988,
              1.5388380967
            ],
            [
              34.7631860075,
              1.5360894128
            ],
            [
              34.7648344412,
              1.5333014853
            ],
            [
              34.7690429124,
              1.5240365249
            ],
            [
              34.7689918382,
              1.509806711
            ],
            [
              34.7583114445,
              1.488499784
            ],
            [
              34.7490386692,
              1.4650521824
            ],
            [
              34.7390025019,
              1.4245289191
            ],
            [
              34.7332425798,
              1.3932398482
            ],
            [
              34.7282507101,
              1.3776634363
            ],
            [
              34.7251460892,
              1.369358929
            ],
            [
              34.7206560684,
              1.3636229989
            ],
            [
              34.7294067908,
              1.3635945652
            ],
            [
              34.7293800708,
              1.3552438116
            ],
            [
              34.7459741496,
              1.3551901344
            ],
            [
              34.7460009254,
              1.3635405576
            ],
            [
              34.7542977464,
              1.363513512
            ],
            [
              34.7543247161,
              1.3718637682
            ],
            [
              34.7792142715,
              1.3717819618
            ],
            [
              34.779241491,
              1.3801317197
            ],
            [
              34.7958337591,
              1.3800767063
            ],
            [
              34.7958888071,
              1.3967755524
            ],
            [
              34.8030936372,
              1.3967513387
            ],
            [
              34.8020200008,
              1.3987700002
            ],
            [
              34.8017400003,
              1.3996800008
            ],
            [
              34.8009200004,
              1.4013400008
            ],
            [
              34.7998700005,
              1.4026199995
            ],
            [
              34.7992800008,
              1.4042
            ],
            [
              34.7985100009,
              1.4051899996
            ],
            [
              34.7965399999,
              1.4069599993
            ],
            [
              34.7944500004,
              1.4102699998
            ],
            [
              34.7938,
              1.4119500006
            ],
            [
              34.7937500007,
              1.4130300008
            ],
            [
              34.7942699997,
              1.4146099998
            ],
            [
              34.7953700002,
              1.4166100007
            ],
            [
              34.7978,
              1.4202599992
            ],
            [
              34.7987900002,
              1.42139
            ],
            [
              34.8008,
              1.4231900003
            ],
            [
              34.80427,
              1.4255900002
            ],
            [
              34.8106100005,
              1.4283
            ],
            [
              34.8155900002,
              1.4301500003
            ],
            [
              34.8167,
              1.4308599988
            ],
            [
              34.8174699999,
              1.4316300003
            ],
            [
              34.8188400011,
              1.4331199998
            ],
            [
              34.8202800002,
              1.43517
            ],
            [
              34.8230099995,
              1.4411199991
            ],
            [
              34.8243800005,
              1.4436799998
            ],
            [
              34.8258699999,
              1.445530001
            ],
            [
              34.8269,
              1.4479
            ],
            [
              34.8310700001,
              1.4517800001
            ],
            [
              34.8332299994,
              1.4529399998
            ],
            [
              34.8364099993,
              1.4537700002
            ],
            [
              34.8417100002,
              1.4544699995
            ],
            [
              34.8442400003,
              1.4571099999
            ],
            [
              34.8445399998,
              1.4576399996
            ],
            [
              34.8472299999,
              1.4680300003
            ],
            [
              34.8482199998,
              1.47237
            ],
            [
              34.8541300004,
              1.4937299988
            ],
            [
              34.8552100002,
              1.4981400001
            ],
            [
              34.8581900008,
              1.5070399998
            ],
            [
              34.8603700007,
              1.5156899996
            ],
            [
              34.8640800002,
              1.5283399997
            ],
            [
              34.8728700007,
              1.5372400001
            ],
            [
              34.8775200011,
              1.5416099992
            ],
            [
              34.8902299999,
              1.5552500005
            ],
            [
              34.8914814471,
              1.5550678955
            ],
            [
              34.8916576778,
              1.5552500001
            ],
            [
              34.8975676767,
              1.5543899993
            ],
            [
              34.9035576771,
              1.5534399997
            ],
            [
              34.9061550567,
              1.5528904096
            ],
            [
              34.9066,
              1.5530300003
            ],
            [
              34.9086100003,
              1.5543300002
            ],
            [
              34.9235100003,
              1.5625099997
            ],
            [
              34.9362911972,
              1.571579937
            ]
          ]
        ]
      },
      "properties": {
        "country": "Uganda",
        "country_code": "UGA",
        "species_name": "Eucalyptus_camaldulensis_S",
        "genus": "Eucalyptus",
        "species": "camaldulensis_S",
        "suitability_name": "Moderately suitable",
        "suitability_rank": 2,
        "soil_suitability": "S3",
        "soil_type": "Ferruginous Soils",
        "soil_description": "On crystalline acid rock-Complex with Black clays",
        "site_class": null,
        "maz": "III",
        "maz_zone": null,
        "tz": "3",
        "frost_risk": null,
        "source_layer": "SWIFT_SSMT_Uganda"
      }
    },
    {
      "type": "Feature",
      "geometry": {
        "type": "Polygon",
        "coordinates": [
          [
            [
              34.9458515154,
              1.5798532487
            ],
            [
              34.9375578824,
              1.5799217217
            ],
            [
              34.937529453,
              1.5724629101
            ],
            [
              34.9436699997,
              1.5766100001
            ],
            [
              34.9458515154,
              1.5798532487
            ]
          ]
        ]
      },
      "properties": {
        "country": "Uganda",
        "country_code": "UGA",
        "species_name": "Eucalyptus_camaldulensis_S",
        "genus": "Eucalyptus",
        "species": "camaldulensis_S",
        "suitability_name": "Moderately suitable",
        "suitability_rank": 2,
        "soil_suitability": "S3",
        "soil_type": "Ferruginous Soils",
        "soil_description": "On crystalline acid rock-Complex with Black clays",
        "site_class": null,
        "maz": "III",
        "maz_zone": null,
        "tz": "3",
        "frost_risk": null,
        "source_layer": "SWIFT_SSMT_Uganda"
      }
    },
    {
      "type": "Feature",
      "geometry": {
        "type": "Polygon",
        "coordinates": [
          [
            [
              34.5735100074,
              1.4810511315
            ],
            [
              34.572119342,
              1.482773762
            ],
            [
              34.5721134731,
              1.4810559625
            ],
            [
              34.5735100074,
              1.4810511315
            ]
          ]
        ]
      },
      "properties": {
        "country": "Uganda",
        "country_code": "UGA",
        "species_name": "Eucalyptus_camaldulensis_S",
        "genus": "Eucalyptus",
        "species": "camaldulensis_S",
        "suitability_name": "Moderately suitable",
        "suitability_rank": 2,
        "soil_suitability": "S1",
        "soil_type": "Eutrophic Soils",
        "soil_description": "On volcanic ash",
        "site_class": null,
        "maz": "III",
        "maz_zone": null,
        "tz": "3",
        "frost_risk": null,
        "source_layer": "SWIFT_SSMT_Uganda"
      }
    },
    {
      "type": "Feature",
      "geometry": {
        "type": "Polygon",
        "coordinates": [
          [
            [
              34.5637842478,
              1.4727306434
            ],
            [
              34.5720850303,
              1.4727021149
            ],
            [
              34.5721134731,
              1.4810559625
            ],
            [
              34.5638126601,
              1.4810846529
            ],
            [
              34.5637842478,
              1.4727306434
            ]
          ]
        ]
      },
      "properties": {
        "country": "Uganda",
        "country_code": "UGA",
        "species_name": "Eucalyptus_camaldulensis_S",
        "genus": "Eucalyptus",
        "species": "camaldulensis_S",
        "suitability_name": "Moderately suitable",
        "suitability_rank": 2,
        "soil_suitability": "S1",
        "soil_type": "Eutrophic Soils",
        "soil_description": "On volcanic ash",
        "site_class": null,
        "maz": "III",
        "maz_zone": null,
        "tz": "3",
        "frost_risk": null,
        "source_layer": "SWIFT_SSMT_Uganda"
      }
    },
    {
      "type": "Feature",
      "geometry": {
        "type": "Polygon",
        "coordinates": [
          [
            [
              34.6797663508,
              1.4087632252
            ],
            [
              34.6812384402,
              1.4213049464
            ],
            [
              34.6789459332,
              1.4405865747
            ],
            [
              34.6754656075,
              1.4569072768
            ],
            [
              34.6704770526,
              1.4628550298
            ],
            [
              34.6648900709,
              1.4661362064
            ],
            [
              34.6595814359,
              1.4646719219
            ],
            [
              34.6524937473,
              1.4599517901
            ],
            [
              34.6486532254,
              1.4569995897
            ],
            [
              34.6439347637,
              1.4558296171
            ],
            [
              34.638044655,
              1.4567394752
            ],
            [
              34.634223127,
              1.4594215624
            ],
            [
              34.6230258513,
              1.4594600091
            ],
            [
              34.6177187641,
              1.4585885174
            ],
            [
              34.6136109188,
              1.4558526622
            ],
            [
              34.6467278634,
              1.4557392138
            ],
            [
              34.646699634,
              1.4473868282
            ],
            [
              34.663297621,
              1.4473301119
            ],
            [
              34.6632415316,
              1.4306259919
            ],
            [
              34.6798387476,
              1.4305698121
            ],
            [
              34.6797831924,
              1.4138663434
            ],
            [
              34.6797663508,
              1.4087632252
            ]
          ]
        ]
      },
      "properties": {
        "country": "Uganda",
        "country_code": "UGA",
        "species_name": "Eucalyptus_camaldulensis_S",
        "genus": "Eucalyptus",
        "species": "camaldulensis_S",
        "suitability_name": "Moderately suitable",
        "suitability_rank": 2,
        "soil_suitability": "S1",
        "soil_type": "Eutrophic Soils",
        "soil_description": "On volcanic ash",
        "site_class": null,
        "maz": "III",
        "maz_zone": null,
        "tz": "3",
        "frost_risk": null,
        "source_layer": "SWIFT_SSMT_Uganda"
      }
    },
    {
      "type": "Feature",
      "geometry": {
        "type": "Polygon",
        "coordinates": [
          [
            [
              34.764506379,
              1.8644896632
            ],
            [
              34.7313107941,
              1.864637546
            ],
            [
              34.7313844545,
              1.8813388923
            ],
            [
              34.7230850695,
              1.881376097
            ],
            [
              34.7231593109,
              1.8980777679
            ],
            [
              34.7065598918,
              1.8981527203
            ],
            [
              34.7065971807,
              1.9065038831
            ],
            [
              34.6982971863,
              1.9065414648
            ],
            [
              34.6984099179,
              1.9315954398
            ],
            [
              34.6901096407,
              1.9316334767
            ],
            [
              34.6901475064,
              1.9399849628
            ],
            [
              34.6569446028,
              1.9401373624
            ],
            [
              34.6569068966,
              1.9317852198
            ],
            [
              34.6652078283,
              1.9317473439
            ],
            [
              34.6651702457,
              1.9233953627
            ],
            [
              34.6734709737,
              1.9233576113
            ],
            [
              34.6733590878,
              1.898302153
            ],
            [
              34.6899598167,
              1.8982275148
            ],
            [
              34.6898491674,
              1.873173028
            ],
            [
              34.6815490014,
              1.8732098729
            ],
            [
              34.6815124839,
              1.8648582102
            ],
            [
              34.6898126118,
              1.8648215291
            ],
            [
              34.6897399911,
              1.8481185275
            ],
            [
              34.6814399391,
              1.8481548794
            ],
            [
              34.6814039126,
              1.8398032113
            ],
            [
              34.6565028918,
              1.8399115458
            ],
            [
              34.6565388054,
              1.8482637057
            ],
            [
              34.6482381017,
              1.8482999048
            ],
            [
              34.6482741396,
              1.8566522259
            ],
            [
              34.6398085884,
              1.8566892709
            ],
            [
              34.6459890924,
              1.8435436478
            ],
            [
              34.6660357467,
              1.8174802306
            ],
            [
              34.6745320817,
              1.8147772646
            ],
            [
              34.7008186685,
              1.8146641842
            ],
            [
              34.7059894645,
              1.8162407279
            ],
            [
              34.7233610429,
              1.8268393627
            ],
            [
              34.743581001,
              1.8420494954
            ],
            [
              34.756129829,
              1.846756504
            ],
            [
              34.7561344974,
              1.8478263314
            ],
            [
              34.7589489106,
              1.8478138915
            ],
            [
              34.7595176915,
              1.8480272289
            ],
            [
              34.7644358544,
              1.8484264869
            ],
            [
              34.764506379,
              1.8644896632
            ]
          ]
        ]
      },
      "properties": {
        "country": "Uganda",
        "country_code": "UGA",
        "species_name": "Eucalyptus_camaldulensis_S",
        "genus": "Eucalyptus",
        "species": "camaldulensis_S",
        "suitability_name": "Moderately suitable",
        "suitability_rank": 2,
        "soil_suitability": "S3",
        "soil_type": "Ferruginous Soils",
        "soil_description": "On crystalline acid rock-Complex with Black clays",
        "site_class": null,
        "maz": "III",
        "maz_zone": null,
        "tz": "3",
        "frost_risk": null,
        "source_layer": "SWIFT_SSMT_Uganda"
      }
    },
    {
      "type": "Feature",
      "geometry": {
        "type": "Polygon",
        "coordinates": [
          [
            [
              34.789438353,
              1.8727278582
            ],
            [
              34.7645432816,
              1.8728396743
            ],
            [
              34.764506379,
              1.8644896632
            ],
            [
              34.7894013351,
              1.8643783451
            ],
            [
              34.789438353,
              1.8727278582
            ]
          ]
        ]
      },
      "properties": {
        "country": "Uganda",
        "country_code": "UGA",
        "species_name": "Eucalyptus_camaldulensis_S",
        "genus": "Eucalyptus",
        "species": "camaldulensis_S",
        "suitability_name": "Moderately suitable",
        "suitability_rank": 2,
        "soil_suitability": "S3",
        "soil_type": "Ferruginous Soils",
        "soil_description": "On crystalline acid rock-Complex with Black clays",
        "site_class": null,
        "maz": "III",
        "maz_zone": null,
        "tz": "3",
        "frost_risk": null,
        "source_layer": "SWIFT_SSMT_Uganda"
      }
    },
    {
      "type": "Feature",
      "geometry": {
        "type": "Polygon",
        "coordinates": [
          [
            [
              34.6745320817,
              1.8147772646
            ],
            [
              34.6660357467,
              1.8174802306
            ],
            [
              34.6459890924,
              1.8435436478
            ],
            [
              34.6398085884,
              1.8566892709
            ],
            [
              34.6316721661,
              1.8567248356
            ],
            [
              34.6315647688,
              1.8316668856
            ],
            [
              34.6232636528,
              1.8317026424
            ],
            [
              34.6232282164,
              1.8233498254
            ],
            [
              34.6149269755,
              1.8233853824
            ],
            [
              34.6149623746,
              1.8317383615
            ],
            [
              34.6066609341,
              1.831774044
            ],
            [
              34.6066255732,
              1.823420901
            ],
            [
              34.598324009,
              1.8234563821
            ],
            [
              34.5982190082,
              1.7983964584
            ],
            [
              34.6314238465,
              1.7982562634
            ],
            [
              34.6313639761,
              1.7838721197
            ],
            [
              34.6562720012,
              1.7852794567
            ],
            [
              34.6562908362,
              1.7897985565
            ],
            [
              34.647990394,
              1.7898336097
            ],
            [
              34.6480955773,
              1.8148906023
            ],
            [
              34.6745320817,
              1.8147772646
            ]
          ]
        ]
      },
      "properties": {
        "country": "Uganda",
        "country_code": "UGA",
        "species_name": "Eucalyptus_camaldulensis_S",
        "genus": "Eucalyptus",
        "species": "camaldulensis_S",
        "suitability_name": "Moderately suitable",
        "suitability_rank": 2,
        "soil_suitability": "S1",
        "soil_type": "Eutrophic Soils",
        "soil_description": "On volcanic ash",
        "site_class": null,
        "maz": "III",
        "maz_zone": null,
        "tz": "3",
        "frost_risk": null,
        "source_layer": "SWIFT_SSMT_Uganda"
      }
    },
    {
      "type": "Feature",
      "geometry": {
        "type": "Polygon",
        "coordinates": [
          [
            [
              34.7589489106,
              1.8478138915
            ],
            [
              34.764433071,
              1.8477896363
            ],
            [
              34.7644358544,
              1.8484264869
            ],
            [
              34.7595176915,
              1.8480272289
            ],
            [
              34.7589489106,
              1.8478138915
            ]
          ]
        ]
      },
      "properties": {
        "country": "Uganda",
        "country_code": "UGA",
        "species_name": "Eucalyptus_camaldulensis_S",
        "genus": "Eucalyptus",
        "species": "camaldulensis_S",
        "suitability_name": "Moderately suitable",
        "suitability_rank": 2,
        "soil_suitability": "S1",
        "soil_type": "Eutrophic Soils",
        "soil_description": "On volcanic ash",
        "site_class": null,
        "maz": "III",
        "maz_zone": null,
        "tz": "3",
        "frost_risk": null,
        "source_layer": "SWIFT_SSMT_Uganda"
      }
    },
    {
      "type": "Feature",
      "geometry": {
        "type": "Polygon",
        "coordinates": [
          [
            [
              34.7008186685,
              1.8146641842
            ],
            [
              34.7310937579,
              1.8145334694
            ],
            [
              34.7311295204,
              1.822884152
            ],
            [
              34.7477272617,
              1.8228119432
            ],
            [
              34.7477632643,
              1.8311622933
            ],
            [
              34.7560619255,
              1.8311259672
            ],
            [
              34.756129829,
              1.846756504
            ],
            [
              34.743581001,
              1.8420494954
            ],
            [
              34.7233610429,
              1.8268393627
            ],
            [
              34.7059894645,
              1.8162407279
            ],
            [
              34.7008186685,
              1.8146641842
            ]
          ]
        ]
      },
      "properties": {
        "country": "Uganda",
        "country_code": "UGA",
        "species_name": "Eucalyptus_camaldulensis_S",
        "genus": "Eucalyptus",
        "species": "camaldulensis_S",
        "suitability_name": "Moderately suitable",
        "suitability_rank": 2,
        "soil_suitability": "S1",
        "soil_type": "Eutrophic Soils",
        "soil_description": "On volcanic ash",
        "site_class": null,
        "maz": "III",
        "maz_zone": null,
        "tz": "3",
        "frost_risk": null,
        "source_layer": "SWIFT_SSMT_Uganda"
      }
    },
    {
      "type": "Feature",
      "geometry": {
        "type": "Polygon",
        "coordinates": [
          [
            [
              34.6257345709,
              1.7648686618
            ],
            [
              34.6248009417,
              1.7667671396
            ],
            [
              34.624836062,
              1.7753079317
            ],
            [
              34.6272357738,
              1.7815682042
            ],
            [
              34.6230534679,
              1.7815857228
            ],
            [
              34.6229847037,
              1.7648800711
            ],
            [
              34.6257345709,
              1.7648686618
            ]
          ]
        ]
      },
      "properties": {
        "country": "Uganda",
        "country_code": "UGA",
        "species_name": "Eucalyptus_camaldulensis_S",
        "genus": "Eucalyptus",
        "species": "camaldulensis_S",
        "suitability_name": "Moderately suitable",
        "suitability_rank": 2,
        "soil_suitability": "S1",
        "soil_type": "Eutrophic Soils",
        "soil_description": "On volcanic ash",
        "site_class": null,
        "maz": "III",
        "maz_zone": null,
        "tz": "3",
        "frost_risk": null,
        "source_layer": "SWIFT_SSMT_Uganda"
      }
    },
    {
      "type": "Feature",
      "geometry": {
        "type": "Polygon",
        "coordinates": [
          [
            [
              34.7640108438,
              1.7484972103
            ],
            [
              34.7679036448,
              1.7497848439
            ],
            [
              34.78587073,
              1.7488200992
            ],
            [
              34.7973340192,
              1.7425467103
            ],
            [
              34.8052914839,
              1.7434026463
            ],
            [
              34.8114985892,
              1.7484158712
            ],
            [
              34.8180486991,
              1.7649880147
            ],
            [
              34.8203847826,
              1.7723997242
            ],
            [
              34.7890050766,
              1.7725336074
            ],
            [
              34.7889700472,
              1.7641840779
            ],
            [
              34.7723744712,
              1.7642543349
            ],
            [
              34.7723396802,
              1.7559044701
            ],
            [
              34.7640416808,
              1.7559393781
            ],
            [
              34.7640108438,
              1.7484972103
            ]
          ]
        ]
      },
      "properties": {
        "country": "Uganda",
        "country_code": "UGA",
        "species_name": "Eucalyptus_camaldulensis_S",
        "genus": "Eucalyptus",
        "species": "camaldulensis_S",
        "suitability_name": "Moderately suitable",
        "suitability_rank": 2,
        "soil_suitability": "S1",
        "soil_type": "Eutrophic Soils",
        "soil_description": "On volcanic ash",
        "site_class": null,
        "maz": "III",
        "maz_zone": null,
        "tz": "3",
        "frost_risk": null,
        "source_layer": "SWIFT_SSMT_Uganda"
      }
    },
    {
      "type": "Feature",
      "geometry": {
        "type": "Polygon",
        "coordinates": [
          [
            [
              34.6227143965,
              1.6976161509
            ],
            [
              34.62631397,
              1.7034158091
            ],
            [
              34.635177499,
              1.7090741017
            ],
            [
              34.6426392472,
              1.7179404955
            ],
            [
              34.6479951158,
              1.7307295078
            ],
            [
              34.6469629711,
              1.737850795
            ],
            [
              34.6395027673,
              1.744375871
            ],
            [
              34.6394840348,
              1.7397536221
            ],
            [
              34.6311834852,
              1.7397876211
            ],
            [
              34.6310829091,
              1.7147296093
            ],
            [
              34.6227823042,
              1.714763083
            ],
            [
              34.6227143965,
              1.6976161509
            ]
          ]
        ]
      },
      "properties": {
        "country": "Uganda",
        "country_code": "UGA",
        "species_name": "Eucalyptus_camaldulensis_S",
        "genus": "Eucalyptus",
        "species": "camaldulensis_S",
        "suitability_name": "Moderately suitable",
        "suitability_rank": 2,
        "soil_suitability": "S1",
        "soil_type": "Eutrophic Soils",
        "soil_description": "On volcanic ash",
        "site_class": null,
        "maz": "III",
        "maz_zone": null,
        "tz": "3",
        "frost_risk": null,
        "source_layer": "SWIFT_SSMT_Uganda"
      }
    },
    {
      "type": "Feature",
      "geometry": {
        "type": "Polygon",
        "coordinates": [
          [
            [
              34.6641013076,
              1.6683941183
            ],
            [
              34.6673990428,
              1.6686575702
            ],
            [
              34.6785904715,
              1.6671307697
            ],
            [
              34.6944878902,
              1.6635098123
            ],
            [
              34.7068652268,
              1.6640539212
            ],
            [
              34.7221943077,
              1.6660686754
            ],
            [
              34.7298662209,
              1.6690030841
            ],
            [
              34.7363618973,
              1.6725350094
            ],
            [
              34.7449022714,
              1.6716114832
            ],
            [
              34.7599261186,
              1.6712549723
            ],
            [
              34.7708262822,
              1.6712113416
            ],
            [
              34.7773237761,
              1.6753356445
            ],
            [
              34.7838271407,
              1.6809420159
            ],
            [
              34.7856313921,
              1.6901245891
            ],
            [
              34.7850767578,
              1.6987238142
            ],
            [
              34.7774376769,
              1.7037946553
            ],
            [
              34.7680200842,
              1.7062047981
            ],
            [
              34.763848291,
              1.7087306437
            ],
            [
              34.7638366177,
              1.7058391643
            ],
            [
              34.7472405515,
              1.7059068811
            ],
            [
              34.7472070213,
              1.6975565078
            ],
            [
              34.7223117918,
              1.6976573224
            ],
            [
              34.7222785313,
              1.6893064521
            ],
            [
              34.7056809606,
              1.6893731555
            ],
            [
              34.7057141506,
              1.6977243544
            ],
            [
              34.686337885,
              1.6978024291
            ],
            [
              34.6803794838,
              1.693591185
            ],
            [
              34.6672710057,
              1.6872386627
            ],
            [
              34.6478013807,
              1.6819784408
            ],
            [
              34.6411226679,
              1.6812786415
            ],
            [
              34.6475515218,
              1.6812531633
            ],
            [
              34.6475189015,
              1.6729008111
            ],
            [
              34.6641186234,
              1.6728352529
            ],
            [
              34.6641013076,
              1.6683941183
            ]
          ]
        ]
      },
      "properties": {
        "country": "Uganda",
        "country_code": "UGA",
        "species_name": "Eucalyptus_camaldulensis_S",
        "genus": "Eucalyptus",
        "species": "camaldulensis_S",
        "suitability_name": "Moderately suitable",
        "suitability_rank": 2,
        "soil_suitability": "S1",
        "soil_type": "Eutrophic Soils",
        "soil_description": "On volcanic ash",
        "site_class": null,
        "maz": "III",
        "maz_zone": null,
        "tz": "3",
        "frost_risk": null,
        "source_layer": "SWIFT_SSMT_Uganda"
      }
    },
    {
      "type": "Feature",
      "geometry": {
        "type": "Polygon",
        "coordinates": [
          [
            [
              34.6226980987,
              1.6897045113
            ],
            [
              34.6226836449,
              1.689793955
            ],
            [
              34.6226832941,
              1.6897045706
            ],
            [
              34.6226980987,
              1.6897045113
            ]
          ]
        ]
      },
      "properties": {
        "country": "Uganda",
        "country_code": "UGA",
        "species_name": "Eucalyptus_camaldulensis_S",
        "genus": "Eucalyptus",
        "species": "camaldulensis_S",
        "suitability_name": "Moderately suitable",
        "suitability_rank": 2,
        "soil_suitability": "S1",
        "soil_type": "Eutrophic Soils",
        "soil_description": "On volcanic ash",
        "site_class": null,
        "maz": "III",
        "maz_zone": null,
        "tz": "3",
        "frost_risk": null,
        "source_layer": "SWIFT_SSMT_Uganda"
      }
    },
    {
      "type": "Feature",
      "geometry": {
        "type": "Polygon",
        "coordinates": [
          [
            [
              30.0216001016,
              0.1370882835
            ],
            [
              30.0279886772,
              0.1370874698
            ],
            [
              30.0279909231,
              0.1539195625
            ],
            [
              30.0363506264,
              0.1539183637
            ],
            [
              30.0363521971,
              0.1646389564
            ],
            [
              30.0258512968,
              0.1625850209
            ],
            [
              30.0257549999,
              0.1561122527
            ],
            [
              30.0246856558,
              0.1500168478
            ],
            [
              30.0239725096,
              0.1439213828
            ],
            [
              30.0225471587,
              0.1385431273
            ],
            [
              30.0216001016,
              0.1370882835
            ]
          ]
        ]
      },
      "properties": {
        "country": "Uganda",
        "country_code": "UGA",
        "species_name": "Eucalyptus_camaldulensis_S",
        "genus": "Eucalyptus",
        "species": "camaldulensis_S",
        "suitability_name": "Moderately suitable",
        "suitability_rank": 2,
        "soil_suitability": "S4",
        "soil_type": "Lithosols",
        "soil_description": "Not differentiated",
        "site_class": null,
        "maz": "I",
        "maz_zone": null,
        "tz": "4",
        "frost_risk": null,
        "source_layer": "SWIFT_SSMT_Uganda"
      }
    },
    {
      "type": "Feature",
      "geometry": {
        "type": "Polygon",
        "coordinates": [
          [
            [
              30.0726222892,
              0.2380700683
            ],
            [
              30.0781635379,
              0.2380688231
            ],
            [
              30.0781654386,
              0.2464844725
            ],
            [
              30.0760225804,
              0.2464849706
            ],
            [
              30.0726463828,
              0.2383327767
            ],
            [
              30.0726222892,
              0.2380700683
            ]
          ]
        ]
      },
      "properties": {
        "country": "Uganda",
        "country_code": "UGA",
        "species_name": "Eucalyptus_camaldulensis_S",
        "genus": "Eucalyptus",
        "species": "camaldulensis_S",
        "suitability_name": "Moderately suitable",
        "suitability_rank": 2,
        "soil_suitability": "S4",
        "soil_type": "Lithosols",
        "soil_description": "Not differentiated",
        "site_class": null,
        "maz": "I",
        "maz_zone": null,
        "tz": "4",
        "frost_risk": null,
        "source_layer": "SWIFT_SSMT_Uganda"
      }
    },
    {
      "type": "Feature",
      "geometry": {
        "type": "Polygon",
        "coordinates": [
          [
            [
              30.2122096366,
              0.8262131512
            ],
            [
              30.2122171219,
              0.8354714748
            ],
            [
              30.1871394729,
              0.8354920522
            ],
            [
              30.1871320391,
              0.8262249411
            ],
            [
              30.2037861334,
              0.8279161637
            ],
            [
              30.2122096366,
              0.8262131512
            ]
          ]
        ]
      },
      "properties": {
        "country": "Uganda",
        "country_code": "UGA",
        "species_name": "Eucalyptus_camaldulensis_S",
        "genus": "Eucalyptus",
        "species": "camaldulensis_S",
        "suitability_name": "Moderately suitable",
        "suitability_rank": 2,
        "soil_suitability": "S4",
        "soil_type": "Lithosols",
        "soil_description": "Not differentiated",
        "site_class": null,
        "maz": "I",
        "maz_zone": null,
        "tz": "4",
        "frost_risk": null,
        "source_layer": "SWIFT_SSMT_Uganda"
      }
    },
    {
      "type": "Feature",
      "geometry": {
        "type": "Polygon",
        "coordinates": [
          [
            [
              30.1534555515,
              0.4275851378
            ],
            [
              30.1507353472,
              0.4282087005
            ],
            [
              30.1536815482,
              0.4178117907
            ],
            [
              30.153742052,
              0.4147674589
            ],
            [
              30.1618092897,
              0.4147642147
            ],
            [
              30.1618126666,
              0.4231791874
            ],
            [
              30.1534537632,
              0.4231826165
            ],
            [
              30.1534555515,
              0.4275851378
            ]
          ]
        ]
      },
      "properties": {
        "country": "Uganda",
        "country_code": "UGA",
        "species_name": "Eucalyptus_camaldulensis_S",
        "genus": "Eucalyptus",
        "species": "camaldulensis_S",
        "suitability_name": "Moderately suitable",
        "suitability_rank": 2,
        "soil_suitability": "S4",
        "soil_type": "Lithosols",
        "soil_description": "Not differentiated",
        "site_class": null,
        "maz": "I",
        "maz_zone": null,
        "tz": "4",
        "frost_risk": null,
        "source_layer": "SWIFT_SSMT_Uganda"
      }
    },
    {
      "type": "Feature",
      "geometry": {
        "type": "Polygon",
        "coordinates": [
          [
            [
              30.5213046508,
              0.6438417591
            ],
            [
              30.5213090007,
              0.6501435957
            ],
            [
              30.5296650574,
              0.650137716
            ],
            [
              30.5296829442,
              0.6753730731
            ],
            [
              30.5547507868,
              0.6753546598
            ],
            [
              30.5547569442,
              0.6837662161
            ],
            [
              30.5631127532,
              0.6837599726
            ],
            [
              30.5631190011,
              0.6921714517
            ],
            [
              30.57147475,
              0.692165116
            ],
            [
              30.5714875035,
              0.7089879181
            ],
            [
              30.5798432038,
              0.7089814142
            ],
            [
              30.579849711,
              0.717392738
            ],
            [
              30.5882053513,
              0.7173861418
            ],
            [
              30.5882119493,
              0.7257973869
            ],
            [
              30.5965675279,
              0.7257906982
            ],
            [
              30.596574219,
              0.7342018653
            ],
            [
              30.5934037371,
              0.7342044355
            ],
            [
              30.5860447671,
              0.7239150522
            ],
            [
              30.5703733822,
              0.7138933239
            ],
            [
              30.5504227309,
              0.6943179
            ],
            [
              30.5295235649,
              0.6756979133
            ],
            [
              30.5171677119,
              0.6556373954
            ],
            [
              30.517445972,
              0.6485096601
            ],
            [
              30.5213046508,
              0.6438417591
            ]
          ]
        ]
      },
      "properties": {
        "country": "Uganda",
        "country_code": "UGA",
        "species_name": "Eucalyptus_camaldulensis_S",
        "genus": "Eucalyptus",
        "species": "camaldulensis_S",
        "suitability_name": "Moderately suitable",
        "suitability_rank": 2,
        "soil_suitability": "S4",
        "soil_type": "Lithosols",
        "soil_description": "Not differentiated",
        "site_class": null,
        "maz": "I",
        "maz_zone": null,
        "tz": "4",
        "frost_risk": null,
        "source_layer": "SWIFT_SSMT_Uganda"
      }
    },
    {
      "type": "Feature",
      "geometry": {
        "type": "Polygon",
        "coordinates": [
          [
            [
              30.4462412213,
              0.8313542222
            ],
            [
              30.4462446299,
              0.8352716722
            ],
            [
              30.4378874794,
              0.8352790494
            ],
            [
              30.4379022652,
              0.8521042581
            ],
            [
              30.4462594516,
              0.8520967329
            ],
            [
              30.4462745687,
              0.8689217921
            ],
            [
              30.4379173456,
              0.8689294653
            ],
            [
              30.4379249967,
              0.8773420695
            ],
            [
              30.4212102919,
              0.8773575088
            ],
            [
              30.421202679,
              0.868944758
            ],
            [
              30.4044877182,
              0.8689599753
            ],
            [
              30.4044802147,
              0.8605470762
            ],
            [
              30.3980501803,
              0.8605528537
            ],
            [
              30.3961200694,
              0.8576441217
            ],
            [
              30.3961078907,
              0.8437286373
            ],
            [
              30.3877502823,
              0.8437359806
            ],
            [
              30.387743033,
              0.8353229331
            ],
            [
              30.3793853692,
              0.8353301848
            ],
            [
              30.3793711247,
              0.8185039438
            ],
            [
              30.3710134245,
              0.8185110313
            ],
            [
              30.3710064279,
              0.810097838
            ],
            [
              30.3626486721,
              0.8101048358
            ],
            [
              30.3626349298,
              0.7932783011
            ],
            [
              30.3709926508,
              0.7932714479
            ],
            [
              30.3709791648,
              0.7764450569
            ],
            [
              30.3626214753,
              0.7764517638
            ],
            [
              30.3626148572,
              0.7680384951
            ],
            [
              30.3542571132,
              0.7680451126
            ],
            [
              30.3542505828,
              0.7596317714
            ],
            [
              30.3458927834,
              0.7596383007
            ],
            [
              30.3458992972,
              0.7680517151
            ],
            [
              30.3375414095,
              0.7680582999
            ],
            [
              30.3375546203,
              0.784885272
            ],
            [
              30.3189367303,
              0.7849002028
            ],
            [
              30.3124773013,
              0.7809245897
            ],
            [
              30.3124738379,
              0.7764916598
            ],
            [
              30.3028526797,
              0.7764992455
            ],
            [
              30.2957551117,
              0.7735638079
            ],
            [
              30.2957509002,
              0.7680909812
            ],
            [
              30.2825474376,
              0.768101221
            ],
            [
              30.2790330911,
              0.766647692
            ],
            [
              30.2790278156,
              0.759689952
            ],
            [
              30.2623108671,
              0.7597027035
            ],
            [
              30.2623045854,
              0.7512885756
            ],
            [
              30.2539460218,
              0.7512948558
            ],
            [
              30.2539398251,
              0.7428806577
            ],
            [
              30.2455812081,
              0.7428868515
            ],
            [
              30.2455873885,
              0.7513011214
            ],
            [
              30.2194453263,
              0.7513206104
            ],
            [
              30.209065392,
              0.7458156651
            ],
            [
              30.199797763,
              0.7343504007
            ],
            [
              30.1940933127,
              0.7253919103
            ],
            [
              30.1940860687,
              0.7149953001
            ],
            [
              30.1976421956,
              0.707464247
            ],
            [
              30.2090843229,
              0.7055578148
            ],
            [
              30.2299844806,
              0.7165369754
            ],
            [
              30.2475596722,
              0.7260840576
            ],
            [
              30.2689335516,
              0.7361059023
            ],
            [
              30.2960015611,
              0.7418213079
            ],
            [
              30.3069218362,
              0.7418130982
            ],
            [
              30.326377501,
              0.7274601398
            ],
            [
              30.3549211677,
              0.7101912641
            ],
            [
              30.3591333187,
              0.722656428
            ],
            [
              30.3724412989,
              0.7422411869
            ],
            [
              30.3786331087,
              0.7680439087
            ],
            [
              30.3833982493,
              0.7900241507
            ],
            [
              30.3933834749,
              0.8086543946
            ],
            [
              30.4057387448,
              0.822503148
            ],
            [
              30.4209356159,
              0.8282247913
            ],
            [
              30.4380279632,
              0.8301214337
            ],
            [
              30.4462412213,
              0.8313542222
            ]
          ]
        ]
      },
      "properties": {
        "country": "Uganda",
        "country_code": "UGA",
        "species_name": "Eucalyptus_camaldulensis_S",
        "genus": "Eucalyptus",
        "species": "camaldulensis_S",
        "suitability_name": "Moderately suitable",
        "suitability_rank": 2,
        "soil_suitability": "S4",
        "soil_type": "Lithosols",
        "soil_description": "Not differentiated",
        "site_class": null,
        "maz": "I",
        "maz_zone": null,
        "tz": "4",
        "frost_risk": null,
        "source_layer": "SWIFT_SSMT_Uganda"
      }
    },
    {
      "type": "Feature",
      "geometry": {
        "type": "Polygon",
        "coordinates": [
          [
            [
              30.0758927511,
              -0.3257804303
            ],
            [
              30.0745858519,
              -0.3243460152
            ],
            [
              30.0705552458,
              -0.3151654949
            ],
            [
              30.0698244492,
              -0.316868207
            ],
            [
              30.069827113,
              -0.3257822939
            ],
            [
              30.0758927511,
              -0.3257804303
            ]
          ]
        ]
      },
      "properties": {
        "country": "Uganda",
        "country_code": "UGA",
        "species_name": "Eucalyptus_camaldulensis_S",
        "genus": "Eucalyptus",
        "species": "camaldulensis_S",
        "suitability_name": "Moderately suitable",
        "suitability_rank": 2,
        "soil_suitability": "S4",
        "soil_type": "Lithosols",
        "soil_description": "Not differentiated",
        "site_class": null,
        "maz": "I",
        "maz_zone": null,
        "tz": "4",
        "frost_risk": null,
        "source_layer": "SWIFT_SSMT_Uganda"
      }
    },
    {
      "type": "Feature",
      "geometry": {
        "type": "Polygon",
        "coordinates": [
          [
            [
              30.0949106845,
              -0.342788315
            ],
            [
              30.0881239518,
              -0.3386834996
            ],
            [
              30.0824237854,
              -0.3329486423
            ],
            [
              30.0781873606,
              -0.328298918
            ],
            [
              30.0781918372,
              -0.342611019
            ],
            [
              30.0865512634,
              -0.3426083098
            ],
            [
              30.0865539926,
              -0.3510238903
            ],
            [
              30.090448777,
              -0.3510225945
            ],
            [
              30.0949125284,
              -0.3484806917
            ],
            [
              30.0949106845,
              -0.342788315
            ]
          ]
        ]
      },
      "properties": {
        "country": "Uganda",
        "country_code": "UGA",
        "species_name": "Eucalyptus_camaldulensis_S",
        "genus": "Eucalyptus",
        "species": "camaldulensis_S",
        "suitability_name": "Moderately suitable",
        "suitability_rank": 2,
        "soil_suitability": "S4",
        "soil_type": "Lithosols",
        "soil_description": "Not differentiated",
        "site_class": null,
        "maz": "I",
        "maz_zone": null,
        "tz": "4",
        "frost_risk": null,
        "source_layer": "SWIFT_SSMT_Uganda"
      }
    },
    {
      "type": "Feature",
      "geometry": {
        "type": "Polygon",
        "coordinates": [
          [
            [
              30.094902289,
              -0.3155803571
            ],
            [
              30.0916155124,
              -0.311978827
            ],
            [
              30.0827373796,
              -0.3036517849
            ],
            [
              30.0771707772,
              -0.3021388902
            ],
            [
              30.0719068674,
              -0.3071382424
            ],
            [
              30.0705552458,
              -0.3151654949
            ],
            [
              30.0745858519,
              -0.3243460152
            ],
            [
              30.0758927511,
              -0.3257804303
            ],
            [
              30.0781865929,
              -0.3257797244
            ],
            [
              30.0781873606,
              -0.328298918
            ],
            [
              30.0824237854,
              -0.3329486423
            ],
            [
              30.0881239518,
              -0.3386834996
            ],
            [
              30.0949106845,
              -0.342788315
            ],
            [
              30.0949052279,
              -0.3253643973
            ],
            [
              30.0940962628,
              -0.3247509566
            ],
            [
              30.0940786734,
              -0.3245162046
            ],
            [
              30.0931417288,
              -0.3234520681
            ],
            [
              30.0933890487,
              -0.3222999391
            ],
            [
              30.094021392,
              -0.3215719304
            ],
            [
              30.0949039817,
              -0.3212525386
            ],
            [
              30.094902289,
              -0.3155803571
            ]
          ]
        ]
      },
      "properties": {
        "country": "Uganda",
        "country_code": "UGA",
        "species_name": "Eucalyptus_camaldulensis_S",
        "genus": "Eucalyptus",
        "species": "camaldulensis_S",
        "suitability_name": "Moderately suitable",
        "suitability_rank": 2,
        "soil_suitability": "S4",
        "soil_type": "Podsolic Soils",
        "soil_description": "Not differentiated",
        "site_class": null,
        "maz": "I",
        "maz_zone": null,
        "tz": "4",
        "frost_risk": null,
        "source_layer": "SWIFT_SSMT_Uganda"
      }
    },
    {
      "type": "Feature",
      "geometry": {
        "type": "Polygon",
        "coordinates": [
          [
            [
              30.1367053986,
              -0.3393956025
            ],
            [
              30.1265948102,
              -0.3341799661
            ],
            [
              30.1199856194,
              -0.3341820845
            ],
            [
              30.1199883113,
              -0.3425973974
            ],
            [
              30.1283474068,
              -0.3425946505
            ],
            [
              30.1283501713,
              -0.3510098958
            ],
            [
              30.1367092071,
              -0.3510070746
            ],
            [
              30.1367053986,
              -0.3393956025
            ]
          ]
        ]
      },
      "properties": {
        "country": "Uganda",
        "country_code": "UGA",
        "species_name": "Eucalyptus_camaldulensis_S",
        "genus": "Eucalyptus",
        "species": "camaldulensis_S",
        "suitability_name": "Moderately suitable",
        "suitability_rank": 2,
        "soil_suitability": "S4",
        "soil_type": "Podsolic Soils",
        "soil_description": "Not differentiated",
        "site_class": null,
        "maz": "I",
        "maz_zone": null,
        "tz": "4",
        "frost_risk": null,
        "source_layer": "SWIFT_SSMT_Uganda"
      }
    },
    {
      "type": "Feature",
      "geometry": {
        "type": "Polygon",
        "coordinates": [
          [
            [
              30.1367053986,
              -0.3393956025
            ],
            [
              30.1367037291,
              -0.3341767188
            ],
            [
              30.1265948102,
              -0.3341799661
            ],
            [
              30.1367053986,
              -0.3393956025
            ]
          ]
        ]
      },
      "properties": {
        "country": "Uganda",
        "country_code": "UGA",
        "species_name": "Eucalyptus_camaldulensis_S",
        "genus": "Eucalyptus",
        "species": "camaldulensis_S",
        "suitability_name": "Moderately suitable",
        "suitability_rank": 2,
        "soil_suitability": "S4",
        "soil_type": "Lithosols",
        "soil_description": "Not differentiated",
        "site_class": null,
        "maz": "I",
        "maz_zone": null,
        "tz": "4",
        "frost_risk": null,
        "source_layer": "SWIFT_SSMT_Uganda"
      }
    },
    {
      "type": "Feature",
      "geometry": {
        "type": "Polygon",
        "coordinates": [
          [
            [
              30.1116344441,
              -0.3586236575
            ],
            [
              30.1116318997,
              -0.3510155166
            ],
            [
              30.1046343282,
              -0.3510178595
            ],
            [
              30.1116344441,
              -0.3586236575
            ]
          ]
        ]
      },
      "properties": {
        "country": "Uganda",
        "country_code": "UGA",
        "species_name": "Eucalyptus_camaldulensis_S",
        "genus": "Eucalyptus",
        "species": "camaldulensis_S",
        "suitability_name": "Moderately suitable",
        "suitability_rank": 2,
        "soil_suitability": "S4",
        "soil_type": "Podsolic Soils",
        "soil_description": "Not differentiated",
        "site_class": null,
        "maz": "I",
        "maz_zone": null,
        "tz": "4",
        "frost_risk": null,
        "source_layer": "SWIFT_SSMT_Uganda"
      }
    },
    {
      "type": "Feature",
      "geometry": {
        "type": "Polygon",
        "coordinates": [
          [
            [
              30.1199962364,
              -0.36625755
            ],
            [
              30.1199938946,
              -0.3594280217
            ],
            [
              30.1123771715,
              -0.3594306411
            ],
            [
              30.11460373,
              -0.3618498187
            ],
            [
              30.1178736984,
              -0.3645226355
            ],
            [
              30.1199962364,
              -0.36625755
            ]
          ]
        ]
      },
      "properties": {
        "country": "Uganda",
        "country_code": "UGA",
        "species_name": "Eucalyptus_camaldulensis_S",
        "genus": "Eucalyptus",
        "species": "camaldulensis_S",
        "suitability_name": "Moderately suitable",
        "suitability_rank": 2,
        "soil_suitability": "S4",
        "soil_type": "Podsolic Soils",
        "soil_description": "Not differentiated",
        "site_class": null,
        "maz": "I",
        "maz_zone": null,
        "tz": "4",
        "frost_risk": null,
        "source_layer": "SWIFT_SSMT_Uganda"
      }
    },
    {
      "type": "Feature",
      "geometry": {
        "type": "Polygon",
        "coordinates": [
          [
            [
              31.3229820053,
              -0.4597791885
            ],
            [
              31.2979383043,
              -0.459794439
            ],
            [
              31.2979485582,
              -0.4766024911
            ],
            [
              31.2896004538,
              -0.4766077403
            ],
            [
              31.2896057088,
              -0.485011858
            ],
            [
              31.3063018459,
              -0.485001165
            ],
            [
              31.3063126719,
              -0.5018090297
            ],
            [
              31.3146606232,
              -0.5018034817
            ],
            [
              31.3146551539,
              -0.4933996422
            ],
            [
              31.3230030026,
              -0.4933941774
            ],
            [
              31.3229976144,
              -0.4849904303
            ],
            [
              31.3396930116,
              -0.484979655
            ],
            [
              31.3396984212,
              -0.493383214
            ],
            [
              31.3480459915,
              -0.4933777181
            ],
            [
              31.3480515033,
              -0.5017811833
            ],
            [
              31.3563989911,
              -0.5017755816
            ],
            [
              31.3563774601,
              -0.4681620922
            ],
            [
              31.3480300136,
              -0.4681673185
            ],
            [
              31.3480352467,
              -0.4765707848
            ],
            [
              31.3313400538,
              -0.4765813938
            ],
            [
              31.3313348412,
              -0.4681777399
            ],
            [
              31.3229871157,
              -0.4681829368
            ],
            [
              31.3229820053,
              -0.4597791885
            ]
          ]
        ]
      },
      "properties": {
        "country": "Uganda",
        "country_code": "UGA",
        "species_name": "Eucalyptus_camaldulensis_S",
        "genus": "Eucalyptus",
        "species": "camaldulensis_S",
        "suitability_name": "Moderately suitable",
        "suitability_rank": 2,
        "soil_suitability": "S2",
        "soil_type": "Ferrallitic Soils",
        "soil_description": "Yellow soils - Sandy clay loams",
        "site_class": null,
        "maz": "III",
        "maz_zone": null,
        "tz": "4",
        "frost_risk": null,
        "source_layer": "SWIFT_SSMT_Uganda"
      }
    },
    {
      "type": "Feature",
      "geometry": {
        "type": "Polygon",
        "coordinates": [
          [
            [
              31.4148344719,
              -0.5101387861
            ],
            [
              31.4148287808,
              -0.5017360757
            ],
            [
              31.4064819506,
              -0.5017417512
            ],
            [
              31.4064858451,
              -0.5075179575
            ],
            [
              31.4073371112,
              -0.5101439701
            ],
            [
              31.4148344719,
              -0.5101387861
            ]
          ]
        ]
      },
      "properties": {
        "country": "Uganda",
        "country_code": "UGA",
        "species_name": "Eucalyptus_camaldulensis_S",
        "genus": "Eucalyptus",
        "species": "camaldulensis_S",
        "suitability_name": "Moderately suitable",
        "suitability_rank": 2,
        "soil_suitability": "S3",
        "soil_type": "Ferrallitic Soils",
        "soil_description": "Yellow soils - Sandy loams",
        "site_class": null,
        "maz": "III",
        "maz_zone": null,
        "tz": "4",
        "frost_risk": null,
        "source_layer": "SWIFT_SSMT_Uganda"
      }
    },
    {
      "type": "Feature",
      "geometry": {
        "type": "Polygon",
        "coordinates": [
          [
            [
              31.4073371112,
              -0.5101439701
            ],
            [
              31.4064858451,
              -0.5075179575
            ],
            [
              31.406487631,
              -0.5101445566
            ],
            [
              31.4073371112,
              -0.5101439701
            ]
          ]
        ]
      },
      "properties": {
        "country": "Uganda",
        "country_code": "UGA",
        "species_name": "Eucalyptus_camaldulensis_S",
        "genus": "Eucalyptus",
        "species": "camaldulensis_S",
        "suitability_name": "Moderately suitable",
        "suitability_rank": 2,
        "soil_suitability": "S2",
        "soil_type": "Ferrallitic Soils",
        "soil_description": "Yellow soils - Sandy clay loams",
        "site_class": null,
        "maz": "III",
        "maz_zone": null,
        "tz": "4",
        "frost_risk": null,
        "source_layer": "SWIFT_SSMT_Uganda"
      }
    },
    {
      "type": "Feature",
      "geometry": {
        "type": "Polygon",
        "coordinates": [
          [
            [
              30.6966746715,
              -0.5021851875
            ],
            [
              30.6799660019,
              -0.5021946905
            ],
            [
              30.6799804867,
              -0.5274258644
            ],
            [
              30.688334893,
              -0.5274208794
            ],
            [
              30.6883398901,
              -0.5358311898
            ],
            [
              30.7050484887,
              -0.5358210265
            ],
            [
              30.70504347,
              -0.5274108751
            ],
            [
              30.7133976396,
              -0.5274058565
            ],
            [
              30.713392688,
              -0.5189957845
            ],
            [
              30.7050385295,
              -0.5190007233
            ],
            [
              30.705033669,
              -0.5105905721
            ],
            [
              30.6966794423,
              -0.5105954195
            ],
            [
              30.6966746715,
              -0.5021851875
            ]
          ]
        ]
      },
      "properties": {
        "country": "Uganda",
        "country_code": "UGA",
        "species_name": "Eucalyptus_camaldulensis_S",
        "genus": "Eucalyptus",
        "species": "camaldulensis_S",
        "suitability_name": "Moderately suitable",
        "suitability_rank": 2,
        "soil_suitability": "S3",
        "soil_type": "Ferrallitic Soils",
        "soil_description": "Yellow soils - Sandy loams",
        "site_class": null,
        "maz": "III",
        "maz_zone": null,
        "tz": "4",
        "frost_risk": null,
        "source_layer": "SWIFT_SSMT_Uganda"
      }
    },
    {
      "type": "Feature",
      "geometry": {
        "type": "Polygon",
        "coordinates": [
          [
            [
              30.7301318053,
              -0.5694453354
            ],
            [
              30.730110792,
              -0.5358056958
            ],
            [
              30.7134026704,
              -0.5358159283
            ],
            [
              30.7134235892,
              -0.5694562097
            ],
            [
              30.7301318053,
              -0.5694453354
            ]
          ]
        ]
      },
      "properties": {
        "country": "Uganda",
        "country_code": "UGA",
        "species_name": "Eucalyptus_camaldulensis_S",
        "genus": "Eucalyptus",
        "species": "camaldulensis_S",
        "suitability_name": "Moderately suitable",
        "suitability_rank": 2,
        "soil_suitability": "S3",
        "soil_type": "Ferrallitic Soils",
        "soil_description": "Yellow soils - Sandy loams",
        "site_class": null,
        "maz": "III",
        "maz_zone": null,
        "tz": "4",
        "frost_risk": null,
        "source_layer": "SWIFT_SSMT_Uganda"
      }
    },
    {
      "type": "Feature",
      "geometry": {
        "type": "Polygon",
        "coordinates": [
          [
            [
              31.3063182246,
              -0.5102129615
            ],
            [
              31.2979701698,
              -0.5102185914
            ],
            [
              31.2979758037,
              -0.5186226162
            ],
            [
              31.2729310573,
              -0.5186397177
            ],
            [
              31.2729254558,
              -0.5102354167
            ],
            [
              31.2395312242,
              -0.5102576981
            ],
            [
              31.239553998,
              -0.5438763709
            ],
            [
              31.2312051675,
              -0.5438822795
            ],
            [
              31.2312110762,
              -0.5522870384
            ],
            [
              31.2395599183,
              -0.552281038
            ],
            [
              31.2395720309,
              -0.5690903731
            ],
            [
              31.2479208053,
              -0.5690841787
            ],
            [
              31.2479146914,
              -0.5606796025
            ],
            [
              31.2562633632,
              -0.5606734882
            ],
            [
              31.2562455333,
              -0.5354600342
            ],
            [
              31.2645940787,
              -0.5354541835
            ],
            [
              31.2645883059,
              -0.5270497897
            ],
            [
              31.2729367483,
              -0.5270440193
            ],
            [
              31.2729425332,
              -0.5354483206
            ],
            [
              31.2812908956,
              -0.5354424463
            ],
            [
              31.2812851004,
              -0.527038237
            ],
            [
              31.306329605,
              -0.5270208249
            ],
            [
              31.3063182246,
              -0.5102129615
            ]
          ]
        ]
      },
      "properties": {
        "country": "Uganda",
        "country_code": "UGA",
        "species_name": "Eucalyptus_camaldulensis_S",
        "genus": "Eucalyptus",
        "species": "camaldulensis_S",
        "suitability_name": "Moderately suitable",
        "suitability_rank": 2,
        "soil_suitability": "S2",
        "soil_type": "Ferrallitic Soils",
        "soil_description": "Yellow soils - Sandy clay loams",
        "site_class": null,
        "maz": "III",
        "maz_zone": null,
        "tz": "4",
        "frost_risk": null,
        "source_layer": "SWIFT_SSMT_Uganda"
      }
    },
    {
      "type": "Feature",
      "geometry": {
        "type": "Polygon",
        "coordinates": [
          [
            [
              30.8805326325,
              -0.6282042962
            ],
            [
              30.8805264613,
              -0.6197958676
            ],
            [
              30.8721737846,
              -0.6198020301
            ],
            [
              30.8721799425,
              -0.6282105432
            ],
            [
              30.8805326325,
              -0.6282042962
            ]
          ]
        ]
      },
      "properties": {
        "country": "Uganda",
        "country_code": "UGA",
        "species_name": "Eucalyptus_camaldulensis_S",
        "genus": "Eucalyptus",
        "species": "camaldulensis_S",
        "suitability_name": "Moderately suitable",
        "suitability_rank": 2,
        "soil_suitability": "S3",
        "soil_type": "Ferrallitic Soils",
        "soil_description": "Yellow soils - Sandy loams",
        "site_class": null,
        "maz": "III",
        "maz_zone": null,
        "tz": "3",
        "frost_risk": null,
        "source_layer": "SWIFT_SSMT_Uganda"
      }
    },
    {
      "type": "Feature",
      "geometry": {
        "type": "Polygon",
        "coordinates": [
          [
            [
              30.8387163741,
              -0.5525557731
            ],
            [
              30.8303633825,
              -0.5525612082
            ],
            [
              30.8303688171,
              -0.5609701392
            ],
            [
              30.788602576,
              -0.5609975514
            ],
            [
              30.7885972003,
              -0.5525882093
            ],
            [
              30.7718901574,
              -0.5525989275
            ],
            [
              30.7718955095,
              -0.5610084332
            ],
            [
              30.7635418548,
              -0.5610138544
            ],
            [
              30.7635472764,
              -0.5694234408
            ],
            [
              30.7719009423,
              -0.5694179368
            ],
            [
              30.7719064565,
              -0.5778274419
            ],
            [
              30.7886135713,
              -0.5778162337
            ],
            [
              30.7886248907,
              -0.5946349168
            ],
            [
              30.8053317303,
              -0.5946233332
            ],
            [
              30.8053260046,
              -0.5862141548
            ],
            [
              30.8220324926,
              -0.5862026845
            ],
            [
              30.8220382435,
              -0.5946116977
            ],
            [
              30.847097398,
              -0.5945941496
            ],
            [
              30.847103268,
              -0.6030029147
            ],
            [
              30.8554561678,
              -0.6029969563
            ],
            [
              30.8554805258,
              -0.6366316762
            ],
            [
              30.8638333959,
              -0.6366253739
            ],
            [
              30.863839706,
              -0.6450339699
            ],
            [
              30.8888978574,
              -0.6450147274
            ],
            [
              30.8889174089,
              -0.6702397602
            ],
            [
              30.8972700009,
              -0.6702330664
            ],
            [
              30.8972633865,
              -0.6618248066
            ],
            [
              30.9139682922,
              -0.661811545
            ],
            [
              30.913955258,
              -0.6449953608
            ],
            [
              30.9223075576,
              -0.6449888782
            ],
            [
              30.9222948327,
              -0.6281728614
            ],
            [
              30.9139425602,
              -0.628179175
            ],
            [
              30.9139064786,
              -0.57773061
            ],
            [
              30.9055541983,
              -0.5777364049
            ],
            [
              30.9055484903,
              -0.5693282249
            ],
            [
              30.8971961384,
              -0.5693339224
            ],
            [
              30.8971905261,
              -0.5609256589
            ],
            [
              30.8721330071,
              -0.5609424282
            ],
            [
              30.8721385836,
              -0.569350944
            ],
            [
              30.8637858989,
              -0.5693565938
            ],
            [
              30.8637915461,
              -0.5777651918
            ],
            [
              30.8554387665,
              -0.5777709127
            ],
            [
              30.8554331314,
              -0.5693622306
            ],
            [
              30.8387273491,
              -0.5693734696
            ],
            [
              30.8387163741,
              -0.5525557731
            ]
          ],
          [
            [
              30.8805326325,
              -0.6282042962
            ],
            [
              30.8721799425,
              -0.6282105432
            ],
            [
              30.8721737846,
              -0.6198020301
            ],
            [
              30.8805264613,
              -0.6197958676
            ],
            [
              30.8805326325,
              -0.6282042962
            ]
          ]
        ]
      },
      "properties": {
        "country": "Uganda",
        "country_code": "UGA",
        "species_name": "Eucalyptus_camaldulensis_S",
        "genus": "Eucalyptus",
        "species": "camaldulensis_S",
        "suitability_name": "Moderately suitable",
        "suitability_rank": 2,
        "soil_suitability": "S3",
        "soil_type": "Ferrallitic Soils",
        "soil_description": "Yellow soils - Sandy loams",
        "site_class": null,
        "maz": "III",
        "maz_zone": null,
        "tz": "4",
        "frost_risk": null,
        "source_layer": "SWIFT_SSMT_Uganda"
      }
    },
    {
      "type": "Feature",
      "geometry": {
        "type": "Polygon",
        "coordinates": [
          [
            [
              31.3314227718,
              -0.5942325182
            ],
            [
              31.3397705738,
              -0.5942259102
            ],
            [
              31.3397640489,
              -0.5858223536
            ],
            [
              31.3481117448,
              -0.5858158273
            ],
            [
              31.3481053012,
              -0.5774123639
            ],
            [
              31.3648003885,
              -0.5773994603
            ],
            [
              31.3647940136,
              -0.5689961859
            ],
            [
              31.3397512807,
              -0.5690152405
            ],
            [
              31.3397576184,
              -0.5774187977
            ],
            [
              31.331409843,
              -0.5774252183
            ],
            [
              31.3314227718,
              -0.5942325182
            ]
          ]
        ]
      },
      "properties": {
        "country": "Uganda",
        "country_code": "UGA",
        "species_name": "Eucalyptus_camaldulensis_S",
        "genus": "Eucalyptus",
        "species": "camaldulensis_S",
        "suitability_name": "Moderately suitable",
        "suitability_rank": 2,
        "soil_suitability": "S2",
        "soil_type": "Ferrallitic Soils",
        "soil_description": "Yellow soils - Sandy clay loams",
        "site_class": null,
        "maz": "III",
        "maz_zone": null,
        "tz": "4",
        "frost_risk": null,
        "source_layer": "SWIFT_SSMT_Uganda"
      }
    },
    {
      "type": "Feature",
      "geometry": {
        "type": "Polygon",
        "coordinates": [
          [
            [
              31.3314709486,
              -0.6530580572
            ],
            [
              31.3314637883,
              -0.6446544102
            ],
            [
              31.3231158167,
              -0.6446615648
            ],
            [
              31.3231017999,
              -0.6278540812
            ],
            [
              31.3314497454,
              -0.6278471137
            ],
            [
              31.3314293769,
              -0.6026361677
            ],
            [
              31.3230814705,
              -0.6026428561
            ],
            [
              31.3230949314,
              -0.6194503404
            ],
            [
              31.3147469068,
              -0.6194572026
            ],
            [
              31.3147607113,
              -0.6362648715
            ],
            [
              31.2897160044,
              -0.6362859345
            ],
            [
              31.2897230049,
              -0.6446900469
            ],
            [
              31.2813745716,
              -0.6446971333
            ],
            [
              31.2813816499,
              -0.6531013376
            ],
            [
              31.2730331122,
              -0.653108503
            ],
            [
              31.2730402679,
              -0.661512799
            ],
            [
              31.2697389086,
              -0.6615156655
            ],
            [
              31.2702844037,
              -0.6625507575
            ],
            [
              31.2808233336,
              -0.6747632735
            ],
            [
              31.2834225757,
              -0.6783121463
            ],
            [
              31.2873662728,
              -0.6783086246
            ],
            [
              31.2877954337,
              -0.6768141555
            ],
            [
              31.2889555233,
              -0.6759205337
            ],
            [
              31.2898270305,
              -0.6754562494
            ],
            [
              31.2908808668,
              -0.6752556161
            ],
            [
              31.2919351241,
              -0.6759308146
            ],
            [
              31.2937106996,
              -0.6765975573
            ],
            [
              31.2948348581,
              -0.6772188951
            ],
            [
              31.2958415317,
              -0.6778079525
            ],
            [
              31.2963374224,
              -0.678300601
            ],
            [
              31.2997988335,
              -0.6782975003
            ],
            [
              31.2998942668,
              -0.6768631383
            ],
            [
              31.3014902504,
              -0.6745871197
            ],
            [
              31.3018657878,
              -0.6742082034
            ],
            [
              31.3022966284,
              -0.6740138867
            ],
            [
              31.3036669804,
              -0.6746049444
            ],
            [
              31.3050356481,
              -0.6762646424
            ],
            [
              31.3056683291,
              -0.6764883629
            ],
            [
              31.3086270848,
              -0.6769915241
            ],
            [
              31.3104794386,
              -0.6769538746
            ],
            [
              31.3147947716,
              -0.6759497029
            ],
            [
              31.3147821111,
              -0.6614763731
            ],
            [
              31.3231302029,
              -0.6614690456
            ],
            [
              31.3231229632,
              -0.6530653049
            ],
            [
              31.3314709486,
              -0.6530580572
            ]
          ]
        ]
      },
      "properties": {
        "country": "Uganda",
        "country_code": "UGA",
        "species_name": "Eucalyptus_camaldulensis_S",
        "genus": "Eucalyptus",
        "species": "camaldulensis_S",
        "suitability_name": "Moderately suitable",
        "suitability_rank": 2,
        "soil_suitability": "S2",
        "soil_type": "Ferrallitic Soils",
        "soil_description": "Yellow soils - Sandy clay loams",
        "site_class": null,
        "maz": "III",
        "maz_zone": null,
        "tz": "4",
        "frost_risk": null,
        "source_layer": "SWIFT_SSMT_Uganda"
      }
    },
    {
      "type": "Feature",
      "geometry": {
        "type": "Polygon",
        "coordinates": [
          [
            [
              30.8304671466,
              -0.6957739743
            ],
            [
              30.8304601877,
              -0.6871040677
            ],
            [
              30.838813389,
              -0.6870973098
            ],
            [
              30.8388001097,
              -0.6702796214
            ],
            [
              30.8137403473,
              -0.6702993604
            ],
            [
              30.8137274818,
              -0.6534811759
            ],
            [
              30.8053740916,
              -0.6534875628
            ],
            [
              30.8053677961,
              -0.6450783878
            ],
            [
              30.8220744661,
              -0.645065765
            ],
            [
              30.8220620638,
              -0.6282477437
            ],
            [
              30.7970020169,
              -0.6282661636
            ],
            [
              30.797008137,
              -0.6366754209
            ],
            [
              30.788654611,
              -0.6366816163
            ],
            [
              30.7886607986,
              -0.6450909551
            ],
            [
              30.7719534771,
              -0.6451034668
            ],
            [
              30.7719660404,
              -0.6619224709
            ],
            [
              30.7803197691,
              -0.6619160581
            ],
            [
              30.7803326856,
              -0.6787348963
            ],
            [
              30.7886863613,
              -0.6787283072
            ],
            [
              30.788692955,
              -0.6871376451
            ],
            [
              30.8137535401,
              -0.6871175425
            ],
            [
              30.8137602585,
              -0.6955266328
            ],
            [
              30.8137670594,
              -0.703935724
            ],
            [
              30.8198405095,
              -0.7039307123
            ],
            [
              30.8231631107,
              -0.7015608077
            ],
            [
              30.8304671466,
              -0.6957739743
            ]
          ]
        ]
      },
      "properties": {
        "country": "Uganda",
        "country_code": "UGA",
        "species_name": "Eucalyptus_camaldulensis_S",
        "genus": "Eucalyptus",
        "species": "camaldulensis_S",
        "suitability_name": "Moderately suitable",
        "suitability_rank": 2,
        "soil_suitability": "S3",
        "soil_type": "Ferrallitic Soils",
        "soil_description": "Yellow soils - Sandy loams",
        "site_class": null,
        "maz": "III",
        "maz_zone": null,
        "tz": "4",
        "frost_risk": null,
        "source_layer": "SWIFT_SSMT_Uganda"
      }
    },
    {
      "type": "Feature",
      "geometry": {
        "type": "Polygon",
        "coordinates": [
          [
            [
              30.8304737658,
              -0.703921919
            ],
            [
              30.8304671466,
              -0.6957739743
            ],
            [
              30.8231631107,
              -0.7015608077
            ],
            [
              30.8198405095,
              -0.7039307123
            ],
            [
              30.8304737658,
              -0.703921919
            ]
          ]
        ]
      },
      "properties": {
        "country": "Uganda",
        "country_code": "UGA",
        "species_name": "Eucalyptus_camaldulensis_S",
        "genus": "Eucalyptus",
        "species": "camaldulensis_S",
        "suitability_name": "Moderately suitable",
        "suitability_rank": 2,
        "soil_suitability": "S2",
        "soil_type": "Ferrallitic Soils",
        "soil_description": "Yellow soils - Sandy clay loams",
        "site_class": null,
        "maz": "III",
        "maz_zone": null,
        "tz": "4",
        "frost_risk": null,
        "source_layer": "SWIFT_SSMT_Uganda"
      }
    },
    {
      "type": "Feature",
      "geometry": {
        "type": "Polygon",
        "coordinates": [
          [
            [
              31.1812338081,
              -0.7005342509
            ],
            [
              31.1812217389,
              -0.6868075934
            ],
            [
              31.1895713311,
              -0.6868002193
            ],
            [
              31.1895497408,
              -0.6615845972
            ],
            [
              31.2062485698,
              -0.6615703498
            ],
            [
              31.2062345689,
              -0.6447602946
            ],
            [
              31.2145838207,
              -0.6447533317
            ],
            [
              31.2145634561,
              -0.6195385187
            ],
            [
              31.2062142446,
              -0.6195452096
            ],
            [
              31.2061760274,
              -0.5691150297
            ],
            [
              31.1978268001,
              -0.5691211636
            ],
            [
              31.197832932,
              -0.5775262843
            ],
            [
              31.1811341857,
              -0.5775386965
            ],
            [
              31.1811403833,
              -0.5859439994
            ],
            [
              31.1727908628,
              -0.585950277
            ],
            [
              31.172797137,
              -0.5943556684
            ],
            [
              31.1811466701,
              -0.5943493002
            ],
            [
              31.1811595127,
              -0.6111599019
            ],
            [
              31.1644603074,
              -0.6111729854
            ],
            [
              31.1644289969,
              -0.569145579
            ],
            [
              31.1477295582,
              -0.5691577137
            ],
            [
              31.1477356173,
              -0.577563375
            ],
            [
              31.1393857537,
              -0.577569513
            ],
            [
              31.1393981148,
              -0.5943810134
            ],
            [
              31.1310481355,
              -0.5943873181
            ],
            [
              31.1310608264,
              -0.6111989946
            ],
            [
              31.1227107345,
              -0.6112054645
            ],
            [
              31.1227439419,
              -0.6532350969
            ],
            [
              31.1143936948,
              -0.6532419985
            ],
            [
              31.1144075679,
              -0.6700540261
            ],
            [
              31.1311080291,
              -0.6700398543
            ],
            [
              31.1311151267,
              -0.6784456902
            ],
            [
              31.1394652389,
              -0.6784384936
            ],
            [
              31.1394724392,
              -0.6868442397
            ],
            [
              31.1561724263,
              -0.6868296248
            ],
            [
              31.1561776665,
              -0.6928589683
            ],
            [
              31.1622495591,
              -0.6952298
            ],
            [
              31.16452962,
              -0.6952277731
            ],
            [
              31.1645304032,
              -0.6961203705
            ],
            [
              31.1798928287,
              -0.7017738963
            ],
            [
              31.1812338081,
              -0.7005342509
            ]
          ]
        ]
      },
      "properties": {
        "country": "Uganda",
        "country_code": "UGA",
        "species_name": "Eucalyptus_camaldulensis_S",
        "genus": "Eucalyptus",
        "species": "camaldulensis_S",
        "suitability_name": "Moderately suitable",
        "suitability_rank": 2,
        "soil_suitability": "S2",
        "soil_type": "Ferrallitic Soils",
        "soil_description": "Yellow soils - Sandy clay loams",
        "site_class": null,
        "maz": "III",
        "maz_zone": null,
        "tz": "4",
        "frost_risk": null,
        "source_layer": "SWIFT_SSMT_Uganda"
      }
    },
    {
      "type": "Feature",
      "geometry": {
        "type": "Polygon",
        "coordinates": [
          [
            [
              31.0727054377,
              -0.7286544964
            ],
            [
              31.0727132979,
              -0.7373408338
            ],
            [
              31.0894148763,
              -0.7373253962
            ],
            [
              31.0893996849,
              -0.7205128441
            ],
            [
              31.0863935546,
              -0.7205155629
            ],
            [
              31.0782007272,
              -0.7267127203
            ],
            [
              31.0727054377,
              -0.7286544964
            ]
          ]
        ]
      },
      "properties": {
        "country": "Uganda",
        "country_code": "UGA",
        "species_name": "Eucalyptus_camaldulensis_S",
        "genus": "Eucalyptus",
        "species": "camaldulensis_S",
        "suitability_name": "Moderately suitable",
        "suitability_rank": 2,
        "soil_suitability": "S3",
        "soil_type": "Ferrallitic Soils",
        "soil_description": "Yellow soils - Sandy loams",
        "site_class": null,
        "maz": "III",
        "maz_zone": null,
        "tz": "3",
        "frost_risk": null,
        "source_layer": "SWIFT_SSMT_Uganda"
      }
    },
    {
      "type": "Feature",
      "geometry": {
        "type": "Polygon",
        "coordinates": [
          [
            [
              29.7022097844,
              -0.8646692107
            ],
            [
              29.702203857,
              -0.8562507723
            ],
            [
              29.6938408001,
              -0.8562567008
            ],
            [
              29.6938467087,
              -0.8646751973
            ],
            [
              29.7022097844,
              -0.8646692107
            ]
          ]
        ]
      },
      "properties": {
        "country": "Uganda",
        "country_code": "UGA",
        "species_name": "Eucalyptus_camaldulensis_S",
        "genus": "Eucalyptus",
        "species": "camaldulensis_S",
        "suitability_name": "Moderately suitable",
        "suitability_rank": 2,
        "soil_suitability": "S4",
        "soil_type": "Lithosols",
        "soil_description": "Not differentiated",
        "site_class": null,
        "maz": "I",
        "maz_zone": null,
        "tz": "4",
        "frost_risk": null,
        "source_layer": "SWIFT_SSMT_Uganda"
      }
    },
    {
      "type": "Feature",
      "geometry": {
        "type": "Polygon",
        "coordinates": [
          [
            [
              29.8862018185,
              -0.8897841509
            ],
            [
              29.8861953025,
              -0.881367041
            ],
            [
              29.8778335078,
              -0.8813735596
            ],
            [
              29.8778400044,
              -0.889790731
            ],
            [
              29.8862018185,
              -0.8897841509
            ]
          ]
        ]
      },
      "properties": {
        "country": "Uganda",
        "country_code": "UGA",
        "species_name": "Eucalyptus_camaldulensis_S",
        "genus": "Eucalyptus",
        "species": "camaldulensis_S",
        "suitability_name": "Moderately suitable",
        "suitability_rank": 2,
        "soil_suitability": "S4",
        "soil_type": "Lithosols",
        "soil_description": "Not differentiated",
        "site_class": null,
        "maz": "II",
        "maz_zone": null,
        "tz": "3",
        "frost_risk": null,
        "source_layer": "SWIFT_SSMT_Uganda"
      }
    },
    {
      "type": "Feature",
      "geometry": {
        "type": "Polygon",
        "coordinates": [
          [
            [
              29.8945701674,
              -0.8981945969
            ],
            [
              29.8945635706,
              -0.8897775503
            ],
            [
              29.8862018185,
              -0.8897841509
            ],
            [
              29.8862083966,
              -0.8982012592
            ],
            [
              29.8945701674,
              -0.8981945969
            ]
          ]
        ]
      },
      "properties": {
        "country": "Uganda",
        "country_code": "UGA",
        "species_name": "Eucalyptus_camaldulensis_S",
        "genus": "Eucalyptus",
        "species": "camaldulensis_S",
        "suitability_name": "Moderately suitable",
        "suitability_rank": 2,
        "soil_suitability": "S4",
        "soil_type": "Lithosols",
        "soil_description": "Not differentiated",
        "site_class": null,
        "maz": "II",
        "maz_zone": null,
        "tz": "3",
        "frost_risk": null,
        "source_layer": "SWIFT_SSMT_Uganda"
      }
    },
    {
      "type": "Feature",
      "geometry": {
        "type": "Polygon",
        "coordinates": [
          [
            [
              30.0450643113,
              -0.8896555059
            ],
            [
              30.0367037042,
              -0.8896624482
            ],
            [
              30.0367106235,
              -0.8980784051
            ],
            [
              30.0450712484,
              -0.8980713985
            ],
            [
              30.0450643113,
              -0.8896555059
            ]
          ]
        ]
      },
      "properties": {
        "country": "Uganda",
        "country_code": "UGA",
        "species_name": "Eucalyptus_camaldulensis_S",
        "genus": "Eucalyptus",
        "species": "camaldulensis_S",
        "suitability_name": "Moderately suitable",
        "suitability_rank": 2,
        "soil_suitability": "S4",
        "soil_type": "Lithosols",
        "soil_description": "Not differentiated",
        "site_class": null,
        "maz": "II",
        "maz_zone": null,
        "tz": "3",
        "frost_risk": null,
        "source_layer": "SWIFT_SSMT_Uganda"
      }
    },
    {
      "type": "Feature",
      "geometry": {
        "type": "Polygon",
        "coordinates": [
          [
            [
              30.0867904589,
              -0.8980361428
            ],
            [
              30.103593787,
              -0.8980218074
            ],
            [
              30.1035867155,
              -0.88960638
            ],
            [
              30.0952265708,
              -0.8896134551
            ],
            [
              30.095219584,
              -0.8811979613
            ],
            [
              30.0868593919,
              -0.8812049506
            ],
            [
              30.0868524912,
              -0.8727893888
            ],
            [
              30.0534111334,
              -0.8728168926
            ],
            [
              30.05341796,
              -0.8812327195
            ],
            [
              30.0450574381,
              -0.8812396135
            ],
            [
              30.0450643113,
              -0.8896555059
            ],
            [
              30.0785060811,
              -0.8896275484
            ],
            [
              30.0785096922,
              -0.8939696835
            ],
            [
              30.0867904589,
              -0.8980361428
            ]
          ]
        ]
      },
      "properties": {
        "country": "Uganda",
        "country_code": "UGA",
        "species_name": "Eucalyptus_camaldulensis_S",
        "genus": "Eucalyptus",
        "species": "camaldulensis_S",
        "suitability_name": "Moderately suitable",
        "suitability_rank": 2,
        "soil_suitability": "S4",
        "soil_type": "Lithosols",
        "soil_description": "Not differentiated",
        "site_class": null,
        "maz": "II",
        "maz_zone": null,
        "tz": "3",
        "frost_risk": null,
        "source_layer": "SWIFT_SSMT_Uganda"
      }
    },
    {
      "type": "Feature",
      "geometry": {
        "type": "Polygon",
        "coordinates": [
          [
            [
              29.9531144648,
              -0.9149806331
            ],
            [
              29.9531008156,
              -0.8981474261
            ],
            [
              29.9363780869,
              -0.8981609996
            ],
            [
              29.9363848414,
              -0.9065777306
            ],
            [
              29.9280233641,
              -0.9065845512
            ],
            [
              29.9280301628,
              -0.915001346
            ],
            [
              29.9531144648,
              -0.9149806331
            ]
          ]
        ]
      },
      "properties": {
        "country": "Uganda",
        "country_code": "UGA",
        "species_name": "Eucalyptus_camaldulensis_S",
        "genus": "Eucalyptus",
        "species": "camaldulensis_S",
        "suitability_name": "Moderately suitable",
        "suitability_rank": 2,
        "soil_suitability": "S4",
        "soil_type": "Lithosols",
        "soil_description": "Not differentiated",
        "site_class": null,
        "maz": "II",
        "maz_zone": null,
        "tz": "3",
        "frost_risk": null,
        "source_layer": "SWIFT_SSMT_Uganda"
      }
    },
    {
      "type": "Feature",
      "geometry": {
        "type": "Polygon",
        "coordinates": [
          [
            [
              30.2039253148,
              -0.9147638264
            ],
            [
              30.1955659225,
              -0.9147713371
            ],
            [
              30.1955585063,
              -0.9063566584
            ],
            [
              30.178839555,
              -0.9063714829
            ],
            [
              30.1788322457,
              -0.8979566673
            ],
            [
              30.1704726878,
              -0.8979639808
            ],
            [
              30.1704799782,
              -0.9063788657
            ],
            [
              30.1537606199,
              -0.9063935748
            ],
            [
              30.1537533663,
              -0.8979785531
            ],
            [
              30.1488484165,
              -0.897982813
            ],
            [
              30.1487257535,
              -0.9034409734
            ],
            [
              30.1485228722,
              -0.9074258888
            ],
            [
              30.1482995904,
              -0.9089314797
            ],
            [
              30.1485535756,
              -0.9101822737
            ],
            [
              30.1484487071,
              -0.9103292929
            ],
            [
              30.1478721018,
              -0.9098567728
            ],
            [
              30.1475205128,
              -0.9090314349
            ],
            [
              30.1467291362,
              -0.9087211823
            ],
            [
              30.1464849246,
              -0.9084836945
            ],
            [
              30.1458951244,
              -0.9075307523
            ],
            [
              30.1450949916,
              -0.9074231914
            ],
            [
              30.1444616966,
              -0.9070467407
            ],
            [
              30.1438511587,
              -0.9070474468
            ],
            [
              30.1419908917,
              -0.9074940393
            ],
            [
              30.1415710691,
              -0.9079409391
            ],
            [
              30.1390813677,
              -0.9089722715
            ],
            [
              30.1382079843,
              -0.9096881052
            ],
            [
              30.1374323452,
              -0.9099303871
            ],
            [
              30.1370183654,
              -0.9107198263
            ],
            [
              30.1365521019,
              -0.9107734643
            ],
            [
              30.1357781646,
              -0.9105828945
            ],
            [
              30.1353447448,
              -0.9117542541
            ],
            [
              30.1347534542,
              -0.91168075
            ],
            [
              30.1342612574,
              -0.9118383076
            ],
            [
              30.1342718025,
              -0.9125126165
            ],
            [
              30.1341414241,
              -0.9126300964
            ],
            [
              30.1313482768,
              -0.9120010841
            ],
            [
              30.1307026838,
              -0.9124806961
            ],
            [
              30.1300809157,
              -0.9126129673
            ],
            [
              30.1291280353,
              -0.913129678
            ],
            [
              30.1280720063,
              -0.9133667577
            ],
            [
              30.1268964764,
              -0.913441056
            ],
            [
              30.125134516,
              -0.9132047394
            ],
            [
              30.1246622856,
              -0.9129857419
            ],
            [
              30.1241304899,
              -0.9122708032
            ],
            [
              30.124189845,
              -0.9110401662
            ],
            [
              30.1224583597,
              -0.9087365022
            ],
            [
              30.1222820314,
              -0.9081023262
            ],
            [
              30.1213586781,
              -0.9074721895
            ],
            [
              30.1208766593,
              -0.9076088184
            ],
            [
              30.1205340007,
              -0.9078952879
            ],
            [
              30.1203223343,
              -0.9078729771
            ],
            [
              30.120328334,
              -0.91483805
            ],
            [
              30.1454081397,
              -0.914815988
            ],
            [
              30.1454155079,
              -0.9232310768
            ],
            [
              30.2039328196,
              -0.9231784347
            ],
            [
              30.2039253148,
              -0.9147638264
            ]
          ]
        ]
      },
      "properties": {
        "country": "Uganda",
        "country_code": "UGA",
        "species_name": "Eucalyptus_camaldulensis_S",
        "genus": "Eucalyptus",
        "species": "camaldulensis_S",
        "suitability_name": "Moderately suitable",
        "suitability_rank": 2,
        "soil_suitability": "S1",
        "soil_type": "Ferrallitic Soils",
        "soil_description": "Red soils - Not differentiated; sandy clay loams",
        "site_class": null,
        "maz": "III",
        "maz_zone": null,
        "tz": "3",
        "frost_risk": null,
        "source_layer": "SWIFT_SSMT_Uganda"
      }
    },
    {
      "type": "Feature",
      "geometry": {
        "type": "Polygon",
        "coordinates": [
          [
            [
              30.2624315498,
              -0.9062965872
            ],
            [
              30.2457137045,
              -0.9063117206
            ],
            [
              30.2457212377,
              -0.9147259814
            ],
            [
              30.2373621917,
              -0.9147335893
            ],
            [
              30.2373697751,
              -0.9231479202
            ],
            [
              30.2540878362,
              -0.9231325435
            ],
            [
              30.2540802143,
              -0.9147183543
            ],
            [
              30.2624391203,
              -0.9147107069
            ],
            [
              30.2624315498,
              -0.9062965872
            ]
          ]
        ]
      },
      "properties": {
        "country": "Uganda",
        "country_code": "UGA",
        "species_name": "Eucalyptus_camaldulensis_S",
        "genus": "Eucalyptus",
        "species": "camaldulensis_S",
        "suitability_name": "Moderately suitable",
        "suitability_rank": 2,
        "soil_suitability": "S1",
        "soil_type": "Ferrallitic Soils",
        "soil_description": "Red soils - Not differentiated; sandy clay loams",
        "site_class": null,
        "maz": "III",
        "maz_zone": null,
        "tz": "3",
        "frost_risk": null,
        "source_layer": "SWIFT_SSMT_Uganda"
      }
    },
    {
      "type": "Feature",
      "geometry": {
        "type": "Polygon",
        "coordinates": [
          [
            [
              30.2624467623,
              -0.923124826
            ],
            [
              30.2624391203,
              -0.9147107069
            ],
            [
              30.2540802143,
              -0.9147183543
            ],
            [
              30.2540878362,
              -0.9231325435
            ],
            [
              30.2624467623,
              -0.923124826
            ]
          ]
        ]
      },
      "properties": {
        "country": "Uganda",
        "country_code": "UGA",
        "species_name": "Eucalyptus_camaldulensis_S",
        "genus": "Eucalyptus",
        "species": "camaldulensis_S",
        "suitability_name": "Moderately suitable",
        "suitability_rank": 2,
        "soil_suitability": "S1",
        "soil_type": "Ferrallitic Soils",
        "soil_description": "Red soils - Not differentiated; sandy clay loams",
        "site_class": null,
        "maz": "III",
        "maz_zone": null,
        "tz": "4",
        "frost_risk": null,
        "source_layer": "SWIFT_SSMT_Uganda"
      }
    },
    {
      "type": "Feature",
      "geometry": {
        "type": "Polygon",
        "coordinates": [
          [
            [
              30.2708006015,
              -0.9176161094
            ],
            [
              30.2707979573,
              -0.9147030403
            ],
            [
              30.2687516607,
              -0.914704919
            ],
            [
              30.2700527018,
              -0.9170696385
            ],
            [
              30.2708006015,
              -0.9176161094
            ]
          ]
        ]
      },
      "properties": {
        "country": "Uganda",
        "country_code": "UGA",
        "species_name": "Eucalyptus_camaldulensis_S",
        "genus": "Eucalyptus",
        "species": "camaldulensis_S",
        "suitability_name": "Moderately suitable",
        "suitability_rank": 2,
        "soil_suitability": "S3",
        "soil_type": "Ferrallitic Soils",
        "soil_description": "Yellow soils - Sandy loams",
        "site_class": null,
        "maz": "III",
        "maz_zone": null,
        "tz": "3",
        "frost_risk": null,
        "source_layer": "SWIFT_SSMT_Uganda"
      }
    },
    {
      "type": "Feature",
      "geometry": {
        "type": "Polygon",
        "coordinates": [
          [
            [
              30.2708006015,
              -0.9176161094
            ],
            [
              30.2700527018,
              -0.9170696385
            ],
            [
              30.2687516607,
              -0.914704919
            ],
            [
              30.2624391203,
              -0.9147107069
            ],
            [
              30.2624467623,
              -0.923124826
            ],
            [
              30.2708056177,
              -0.923117089
            ],
            [
              30.2708006015,
              -0.9176161094
            ]
          ]
        ]
      },
      "properties": {
        "country": "Uganda",
        "country_code": "UGA",
        "species_name": "Eucalyptus_camaldulensis_S",
        "genus": "Eucalyptus",
        "species": "camaldulensis_S",
        "suitability_name": "Moderately suitable",
        "suitability_rank": 2,
        "soil_suitability": "S1",
        "soil_type": "Ferrallitic Soils",
        "soil_description": "Red soils - Not differentiated; sandy clay loams",
        "site_class": null,
        "maz": "III",
        "maz_zone": null,
        "tz": "3",
        "frost_risk": null,
        "source_layer": "SWIFT_SSMT_Uganda"
      }
    },
    {
      "type": "Feature",
      "geometry": {
        "type": "Polygon",
        "coordinates": [
          [
            [
              30.2540878362,
              -0.9231325435
            ],
            [
              30.2540955278,
              -0.9315467329
            ],
            [
              30.2624544734,
              -0.9315389461
            ],
            [
              30.2624467623,
              -0.923124826
            ],
            [
              30.2540878362,
              -0.9231325435
            ]
          ]
        ]
      },
      "properties": {
        "country": "Uganda",
        "country_code": "UGA",
        "species_name": "Eucalyptus_camaldulensis_S",
        "genus": "Eucalyptus",
        "species": "camaldulensis_S",
        "suitability_name": "Moderately suitable",
        "suitability_rank": 2,
        "soil_suitability": "S1",
        "soil_type": "Ferrallitic Soils",
        "soil_description": "Red soils - Not differentiated; sandy clay loams",
        "site_class": null,
        "maz": "III",
        "maz_zone": null,
        "tz": "3",
        "frost_risk": null,
        "source_layer": "SWIFT_SSMT_Uganda"
      }
    },
    {
      "type": "Feature",
      "geometry": {
        "type": "Polygon",
        "coordinates": [
          [
            [
              30.4380091265,
              -0.9650212044
            ],
            [
              30.4379840885,
              -0.9397834081
            ],
            [
              30.429626631,
              -0.9397916878
            ],
            [
              30.4296432088,
              -0.9566170337
            ],
            [
              30.4212856369,
              -0.9566254418
            ],
            [
              30.4212940153,
              -0.9650381874
            ],
            [
              30.4380091265,
              -0.9650212044
            ]
          ]
        ]
      },
      "properties": {
        "country": "Uganda",
        "country_code": "UGA",
        "species_name": "Eucalyptus_camaldulensis_S",
        "genus": "Eucalyptus",
        "species": "camaldulensis_S",
        "suitability_name": "Moderately suitable",
        "suitability_rank": 2,
        "soil_suitability": "S3",
        "soil_type": "Ferrallitic Soils",
        "soil_description": "Yellow soils - Sandy loams",
        "site_class": null,
        "maz": "III",
        "maz_zone": null,
        "tz": "4",
        "frost_risk": null,
        "source_layer": "SWIFT_SSMT_Uganda"
      }
    },
    {
      "type": "Feature",
      "geometry": {
        "type": "Polygon",
        "coordinates": [
          [
            [
              31.1397700158,
              -0.9726393554
            ],
            [
              31.1397496732,
              -0.9558278928
            ],
            [
              31.1481002667,
              -0.9558177332
            ],
            [
              31.1480802384,
              -0.9390064487
            ],
            [
              31.1564307031,
              -0.9389964472
            ],
            [
              31.1564208022,
              -0.9305908932
            ],
            [
              31.1397198251,
              -0.930610696
            ],
            [
              31.1397296854,
              -0.9390164287
            ],
            [
              31.1313790432,
              -0.9390263891
            ],
            [
              31.1313989907,
              -0.9558380314
            ],
            [
              31.123048221,
              -0.9558481509
            ],
            [
              31.1230583068,
              -0.9642540612
            ],
            [
              31.1147074284,
              -0.964264248
            ],
            [
              31.1147175818,
              -0.9726702457
            ],
            [
              31.1063665946,
              -0.9726805013
            ],
            [
              31.1063768162,
              -0.9810865873
            ],
            [
              31.0896745352,
              -0.9811072128
            ],
            [
              31.089684804,
              -0.9895134745
            ],
            [
              31.0813335104,
              -0.9895238448
            ],
            [
              31.0813232641,
              -0.9811174937
            ],
            [
              31.0729719042,
              -0.981127754
            ],
            [
              31.0729517119,
              -0.9643148758
            ],
            [
              31.0813030312,
              -0.9643047911
            ],
            [
              31.0812930455,
              -0.9558984395
            ],
            [
              31.089644256,
              -0.955888423
            ],
            [
              31.0896245085,
              -0.9390758943
            ],
            [
              31.1063265865,
              -0.9390561514
            ],
            [
              31.106316804,
              -0.9306500642
            ],
            [
              31.114667692,
              -0.9306402509
            ],
            [
              31.1146579786,
              -0.9222342509
            ],
            [
              31.123008758,
              -0.9222245082
            ],
            [
              31.1229991132,
              -0.9138185957
            ],
            [
              31.1313497847,
              -0.9138089223
            ],
            [
              31.1313402097,
              -0.9054030983
            ],
            [
              31.1396907735,
              -0.9053934944
            ],
            [
              31.139681267,
              -0.8969877592
            ],
            [
              31.1146293669,
              -0.8970162469
            ],
            [
              31.1146388156,
              -0.9054222485
            ],
            [
              31.1062879866,
              -0.9054317948
            ],
            [
              31.1063071108,
              -0.9222439743
            ],
            [
              31.0645514554,
              -0.9222922974
            ],
            [
              31.0645610514,
              -0.9306988276
            ],
            [
              31.0562096389,
              -0.9307085212
            ],
            [
              31.056219302,
              -0.9391151367
            ],
            [
              31.0478677828,
              -0.9391248985
            ],
            [
              31.0478873302,
              -0.9559383049
            ],
            [
              31.0395356845,
              -0.9559482211
            ],
            [
              31.0395258875,
              -0.9475414304
            ],
            [
              31.0144704898,
              -0.9475707937
            ],
            [
              31.0144608396,
              -0.9391637427
            ],
            [
              31.0061088881,
              -0.9391734034
            ],
            [
              31.0060898842,
              -0.9223591266
            ],
            [
              30.9977378864,
              -0.9223685946
            ],
            [
              30.9977473256,
              -0.9307758204
            ],
            [
              30.9893952226,
              -0.9307853545
            ],
            [
              30.9894143194,
              -0.9475999762
            ],
            [
              31.0061185187,
              -0.947580542
            ],
            [
              31.006138038,
              -0.9643948158
            ],
            [
              31.014490049,
              -0.964384895
            ],
            [
              31.0145099532,
              -0.9811989942
            ],
            [
              31.0228619195,
              -0.9811888793
            ],
            [
              31.0228720216,
              -0.9895958413
            ],
            [
              31.0145200338,
              -0.9896060422
            ],
            [
              31.0145286883,
              -0.9967669822
            ],
            [
              31.0382877072,
              -0.9967100004
            ],
            [
              31.0400977058,
              -0.9971
            ],
            [
              31.0409577063,
              -0.9974299997
            ],
            [
              31.0415277072,
              -0.9974299994
            ],
            [
              31.0423877079,
              -0.998
            ],
            [
              31.0430077069,
              -0.9981800002
            ],
            [
              31.0432177069,
              -0.9984800002
            ],
            [
              31.0441855317,
              -0.9984949561
            ],
            [
              31.04463003,
              -0.9980399999
            ],
            [
              31.0450200289,
              -0.997909999
            ],
            [
              31.0453100295,
              -0.9980399997
            ],
            [
              31.0460333499,
              -0.9980658323
            ],
            [
              31.0464477073,
              -0.9979100005
            ],
            [
              31.0469283179,
              -0.9980468075
            ],
            [
              31.0477200293,
              -0.9976499995
            ],
            [
              31.0479300299,
              -0.9972599993
            ],
            [
              31.0524031349,
              -0.9971734164
            ],
            [
              31.0529300291,
              -0.9968099993
            ],
            [
              31.0529500289,
              -0.99657
            ],
            [
              31.0541600292,
              -0.9967199999
            ],
            [
              31.054364968,
              -0.99672286
            ],
            [
              31.0543777059,
              -0.9965699995
            ],
            [
              31.0573924718,
              -0.9967451822
            ],
            [
              31.0792895271,
              -0.9967359341
            ],
            [
              31.0905200287,
              -0.9965600001
            ],
            [
              31.1013005742,
              -0.9966830213
            ],
            [
              31.114746965,
              -0.9965937927
            ],
            [
              31.1147381561,
              -0.9894822398
            ],
            [
              31.1230890966,
              -0.9894717862
            ],
            [
              31.1230684822,
              -0.9726599697
            ],
            [
              31.1397700158,
              -0.9726393554
            ]
          ]
        ]
      },
      "properties": {
        "country": "Uganda",
        "country_code": "UGA",
        "species_name": "Eucalyptus_camaldulensis_S",
        "genus": "Eucalyptus",
        "species": "camaldulensis_S",
        "suitability_name": "Moderately suitable",
        "suitability_rank": 2,
        "soil_suitability": "S3",
        "soil_type": "Ferrallitic Soils",
        "soil_description": "Yellow soils - Sandy loams",
        "site_class": null,
        "maz": "III",
        "maz_zone": null,
        "tz": "3",
        "frost_risk": null,
        "source_layer": "SWIFT_SSMT_Uganda"
      }
    },
    {
      "type": "Feature",
      "geometry": {
        "type": "Polygon",
        "coordinates": [
          [
            [
              31.0141810915,
              0.6497729346
            ],
            [
              31.0141877816,
              0.6581800004
            ],
            [
              31.005836394,
              0.658186771
            ],
            [
              31.0058297189,
              0.6497796185
            ],
            [
              31.0141810915,
              0.6497729346
            ]
          ]
        ]
      },
      "properties": {
        "country": "Uganda",
        "country_code": "UGA",
        "species_name": "Eucalyptus_camaldulensis_S",
        "genus": "Eucalyptus",
        "species": "camaldulensis_S",
        "suitability_name": "Moderately suitable",
        "suitability_rank": 2,
        "soil_suitability": "S4",
        "soil_type": "Lithosols",
        "soil_description": "Not differentiated",
        "site_class": null,
        "maz": "I",
        "maz_zone": null,
        "tz": "3",
        "frost_risk": null,
        "source_layer": "SWIFT_SSMT_Uganda"
      }
    },
    {
      "type": "Feature",
      "geometry": {
        "type": "Polygon",
        "coordinates": [
          [
            [
              31.0141679709,
              0.6329588015
            ],
            [
              31.0141744886,
              0.6413658686
            ],
            [
              31.0058231288,
              0.6413724649
            ],
            [
              31.0058166248,
              0.632965312
            ],
            [
              31.0141679709,
              0.6329588015
            ]
          ]
        ]
      },
      "properties": {
        "country": "Uganda",
        "country_code": "UGA",
        "species_name": "Eucalyptus_camaldulensis_S",
        "genus": "Eucalyptus",
        "species": "camaldulensis_S",
        "suitability_name": "Moderately suitable",
        "suitability_rank": 2,
        "soil_suitability": "S4",
        "soil_type": "Lithosols",
        "soil_description": "Not differentiated",
        "site_class": null,
        "maz": "I",
        "maz_zone": null,
        "tz": "3",
        "frost_risk": null,
        "source_layer": "SWIFT_SSMT_Uganda"
      }
    },
    {
      "type": "Feature",
      "geometry": {
        "type": "Polygon",
        "coordinates": [
          [
            [
              30.0530707505,
              0.1602084674
            ],
            [
              30.0385781156,
              0.165074335
            ],
            [
              30.0363521971,
              0.1646389564
            ],
            [
              30.0363506264,
              0.1539183637
            ],
            [
              30.0279909231,
              0.1539195625
            ],
            [
              30.0279886772,
              0.1370874698
            ],
            [
              30.0216001016,
              0.1370882835
            ],
            [
              30.0157787591,
              0.1281456013
            ],
            [
              30.0122157377,
              0.1159547611
            ],
            [
              30.0043781044,
              0.0958757308
            ],
            [
              29.9954728987,
              0.0844022117
            ],
            [
              29.9840749899,
              0.0797416087
            ],
            [
              29.9716093914,
              0.0879898553
            ],
            [
              29.9609244722,
              0.0944452102
            ],
            [
              29.9527441464,
              0.0951322077
            ],
            [
              29.9527434523,
              0.0865971738
            ],
            [
              29.9443831287,
              0.0865978297
            ],
            [
              29.9443814628,
              0.0613477561
            ],
            [
              29.9527417822,
              0.0613472917
            ],
            [
              29.9527413521,
              0.0529306648
            ],
            [
              29.9694617984,
              0.0529298602
            ],
            [
              29.9694614295,
              0.0445133599
            ],
            [
              29.9861816187,
              0.0445126804
            ],
            [
              29.9861819898,
              0.0529290516
            ],
            [
              29.9945419892,
              0.052928645
            ],
            [
              29.9945424259,
              0.0613449514
            ],
            [
              30.0029023621,
              0.0613444794
            ],
            [
              30.0029040608,
              0.086593204
            ],
            [
              30.0112639374,
              0.0865925358
            ],
            [
              30.0112646345,
              0.0950087132
            ],
            [
              30.0196244491,
              0.0950079776
            ],
            [
              30.0196252126,
              0.1034240888
            ],
            [
              30.0196260411,
              0.1118402001
            ],
            [
              30.0279857953,
              0.111839332
            ],
            [
              30.0279866907,
              0.1202553778
            ],
            [
              30.0363463823,
              0.120254443
            ],
            [
              30.0363473458,
              0.1286704232
            ],
            [
              30.0363494674,
              0.1455023839
            ],
            [
              30.0447091019,
              0.1455012484
            ],
            [
              30.0447102634,
              0.1539171639
            ],
            [
              30.0530698374,
              0.1539159588
            ],
            [
              30.0530707505,
              0.1602084674
            ]
          ]
        ]
      },
      "properties": {
        "country": "Uganda",
        "country_code": "UGA",
        "species_name": "Eucalyptus_camaldulensis_S",
        "genus": "Eucalyptus",
        "species": "camaldulensis_S",
        "suitability_name": "Moderately suitable",
        "suitability_rank": 2,
        "soil_suitability": "S4",
        "soil_type": "Lithosols",
        "soil_description": "Not differentiated",
        "site_class": null,
        "maz": "I",
        "maz_zone": null,
        "tz": "3",
        "frost_risk": null,
        "source_layer": "SWIFT_SSMT_Uganda"
      }
    },
    {
      "type": "Feature",
      "geometry": {
        "type": "Polygon",
        "coordinates": [
          [
            [
              29.9200391583,
              0.1034334787
            ],
            [
              29.9164016719,
              0.1059241345
            ],
            [
              29.9074969292,
              0.1084351815
            ],
            [
              29.9003726567,
              0.1059256484
            ],
            [
              29.881135491,
              0.0808248246
            ],
            [
              29.8798094412,
              0.0781856516
            ],
            [
              29.8942192558,
              0.0781846526
            ],
            [
              29.8942198634,
              0.0866017219
            ],
            [
              29.9109412026,
              0.0866004319
            ],
            [
              29.9109418757,
              0.0950173765
            ],
            [
              29.9193024536,
              0.0950166655
            ],
            [
              29.9193031924,
              0.1034335463
            ],
            [
              29.9200391583,
              0.1034334787
            ]
          ]
        ]
      },
      "properties": {
        "country": "Uganda",
        "country_code": "UGA",
        "species_name": "Eucalyptus_camaldulensis_S",
        "genus": "Eucalyptus",
        "species": "camaldulensis_S",
        "suitability_name": "Moderately suitable",
        "suitability_rank": 2,
        "soil_suitability": "S4",
        "soil_type": "Lithosols",
        "soil_description": "Not differentiated",
        "site_class": null,
        "maz": "I",
        "maz_zone": null,
        "tz": "3",
        "frost_risk": null,
        "source_layer": "SWIFT_SSMT_Uganda"
      }
    },
    {
      "type": "Feature",
      "geometry": {
        "type": "Polygon",
        "coordinates": [
          [
            [
              30.0865175687,
              0.2128201919
            ],
            [
              30.086519276,
              0.2212357744
            ],
            [
              30.0948785504,
              0.2212340205
            ],
            [
              30.0948821745,
              0.2380650519
            ],
            [
              30.1032413935,
              0.238063159
            ],
            [
              30.1032452917,
              0.2548940569
            ],
            [
              30.0948860632,
              0.2548960836
            ],
            [
              30.0948882781,
              0.2640032824
            ],
            [
              30.0836673558,
              0.2563052262
            ],
            [
              30.0764473769,
              0.2475106726
            ],
            [
              30.0760225804,
              0.2464849706
            ],
            [
              30.0781654386,
              0.2464844725
            ],
            [
              30.0781635379,
              0.2380688231
            ],
            [
              30.0726222892,
              0.2380700683
            ],
            [
              30.0713136336,
              0.2237999829
            ],
            [
              30.0663722093,
              0.2098415414
            ],
            [
              30.0624855282,
              0.2044092449
            ],
            [
              30.0697971972,
              0.2044078374
            ],
            [
              30.0697988292,
              0.2128235543
            ],
            [
              30.0865175687,
              0.2128201919
            ]
          ]
        ]
      },
      "properties": {
        "country": "Uganda",
        "country_code": "UGA",
        "species_name": "Eucalyptus_camaldulensis_S",
        "genus": "Eucalyptus",
        "species": "camaldulensis_S",
        "suitability_name": "Moderately suitable",
        "suitability_rank": 2,
        "soil_suitability": "S4",
        "soil_type": "Lithosols",
        "soil_description": "Not differentiated",
        "site_class": null,
        "maz": "I",
        "maz_zone": null,
        "tz": "3",
        "frost_risk": null,
        "source_layer": "SWIFT_SSMT_Uganda"
      }
    },
    {
      "type": "Feature",
      "geometry": {
        "type": "Polygon",
        "coordinates": [
          [
            [
              30.2206041883,
              0.8691224716
            ],
            [
              30.2206185954,
              0.8859514155
            ],
            [
              30.2122594072,
              0.8859587276
            ],
            [
              30.2122652883,
              0.8927551218
            ],
            [
              30.1955340863,
              0.8780823592
            ],
            [
              30.1955265268,
              0.8691439344
            ],
            [
              30.1893627315,
              0.8691491842
            ],
            [
              30.1871642901,
              0.8657131125
            ],
            [
              30.1871531842,
              0.8523215521
            ],
            [
              30.1871462945,
              0.8439068026
            ],
            [
              30.1787869227,
              0.8439136944
            ],
            [
              30.1787801195,
              0.8354988756
            ],
            [
              30.1787733832,
              0.827084056
            ],
            [
              30.1709709613,
              0.8270903444
            ],
            [
              30.170412689,
              0.8254651866
            ],
            [
              30.1704069713,
              0.8182209345
            ],
            [
              30.1710138236,
              0.8189799092
            ],
            [
              30.1827720617,
              0.8257821694
            ],
            [
              30.1871320391,
              0.8262249411
            ],
            [
              30.1871394729,
              0.8354920522
            ],
            [
              30.2122171219,
              0.8354714748
            ],
            [
              30.2122096366,
              0.8262131512
            ],
            [
              30.2162488642,
              0.8253965242
            ],
            [
              30.2255059812,
              0.8225210273
            ],
            [
              30.2297749299,
              0.8167816874
            ],
            [
              30.229769702,
              0.8102137648
            ],
            [
              30.2372737828,
              0.8102077305
            ],
            [
              30.237294151,
              0.8354507358
            ],
            [
              30.2289352109,
              0.8354576665
            ],
            [
              30.2289421223,
              0.8438720708
            ],
            [
              30.2205830939,
              0.8438790535
            ],
            [
              30.2205970877,
              0.8607079994
            ],
            [
              30.212237955,
              0.860715102
            ],
            [
              30.2122450358,
              0.8691296444
            ],
            [
              30.2206041883,
              0.8691224716
            ]
          ]
        ]
      },
      "properties": {
        "country": "Uganda",
        "country_code": "UGA",
        "species_name": "Eucalyptus_camaldulensis_S",
        "genus": "Eucalyptus",
        "species": "camaldulensis_S",
        "suitability_name": "Moderately suitable",
        "suitability_rank": 2,
        "soil_suitability": "S4",
        "soil_type": "Lithosols",
        "soil_description": "Not differentiated",
        "site_class": null,
        "maz": "I",
        "maz_zone": null,
        "tz": "3",
        "frost_risk": null,
        "source_layer": "SWIFT_SSMT_Uganda"
      }
    },
    {
      "type": "Feature",
      "geometry": {
        "type": "Polygon",
        "coordinates": [
          [
            [
              30.2013614809,
              0.3895042479
            ],
            [
              30.1927774265,
              0.402513199
            ],
            [
              30.1837597866,
              0.4125549735
            ],
            [
              30.1742671214,
              0.4221190937
            ],
            [
              30.1647716829,
              0.4249911103
            ],
            [
              30.1534555515,
              0.4275851378
            ],
            [
              30.1534537632,
              0.4231826165
            ],
            [
              30.1618126666,
              0.4231791874
            ],
            [
              30.1618092897,
              0.4147642147
            ],
            [
              30.153742052,
              0.4147674589
            ],
            [
              30.1540308103,
              0.4002442547
            ],
            [
              30.1525985612,
              0.3794507185
            ],
            [
              30.1490321962,
              0.3651112263
            ],
            [
              30.1408364733,
              0.3511317226
            ],
            [
              30.130505837,
              0.34253058
            ],
            [
              30.1219576903,
              0.3396651553
            ],
            [
              30.1098494717,
              0.3411032229
            ],
            [
              30.1167759507,
              0.3212757613
            ],
            [
              30.1248402822,
              0.2935470817
            ],
            [
              30.1283313112,
              0.2887893924
            ],
            [
              30.1283384507,
              0.3137946674
            ],
            [
              30.1366974547,
              0.3137921446
            ],
            [
              30.1367026058,
              0.3306225003
            ],
            [
              30.1450615567,
              0.3306198363
            ],
            [
              30.1450698118,
              0.355865165
            ],
            [
              30.161787553,
              0.3558594059
            ],
            [
              30.1617847188,
              0.3474444332
            ],
            [
              30.1785021749,
              0.3474387802
            ],
            [
              30.1785109261,
              0.37268329
            ],
            [
              30.1701522089,
              0.3726863247
            ],
            [
              30.1701552543,
              0.3811012298
            ],
            [
              30.1785139792,
              0.381098125
            ],
            [
              30.178517101,
              0.3895129614
            ],
            [
              30.2013614809,
              0.3895042479
            ]
          ]
        ]
      },
      "properties": {
        "country": "Uganda",
        "country_code": "UGA",
        "species_name": "Eucalyptus_camaldulensis_S",
        "genus": "Eucalyptus",
        "species": "camaldulensis_S",
        "suitability_name": "Moderately suitable",
        "suitability_rank": 2,
        "soil_suitability": "S4",
        "soil_type": "Lithosols",
        "soil_description": "Not differentiated",
        "site_class": null,
        "maz": "I",
        "maz_zone": null,
        "tz": "3",
        "frost_risk": null,
        "source_layer": "SWIFT_SSMT_Uganda"
      }
    },
    {
      "type": "Feature",
      "geometry": {
        "type": "Polygon",
        "coordinates": [
          [
            [
              30.5213046508,
              0.6438417591
            ],
            [
              30.5214315319,
              0.6436882699
            ],
            [
              30.5252289271,
              0.6436856259
            ],
            [
              30.5318746615,
              0.6441588298
            ],
            [
              30.5399466677,
              0.647975862
            ],
            [
              30.5465949778,
              0.6522716562
            ],
            [
              30.5546706403,
              0.6613446266
            ],
            [
              30.5679675588,
              0.6704135891
            ],
            [
              30.5765172268,
              0.678530167
            ],
            [
              30.5879219716,
              0.6962006072
            ],
            [
              30.596471392,
              0.7038389209
            ],
            [
              30.6225897965,
              0.7210190278
            ],
            [
              30.6401636245,
              0.7367716977
            ],
            [
              30.6529921383,
              0.7534832343
            ],
            [
              30.6710338678,
              0.7611121916
            ],
            [
              30.6947788149,
              0.7782908378
            ],
            [
              30.7057020605,
              0.7868806122
            ],
            [
              30.7080869513,
              0.8002553388
            ],
            [
              30.7047747305,
              0.8112465336
            ],
            [
              30.6919614022,
              0.8122138457
            ],
            [
              30.6796160214,
              0.8060143077
            ],
            [
              30.6629943538,
              0.7945629449
            ],
            [
              30.6378207244,
              0.7730851322
            ],
            [
              30.6140758025,
              0.7573383157
            ],
            [
              30.5969738398,
              0.7391960775
            ],
            [
              30.5934037371,
              0.7342044355
            ],
            [
              30.596574219,
              0.7342018653
            ],
            [
              30.5965675279,
              0.7257906982
            ],
            [
              30.5882119493,
              0.7257973869
            ],
            [
              30.5882053513,
              0.7173861418
            ],
            [
              30.579849711,
              0.717392738
            ],
            [
              30.5798432038,
              0.7089814142
            ],
            [
              30.5714875035,
              0.7089879181
            ],
            [
              30.57147475,
              0.692165116
            ],
            [
              30.5631190011,
              0.6921714517
            ],
            [
              30.5631127532,
              0.6837599726
            ],
            [
              30.5547569442,
              0.6837662161
            ],
            [
              30.5547507868,
              0.6753546598
            ],
            [
              30.5296829442,
              0.6753730731
            ],
            [
              30.5296650574,
              0.650137716
            ],
            [
              30.5213090007,
              0.6501435957
            ],
            [
              30.5213046508,
              0.6438417591
            ]
          ]
        ]
      },
      "properties": {
        "country": "Uganda",
        "country_code": "UGA",
        "species_name": "Eucalyptus_camaldulensis_S",
        "genus": "Eucalyptus",
        "species": "camaldulensis_S",
        "suitability_name": "Moderately suitable",
        "suitability_rank": 2,
        "soil_suitability": "S4",
        "soil_type": "Lithosols",
        "soil_description": "Not differentiated",
        "site_class": null,
        "maz": "I",
        "maz_zone": null,
        "tz": "3",
        "frost_risk": null,
        "source_layer": "SWIFT_SSMT_Uganda"
      }
    },
    {
      "type": "Feature",
      "geometry": {
        "type": "Polygon",
        "coordinates": [
          [
            [
              30.5823722473,
              0.868217287
            ],
            [
              30.5576963473,
              0.8758859721
            ],
            [
              30.542514521,
              0.8845014585
            ],
            [
              30.5268455283,
              0.8802159307
            ],
            [
              30.5192436196,
              0.8730554918
            ],
            [
              30.5146412399,
              0.8656582786
            ],
            [
              30.514488196,
              0.8639808719
            ],
            [
              30.5163817438,
              0.8582449479
            ],
            [
              30.5258665731,
              0.8482014721
            ],
            [
              30.5320336955,
              0.8438952594
            ],
            [
              30.5576606111,
              0.8371821697
            ],
            [
              30.5794916146,
              0.8328618216
            ],
            [
              30.5875604592,
              0.8323766172
            ],
            [
              30.6089151935,
              0.8271011996
            ],
            [
              30.6302759027,
              0.8289927122
            ],
            [
              30.6483168091,
              0.8342315504
            ],
            [
              30.6687291925,
              0.838034552
            ],
            [
              30.6844077377,
              0.8552190001
            ],
            [
              30.6834644618,
              0.8614307711
            ],
            [
              30.6758724426,
              0.8633492113
            ],
            [
              30.6654321557,
              0.8647926733
            ],
            [
              30.6402735433,
              0.8614726071
            ],
            [
              30.6070469907,
              0.8600710566
            ],
            [
              30.5823722473,
              0.868217287
            ]
          ]
        ]
      },
      "properties": {
        "country": "Uganda",
        "country_code": "UGA",
        "species_name": "Eucalyptus_camaldulensis_S",
        "genus": "Eucalyptus",
        "species": "camaldulensis_S",
        "suitability_name": "Moderately suitable",
        "suitability_rank": 2,
        "soil_suitability": "S4",
        "soil_type": "Lithosols",
        "soil_description": "Not differentiated",
        "site_class": null,
        "maz": "I",
        "maz_zone": null,
        "tz": "3",
        "frost_risk": null,
        "source_layer": "SWIFT_SSMT_Uganda"
      }
    },
    {
      "type": "Feature",
      "geometry": {
        "type": "Polygon",
        "coordinates": [
          [
            [
              30.6386483311,
              1.0384191199
            ],
            [
              30.6541773078,
              1.0621693439
            ],
            [
              30.6470317275,
              1.0621778498
            ],
            [
              30.647021893,
              1.0537671694
            ],
            [
              30.6386660456,
              1.0537770172
            ],
            [
              30.638656312,
              1.0453662579
            ],
            [
              30.6386483311,
              1.0384191199
            ]
          ]
        ]
      },
      "properties": {
        "country": "Uganda",
        "country_code": "UGA",
        "species_name": "Eucalyptus_camaldulensis_S",
        "genus": "Eucalyptus",
        "species": "camaldulensis_S",
        "suitability_name": "Moderately suitable",
        "suitability_rank": 2,
        "soil_suitability": "S4",
        "soil_type": "Lithosols",
        "soil_description": "Not differentiated",
        "site_class": null,
        "maz": "I",
        "maz_zone": null,
        "tz": "3",
        "frost_risk": null,
        "source_layer": "SWIFT_SSMT_Uganda"
      }
    },
    {
      "type": "Feature",
      "geometry": {
        "type": "Polygon",
        "coordinates": [
          [
            [
              30.6219123301,
              1.0170257632
            ],
            [
              30.6376970613,
              1.036956597
            ],
            [
              30.6302907742,
              1.0369651656
            ],
            [
              30.6302812195,
              1.0285543261
            ],
            [
              30.621925282,
              1.0285638947
            ],
            [
              30.6219123301,
              1.0170257632
            ]
          ]
        ]
      },
      "properties": {
        "country": "Uganda",
        "country_code": "UGA",
        "species_name": "Eucalyptus_camaldulensis_S",
        "genus": "Eucalyptus",
        "species": "camaldulensis_S",
        "suitability_name": "Moderately suitable",
        "suitability_rank": 2,
        "soil_suitability": "S4",
        "soil_type": "Lithosols",
        "soil_description": "Not differentiated",
        "site_class": null,
        "maz": "I",
        "maz_zone": null,
        "tz": "3",
        "frost_risk": null,
        "source_layer": "SWIFT_SSMT_Uganda"
      }
    },
    {
      "type": "Feature",
      "geometry": {
        "type": "Polygon",
        "coordinates": [
          [
            [
              30.5968180534,
              0.9932398902
            ],
            [
              30.5988701921,
              0.9949456039
            ],
            [
              30.5968199037,
              0.9949478572
            ],
            [
              30.5968180534,
              0.9932398902
            ]
          ]
        ]
      },
      "properties": {
        "country": "Uganda",
        "country_code": "UGA",
        "species_name": "Eucalyptus_camaldulensis_S",
        "genus": "Eucalyptus",
        "species": "camaldulensis_S",
        "suitability_name": "Moderately suitable",
        "suitability_rank": 2,
        "soil_suitability": "S4",
        "soil_type": "Lithosols",
        "soil_description": "Not differentiated",
        "site_class": null,
        "maz": "I",
        "maz_zone": null,
        "tz": "3",
        "frost_risk": null,
        "source_layer": "SWIFT_SSMT_Uganda"
      }
    },
    {
      "type": "Feature",
      "geometry": {
        "type": "Polygon",
        "coordinates": [
          [
            [
              30.5884544048,
              0.9862880247
            ],
            [
              30.5887641151,
              0.9865454594
            ],
            [
              30.588454681,
              0.9865457966
            ],
            [
              30.5884544048,
              0.9862880247
            ]
          ]
        ]
      },
      "properties": {
        "country": "Uganda",
        "country_code": "UGA",
        "species_name": "Eucalyptus_camaldulensis_S",
        "genus": "Eucalyptus",
        "species": "camaldulensis_S",
        "suitability_name": "Moderately suitable",
        "suitability_rank": 2,
        "soil_suitability": "S4",
        "soil_type": "Lithosols",
        "soil_description": "Not differentiated",
        "site_class": null,
        "maz": "I",
        "maz_zone": null,
        "tz": "3",
        "frost_risk": null,
        "source_layer": "SWIFT_SSMT_Uganda"
      }
    },
    {
      "type": "Feature",
      "geometry": {
        "type": "Polygon",
        "coordinates": [
          [
            [
              30.6132775959,
              0.9217007792
            ],
            [
              30.6132829151,
              0.9269565268
            ],
            [
              30.604750683,
              0.938432498
            ],
            [
              30.5928913133,
              0.9456118924
            ],
            [
              30.5838863186,
              0.9589999883
            ],
            [
              30.5801064244,
              0.9757274382
            ],
            [
              30.5819091937,
              0.9781416017
            ],
            [
              30.5800895005,
              0.9781435587
            ],
            [
              30.5800806132,
              0.9697322477
            ],
            [
              30.5717243612,
              0.9697411442
            ],
            [
              30.5717155721,
              0.9613297576
            ],
            [
              30.5633592625,
              0.9613385562
            ],
            [
              30.5633505696,
              0.9529270906
            ],
            [
              30.554994205,
              0.9529357926
            ],
            [
              30.5549856088,
              0.9445242501
            ],
            [
              30.5466291883,
              0.9445328541
            ],
            [
              30.5466377638,
              0.9529444737
            ],
            [
              30.5299246542,
              0.9529617746
            ],
            [
              30.5299161176,
              0.9445500034
            ],
            [
              30.5215594694,
              0.9445585468
            ],
            [
              30.5215510294,
              0.9361466986
            ],
            [
              30.5131943259,
              0.9361551459
            ],
            [
              30.5131859803,
              0.9277432215
            ],
            [
              30.4964723857,
              0.9277599061
            ],
            [
              30.4964641552,
              0.9193478301
            ],
            [
              30.4881072642,
              0.919356067
            ],
            [
              30.4880991281,
              0.9109439146
            ],
            [
              30.4630280665,
              0.9109682835
            ],
            [
              30.4630200639,
              0.9025559056
            ],
            [
              30.4340285844,
              0.902583608
            ],
            [
              30.4228926114,
              0.8932166887
            ],
            [
              30.4128557805,
              0.8806115367
            ],
            [
              30.4128528305,
              0.8773652004
            ],
            [
              30.4102728368,
              0.8773675715
            ],
            [
              30.4038805891,
              0.8693393045
            ],
            [
              30.3980501803,
              0.8605528537
            ],
            [
              30.4044802147,
              0.8605470762
            ],
            [
              30.4044877182,
              0.8689599753
            ],
            [
              30.421202679,
              0.868944758
            ],
            [
              30.4212102919,
              0.8773575088
            ],
            [
              30.4379249967,
              0.8773420695
            ],
            [
              30.4379173456,
              0.8689294653
            ],
            [
              30.4462745687,
              0.8689217921
            ],
            [
              30.4462594516,
              0.8520967329
            ],
            [
              30.4379022652,
              0.8521042581
            ],
            [
              30.4378874794,
              0.8352790494
            ],
            [
              30.4462446299,
              0.8352716722
            ],
            [
              30.4462412213,
              0.8313542222
            ],
            [
              30.4570197703,
              0.8329720102
            ],
            [
              30.4617720688,
              0.8387022998
            ],
            [
              30.4608297941,
              0.8468270134
            ],
            [
              30.4570400584,
              0.8559100824
            ],
            [
              30.4565704847,
              0.8616450351
            ],
            [
              30.4594284256,
              0.8721556856
            ],
            [
              30.4675005857,
              0.8740596864
            ],
            [
              30.479367392,
              0.8726150288
            ],
            [
              30.4950335235,
              0.8730782515
            ],
            [
              30.5035854517,
              0.8807158786
            ],
            [
              30.5135784083,
              0.9060323385
            ],
            [
              30.5235602731,
              0.9194021659
            ],
            [
              30.5411284547,
              0.9236851535
            ],
            [
              30.5620082344,
              0.9169746048
            ],
            [
              30.568653803,
              0.9169679336
            ],
            [
              30.57909769,
              0.9179130535
            ],
            [
              30.590010424,
              0.9131239492
            ],
            [
              30.5995028236,
              0.9121587752
            ],
            [
              30.6094726407,
              0.9140599024
            ],
            [
              30.6132775959,
              0.9217007792
            ]
          ]
        ]
      },
      "properties": {
        "country": "Uganda",
        "country_code": "UGA",
        "species_name": "Eucalyptus_camaldulensis_S",
        "genus": "Eucalyptus",
        "species": "camaldulensis_S",
        "suitability_name": "Moderately suitable",
        "suitability_rank": 2,
        "soil_suitability": "S4",
        "soil_type": "Lithosols",
        "soil_description": "Not differentiated",
        "site_class": null,
        "maz": "I",
        "maz_zone": null,
        "tz": "3",
        "frost_risk": null,
        "source_layer": "SWIFT_SSMT_Uganda"
      }
    },
    {
      "type": "Feature",
      "geometry": {
        "type": "Polygon",
        "coordinates": [
          [
            [
              30.3189367303,
              0.7849002028
            ],
            [
              30.3375546203,
              0.784885272
            ],
            [
              30.3375414095,
              0.7680582999
            ],
            [
              30.3458992972,
              0.7680517151
            ],
            [
              30.3458927834,
              0.7596383007
            ],
            [
              30.3542505828,
              0.7596317714
            ],
            [
              30.3542571132,
              0.7680451126
            ],
            [
              30.3626148572,
              0.7680384951
            ],
            [
              30.3626214753,
              0.7764517638
            ],
            [
              30.3709791648,
              0.7764450569
            ],
            [
              30.3709926508,
              0.7932714479
            ],
            [
              30.3626349298,
              0.7932783011
            ],
            [
              30.3626486721,
              0.8101048358
            ],
            [
              30.3710064279,
              0.810097838
            ],
            [
              30.3710134245,
              0.8185110313
            ],
            [
              30.3793711247,
              0.8185039438
            ],
            [
              30.3793853692,
              0.8353301848
            ],
            [
              30.387743033,
              0.8353229331
            ],
            [
              30.3877502823,
              0.8437359806
            ],
            [
              30.3961078907,
              0.8437286373
            ],
            [
              30.3961200694,
              0.8576441217
            ],
            [
              30.3915202969,
              0.8507120291
            ],
            [
              30.3720339308,
              0.8263553468
            ],
            [
              30.3482757977,
              0.802956968
            ],
            [
              30.3375637964,
              0.7963643829
            ],
            [
              30.3375613323,
              0.7932987567
            ],
            [
              30.3325892417,
              0.7933027955
            ],
            [
              30.3189367303,
              0.7849002028
            ]
          ]
        ]
      },
      "properties": {
        "country": "Uganda",
        "country_code": "UGA",
        "species_name": "Eucalyptus_camaldulensis_S",
        "genus": "Eucalyptus",
        "species": "camaldulensis_S",
        "suitability_name": "Moderately suitable",
        "suitability_rank": 2,
        "soil_suitability": "S4",
        "soil_type": "Lithosols",
        "soil_description": "Not differentiated",
        "site_class": null,
        "maz": "I",
        "maz_zone": null,
        "tz": "3",
        "frost_risk": null,
        "source_layer": "SWIFT_SSMT_Uganda"
      }
    },
    {
      "type": "Feature",
      "geometry": {
        "type": "Polygon",
        "coordinates": [
          [
            [
              30.3028526797,
              0.7764992455
            ],
            [
              30.3124738379,
              0.7764916598
            ],
            [
              30.3124773013,
              0.7809245897
            ],
            [
              30.3102741789,
              0.7795686115
            ],
            [
              30.3028526797,
              0.7764992455
            ]
          ]
        ]
      },
      "properties": {
        "country": "Uganda",
        "country_code": "UGA",
        "species_name": "Eucalyptus_camaldulensis_S",
        "genus": "Eucalyptus",
        "species": "camaldulensis_S",
        "suitability_name": "Moderately suitable",
        "suitability_rank": 2,
        "soil_suitability": "S4",
        "soil_type": "Lithosols",
        "soil_description": "Not differentiated",
        "site_class": null,
        "maz": "I",
        "maz_zone": null,
        "tz": "3",
        "frost_risk": null,
        "source_layer": "SWIFT_SSMT_Uganda"
      }
    },
    {
      "type": "Feature",
      "geometry": {
        "type": "Polygon",
        "coordinates": [
          [
            [
              30.2825474376,
              0.768101221
            ],
            [
              30.2957509002,
              0.7680909812
            ],
            [
              30.2957551117,
              0.7735638079
            ],
            [
              30.2825474376,
              0.768101221
            ]
          ]
        ]
      },
      "properties": {
        "country": "Uganda",
        "country_code": "UGA",
        "species_name": "Eucalyptus_camaldulensis_S",
        "genus": "Eucalyptus",
        "species": "camaldulensis_S",
        "suitability_name": "Moderately suitable",
        "suitability_rank": 2,
        "soil_suitability": "S4",
        "soil_type": "Lithosols",
        "soil_description": "Not differentiated",
        "site_class": null,
        "maz": "I",
        "maz_zone": null,
        "tz": "3",
        "frost_risk": null,
        "source_layer": "SWIFT_SSMT_Uganda"
      }
    },
    {
      "type": "Feature",
      "geometry": {
        "type": "Polygon",
        "coordinates": [
          [
            [
              30.2194453263,
              0.7513206104
            ],
            [
              30.2455873885,
              0.7513011214
            ],
            [
              30.2455812081,
              0.7428868515
            ],
            [
              30.2539398251,
              0.7428806577
            ],
            [
              30.2539460218,
              0.7512948558
            ],
            [
              30.2623045854,
              0.7512885756
            ],
            [
              30.2623108671,
              0.7597027035
            ],
            [
              30.2790278156,
              0.759689952
            ],
            [
              30.2790330911,
              0.766647692
            ],
            [
              30.261828689,
              0.7595318352
            ],
            [
              30.2218909412,
              0.7526176137
            ],
            [
              30.2194453263,
              0.7513206104
            ]
          ]
        ]
      },
      "properties": {
        "country": "Uganda",
        "country_code": "UGA",
        "species_name": "Eucalyptus_camaldulensis_S",
        "genus": "Eucalyptus",
        "species": "camaldulensis_S",
        "suitability_name": "Moderately suitable",
        "suitability_rank": 2,
        "soil_suitability": "S4",
        "soil_type": "Lithosols",
        "soil_description": "Not differentiated",
        "site_class": null,
        "maz": "I",
        "maz_zone": null,
        "tz": "3",
        "frost_risk": null,
        "source_layer": "SWIFT_SSMT_Uganda"
      }
    },
    {
      "type": "Feature",
      "geometry": {
        "type": "Polygon",
        "coordinates": [
          [
            [
              30.9899407723,
              0.691828905
            ],
            [
              30.9891610048,
              0.6920629926
            ],
            [
              30.9891608099,
              0.6918295657
            ],
            [
              30.9899407723,
              0.691828905
            ]
          ]
        ]
      },
      "properties": {
        "country": "Uganda",
        "country_code": "UGA",
        "species_name": "Eucalyptus_camaldulensis_S",
        "genus": "Eucalyptus",
        "species": "camaldulensis_S",
        "suitability_name": "Moderately suitable",
        "suitability_rank": 2,
        "soil_suitability": "S4",
        "soil_type": "Lithosols",
        "soil_description": "Not differentiated",
        "site_class": null,
        "maz": "I",
        "maz_zone": null,
        "tz": "3",
        "frost_risk": null,
        "source_layer": "SWIFT_SSMT_Uganda"
      }
    },
    {
      "type": "Feature",
      "geometry": {
        "type": "Polygon",
        "coordinates": [
          [
            [
              31.7510441235,
              0.3215777847
            ],
            [
              31.7568586023,
              0.3215750519
            ],
            [
              31.7568930305,
              0.3887643623
            ],
            [
              31.7485503468,
              0.3887691001
            ],
            [
              31.7485550991,
              0.3971678654
            ],
            [
              31.7568977918,
              0.3971630239
            ],
            [
              31.7569026552,
              0.4055616869
            ],
            [
              31.7652452556,
              0.4055567361
            ],
            [
              31.7652403831,
              0.3971581752
            ],
            [
              31.7735828729,
              0.3971533184
            ],
            [
              31.7735877518,
              0.4055517751
            ],
            [
              31.7819301472,
              0.4055468068
            ],
            [
              31.7819454278,
              0.4307418684
            ],
            [
              31.7902877469,
              0.430736582
            ],
            [
              31.7903095897,
              0.4643295812
            ],
            [
              31.7986518454,
              0.4643238718
            ],
            [
              31.7986575723,
              0.4727220185
            ],
            [
              31.8069997336,
              0.4727161963
            ],
            [
              31.8070055726,
              0.4811142386
            ],
            [
              31.7986634015,
              0.4811201638
            ],
            [
              31.7986693338,
              0.4895183096
            ],
            [
              31.7736421719,
              0.4895363339
            ],
            [
              31.7736667994,
              0.5231301493
            ],
            [
              31.7820093317,
              0.52312374
            ],
            [
              31.7820157553,
              0.531522091
            ],
            [
              31.7736732119,
              0.5315286028
            ],
            [
              31.773686343,
              0.5483255077
            ],
            [
              31.7653436745,
              0.5483322147
            ],
            [
              31.7653711151,
              0.5819264329
            ],
            [
              31.7570282976,
              0.5819335376
            ],
            [
              31.7570353992,
              0.5903321947
            ],
            [
              31.7236630639,
              0.5903608995
            ],
            [
              31.7236560107,
              0.5819618341
            ],
            [
              31.6902821065,
              0.5819899333
            ],
            [
              31.6902752025,
              0.5735904632
            ],
            [
              31.6402114126,
              0.5736316385
            ],
            [
              31.6402046821,
              0.565231565
            ],
            [
              31.6318603796,
              0.5652382844
            ],
            [
              31.6318670991,
              0.5736384589
            ],
            [
              31.6235226861,
              0.5736452663
            ],
            [
              31.6235159796,
              0.5652449928
            ],
            [
              31.6151714794,
              0.5652516892
            ],
            [
              31.6151648829,
              0.5568513155
            ],
            [
              31.6068202956,
              0.5568579004
            ],
            [
              31.6068268802,
              0.5652583727
            ],
            [
              31.598482184,
              0.5652650452
            ],
            [
              31.5984756111,
              0.5568644735
            ],
            [
              31.5817859457,
              0.5568775835
            ],
            [
              31.5817794947,
              0.5484768142
            ],
            [
              31.5650894587,
              0.5484896805
            ],
            [
              31.5650831296,
              0.5400887125
            ],
            [
              31.5483927267,
              0.5401013368
            ],
            [
              31.548386517,
              0.5317001727
            ],
            [
              31.5400411814,
              0.5317063684
            ],
            [
              31.5400350794,
              0.5233051068
            ],
            [
              31.5316896584,
              0.5233111952
            ],
            [
              31.5316836645,
              0.5149098336
            ],
            [
              31.5233381564,
              0.5149158133
            ],
            [
              31.5233264828,
              0.4981128963
            ],
            [
              31.5149808989,
              0.4981186694
            ],
            [
              31.5149752178,
              0.4897171133
            ],
            [
              31.4815919598,
              0.4897397134
            ],
            [
              31.4815864158,
              0.481337769
            ],
            [
              31.4482016647,
              0.4813598173
            ],
            [
              31.4481962572,
              0.4729574885
            ],
            [
              31.4064632257,
              0.4729843409
            ],
            [
              31.4064579628,
              0.464581535
            ],
            [
              31.3981110822,
              0.4645867799
            ],
            [
              31.398105924,
              0.4561838788
            ],
            [
              31.3814119009,
              0.4561941507
            ],
            [
              31.3814068563,
              0.4477910593
            ],
            [
              31.3730597139,
              0.4477960868
            ],
            [
              31.3730547713,
              0.4393929016
            ],
            [
              31.3647075437,
              0.4393978249
            ],
            [
              31.3647027044,
              0.4309945444
            ],
            [
              31.3480079884,
              0.4310041762
            ],
            [
              31.3479986253,
              0.4141972398
            ],
            [
              31.3396511456,
              0.4142018536
            ],
            [
              31.3396466132,
              0.4057982918
            ],
            [
              31.3312990483,
              0.4058028038
            ],
            [
              31.3312946168,
              0.3973991491
            ],
            [
              31.2728591403,
              0.3974298458
            ],
            [
              31.2728635126,
              0.4058341504
            ],
            [
              31.2561668196,
              0.4058430287
            ],
            [
              31.2561624637,
              0.39743854
            ],
            [
              31.2227680188,
              0.3974558267
            ],
            [
              31.2227637877,
              0.3890509725
            ],
            [
              31.2144149576,
              0.3890551818
            ],
            [
              31.2144108261,
              0.3806502365
            ],
            [
              31.1810146386,
              0.3806666311
            ],
            [
              31.1810116907,
              0.3745063786
            ],
            [
              31.1898193772,
              0.3762753278
            ],
            [
              31.229184104,
              0.3772110568
            ],
            [
              31.2581138885,
              0.3786291015
            ],
            [
              31.2936852249,
              0.3872046395
            ],
            [
              31.3259344504,
              0.3933940636
            ],
            [
              31.3605537781,
              0.4005362803
            ],
            [
              31.3927980241,
              0.4024282662
            ],
            [
              31.4193479157,
              0.3981179074
            ],
            [
              31.4378352474,
              0.3909482485
            ],
            [
              31.4567889767,
              0.3694597525
            ],
            [
              31.4728977018,
              0.3470191159
            ],
            [
              31.4918526857,
              0.3279190897
            ],
            [
              31.5036974696,
              0.3112093981
            ],
            [
              31.5145987725,
              0.3054775879
            ],
            [
              31.5259751894,
              0.3026092503
            ],
            [
              31.5520472042,
              0.300212075
            ],
            [
              31.5913935389,
              0.3040131414
            ],
            [
              31.6075124879,
              0.3097325778
            ],
            [
              31.6278973185,
              0.3159269996
            ],
            [
              31.6544484571,
              0.3330929775
            ],
            [
              31.6710416214,
              0.3416738234
            ],
            [
              31.685267851,
              0.3564582978
            ],
            [
              31.6994901457,
              0.3636080002
            ],
            [
              31.7179736854,
              0.3631211509
            ],
            [
              31.7317120868,
              0.3521403329
            ],
            [
              31.7459189707,
              0.3301863521
            ],
            [
              31.7510441235,
              0.3215777847
            ]
          ]
        ]
      },
      "properties": {
        "country": "Uganda",
        "country_code": "UGA",
        "species_name": "Eucalyptus_camaldulensis_S",
        "genus": "Eucalyptus",
        "species": "camaldulensis_S",
        "suitability_name": "Moderately suitable",
        "suitability_rank": 2,
        "soil_suitability": "S2",
        "soil_type": "Ferrallitic Soils",
        "soil_description": "Red soils - Not differentiated; sandy loams",
        "site_class": null,
        "maz": "III",
        "maz_zone": null,
        "tz": "3",
        "frost_risk": null,
        "source_layer": "SWIFT_SSMT_Uganda"
      }
    },
    {
      "type": "Feature",
      "geometry": {
        "type": "Polygon",
        "coordinates": [
          [
            [
              31.1726616313,
              0.3728293119
            ],
            [
              31.1726653681,
              0.3806707091
            ],
            [
              31.1559665579,
              0.3806788417
            ],
            [
              31.1559625716,
              0.3722732639
            ],
            [
              31.1476130408,
              0.3722772286
            ],
            [
              31.1476095036,
              0.3646414747
            ],
            [
              31.1661027447,
              0.3715119724
            ],
            [
              31.1726616313,
              0.3728293119
            ]
          ]
        ]
      },
      "properties": {
        "country": "Uganda",
        "country_code": "UGA",
        "species_name": "Eucalyptus_camaldulensis_S",
        "genus": "Eucalyptus",
        "species": "camaldulensis_S",
        "suitability_name": "Moderately suitable",
        "suitability_rank": 2,
        "soil_suitability": "S2",
        "soil_type": "Ferrallitic Soils",
        "soil_description": "Red soils - Not differentiated; sandy loams",
        "site_class": null,
        "maz": "III",
        "maz_zone": null,
        "tz": "3",
        "frost_risk": null,
        "source_layer": "SWIFT_SSMT_Uganda"
      }
    },
    {
      "type": "Feature",
      "geometry": {
        "type": "Polygon",
        "coordinates": [
          [
            [
              31.1309066442,
              0.3567984406
            ],
            [
              31.1442811464,
              0.363404918
            ],
            [
              31.1455397566,
              0.3638725206
            ],
            [
              31.1309098391,
              0.3638792886
            ],
            [
              31.1309066442,
              0.3567984406
            ]
          ]
        ]
      },
      "properties": {
        "country": "Uganda",
        "country_code": "UGA",
        "species_name": "Eucalyptus_camaldulensis_S",
        "genus": "Eucalyptus",
        "species": "camaldulensis_S",
        "suitability_name": "Moderately suitable",
        "suitability_rank": 2,
        "soil_suitability": "S2",
        "soil_type": "Ferrallitic Soils",
        "soil_description": "Red soils - Not differentiated; sandy loams",
        "site_class": null,
        "maz": "III",
        "maz_zone": null,
        "tz": "3",
        "frost_risk": null,
        "source_layer": "SWIFT_SSMT_Uganda"
      }
    },
    {
      "type": "Feature",
      "geometry": {
        "type": "Polygon",
        "coordinates": [
          [
            [
              31.1225550312,
              0.3526729869
            ],
            [
              31.1282267356,
              0.3554746498
            ],
            [
              31.1225562731,
              0.3554772048
            ],
            [
              31.1225550312,
              0.3526729869
            ]
          ]
        ]
      },
      "properties": {
        "country": "Uganda",
        "country_code": "UGA",
        "species_name": "Eucalyptus_camaldulensis_S",
        "genus": "Eucalyptus",
        "species": "camaldulensis_S",
        "suitability_name": "Moderately suitable",
        "suitability_rank": 2,
        "soil_suitability": "S2",
        "soil_type": "Ferrallitic Soils",
        "soil_description": "Red soils - Not differentiated; sandy loams",
        "site_class": null,
        "maz": "III",
        "maz_zone": null,
        "tz": "3",
        "frost_risk": null,
        "source_layer": "SWIFT_SSMT_Uganda"
      }
    },
    {
      "type": "Feature",
      "geometry": {
        "type": "Polygon",
        "coordinates": [
          [
            [
              31.0703473848,
              0.3218746028
            ],
            [
              31.0640913128,
              0.3218771196
            ],
            [
              31.0640946893,
              0.3302836727
            ],
            [
              31.0557442284,
              0.330287112
            ],
            [
              31.0557476846,
              0.3386937542
            ],
            [
              31.0473971299,
              0.3386972744
            ],
            [
              31.0473936805,
              0.3302905456
            ],
            [
              31.0306923258,
              0.33029739
            ],
            [
              31.0306889754,
              0.3218904869
            ],
            [
              31.0223381765,
              0.3218938117
            ],
            [
              31.0223415177,
              0.3303008018
            ],
            [
              31.013990625,
              0.330304206
            ],
            [
              31.0139872894,
              0.3218971291
            ],
            [
              31.0056363171,
              0.32190044
            ],
            [
              31.005633074,
              0.3134932768
            ],
            [
              30.9972820221,
              0.3134964957
            ],
            [
              30.9972788729,
              0.3050892463
            ],
            [
              30.9638738373,
              0.3051017073
            ],
            [
              30.963876961,
              0.3135092996
            ],
            [
              30.955525483,
              0.3135124845
            ],
            [
              30.9555286854,
              0.3219201635
            ],
            [
              30.9471771162,
              0.3219234256
            ],
            [
              30.9471739202,
              0.3135156631
            ],
            [
              30.9388222727,
              0.3135188336
            ],
            [
              30.9388254615,
              0.3219266821
            ],
            [
              30.9304737233,
              0.3219299312
            ],
            [
              30.9304705417,
              0.3135219987
            ],
            [
              30.9137668244,
              0.3135283073
            ],
            [
              30.9137699943,
              0.32193641
            ],
            [
              30.8887137714,
              0.3219460752
            ],
            [
              30.8887075574,
              0.3051293663
            ],
            [
              30.8803553299,
              0.3051324064
            ],
            [
              30.8803523534,
              0.2967239673
            ],
            [
              30.8636476613,
              0.2967298623
            ],
            [
              30.8636419837,
              0.2799126496
            ],
            [
              30.813526,
              0.2799291889
            ],
            [
              30.8135287613,
              0.2883382913
            ],
            [
              30.8051758037,
              0.2883411098
            ],
            [
              30.8051730489,
              0.2799319245
            ],
            [
              30.7884669027,
              0.2799373774
            ],
            [
              30.78846424,
              0.2715280281
            ],
            [
              30.7801110508,
              0.2715306648
            ],
            [
              30.7801059812,
              0.2547118024
            ],
            [
              30.7633993818,
              0.2547167317
            ],
            [
              30.76339698,
              0.2463071378
            ],
            [
              30.755043564,
              0.2463095123
            ],
            [
              30.7550412473,
              0.2378998378
            ],
            [
              30.7132729923,
              0.2379112326
            ],
            [
              30.7132752832,
              0.2463213112
            ],
            [
              30.7049213877,
              0.2463236546
            ],
            [
              30.7049237531,
              0.2547338132
            ],
            [
              30.6882157138,
              0.2547386454
            ],
            [
              30.6882110829,
              0.23791801
            ],
            [
              30.6715027477,
              0.2379225018
            ],
            [
              30.67150056,
              0.2295120251
            ],
            [
              30.6547919205,
              0.2295163387
            ],
            [
              30.6547909043,
              0.2254813175
            ],
            [
              30.6593499618,
              0.2245845621
            ],
            [
              30.6773838295,
              0.2250577609
            ],
            [
              30.6982654049,
              0.2283966966
            ],
            [
              30.7139267418,
              0.2326923056
            ],
            [
              30.7395519652,
              0.2326854812
            ],
            [
              30.7684961934,
              0.2255120307
            ],
            [
              30.7907967906,
              0.2197737918
            ],
            [
              30.8425159766,
              0.2183274543
            ],
            [
              30.8762049028,
              0.2250058649
            ],
            [
              30.9094193102,
              0.2359824901
            ],
            [
              30.9426332981,
              0.2493462275
            ],
            [
              30.985337624,
              0.2732127182
            ],
            [
              31.0114342777,
              0.2884863207
            ],
            [
              31.0512891596,
              0.309484293
            ],
            [
              31.0703473848,
              0.3218746028
            ]
          ]
        ]
      },
      "properties": {
        "country": "Uganda",
        "country_code": "UGA",
        "species_name": "Eucalyptus_camaldulensis_S",
        "genus": "Eucalyptus",
        "species": "camaldulensis_S",
        "suitability_name": "Moderately suitable",
        "suitability_rank": 2,
        "soil_suitability": "S2",
        "soil_type": "Ferrallitic Soils",
        "soil_description": "Red soils - Not differentiated; sandy loams",
        "site_class": null,
        "maz": "III",
        "maz_zone": null,
        "tz": "3",
        "frost_risk": null,
        "source_layer": "SWIFT_SSMT_Uganda"
      }
    },
    {
      "type": "Feature",
      "geometry": {
        "type": "Polygon",
        "coordinates": [
          [
            [
              30.6380596868,
              -0.1021808453
            ],
            [
              30.6659706742,
              -0.0916997764
            ],
            [
              30.6764098158,
              -0.0773658134
            ],
            [
              30.6825782211,
              -0.0658990491
            ],
            [
              30.6830518986,
              -0.0525217565
            ],
            [
              30.6783060852,
              -0.0491777063
            ],
            [
              30.6578995911,
              -0.0487010639
            ],
            [
              30.6380556829,
              -0.0563534134
            ],
            [
              30.638057609,
              -0.0816787248
            ],
            [
              30.6464120674,
              -0.0816779608
            ],
            [
              30.6464128653,
              -0.0900886762
            ],
            [
              30.638058405,
              -0.0900895176
            ],
            [
              30.6380596868,
              -0.1021808453
            ]
          ]
        ]
      },
      "properties": {
        "country": "Uganda",
        "country_code": "UGA",
        "species_name": "Eucalyptus_camaldulensis_S",
        "genus": "Eucalyptus",
        "species": "camaldulensis_S",
        "suitability_name": "Moderately suitable",
        "suitability_rank": 2,
        "soil_suitability": "S1",
        "soil_type": "Ferrallitic Soils",
        "soil_description": "Red soils - Not differentiated; sandy clay loams",
        "site_class": null,
        "maz": "III",
        "maz_zone": null,
        "tz": "3",
        "frost_risk": null,
        "source_layer": "SWIFT_SSMT_Uganda"
      }
    },
    {
      "type": "Feature",
      "geometry": {
        "type": "Polygon",
        "coordinates": [
          [
            [
              31.7510441235,
              0.3215777847
            ],
            [
              31.7459189707,
              0.3301863521
            ],
            [
              31.7317120868,
              0.3521403329
            ],
            [
              31.7179736854,
              0.3631211509
            ],
            [
              31.6994901457,
              0.3636080002
            ],
            [
              31.685267851,
              0.3564582978
            ],
            [
              31.6710416214,
              0.3416738234
            ],
            [
              31.6544484571,
              0.3330929775
            ],
            [
              31.6278973185,
              0.3159269996
            ],
            [
              31.6075124879,
              0.3097325778
            ],
            [
              31.5913935389,
              0.3040131414
            ],
            [
              31.5520472042,
              0.300212075
            ],
            [
              31.5259751894,
              0.3026092503
            ],
            [
              31.5145987725,
              0.3054775879
            ],
            [
              31.5036974696,
              0.3112093981
            ],
            [
              31.4918526857,
              0.3279190897
            ],
            [
              31.4728977018,
              0.3470191159
            ],
            [
              31.4567889767,
              0.3694597525
            ],
            [
              31.4378352474,
              0.3909482485
            ],
            [
              31.4193479157,
              0.3981179074
            ],
            [
              31.3927980241,
              0.4024282662
            ],
            [
              31.3605537781,
              0.4005362803
            ],
            [
              31.3259344504,
              0.3933940636
            ],
            [
              31.2936852249,
              0.3872046395
            ],
            [
              31.2581138885,
              0.3786291015
            ],
            [
              31.229184104,
              0.3772110568
            ],
            [
              31.1898193772,
              0.3762753278
            ],
            [
              31.1810116907,
              0.3745063786
            ],
            [
              31.1810106284,
              0.3722613232
            ],
            [
              31.1726613656,
              0.3722653108
            ],
            [
              31.1726616313,
              0.3728293119
            ],
            [
              31.1661027447,
              0.3715119724
            ],
            [
              31.1476095036,
              0.3646414747
            ],
            [
              31.1476091514,
              0.3638715613
            ],
            [
              31.1455397566,
              0.3638725206
            ],
            [
              31.1442811464,
              0.363404918
            ],
            [
              31.1309066442,
              0.3567984406
            ],
            [
              31.1309060544,
              0.3554734416
            ],
            [
              31.1282267356,
              0.3554746498
            ],
            [
              31.1225550312,
              0.3526729869
            ],
            [
              31.1225525824,
              0.3470712696
            ],
            [
              31.1142027204,
              0.3470749356
            ],
            [
              31.1141991262,
              0.3386689117
            ],
            [
              31.1058491836,
              0.3386724816
            ],
            [
              31.1058456836,
              0.3302663691
            ],
            [
              31.089145549,
              0.3302733121
            ],
            [
              31.0891421512,
              0.3218670218
            ],
            [
              31.0703473848,
              0.3218746028
            ],
            [
              31.0512891596,
              0.309484293
            ],
            [
              31.0114342777,
              0.2884863207
            ],
            [
              30.985337624,
              0.2732127182
            ],
            [
              30.9426332981,
              0.2493462275
            ],
            [
              30.9094193102,
              0.2359824901
            ],
            [
              30.8762049028,
              0.2250058649
            ],
            [
              30.8425159766,
              0.2183274543
            ],
            [
              30.7907967906,
              0.2197737918
            ],
            [
              30.7684961934,
              0.2255120307
            ],
            [
              30.7395519652,
              0.2326854812
            ],
            [
              30.7139267418,
              0.2326923056
            ],
            [
              30.6982654049,
              0.2283966966
            ],
            [
              30.6773838295,
              0.2250577609
            ],
            [
              30.6593499618,
              0.2245845621
            ],
            [
              30.6547909043,
              0.2254813175
            ],
            [
              30.6547898223,
              0.2211057041
            ],
            [
              30.646435389,
              0.2211077747
            ],
            [
              30.6464333736,
              0.2126970611
            ],
            [
              30.6380788675,
              0.2126990484
            ],
            [
              30.6380769337,
              0.204288256
            ],
            [
              30.6213676958,
              0.2042920612
            ],
            [
              30.6213658496,
              0.1958811115
            ],
            [
              30.613011119,
              0.1958829299
            ],
            [
              30.6130093534,
              0.1874719019
            ],
            [
              30.5962996675,
              0.187475369
            ],
            [
              30.5962979872,
              0.1790641866
            ],
            [
              30.5879430322,
              0.1790658367
            ],
            [
              30.5879414334,
              0.1706545758
            ],
            [
              30.579586405,
              0.1706561458
            ],
            [
              30.5795834457,
              0.1538334691
            ],
            [
              30.5805455607,
              0.1538333064
            ],
            [
              30.5881468193,
              0.1586646084
            ],
            [
              30.5966902297,
              0.1610521401
            ],
            [
              30.607606583,
              0.1634391936
            ],
            [
              30.613777091,
              0.1672604446
            ],
            [
              30.6180495474,
              0.172993178
            ],
            [
              30.6194746333,
              0.1796820095
            ],
            [
              30.6256445621,
              0.1806363568
            ],
            [
              30.6351398689,
              0.197356915
            ],
            [
              30.6413114205,
              0.2059556228
            ],
            [
              30.6527034172,
              0.2145529532
            ],
            [
              30.6712124339,
              0.2169373156
            ],
            [
              30.6982610556,
              0.210719914
            ],
            [
              30.7390717974,
              0.2102323635
            ],
            [
              30.7471383792,
              0.2083195178
            ],
            [
              30.7556807791,
              0.2121392238
            ],
            [
              30.7680191495,
              0.2154801875
            ],
            [
              30.7898467051,
              0.2154747302
            ],
            [
              30.8031324164,
              0.2140383114
            ],
            [
              30.8130962417,
              0.2116473792
            ],
            [
              30.8202127953,
              0.2083018292
            ],
            [
              30.8344467719,
              0.2059099651
            ],
            [
              30.8491562465,
              0.2087723954
            ],
            [
              30.8576977744,
              0.2130692472
            ],
            [
              30.8648150061,
              0.2140227661
            ],
            [
              30.8757274915,
              0.2135423372
            ],
            [
              30.8871139285,
              0.2116288553
            ],
            [
              30.892333359,
              0.2135381065
            ],
            [
              30.9084649407,
              0.215444515
            ],
            [
              30.9208000326,
              0.2144860675
            ],
            [
              30.928864979,
              0.2130511158
            ],
            [
              30.9435728453,
              0.215913007
            ],
            [
              30.9658685481,
              0.2092207526
            ],
            [
              30.9848435077,
              0.2049176014
            ],
            [
              30.9962295126,
              0.2073026551
            ],
            [
              31.0028717746,
              0.210644015
            ],
            [
              31.0118857772,
              0.2135071195
            ],
            [
              31.0194758167,
              0.2135051193
            ],
            [
              31.0322833539,
              0.211591492
            ],
            [
              31.0460402741,
              0.2130205414
            ],
            [
              31.0654887861,
              0.2130153787
            ],
            [
              31.0768734412,
              0.214444951
            ],
            [
              31.0778228875,
              0.2173099019
            ],
            [
              31.0801961501,
              0.2230396523
            ],
            [
              31.075454472,
              0.229248942
            ],
            [
              31.0721359839,
              0.2359354237
            ],
            [
              31.074034202,
              0.2388000831
            ],
            [
              31.085418095,
              0.2378416171
            ],
            [
              31.0939529502,
              0.2268559978
            ],
            [
              31.1020174989,
              0.2301963332
            ],
            [
              31.111979968,
              0.2359236082
            ],
            [
              31.1190961757,
              0.2406965806
            ],
            [
              31.1394915493,
              0.2406903518
            ],
            [
              31.1442354543,
              0.2435538657
            ],
            [
              31.1537215864,
              0.2440284092
            ],
            [
              31.1646284387,
              0.2378177425
            ],
            [
              31.1745866127,
              0.2316075242
            ],
            [
              31.18928387,
              0.2125044788
            ],
            [
              31.1963956672,
              0.2039082074
            ],
            [
              31.2077763339,
              0.1972208354
            ],
            [
              31.2186825083,
              0.19005632
            ],
            [
              31.2404955471,
              0.1800247949
            ],
            [
              31.2509268416,
              0.1714286281
            ],
            [
              31.2589883685,
              0.1695171279
            ],
            [
              31.2661029491,
              0.1747671592
            ],
            [
              31.2736921721,
              0.1819266363
            ],
            [
              31.2784366781,
              0.1914737315
            ],
            [
              31.2950369476,
              0.2024497684
            ],
            [
              31.3097391819,
              0.2096067105
            ],
            [
              31.3282337788,
              0.2134206044
            ],
            [
              31.3723315182,
              0.2119759703
            ],
            [
              31.390823511,
              0.2119706923
            ],
            [
              31.4017274933,
              0.2071942398
            ],
            [
              31.4131049582,
              0.2005084883
            ],
            [
              31.4230573811,
              0.1837996095
            ],
            [
              31.4268465546,
              0.1675698946
            ],
            [
              31.4344315343,
              0.1632723577
            ],
            [
              31.4524466737,
              0.1580180395
            ],
            [
              31.467142042,
              0.1494236305
            ],
            [
              31.480415867,
              0.1456026497
            ],
            [
              31.4960610846,
              0.1479858658
            ],
            [
              31.5036474728,
              0.1537115083
            ],
            [
              31.5159743915,
              0.1589587236
            ],
            [
              31.5392043774,
              0.1642032568
            ],
            [
              31.5486836239,
              0.1565652986
            ],
            [
              31.5610060669,
              0.1441546625
            ],
            [
              31.5709593376,
              0.1369943258
            ],
            [
              31.5875499535,
              0.1360367061
            ],
            [
              31.6012969596,
              0.1393744743
            ],
            [
              31.6188363751,
              0.1460516617
            ],
            [
              31.642067349,
              0.1708598587
            ],
            [
              31.6425422603,
              0.1746771285
            ],
            [
              31.6586597264,
              0.1837391878
            ],
            [
              31.6709856578,
              0.1942333246
            ],
            [
              31.6776237922,
              0.2037744591
            ],
            [
              31.6828405721,
              0.2147472795
            ],
            [
              31.691375607,
              0.2271502739
            ],
            [
              31.6965917013,
              0.2352598818
            ],
            [
              31.7131825559,
              0.243842482
            ],
            [
              31.7236127931,
              0.2543353793
            ],
            [
              31.7383042358,
              0.2538528395
            ],
            [
              31.7484879134,
              0.2538490699
            ],
            [
              31.7484912382,
              0.2627875994
            ],
            [
              31.7401485555,
              0.2627907965
            ],
            [
              31.7401656882,
              0.304785145
            ],
            [
              31.7485084011,
              0.3047814367
            ],
            [
              31.7485159782,
              0.3215789718
            ],
            [
              31.7510441235,
              0.3215777847
            ]
          ]
        ]
      },
      "properties": {
        "country": "Uganda",
        "country_code": "UGA",
        "species_name": "Eucalyptus_camaldulensis_S",
        "genus": "Eucalyptus",
        "species": "camaldulensis_S",
        "suitability_name": "Moderately suitable",
        "suitability_rank": 2,
        "soil_suitability": "S3",
        "soil_type": "Ferrallitic Soils",
        "soil_description": "Yellow soils - Sandy loams",
        "site_class": null,
        "maz": "III",
        "maz_zone": null,
        "tz": "3",
        "frost_risk": null,
        "source_layer": "SWIFT_SSMT_Uganda"
      }
    },
    {
      "type": "Feature",
      "geometry": {
        "type": "Polygon",
        "coordinates": [
          [
            [
              31.6733552904,
              0.0332246176
            ],
            [
              31.6700116994,
              0.031046757
            ],
            [
              31.6553184973,
              0.0238899426
            ],
            [
              31.6392031665,
              0.0186415609
            ],
            [
              31.6169257505,
              0.020550914
            ],
            [
              31.5989138005,
              0.0248462635
            ],
            [
              31.5780575435,
              0.0348685488
            ],
            [
              31.5496172584,
              0.0596862071
            ],
            [
              31.5297092162,
              0.080209579
            ],
            [
              31.5093276481,
              0.1045522457
            ],
            [
              31.5007965487,
              0.1188715302
            ],
            [
              31.4936862668,
              0.1241227008
            ],
            [
              31.4794640806,
              0.126034264
            ],
            [
              31.466664328,
              0.1303320977
            ],
            [
              31.4595539613,
              0.1365382103
            ],
            [
              31.4434351328,
              0.1408369738
            ],
            [
              31.4292125505,
              0.145612856
            ],
            [
              31.417835772,
              0.1565935275
            ],
            [
              31.4088310615,
              0.1737792614
            ],
            [
              31.4045674117,
              0.1885775304
            ],
            [
              31.3917667819,
              0.1933541853
            ],
            [
              31.3742246407,
              0.1990869615
            ],
            [
              31.3599997663,
              0.1990907634
            ],
            [
              31.342928691,
              0.1957537122
            ],
            [
              31.3253836658,
              0.1948035224
            ],
            [
              31.3068887573,
              0.1895569724
            ],
            [
              31.2988260297,
              0.1843076063
            ],
            [
              31.285543729,
              0.1647371488
            ],
            [
              31.2722639613,
              0.1566239641
            ],
            [
              31.2679940836,
              0.1470764815
            ],
            [
              31.2599317013,
              0.1442134967
            ],
            [
              31.2485523456,
              0.1556739651
            ],
            [
              31.2319554759,
              0.1633163788
            ],
            [
              31.2125137158,
              0.1752568108
            ],
            [
              31.1973394836,
              0.1848094841
            ],
            [
              31.1854849879,
              0.1943616892
            ],
            [
              31.1693645049,
              0.2139423512
            ],
            [
              31.159406802,
              0.2225398082
            ],
            [
              31.1461275859,
              0.2263635244
            ],
            [
              31.1333202947,
              0.2225472026
            ],
            [
              31.1233583222,
              0.2172974369
            ],
            [
              31.1043835122,
              0.2096623524
            ],
            [
              31.0844596674,
              0.2020271196
            ],
            [
              31.0588441398,
              0.1982132272
            ],
            [
              31.0374979147,
              0.197740931
            ],
            [
              31.0185227752,
              0.1963128647
            ],
            [
              31.0071365622,
              0.1915398572
            ],
            [
              30.9976486465,
              0.1905869268
            ],
            [
              30.9886347998,
              0.1886786857
            ],
            [
              30.9767744654,
              0.1867710474
            ],
            [
              30.9620683814,
              0.188684807
            ],
            [
              30.9473630271,
              0.1948971231
            ],
            [
              30.935028548,
              0.1968105063
            ],
            [
              30.8975484475,
              0.1977746602
            ],
            [
              30.8842644357,
              0.200166037
            ],
            [
              30.8667089421,
              0.1977819325
            ],
            [
              30.8387132466,
              0.1891903665
            ],
            [
              30.8206841624,
              0.1949265792
            ],
            [
              30.8059763145,
              0.2011399283
            ],
            [
              30.7969614981,
              0.2040082235
            ],
            [
              30.7898439433,
              0.2040099159
            ],
            [
              30.7813022424,
              0.2016234147
            ],
            [
              30.7741818857,
              0.1896823495
            ],
            [
              30.7608948803,
              0.1872966815
            ],
            [
              30.749506604,
              0.1887323103
            ],
            [
              30.7324236531,
              0.1896914786
            ],
            [
              30.7200857133,
              0.1901718972
            ],
            [
              30.7053761942,
              0.1968635448
            ],
            [
              30.6878181377,
              0.1992562526
            ],
            [
              30.6683615559,
              0.2021272324
            ],
            [
              30.655547391,
              0.1992635021
            ],
            [
              30.6479512561,
              0.1858874154
            ],
            [
              30.6299115458,
              0.157223902
            ],
            [
              30.617096689,
              0.1524482006
            ],
            [
              30.6004844555,
              0.1452839568
            ],
            [
              30.5879368438,
              0.143799852
            ],
            [
              30.5879358074,
              0.1370095321
            ],
            [
              30.5962907453,
              0.1370082697
            ],
            [
              30.5962895281,
              0.1285970866
            ],
            [
              30.6046443864,
              0.1285958982
            ],
            [
              30.604642178,
              0.111773686
            ],
            [
              30.5962873251,
              0.1117747191
            ],
            [
              30.5962863394,
              0.1033635346
            ],
            [
              30.6046411907,
              0.1033625796
            ],
            [
              30.6046402793,
              0.0949514742
            ],
            [
              30.5962854311,
              0.0949523512
            ],
            [
              30.5962809359,
              0.0276628785
            ],
            [
              30.6129905358,
              0.027662368
            ],
            [
              30.6129901195,
              0.0024292814
            ],
            [
              30.6213448026,
              0.0024292588
            ],
            [
              30.6213449128,
              -0.0143926416
            ],
            [
              30.629699519,
              -0.0143925079
            ],
            [
              30.6296999406,
              -0.0312142528
            ],
            [
              30.6380544687,
              -0.0312139619
            ],
            [
              30.6380556829,
              -0.0563534134
            ],
            [
              30.6578995911,
              -0.0487010639
            ],
            [
              30.6783060852,
              -0.0491777063
            ],
            [
              30.6830518986,
              -0.0525217565
            ],
            [
              30.6825782211,
              -0.0658990491
            ],
            [
              30.6764098158,
              -0.0773658134
            ],
            [
              30.6659706742,
              -0.0916997764
            ],
            [
              30.6380596868,
              -0.1021808453
            ],
            [
              30.6380612615,
              -0.1153218982
            ],
            [
              30.6297067184,
              -0.1153229741
            ],
            [
              30.6297090069,
              -0.1321447174
            ],
            [
              30.6213543799,
              -0.1321459462
            ],
            [
              30.6213556384,
              -0.1405568962
            ],
            [
              30.6297102685,
              -0.1405555889
            ],
            [
              30.629714519,
              -0.1657882041
            ],
            [
              30.6213598794,
              -0.1657897457
            ],
            [
              30.6213614474,
              -0.1742006956
            ],
            [
              30.6130067267,
              -0.1742023128
            ],
            [
              30.6130083695,
              -0.1826133395
            ],
            [
              30.6046535669,
              -0.1826150301
            ],
            [
              30.6046552833,
              -0.1910261362
            ],
            [
              30.5963003997,
              -0.1910279006
            ],
            [
              30.5963059992,
              -0.2162614492
            ],
            [
              30.587951026,
              -0.216263442
            ],
            [
              30.5879573044,
              -0.241497222
            ],
            [
              30.5796022391,
              -0.241499443
            ],
            [
              30.5796067991,
              -0.2583221173
            ],
            [
              30.5712516462,
              -0.2583244868
            ],
            [
              30.5712699795,
              -0.3172043821
            ],
            [
              30.5629147083,
              -0.3172072851
            ],
            [
              30.5629206208,
              -0.334030265
            ],
            [
              30.5545652598,
              -0.334033315
            ],
            [
              30.5545955797,
              -0.4097374065
            ],
            [
              30.5462400712,
              -0.4097411386
            ],
            [
              30.5463041709,
              -0.5359157337
            ],
            [
              30.5546598306,
              -0.5359108521
            ],
            [
              30.5546798594,
              -0.5695570948
            ],
            [
              30.5630354894,
              -0.5695518933
            ],
            [
              30.5630513494,
              -0.5947863421
            ],
            [
              30.5714069399,
              -0.594780899
            ],
            [
              30.5714179194,
              -0.6116037085
            ],
            [
              30.5797734595,
              -0.6115980985
            ],
            [
              30.5797790774,
              -0.6200094254
            ],
            [
              30.5881345536,
              -0.6200037254
            ],
            [
              30.588140261,
              -0.6284149743
            ],
            [
              30.604851008,
              -0.6284033775
            ],
            [
              30.6048568198,
              -0.6368144711
            ],
            [
              30.6132120903,
              -0.6368085755
            ],
            [
              30.6132179936,
              -0.6452195915
            ],
            [
              30.6299283301,
              -0.6452076009
            ],
            [
              30.6299343373,
              -0.6536184613
            ],
            [
              30.6466443903,
              -0.6536062589
            ],
            [
              30.6466505039,
              -0.6620169604
            ],
            [
              30.6550054267,
              -0.6620107601
            ],
            [
              30.6550116324,
              -0.670421383
            ],
            [
              30.6633664914,
              -0.6704150889
            ],
            [
              30.6633710768,
              -0.6765480063
            ],
            [
              30.6641650063,
              -0.6763075798
            ],
            [
              30.6778079641,
              -0.6739083716
            ],
            [
              30.6905640001,
              -0.6756902274
            ],
            [
              30.6988726824,
              -0.680162765
            ],
            [
              30.7042209526,
              -0.6921023132
            ],
            [
              30.7023144286,
              -0.7040262715
            ],
            [
              30.7051655596,
              -0.704023988
            ],
            [
              30.7051722476,
              -0.7124341332
            ],
            [
              30.7135267047,
              -0.7124273536
            ],
            [
              30.7135200024,
              -0.7040172891
            ],
            [
              30.7385828531,
              -0.7039970998
            ],
            [
              30.7385761859,
              -0.6955872763
            ],
            [
              30.7469302952,
              -0.6955805978
            ],
            [
              30.746923693,
              -0.6871708547
            ],
            [
              30.788692955,
              -0.6871376451
            ],
            [
              30.7886863613,
              -0.6787283072
            ],
            [
              30.7803326856,
              -0.6787348963
            ],
            [
              30.7803197691,
              -0.6619160581
            ],
            [
              30.7719660404,
              -0.6619224709
            ],
            [
              30.7719534771,
              -0.6451034668
            ],
            [
              30.7886607986,
              -0.6450909551
            ],
            [
              30.788654611,
              -0.6366816163
            ],
            [
              30.797008137,
              -0.6366754209
            ],
            [
              30.7970020169,
              -0.6282661636
            ],
            [
              30.8220620638,
              -0.6282477437
            ],
            [
              30.8220744661,
              -0.645065765
            ],
            [
              30.8053677961,
              -0.6450783878
            ],
            [
              30.8053740916,
              -0.6534875628
            ],
            [
              30.8137274818,
              -0.6534811759
            ],
            [
              30.8137403473,
              -0.6702993604
            ],
            [
              30.8388001097,
              -0.6702796214
            ],
            [
              30.838813389,
              -0.6870973098
            ],
            [
              30.8304601877,
              -0.6871040677
            ],
            [
              30.8304671466,
              -0.6957739743
            ],
            [
              30.8356111801,
              -0.6916984976
            ],
            [
              30.8453928953,
              -0.6854211095
            ],
            [
              30.8649653036,
              -0.6845096172
            ],
            [
              30.872367197,
              -0.6869003506
            ],
            [
              30.8794345909,
              -0.6899209613
            ],
            [
              30.8848460006,
              -0.6899165103
            ],
            [
              30.8983764727,
              -0.6924777256
            ],
            [
              30.9055925115,
              -0.693682255
            ],
            [
              30.9135576857,
              -0.6920111751
            ],
            [
              30.9177611954,
              -0.6856525503
            ],
            [
              30.9192601418,
              -0.6819251219
            ],
            [
              30.9183256312,
              -0.6817912785
            ],
            [
              30.915152402,
              -0.6820796667
            ],
            [
              30.9147539511,
              -0.681892139
            ],
            [
              30.9134950114,
              -0.6806321653
            ],
            [
              30.9134448314,
              -0.6802724617
            ],
            [
              30.9124285778,
              -0.6783375177
            ],
            [
              30.9123612922,
              -0.6771945963
            ],
            [
              30.9125432186,
              -0.6766113815
            ],
            [
              30.913409355,
              -0.6754196516
            ],
            [
              30.9140500884,
              -0.6753490035
            ],
            [
              30.9175859416,
              -0.6766875752
            ],
            [
              30.9180138,
              -0.6766669266
            ],
            [
              30.9185149083,
              -0.676398152
            ],
            [
              30.9186072141,
              -0.6759267096
            ],
            [
              30.918260679,
              -0.6748352794
            ],
            [
              30.9182096572,
              -0.6739494117
            ],
            [
              30.9176385773,
              -0.6730864933
            ],
            [
              30.9174906018,
              -0.6705000134
            ],
            [
              30.9176977934,
              -0.6690337194
            ],
            [
              30.917992201,
              -0.66842217
            ],
            [
              30.9187264338,
              -0.66807736
            ],
            [
              30.9188122652,
              -0.6672808256
            ],
            [
              30.9191574326,
              -0.6667865924
            ],
            [
              30.9190756723,
              -0.6663273427
            ],
            [
              30.9187113799,
              -0.6659291289
            ],
            [
              30.9183309475,
              -0.6650344529
            ],
            [
              30.917219405,
              -0.6633208209
            ],
            [
              30.9170712708,
              -0.6622599679
            ],
            [
              30.917277532,
              -0.659724255
            ],
            [
              30.9185997925,
              -0.6583487475
            ],
            [
              30.9200264817,
              -0.6576131423
            ],
            [
              30.9208288777,
              -0.6575118435
            ],
            [
              30.9217902333,
              -0.6577864429
            ],
            [
              30.9221442607,
              -0.6576634241
            ],
            [
              30.9224865501,
              -0.6578018823
            ],
            [
              30.9231009136,
              -0.6589594045
            ],
            [
              30.9241614698,
              -0.6603995259
            ],
            [
              30.9245908182,
              -0.6606874759
            ],
            [
              30.9249545831,
              -0.6606794773
            ],
            [
              30.9255593151,
              -0.6602391561
            ],
            [
              30.925969872,
              -0.6597300976
            ],
            [
              30.9261976799,
              -0.6590098792
            ],
            [
              30.9259801721,
              -0.6580264289
            ],
            [
              30.9260810569,
              -0.6552249384
            ],
            [
              30.9267468098,
              -0.6542233822
            ],
            [
              30.9269504219,
              -0.653525602
            ],
            [
              30.9275661897,
              -0.6529530863
            ],
            [
              30.9277050954,
              -0.652117989
            ],
            [
              30.9292039317,
              -0.6502565786
            ],
            [
              30.9300316084,
              -0.6499445043
            ],
            [
              30.9305821601,
              -0.6490825618
            ],
            [
              30.9310655139,
              -0.6489208759
            ],
            [
              30.9319557752,
              -0.6483020606
            ],
            [
              30.9322143043,
              -0.6478778623
            ],
            [
              30.9331056372,
              -0.6471322732
            ],
            [
              30.9333479714,
              -0.6464400527
            ],
            [
              30.9348829854,
              -0.6451655606
            ],
            [
              30.9353385107,
              -0.6444848673
            ],
            [
              30.9376071094,
              -0.6428524051
            ],
            [
              30.9383678342,
              -0.6415141924
            ],
            [
              30.9399404475,
              -0.6404807384
            ],
            [
              30.9412952536,
              -0.6399209223
            ],
            [
              30.9420370833,
              -0.6390937352
            ],
            [
              30.9432550898,
              -0.6387699752
            ],
            [
              30.9440506254,
              -0.6381211414
            ],
            [
              30.9455398118,
              -0.6376493605
            ],
            [
              30.9468179281,
              -0.6370258076
            ],
            [
              30.9486366485,
              -0.6357029628
            ],
            [
              30.949676394,
              -0.6351329177
            ],
            [
              30.9502843372,
              -0.6350223018
            ],
            [
              30.9512179528,
              -0.6352689382
            ],
            [
              30.9526144472,
              -0.6350313028
            ],
            [
              30.953477778,
              -0.6353502197
            ],
            [
              30.9539050378,
              -0.6350307061
            ],
            [
              30.9547642098,
              -0.6349494581
            ],
            [
              30.9544237976,
              -0.6356508388
            ],
            [
              30.9544360449,
              -0.6368766481
            ],
            [
              30.9526849793,
              -0.6372904784
            ],
            [
              30.95243803,
              -0.6376386778
            ],
            [
              30.9529288047,
              -0.6385702881
            ],
            [
              30.9528838721,
              -0.639677797
            ],
            [
              30.9515398028,
              -0.6423059417
            ],
            [
              30.9515904382,
              -0.6437653313
            ],
            [
              30.9518929349,
              -0.6446435546
            ],
            [
              30.9529916867,
              -0.6462794374
            ],
            [
              30.9543126316,
              -0.6472348536
            ],
            [
              30.9546742213,
              -0.6477181399
            ],
            [
              30.9547525079,
              -0.6486012402
            ],
            [
              30.9544770486,
              -0.6490133518
            ],
            [
              30.9536291573,
              -0.6490897902
            ],
            [
              30.9516140715,
              -0.6480330401
            ],
            [
              30.9496478835,
              -0.6476621569
            ],
            [
              30.9484107883,
              -0.6476923329
            ],
            [
              30.9477715099,
              -0.6481113738
            ],
            [
              30.9472270114,
              -0.6490183867
            ],
            [
              30.9464548471,
              -0.6505021255
            ],
            [
              30.9464511454,
              -0.6510343952
            ],
            [
              30.9466015416,
              -0.6520094784
            ],
            [
              30.9470208558,
              -0.6527794179
            ],
            [
              30.9478576745,
              -0.6537257284
            ],
            [
              30.948564485,
              -0.6540309066
            ],
            [
              30.9503333578,
              -0.6543977355
            ],
            [
              30.954801073,
              -0.6537808513
            ],
            [
              30.95589686,
              -0.6531840544
            ],
            [
              30.9561983041,
              -0.6531796157
            ],
            [
              30.9562215344,
              -0.6536529206
            ],
            [
              30.9568686364,
              -0.6541106975
            ],
            [
              30.9568417049,
              -0.6545506679
            ],
            [
              30.9564531841,
              -0.654762354
            ],
            [
              30.9561956027,
              -0.6553618706
            ],
            [
              30.9551702426,
              -0.6561150553
            ],
            [
              30.9545131737,
              -0.657126524
            ],
            [
              30.9543382997,
              -0.6576789339
            ],
            [
              30.9539923603,
              -0.6580511481
            ],
            [
              30.9538317709,
              -0.6588843328
            ],
            [
              30.953128294,
              -0.6592463197
            ],
            [
              30.9523926237,
              -0.6593752342
            ],
            [
              30.9496693767,
              -0.6609975852
            ],
            [
              30.947394639,
              -0.6606998622
            ],
            [
              30.9466497215,
              -0.6604598604
            ],
            [
              30.9459527026,
              -0.6599047305
            ],
            [
              30.9446855338,
              -0.6593698824
            ],
            [
              30.9432566511,
              -0.6593212159
            ],
            [
              30.9423846891,
              -0.659400269
            ],
            [
              30.9418825272,
              -0.6595925523
            ],
            [
              30.941310536,
              -0.6618946828
            ],
            [
              30.941144505,
              -0.663548068
            ],
            [
              30.9417827831,
              -0.6651636641
            ],
            [
              30.9426276903,
              -0.6666210817
            ],
            [
              30.9430542842,
              -0.6672420714
            ],
            [
              30.9449874698,
              -0.6688471215
            ],
            [
              30.9449811361,
              -0.6693056353
            ],
            [
              30.9447617332,
              -0.6697727794
            ],
            [
              30.944239517,
              -0.670128853
            ],
            [
              30.9434898449,
              -0.6703788728
            ],
            [
              30.9427702109,
              -0.6704284864
            ],
            [
              30.9411101517,
              -0.6701314492
            ],
            [
              30.9396498275,
              -0.6705588215
            ],
            [
              30.938738459,
              -0.6706368399
            ],
            [
              30.9377136075,
              -0.6713570392
            ],
            [
              30.9368405048,
              -0.673184687
            ],
            [
              30.936720531,
              -0.6745770496
            ],
            [
              30.9367408478,
              -0.6755652854
            ],
            [
              30.9368917027,
              -0.6759688854
            ],
            [
              30.9376265834,
              -0.6765770648
            ],
            [
              30.9386876657,
              -0.6769048739
            ],
            [
              30.9397985064,
              -0.6776339328
            ],
            [
              30.9409683163,
              -0.6789862943
            ],
            [
              30.9421633919,
              -0.6811080992
            ],
            [
              30.9420777004,
              -0.6817812447
            ],
            [
              30.9423447211,
              -0.6821914396
            ],
            [
              30.9430935868,
              -0.6826784605
            ],
            [
              30.9435791154,
              -0.6840200831
            ],
            [
              30.9434813717,
              -0.6858264804
            ],
            [
              30.9431610299,
              -0.6864347645
            ],
            [
              30.9421177034,
              -0.6869401526
            ],
            [
              30.9368557435,
              -0.6921430479
            ],
            [
              30.9365595197,
              -0.6974391141
            ],
            [
              30.9389689865,
              -0.7028841934
            ],
            [
              30.9409257777,
              -0.7062113121
            ],
            [
              30.944684207,
              -0.707115944
            ],
            [
              30.9485888397,
              -0.7031786173
            ],
            [
              30.9508393534,
              -0.6983348896
            ],
            [
              30.9530881273,
              -0.6913729044
            ],
            [
              30.9538350291,
              -0.6857739578
            ],
            [
              30.9568373794,
              -0.681232294
            ],
            [
              30.9599922564,
              -0.6794140249
            ],
            [
              30.9661538954,
              -0.6785011068
            ],
            [
              30.9706642855,
              -0.6801617068
            ],
            [
              30.9763802961,
              -0.6857551289
            ],
            [
              30.9805230807,
              -0.6886909296
            ],
            [
              30.9821830847,
              -0.6862764122
            ],
            [
              30.9835898618,
              -0.6859117308
            ],
            [
              30.9855200625,
              -0.6866299709
            ],
            [
              30.9858882839,
              -0.6881856467
            ],
            [
              30.985850458,
              -0.6889963621
            ],
            [
              30.9854745975,
              -0.6895323246
            ],
            [
              30.984935782,
              -0.6908579236
            ],
            [
              30.9897617746,
              -0.691644576
            ],
            [
              30.9933682719,
              -0.6908850252
            ],
            [
              30.996522854,
              -0.6889154756
            ],
            [
              31.0008786549,
              -0.6855832509
            ],
            [
              31.0071910293,
              -0.6855779287
            ],
            [
              31.01350487,
              -0.6873881348
            ],
            [
              31.0151582748,
              -0.6859235256
            ],
            [
              31.014665405,
              -0.6855730115
            ],
            [
              31.0135699431,
              -0.6841507485
            ],
            [
              31.0134918469,
              -0.6827403452
            ],
            [
              31.0142064983,
              -0.6811682355
            ],
            [
              31.0144379613,
              -0.6800400399
            ],
            [
              31.0142765499,
              -0.6794722312
            ],
            [
              31.0133522963,
              -0.6785889728
            ],
            [
              31.0131760428,
              -0.6772889934
            ],
            [
              31.0132751757,
              -0.6768124501
            ],
            [
              31.0139746434,
              -0.6756683625
            ],
            [
              31.0160040847,
              -0.6747030861
            ],
            [
              31.0165274378,
              -0.6750113385
            ],
            [
              31.017164253,
              -0.6762077686
            ],
            [
              31.0172447268,
              -0.6767423726
            ],
            [
              31.0183081081,
              -0.6778450078
            ],
            [
              31.0206547086,
              -0.6781519682
            ],
            [
              31.0209183408,
              -0.6784436327
            ],
            [
              31.0216576292,
              -0.6787997753
            ],
            [
              31.0214585733,
              -0.6792366117
            ],
            [
              31.0206948096,
              -0.6792706921
            ],
            [
              31.0203252546,
              -0.6794690122
            ],
            [
              31.0201876453,
              -0.6797674057
            ],
            [
              31.0198681055,
              -0.6798946331
            ],
            [
              31.019578523,
              -0.680259491
            ],
            [
              31.0189803419,
              -0.6813844549
            ],
            [
              31.0186501777,
              -0.681545667
            ],
            [
              31.0182644547,
              -0.6836224834
            ],
            [
              31.0179591264,
              -0.683994588
            ],
            [
              31.0177585717,
              -0.6845780905
            ],
            [
              31.024774356,
              -0.6845040093
            ],
            [
              31.0267283852,
              -0.6848049394
            ],
            [
              31.0328922969,
              -0.6872203752
            ],
            [
              31.0359012662,
              -0.6910000817
            ],
            [
              31.0408624505,
              -0.6929625954
            ],
            [
              31.0483772021,
              -0.6934099915
            ],
            [
              31.0512277674,
              -0.6876585947
            ],
            [
              31.0521202291,
              -0.6766138319
            ],
            [
              31.0512050239,
              -0.6703174874
            ],
            [
              31.0506640114,
              -0.6693532741
            ],
            [
              31.0506600327,
              -0.6690479929
            ],
            [
              31.0508327206,
              -0.6683714207
            ],
            [
              31.0514955175,
              -0.6679903687
            ],
            [
              31.0517810729,
              -0.6676553737
            ],
            [
              31.0520973463,
              -0.6668839424
            ],
            [
              31.0521332299,
              -0.6663845308
            ],
            [
              31.0530852393,
              -0.6664342463
            ],
            [
              31.0530422829,
              -0.6671048406
            ],
            [
              31.0532700559,
              -0.6673799709
            ],
            [
              31.0537938295,
              -0.6674763028
            ],
            [
              31.0542418262,
              -0.6671332054
            ],
            [
              31.0544907207,
              -0.667118457
            ],
            [
              31.0557978775,
              -0.6684754801
            ],
            [
              31.0563229677,
              -0.6686837164
            ],
            [
              31.0574271672,
              -0.6696764028
            ],
            [
              31.0580805586,
              -0.6700586752
            ],
            [
              31.0602054979,
              -0.6704579771
            ],
            [
              31.0623003231,
              -0.6698115073
            ],
            [
              31.0635051696,
              -0.6698607695
            ],
            [
              31.0638129944,
              -0.6700687033
            ],
            [
              31.0639348769,
              -0.6705660844
            ],
            [
              31.0680469246,
              -0.6725157061
            ],
            [
              31.0716535662,
              -0.6723613915
            ],
            [
              31.0764599295,
              -0.6691804038
            ],
            [
              31.0786156054,
              -0.6669226234
            ],
            [
              31.0753665932,
              -0.6654069739
            ],
            [
              31.0731238084,
              -0.6638824875
            ],
            [
              31.0720004486,
              -0.6628295938
            ],
            [
              31.0706691723,
              -0.661270017
            ],
            [
              31.0701288418,
              -0.6600355676
            ],
            [
              31.0699213603,
              -0.6591798493
            ],
            [
              31.0699736795,
              -0.6582516305
            ],
            [
              31.0703926126,
              -0.6571562147
            ],
            [
              31.0711404486,
              -0.6559700565
            ],
            [
              31.0719498619,
              -0.6542263881
            ],
            [
              31.0718602732,
              -0.6523292359
            ],
            [
              31.0714115697,
              -0.6517891133
            ],
            [
              31.0709400084,
              -0.6507652267
            ],
            [
              31.0705418478,
              -0.648037935
            ],
            [
              31.0705420058,
              -0.6471504214
            ],
            [
              31.0709160513,
              -0.6461828829
            ],
            [
              31.0709421996,
              -0.6456206117
            ],
            [
              31.0711978811,
              -0.6451953797
            ],
            [
              31.0728413661,
              -0.6445225804
            ],
            [
              31.0743354053,
              -0.6433365186
            ],
            [
              31.0749084429,
              -0.644380729
            ],
            [
              31.0750270457,
              -0.6448796472
            ],
            [
              31.0747425062,
              -0.645823235
            ],
            [
              31.0749576054,
              -0.6461334705
            ],
            [
              31.0746906232,
              -0.6478700229
            ],
            [
              31.0746424807,
              -0.6497240805
            ],
            [
              31.0748742216,
              -0.650372984
            ],
            [
              31.0768695514,
              -0.653344898
            ],
            [
              31.0780758181,
              -0.659863206
            ],
            [
              31.0780814491,
              -0.6610550469
            ],
            [
              31.0785603203,
              -0.6618187282
            ],
            [
              31.0803149448,
              -0.6633801601
            ],
            [
              31.0814502274,
              -0.6637086299
            ],
            [
              31.082435202,
              -0.6636887573
            ],
            [
              31.0853655457,
              -0.6619614715
            ],
            [
              31.0867557957,
              -0.6602628651
            ],
            [
              31.0869092673,
              -0.658689963
            ],
            [
              31.0867564296,
              -0.6567816796
            ],
            [
              31.0865164577,
              -0.6561669301
            ],
            [
              31.0857586532,
              -0.6552503989
            ],
            [
              31.0851025857,
              -0.6545439803
            ],
            [
              31.084683363,
              -0.6543175884
            ],
            [
              31.0844820466,
              -0.6530089498
            ],
            [
              31.0854489209,
              -0.6501997327
            ],
            [
              31.0856497644,
              -0.647609081
            ],
            [
              31.0862471872,
              -0.6461339544
            ],
            [
              31.0861998512,
              -0.6453593068
            ],
            [
              31.0857972095,
              -0.6448713068
            ],
            [
              31.0851072366,
              -0.6430763682
            ],
            [
              31.0836211288,
              -0.6405852415
            ],
            [
              31.0830954173,
              -0.6403803404
            ],
            [
              31.0815887186,
              -0.6402530815
            ],
            [
              31.0810609666,
              -0.6400783679
            ],
            [
              31.0805813272,
              -0.6396393635
            ],
            [
              31.0803716387,
              -0.6391296242
            ],
            [
              31.0803534675,
              -0.6385113912
            ],
            [
              31.0812600028,
              -0.6377047859
            ],
            [
              31.0817890463,
              -0.636094482
            ],
            [
              31.0826965224,
              -0.634693509
            ],
            [
              31.0826968871,
              -0.6339476196
            ],
            [
              31.0825154758,
              -0.6327794365
            ],
            [
              31.0812388165,
              -0.6318239339
            ],
            [
              31.0801428204,
              -0.6319343579
            ],
            [
              31.0795510098,
              -0.6315389258
            ],
            [
              31.0791991294,
              -0.6310948442
            ],
            [
              31.0792097121,
              -0.629438002
            ],
            [
              31.0799494187,
              -0.6273749184
            ],
            [
              31.0815316011,
              -0.6255930176
            ],
            [
              31.08257771,
              -0.6251024751
            ],
            [
              31.0830536453,
              -0.6251730914
            ],
            [
              31.0852647282,
              -0.6261997633
            ],
            [
              31.0861799077,
              -0.6263181113
            ],
            [
              31.0868943029,
              -0.6261077871
            ],
            [
              31.0876185311,
              -0.6256485012
            ],
            [
              31.0882310327,
              -0.6245955999
            ],
            [
              31.0881899031,
              -0.6235591366
            ],
            [
              31.0877162134,
              -0.6226973132
            ],
            [
              31.086386376,
              -0.6214064035
            ],
            [
              31.0841766472,
              -0.619896694
            ],
            [
              31.0829062435,
              -0.6197970824
            ],
            [
              31.0814904486,
              -0.61927907
            ],
            [
              31.0807977628,
              -0.618875817
            ],
            [
              31.0804020435,
              -0.6183990072
            ],
            [
              31.0802522578,
              -0.6176687634
            ],
            [
              31.0804359063,
              -0.6160177471
            ],
            [
              31.0811512483,
              -0.6144807943
            ],
            [
              31.0819215734,
              -0.6138752172
            ],
            [
              31.0823973534,
              -0.6131345802
            ],
            [
              31.0837693301,
              -0.6119485582
            ],
            [
              31.0845505846,
              -0.6114914036
            ],
            [
              31.0854310315,
              -0.6112936744
            ],
            [
              31.0859008066,
              -0.6118181364
            ],
            [
              31.0880693183,
              -0.6134907335
            ],
            [
              31.089881085,
              -0.6155381332
            ],
            [
              31.0908158423,
              -0.6158080123
            ],
            [
              31.0914266253,
              -0.6158097647
            ],
            [
              31.0923051411,
              -0.6154108264
            ],
            [
              31.0929085854,
              -0.614589254
            ],
            [
              31.093109609,
              -0.6138464209
            ],
            [
              31.0930748614,
              -0.6125074562
            ],
            [
              31.0926571031,
              -0.611466461
            ],
            [
              31.0917735166,
              -0.610123336
            ],
            [
              31.0916923832,
              -0.6096788839
            ],
            [
              31.0920233452,
              -0.6087166205
            ],
            [
              31.0926885061,
              -0.6077392901
            ],
            [
              31.0929074037,
              -0.6067787681
            ],
            [
              31.0927086939,
              -0.606050618
            ],
            [
              31.0921706222,
              -0.6052563264
            ],
            [
              31.0922202657,
              -0.6028790837
            ],
            [
              31.0924762196,
              -0.6021232612
            ],
            [
              31.0938343245,
              -0.6006983832
            ],
            [
              31.0944505411,
              -0.6003817916
            ],
            [
              31.0953655528,
              -0.6003307983
            ],
            [
              31.0973900912,
              -0.6007980009
            ],
            [
              31.0975284388,
              -0.6018709522
            ],
            [
              31.0979515949,
              -0.6023771812
            ],
            [
              31.0990766236,
              -0.6023517059
            ],
            [
              31.1009929581,
              -0.6008055376
            ],
            [
              31.102685897,
              -0.5999117756
            ],
            [
              31.1035224047,
              -0.5993111981
            ],
            [
              31.1041731983,
              -0.5979494424
            ],
            [
              31.1040467594,
              -0.5974265642
            ],
            [
              31.1032310212,
              -0.5961095293
            ],
            [
              31.102712385,
              -0.5944687855
            ],
            [
              31.1024205555,
              -0.5940550334
            ],
            [
              31.1021678544,
              -0.5923559235
            ],
            [
              31.1012015044,
              -0.5900895522
            ],
            [
              31.1010504862,
              -0.5887309341
            ],
            [
              31.101134432,
              -0.5858419344
            ],
            [
              31.1025845157,
              -0.5827624702
            ],
            [
              31.103038524,
              -0.582548099
            ],
            [
              31.1033553323,
              -0.5821105466
            ],
            [
              31.1045487128,
              -0.5815622005
            ],
            [
              31.1058541894,
              -0.5824973158
            ],
            [
              31.1062204714,
              -0.5829547613
            ],
            [
              31.1065920187,
              -0.5841687394
            ],
            [
              31.1072771409,
              -0.5848164028
            ],
            [
              31.1092867619,
              -0.5859164018
            ],
            [
              31.1099431708,
              -0.5860238042
            ],
            [
              31.1104757377,
              -0.5864179756
            ],
            [
              31.1107791333,
              -0.5869048745
            ],
            [
              31.110880274,
              -0.5883953787
            ],
            [
              31.1110966464,
              -0.5891868355
            ],
            [
              31.1115834832,
              -0.5897716526
            ],
            [
              31.1123700257,
              -0.589888482
            ],
            [
              31.1132668011,
              -0.5897222703
            ],
            [
              31.114345832,
              -0.5890718074
            ],
            [
              31.1147762221,
              -0.5886330604
            ],
            [
              31.1149685062,
              -0.5880996979
            ],
            [
              31.1149720987,
              -0.5874704706
            ],
            [
              31.1152463916,
              -0.5869283538
            ],
            [
              31.1161318773,
              -0.5863542933
            ],
            [
              31.1165885449,
              -0.5864524682
            ],
            [
              31.1175852859,
              -0.5873397441
            ],
            [
              31.1190625754,
              -0.5880947836
            ],
            [
              31.119846739,
              -0.5882178328
            ],
            [
              31.121889421,
              -0.5879782371
            ],
            [
              31.1223690518,
              -0.5876788372
            ],
            [
              31.1228038096,
              -0.5871366966
            ],
            [
              31.1229085938,
              -0.5864799871
            ],
            [
              31.1228107682,
              -0.585909302
            ],
            [
              31.1221268098,
              -0.5853359826
            ],
            [
              31.1194948938,
              -0.5842807422
            ],
            [
              31.1184189268,
              -0.5825813258
            ],
            [
              31.117733673,
              -0.5822030487
            ],
            [
              31.1172029247,
              -0.5821242363
            ],
            [
              31.116131776,
              -0.5812764261
            ],
            [
              31.1148886182,
              -0.5808026632
            ],
            [
              31.1137805877,
              -0.5807978288
            ],
            [
              31.1132019667,
              -0.5804862295
            ],
            [
              31.1116859487,
              -0.5787868407
            ],
            [
              31.1109177954,
              -0.5782668057
            ],
            [
              31.109829739,
              -0.5769451309
            ],
            [
              31.1095407674,
              -0.57618472
            ],
            [
              31.1091999987,
              -0.5758050037
            ],
            [
              31.1090157143,
              -0.5751274539
            ],
            [
              31.1080803016,
              -0.5741748793
            ],
            [
              31.1078308354,
              -0.5730898646
            ],
            [
              31.1077619054,
              -0.5717003223
            ],
            [
              31.108279247,
              -0.5716873942
            ],
            [
              31.108778337,
              -0.5713384946
            ],
            [
              31.1089506079,
              -0.5709808846
            ],
            [
              31.1090765427,
              -0.5699033946
            ],
            [
              31.1111074432,
              -0.5676617602
            ],
            [
              31.1123156974,
              -0.5672712025
            ],
            [
              31.112969867,
              -0.567241473
            ],
            [
              31.1134678035,
              -0.5673927038
            ],
            [
              31.11395937,
              -0.568465001
            ],
            [
              31.1144328272,
              -0.56884873
            ],
            [
              31.1147121405,
              -0.5698389796
            ],
            [
              31.115115454,
              -0.5703228983
            ],
            [
              31.1156502928,
              -0.5705186483
            ],
            [
              31.116281593,
              -0.5705329254
            ],
            [
              31.1170416044,
              -0.5700852647
            ],
            [
              31.1177789593,
              -0.5689150635
            ],
            [
              31.1178272437,
              -0.5677813251
            ],
            [
              31.1171928816,
              -0.5660738447
            ],
            [
              31.1171613643,
              -0.5655213814
            ],
            [
              31.1175677647,
              -0.5646951245
            ],
            [
              31.1181106506,
              -0.5643011344
            ],
            [
              31.118684345,
              -0.5641029169
            ],
            [
              31.1205604618,
              -0.5650177932
            ],
            [
              31.1221909316,
              -0.5649199654
            ],
            [
              31.1231196776,
              -0.564419393
            ],
            [
              31.1241305651,
              -0.5636449134
            ],
            [
              31.1248986821,
              -0.561675285
            ],
            [
              31.1246097191,
              -0.5578146633
            ],
            [
              31.1231538475,
              -0.5546383053
            ],
            [
              31.1216110502,
              -0.5534545555
            ],
            [
              31.121532496,
              -0.5529103043
            ],
            [
              31.1218276454,
              -0.551830109
            ],
            [
              31.1214892244,
              -0.55053667
            ],
            [
              31.1234363386,
              -0.5495128793
            ],
            [
              31.1245724306,
              -0.5493653999
            ],
            [
              31.1258551746,
              -0.5499893977
            ],
            [
              31.126671487,
              -0.5501453562
            ],
            [
              31.1270726804,
              -0.5509070535
            ],
            [
              31.1275089258,
              -0.5510418893
            ],
            [
              31.1280579296,
              -0.5514918288
            ],
            [
              31.1283096261,
              -0.5520845844
            ],
            [
              31.1286011889,
              -0.5522494539
            ],
            [
              31.1287524533,
              -0.5528885009
            ],
            [
              31.1290899687,
              -0.5531809821
            ],
            [
              31.1301022754,
              -0.5531923828
            ],
            [
              31.1306388007,
              -0.5529383915
            ],
            [
              31.1311810376,
              -0.5522610857
            ],
            [
              31.1317603067,
              -0.551890445
            ],
            [
              31.1328003891,
              -0.551390988
            ],
            [
              31.1337454154,
              -0.5511823893
            ],
            [
              31.1341916728,
              -0.550655655
            ],
            [
              31.1349110147,
              -0.5492906686
            ],
            [
              31.136062981,
              -0.54804621
            ],
            [
              31.1360482578,
              -0.5472704026
            ],
            [
              31.1356314913,
              -0.5463743487
            ],
            [
              31.1337332119,
              -0.5437640881
            ],
            [
              31.1326030699,
              -0.5427233926
            ],
            [
              31.1310966123,
              -0.5416264469
            ],
            [
              31.1301126117,
              -0.5414946869
            ],
            [
              31.1287087491,
              -0.5404953095
            ],
            [
              31.1285313121,
              -0.5401651608
            ],
            [
              31.1282926624,
              -0.5380308213
            ],
            [
              31.1289203744,
              -0.5372893853
            ],
            [
              31.1297645433,
              -0.5370793894
            ],
            [
              31.1300127078,
              -0.5366913321
            ],
            [
              31.13010143,
              -0.5360803976
            ],
            [
              31.1306162658,
              -0.5346976154
            ],
            [
              31.1304221894,
              -0.5343750571
            ],
            [
              31.1304727596,
              -0.5338513808
            ],
            [
              31.1305727963,
              -0.5335122471
            ],
            [
              31.1308163733,
              -0.5333832503
            ],
            [
              31.1316144093,
              -0.5333813178
            ],
            [
              31.1325285241,
              -0.533612163
            ],
            [
              31.1335146509,
              -0.5348527223
            ],
            [
              31.1340390483,
              -0.5352310037
            ],
            [
              31.1347612122,
              -0.5360577763
            ],
            [
              31.1365321665,
              -0.5362491969
            ],
            [
              31.1374441508,
              -0.5361579134
            ],
            [
              31.1386838071,
              -0.5357273983
            ],
            [
              31.1404397895,
              -0.5347595559
            ],
            [
              31.1419722443,
              -0.5336711232
            ],
            [
              31.1426266472,
              -0.5326433844
            ],
            [
              31.1427278559,
              -0.5320356564
            ],
            [
              31.1424469848,
              -0.5309364357
            ],
            [
              31.1414420858,
              -0.529359187
            ],
            [
              31.1413086722,
              -0.5282903759
            ],
            [
              31.1408391521,
              -0.5272809233
            ],
            [
              31.1406505684,
              -0.5251609513
            ],
            [
              31.1406912374,
              -0.524290195
            ],
            [
              31.1409397034,
              -0.5235249027
            ],
            [
              31.1416406765,
              -0.5228207783
            ],
            [
              31.1423023788,
              -0.5224197793
            ],
            [
              31.143473922,
              -0.522602312
            ],
            [
              31.1438182725,
              -0.5227719145
            ],
            [
              31.1440754918,
              -0.5231998644
            ],
            [
              31.1445445601,
              -0.5233502925
            ],
            [
              31.1456100411,
              -0.5235185259
            ],
            [
              31.1466322477,
              -0.5233443278
            ],
            [
              31.1472425554,
              -0.5230658731
            ],
            [
              31.1479195061,
              -0.5223495322
            ],
            [
              31.148729249,
              -0.5211695343
            ],
            [
              31.1491604939,
              -0.5201364134
            ],
            [
              31.1491994871,
              -0.5190412983
            ],
            [
              31.1472726459,
              -0.5172843211
            ],
            [
              31.1469169746,
              -0.5171962297
            ],
            [
              31.1460595691,
              -0.5166312116
            ],
            [
              31.1448449794,
              -0.5163498584
            ],
            [
              31.1445002675,
              -0.5160586858
            ],
            [
              31.1436042538,
              -0.5151330754
            ],
            [
              31.143746919,
              -0.5142131875
            ],
            [
              31.144581338,
              -0.5131402733
            ],
            [
              31.1450984716,
              -0.5128369385
            ],
            [
              31.1463588947,
              -0.5128285209
            ],
            [
              31.1479155004,
              -0.5125304671
            ],
            [
              31.1486211855,
              -0.5122024594
            ],
            [
              31.1496145902,
              -0.5114521382
            ],
            [
              31.150568782,
              -0.5099893611
            ],
            [
              31.1508707343,
              -0.5085450463
            ],
            [
              31.1512883359,
              -0.5080390693
            ],
            [
              31.1516663924,
              -0.507063623
            ],
            [
              31.1515921703,
              -0.5063693381
            ],
            [
              31.1518375341,
              -0.5061047114
            ],
            [
              31.1517910939,
              -0.5055835445
            ],
            [
              31.1512697688,
              -0.5046630876
            ],
            [
              31.151392525,
              -0.5036207275
            ],
            [
              31.1516154089,
              -0.5032794621
            ],
            [
              31.1527278952,
              -0.4719120444
            ],
            [
              31.1560265184,
              -0.4341885805
            ],
            [
              31.1560180561,
              -0.418431511
            ],
            [
              31.1526934462,
              -0.4098384817
            ],
            [
              31.1417792634,
              -0.3998167701
            ],
            [
              31.1265929873,
              -0.3831118062
            ],
            [
              31.1189969048,
              -0.3683126955
            ],
            [
              31.1170904349,
              -0.3477806217
            ],
            [
              31.1189818306,
              -0.3339320103
            ],
            [
              31.1289341933,
              -0.3133951461
            ],
            [
              31.1384165402,
              -0.3033639173
            ],
            [
              31.1626044208,
              -0.2995346954
            ],
            [
              31.1692428811,
              -0.2952348394
            ],
            [
              31.1801452073,
              -0.2780417047
            ],
            [
              31.1929465777,
              -0.266100513
            ],
            [
              31.2076492372,
              -0.2670503753
            ],
            [
              31.2161885931,
              -0.2746866281
            ],
            [
              31.2180927497,
              -0.2942613612
            ],
            [
              31.2166777706,
              -0.3143147957
            ],
            [
              31.2200038816,
              -0.3295917719
            ],
            [
              31.226179027,
              -0.3520289984
            ],
            [
              31.2370925672,
              -0.3644373719
            ],
            [
              31.2541647289,
              -0.3629969767
            ],
            [
              31.2717058923,
              -0.3510532464
            ],
            [
              31.2864044562,
              -0.3457949923
            ],
            [
              31.3101172134,
              -0.3505580777
            ],
            [
              31.3300370925,
              -0.35818687
            ],
            [
              31.3499581709,
              -0.3691567757
            ],
            [
              31.3599218087,
              -0.3810858493
            ],
            [
              31.3641935041,
              -0.389198736
            ],
            [
              31.362781573,
              -0.4092485064
            ],
            [
              31.3580463611,
              -0.4211851253
            ],
            [
              31.3556827448,
              -0.4340752451
            ],
            [
              31.3571099813,
              -0.442189562
            ],
            [
              31.3618559884,
              -0.4493471294
            ],
            [
              31.375135987,
              -0.4545899686
            ],
            [
              31.3846227972,
              -0.4603122902
            ],
            [
              31.3917441316,
              -0.4746280508
            ],
            [
              31.4012380408,
              -0.4913286236
            ],
            [
              31.4064858451,
              -0.5075179575
            ],
            [
              31.4064819506,
              -0.5017417512
            ],
            [
              31.4148287808,
              -0.5017360757
            ],
            [
              31.4148344719,
              -0.5101387861
            ],
            [
              31.4231812192,
              -0.5101330032
            ],
            [
              31.4231929053,
              -0.5269382325
            ],
            [
              31.4315395788,
              -0.5269322499
            ],
            [
              31.4315336779,
              -0.5185297299
            ],
            [
              31.4398802457,
              -0.5185238308
            ],
            [
              31.4398744288,
              -0.5101214078
            ],
            [
              31.4565672575,
              -0.5101097685
            ],
            [
              31.4565558652,
              -0.4933053036
            ],
            [
              31.4649021166,
              -0.4932996601
            ],
            [
              31.4648965533,
              -0.4848975236
            ],
            [
              31.4815887461,
              -0.4848863975
            ],
            [
              31.4815778658,
              -0.4680825088
            ],
            [
              31.489923799,
              -0.4680771235
            ],
            [
              31.4899081687,
              -0.442871579
            ],
            [
              31.4982539766,
              -0.4428664746
            ],
            [
              31.4982489497,
              -0.4344647227
            ],
            [
              31.5065946514,
              -0.4344597061
            ],
            [
              31.5065848691,
              -0.417656395
            ],
            [
              31.5149304568,
              -0.4176515639
            ],
            [
              31.5149164798,
              -0.3924468872
            ],
            [
              31.5232619459,
              -0.3924423399
            ],
            [
              31.5232574716,
              -0.3840408777
            ],
            [
              31.531602832,
              -0.384036419
            ],
            [
              31.5315899686,
              -0.358832325
            ],
            [
              31.5399352086,
              -0.3588281502
            ],
            [
              31.5399271028,
              -0.3420256156
            ],
            [
              31.5482722314,
              -0.3420216295
            ],
            [
              31.5482607814,
              -0.3168181201
            ],
            [
              31.556605791,
              -0.3168144217
            ],
            [
              31.5566021622,
              -0.3084133481
            ],
            [
              31.5649470681,
              -0.3084097418
            ],
            [
              31.5649273081,
              -0.2580038945
            ],
            [
              31.5732720803,
              -0.258000871
            ],
            [
              31.5732691226,
              -0.2495999935
            ],
            [
              31.581613792,
              -0.2495970647
            ],
            [
              31.5815958025,
              -0.1907916142
            ],
            [
              31.5899403415,
              -0.1907893707
            ],
            [
              31.5899381595,
              -0.18238869
            ],
            [
              31.5815936239,
              -0.1823908355
            ],
            [
              31.5815876791,
              -0.1571884968
            ],
            [
              31.5982766299,
              -0.1571847969
            ],
            [
              31.5982739613,
              -0.1445022329
            ],
            [
              31.5968412784,
              -0.1403839166
            ],
            [
              31.5899287241,
              -0.1403852865
            ],
            [
              31.5899271316,
              -0.1319846068
            ],
            [
              31.5951516555,
              -0.1319836326
            ],
            [
              31.5956255855,
              -0.1151823177
            ],
            [
              31.5899242419,
              -0.1151832451
            ],
            [
              31.5899229447,
              -0.106782564
            ],
            [
              31.5982673535,
              -0.1067813058
            ],
            [
              31.5982661514,
              -0.0983807231
            ],
            [
              31.589921745,
              -0.0983818829
            ],
            [
              31.5899179291,
              -0.0647791578
            ],
            [
              31.5982623291,
              -0.0647783955
            ],
            [
              31.5982610085,
              -0.0479772299
            ],
            [
              31.6066053073,
              -0.0479766639
            ],
            [
              31.6066043785,
              -0.0311756971
            ],
            [
              31.6232926778,
              -0.0311749595
            ],
            [
              31.6232923612,
              -0.022774675
            ],
            [
              31.6316363616,
              -0.0227744045
            ],
            [
              31.6316361419,
              -0.01437422
            ],
            [
              31.6399800435,
              -0.0143740492
            ],
            [
              31.6399799019,
              0.0024261206
            ],
            [
              31.6483237037,
              0.0024260921
            ],
            [
              31.6483237833,
              0.0108260771
            ],
            [
              31.6650110876,
              0.0108258186
            ],
            [
              31.6650112667,
              0.0192256025
            ],
            [
              31.6733547692,
              0.019225372
            ],
            [
              31.6733552904,
              0.0332246176
            ]
          ],
          [
            [
              30.8745296043,
              -0.2334487978
            ],
            [
              30.8546108123,
              -0.2635471652
            ],
            [
              30.8474941495,
              -0.2649823888
            ],
            [
              30.8375296624,
              -0.2635524844
            ],
            [
              30.8323093369,
              -0.2602103659
            ],
            [
              30.8237651997,
              -0.2487486209
            ],
            [
              30.8047854567,
              -0.248754152
            ],
            [
              30.7910265337,
              -0.2544905431
            ],
            [
              30.7701488247,
              -0.2573629823
            ],
            [
              30.754962719,
              -0.2525902992
            ],
            [
              30.7454707809,
              -0.2478158094
            ],
            [
              30.7402471364,
              -0.2339631863
            ],
            [
              30.7435631939,
              -0.2115091637
            ],
            [
              30.7601621404,
              -0.1675551495
            ],
            [
              30.7630058193,
              -0.148445981
            ],
            [
              30.7568342407,
              -0.1307714383
            ],
            [
              30.7468677869,
              -0.1207407291
            ],
            [
              30.7312063464,
              -0.1059331786
            ],
            [
              30.721239847,
              -0.0954241411
            ],
            [
              30.717916673,
              -0.0815700352
            ],
            [
              30.7169670788,
              -0.0758372353
            ],
            [
              30.7187380169,
              -0.0610297219
            ],
            [
              30.7293027012,
              -0.038572912
            ],
            [
              30.7392672135,
              -0.0165969566
            ],
            [
              30.7492321401,
              -0.0003541812
            ],
            [
              30.7563500821,
              0.0130219595
            ],
            [
              30.762044499,
              0.0220984776
            ],
            [
              30.7720096313,
              0.0321301433
            ],
            [
              30.785770498,
              0.0349958477
            ],
            [
              30.8019033056,
              0.0292628627
            ],
            [
              30.8123417382,
              0.0115880473
            ],
            [
              30.8289489479,
              -0.0223273712
            ],
            [
              30.8460317738,
              -0.0581521097
            ],
            [
              30.8559977604,
              -0.0839452552
            ],
            [
              30.8678608679,
              -0.0982737777
            ],
            [
              30.8716589546,
              -0.1173795202
            ],
            [
              30.8754588001,
              -0.1446051806
            ],
            [
              30.8821060374,
              -0.1708747139
            ],
            [
              30.8849573483,
              -0.1923682502
            ],
            [
              30.88496213,
              -0.2124294248
            ],
            [
              30.8821188555,
              -0.2258043094
            ],
            [
              30.8745296043,
              -0.2334487978
            ]
          ],
          [
            [
              30.9000827866,
              0.0873721426
            ],
            [
              30.8793255315,
              0.0855831211
            ],
            [
              30.8496718014,
              0.0867803013
            ],
            [
              30.8407762624,
              0.0945433851
            ],
            [
              30.831881884,
              0.1118601719
            ],
            [
              30.8265467452,
              0.1315651788
            ],
            [
              30.8330736893,
              0.1488799394
            ],
            [
              30.8407871343,
              0.1661941999
            ],
            [
              30.8550228484,
              0.1739534444
            ],
            [
              30.8763747791,
              0.179322619
            ],
            [
              30.897851875,
              0.1751775759
            ],
            [
              30.912548162,
              0.1637918439
            ],
            [
              30.9166978806,
              0.15543252
            ],
            [
              30.9172889049,
              0.1440887315
            ],
            [
              30.9190655124,
              0.1285655278
            ],
            [
              30.9178774496,
              0.1148338997
            ],
            [
              30.9089799792,
              0.1005061289
            ],
            [
              30.9000827866,
              0.0873721426
            ]
          ],
          [
            [
              30.6966746715,
              -0.5021851875
            ],
            [
              30.6966794423,
              -0.5105954195
            ],
            [
              30.705033669,
              -0.5105905721
            ],
            [
              30.7050385295,
              -0.5190007233
            ],
            [
              30.713392688,
              -0.5189957845
            ],
            [
              30.7133976396,
              -0.5274058565
            ],
            [
              30.70504347,
              -0.5274108751
            ],
            [
              30.7050484887,
              -0.5358210265
            ],
            [
              30.6883398901,
              -0.5358311898
            ],
            [
              30.688334893,
              -0.5274208794
            ],
            [
              30.6799804867,
              -0.5274258644
            ],
            [
              30.6799660019,
              -0.5021946905
            ],
            [
              30.6966746715,
              -0.5021851875
            ]
          ],
          [
            [
              30.7301318053,
              -0.5694453354
            ],
            [
              30.7134235892,
              -0.5694562097
            ],
            [
              30.7134026704,
              -0.5358159283
            ],
            [
              30.730110792,
              -0.5358056958
            ],
            [
              30.7301318053,
              -0.5694453354
            ]
          ],
          [
            [
              30.8387163741,
              -0.5525557731
            ],
            [
              30.8387273491,
              -0.5693734696
            ],
            [
              30.8554331314,
              -0.5693622306
            ],
            [
              30.8554387665,
              -0.5777709127
            ],
            [
              30.8637915461,
              -0.5777651918
            ],
            [
              30.8637858989,
              -0.5693565938
            ],
            [
              30.8721385836,
              -0.569350944
            ],
            [
              30.8721330071,
              -0.5609424282
            ],
            [
              30.8971905261,
              -0.5609256589
            ],
            [
              30.8971961384,
              -0.5693339224
            ],
            [
              30.9055484903,
              -0.5693282249
            ],
            [
              30.9055541983,
              -0.5777364049
            ],
            [
              30.9139064786,
              -0.57773061
            ],
            [
              30.9139425602,
              -0.628179175
            ],
            [
              30.9222948327,
              -0.6281728614
            ],
            [
              30.9223075576,
              -0.6449888782
            ],
            [
              30.913955258,
              -0.6449953608
            ],
            [
              30.9139682922,
              -0.661811545
            ],
            [
              30.8972633865,
              -0.6618248066
            ],
            [
              30.8972700009,
              -0.6702330664
            ],
            [
              30.8889174089,
              -0.6702397602
            ],
            [
              30.8888978574,
              -0.6450147274
            ],
            [
              30.863839706,
              -0.6450339699
            ],
            [
              30.8638333959,
              -0.6366253739
            ],
            [
              30.8554805258,
              -0.6366316762
            ],
            [
              30.8554561678,
              -0.6029969563
            ],
            [
              30.847103268,
              -0.6030029147
            ],
            [
              30.847097398,
              -0.5945941496
            ],
            [
              30.8220382435,
              -0.5946116977
            ],
            [
              30.8220324926,
              -0.5862026845
            ],
            [
              30.8053260046,
              -0.5862141548
            ],
            [
              30.8053317303,
              -0.5946233332
            ],
            [
              30.7886248907,
              -0.5946349168
            ],
            [
              30.7886135713,
              -0.5778162337
            ],
            [
              30.7719064565,
              -0.5778274419
            ],
            [
              30.7719009423,
              -0.5694179368
            ],
            [
              30.7635472764,
              -0.5694234408
            ],
            [
              30.7635418548,
              -0.5610138544
            ],
            [
              30.7718955095,
              -0.5610084332
            ],
            [
              30.7718901574,
              -0.5525989275
            ],
            [
              30.7885972003,
              -0.5525882093
            ],
            [
              30.788602576,
              -0.5609975514
            ],
            [
              30.8303688171,
              -0.5609701392
            ],
            [
              30.8303633825,
              -0.5525612082
            ],
            [
              30.8387163741,
              -0.5525557731
            ]
          ]
        ]
      },
      "properties": {
        "country": "Uganda",
        "country_code": "UGA",
        "species_name": "Eucalyptus_camaldulensis_S",
        "genus": "Eucalyptus",
        "species": "camaldulensis_S",
        "suitability_name": "Moderately suitable",
        "suitability_rank": 2,
        "soil_suitability": "S3",
        "soil_type": "Ferrallitic Soils",
        "soil_description": "Yellow soils - Sandy loams",
        "site_class": null,
        "maz": "III",
        "maz_zone": null,
        "tz": "3",
        "frost_risk": null,
        "source_layer": "SWIFT_SSMT_Uganda"
      }
    },
    {
      "type": "Feature",
      "geometry": {
        "type": "Polygon",
        "coordinates": [
          [
            [
              31.4106528935,
              -0.5185444398
            ],
            [
              31.4148402564,
              -0.5185414961
            ],
            [
              31.4148344719,
              -0.5101387861
            ],
            [
              31.4073371112,
              -0.5101439701
            ],
            [
              31.4078899422,
              -0.5118493416
            ],
            [
              31.4106528935,
              -0.5185444398
            ]
          ]
        ]
      },
      "properties": {
        "country": "Uganda",
        "country_code": "UGA",
        "species_name": "Eucalyptus_camaldulensis_S",
        "genus": "Eucalyptus",
        "species": "camaldulensis_S",
        "suitability_name": "Moderately suitable",
        "suitability_rank": 2,
        "soil_suitability": "S3",
        "soil_type": "Ferrallitic Soils",
        "soil_description": "Yellow soils - Sandy loams",
        "site_class": null,
        "maz": "III",
        "maz_zone": null,
        "tz": "3",
        "frost_risk": null,
        "source_layer": "SWIFT_SSMT_Uganda"
      }
    },
    {
      "type": "Feature",
      "geometry": {
        "type": "Polygon",
        "coordinates": [
          [
            [
              31.4148473833,
              -0.5287080436
            ],
            [
              31.4148461363,
              -0.5269442049
            ],
            [
              31.4141196533,
              -0.5269447251
            ],
            [
              31.4148473833,
              -0.5287080436
            ]
          ]
        ]
      },
      "properties": {
        "country": "Uganda",
        "country_code": "UGA",
        "species_name": "Eucalyptus_camaldulensis_S",
        "genus": "Eucalyptus",
        "species": "camaldulensis_S",
        "suitability_name": "Moderately suitable",
        "suitability_rank": 2,
        "soil_suitability": "S3",
        "soil_type": "Ferrallitic Soils",
        "soil_description": "Yellow soils - Sandy loams",
        "site_class": null,
        "maz": "III",
        "maz_zone": null,
        "tz": "3",
        "frost_risk": null,
        "source_layer": "SWIFT_SSMT_Uganda"
      }
    },
    {
      "type": "Feature",
      "geometry": {
        "type": "Polygon",
        "coordinates": [
          [
            [
              30.8137602585,
              -0.6955266328
            ],
            [
              30.8137535401,
              -0.6871175425
            ],
            [
              30.8054000934,
              -0.6871242576
            ],
            [
              30.8054067978,
              -0.6955334309
            ],
            [
              30.8137602585,
              -0.6955266328
            ]
          ]
        ]
      },
      "properties": {
        "country": "Uganda",
        "country_code": "UGA",
        "species_name": "Eucalyptus_camaldulensis_S",
        "genus": "Eucalyptus",
        "species": "camaldulensis_S",
        "suitability_name": "Moderately suitable",
        "suitability_rank": 2,
        "soil_suitability": "S3",
        "soil_type": "Ferrallitic Soils",
        "soil_description": "Yellow soils - Sandy loams",
        "site_class": null,
        "maz": "III",
        "maz_zone": null,
        "tz": "3",
        "frost_risk": null,
        "source_layer": "SWIFT_SSMT_Uganda"
      }
    },
    {
      "type": "Feature",
      "geometry": {
        "type": "Polygon",
        "coordinates": [
          [
            [
              31.1477354752,
              -0.7288653335
            ],
            [
              31.1395049564,
              -0.7235905721
            ],
            [
              31.1395097702,
              -0.728872965
            ],
            [
              31.1477354752,
              -0.7288653335
            ]
          ]
        ]
      },
      "properties": {
        "country": "Uganda",
        "country_code": "UGA",
        "species_name": "Eucalyptus_camaldulensis_S",
        "genus": "Eucalyptus",
        "species": "camaldulensis_S",
        "suitability_name": "Moderately suitable",
        "suitability_rank": 2,
        "soil_suitability": "S2",
        "soil_type": "Ferrallitic Soils",
        "soil_description": "Yellow soils - Sandy clay loams",
        "site_class": null,
        "maz": "III",
        "maz_zone": null,
        "tz": "3",
        "frost_risk": null,
        "source_layer": "SWIFT_SSMT_Uganda"
      }
    },
    {
      "type": "Feature",
      "geometry": {
        "type": "Polygon",
        "coordinates": [
          [
            [
              31.1812733366,
              -0.7437198408
            ],
            [
              31.1721923763,
              -0.7391599412
            ],
            [
              31.164185405,
              -0.7361832581
            ],
            [
              31.1562136014,
              -0.7328700394
            ],
            [
              31.156225522,
              -0.7456685853
            ],
            [
              31.1812751527,
              -0.7456446661
            ],
            [
              31.1812733366,
              -0.7437198408
            ]
          ]
        ]
      },
      "properties": {
        "country": "Uganda",
        "country_code": "UGA",
        "species_name": "Eucalyptus_camaldulensis_S",
        "genus": "Eucalyptus",
        "species": "camaldulensis_S",
        "suitability_name": "Moderately suitable",
        "suitability_rank": 2,
        "soil_suitability": "S2",
        "soil_type": "Ferrallitic Soils",
        "soil_description": "Yellow soils - Sandy clay loams",
        "site_class": null,
        "maz": "III",
        "maz_zone": null,
        "tz": "3",
        "frost_risk": null,
        "source_layer": "SWIFT_SSMT_Uganda"
      }
    },
    {
      "type": "Feature",
      "geometry": {
        "type": "Polygon",
        "coordinates": [
          [
            [
              30.9760849,
              -0.7710587591
            ],
            [
              31.0059343041,
              -0.7710305471
            ],
            [
              31.0059264776,
              -0.7626233998
            ],
            [
              31.039332254,
              -0.7625919227
            ],
            [
              31.0393244481,
              -0.7541851232
            ],
            [
              31.0476756605,
              -0.7541773004
            ],
            [
              31.0476679253,
              -0.7457705864
            ],
            [
              31.0560190354,
              -0.7457628349
            ],
            [
              31.0560113712,
              -0.7373562075
            ],
            [
              31.0643623783,
              -0.7373485286
            ],
            [
              31.0643561909,
              -0.7305053625
            ],
            [
              31.0527082664,
              -0.7330036858
            ],
            [
              31.0420357391,
              -0.7345057723
            ],
            [
              31.0322560718,
              -0.7398872418
            ],
            [
              31.0233690778,
              -0.7488497473
            ],
            [
              31.0123977281,
              -0.7482629195
            ],
            [
              31.0017241033,
              -0.7491682097
            ],
            [
              30.9952056567,
              -0.7545470157
            ],
            [
              30.9839500067,
              -0.7676911336
            ],
            [
              30.9760849,
              -0.7710587591
            ]
          ]
        ]
      },
      "properties": {
        "country": "Uganda",
        "country_code": "UGA",
        "species_name": "Eucalyptus_camaldulensis_S",
        "genus": "Eucalyptus",
        "species": "camaldulensis_S",
        "suitability_name": "Moderately suitable",
        "suitability_rank": 2,
        "soil_suitability": "S3",
        "soil_type": "Ferrallitic Soils",
        "soil_description": "Yellow soils - Sandy loams",
        "site_class": null,
        "maz": "III",
        "maz_zone": null,
        "tz": "3",
        "frost_risk": null,
        "source_layer": "SWIFT_SSMT_Uganda"
      }
    },
    {
      "type": "Feature",
      "geometry": {
        "type": "Polygon",
        "coordinates": [
          [
            [
              30.9474782064,
              -0.7681130567
            ],
            [
              30.9461529114,
              -0.7695063367
            ],
            [
              30.9449420101,
              -0.7701946438
            ],
            [
              30.9447057113,
              -0.7700645401
            ],
            [
              30.9441624406,
              -0.7703041155
            ],
            [
              30.9436179078,
              -0.7696633879
            ],
            [
              30.9431119387,
              -0.7696142302
            ],
            [
              30.9414983056,
              -0.7704057992
            ],
            [
              30.9410897122,
              -0.7713018932
            ],
            [
              30.9405423012,
              -0.7705089203
            ],
            [
              30.9404333458,
              -0.769838543
            ],
            [
              30.9400059781,
              -0.7687721702
            ],
            [
              30.9392992563,
              -0.7681613717
            ],
            [
              30.9380641437,
              -0.7677123946
            ],
            [
              30.9370790855,
              -0.7677103592
            ],
            [
              30.9358848175,
              -0.768059618
            ],
            [
              30.9353750584,
              -0.7684589813
            ],
            [
              30.9343418904,
              -0.7685063498
            ],
            [
              30.933899119,
              -0.7679109538
            ],
            [
              30.9331608507,
              -0.7673681535
            ],
            [
              30.932310575,
              -0.7672085409
            ],
            [
              30.9314208921,
              -0.7667088978
            ],
            [
              30.9291797001,
              -0.7644103978
            ],
            [
              30.9266130453,
              -0.7624636477
            ],
            [
              30.9250333433,
              -0.7620628104
            ],
            [
              30.9244944956,
              -0.7623030536
            ],
            [
              30.923195061,
              -0.7615698332
            ],
            [
              30.922043463,
              -0.7596185901
            ],
            [
              30.9217560723,
              -0.7594679254
            ],
            [
              30.9213008091,
              -0.7596658184
            ],
            [
              30.9211000217,
              -0.7605050383
            ],
            [
              30.9208553709,
              -0.7608023679
            ],
            [
              30.9200274821,
              -0.7610058392
            ],
            [
              30.9191517994,
              -0.7610561196
            ],
            [
              30.9175795375,
              -0.7603113553
            ],
            [
              30.9165844788,
              -0.7601120239
            ],
            [
              30.9156485467,
              -0.760456722
            ],
            [
              30.9153046946,
              -0.7608429289
            ],
            [
              30.915147524,
              -0.7620659329
            ],
            [
              30.9164788913,
              -0.7633608656
            ],
            [
              30.9170347241,
              -0.7644116608
            ],
            [
              30.9186655527,
              -0.7654084912
            ],
            [
              30.919253703,
              -0.7660934317
            ],
            [
              30.9195109864,
              -0.7670495955
            ],
            [
              30.9199001382,
              -0.7678046737
            ],
            [
              30.9201805117,
              -0.7693149007
            ],
            [
              30.9207378186,
              -0.7699454547
            ],
            [
              30.9230301711,
              -0.7705983575
            ],
            [
              30.9249146328,
              -0.7702517651
            ],
            [
              30.9272079679,
              -0.770556779
            ],
            [
              30.9277520416,
              -0.7711039943
            ],
            [
              30.9307661554,
              -0.7711011891
            ],
            [
              30.9307739218,
              -0.7795091068
            ],
            [
              30.9474785816,
              -0.779493353
            ],
            [
              30.9475106225,
              -0.8131243386
            ],
            [
              30.9558628939,
              -0.8131160968
            ],
            [
              30.9558547387,
              -0.8047084355
            ],
            [
              30.9725589917,
              -0.8046920699
            ],
            [
              30.9725508877,
              -0.7962845808
            ],
            [
              30.9641988219,
              -0.7962926857
            ],
            [
              30.9641829036,
              -0.7794775341
            ],
            [
              30.9725349371,
              -0.7794695988
            ],
            [
              30.972527621,
              -0.7716348245
            ],
            [
              30.9602298374,
              -0.7698028658
            ],
            [
              30.9474782064,
              -0.7681130567
            ]
          ]
        ]
      },
      "properties": {
        "country": "Uganda",
        "country_code": "UGA",
        "species_name": "Eucalyptus_camaldulensis_S",
        "genus": "Eucalyptus",
        "species": "camaldulensis_S",
        "suitability_name": "Moderately suitable",
        "suitability_rank": 2,
        "soil_suitability": "S3",
        "soil_type": "Ferrallitic Soils",
        "soil_description": "Yellow soils - Sandy loams",
        "site_class": null,
        "maz": "III",
        "maz_zone": null,
        "tz": "3",
        "frost_risk": null,
        "source_layer": "SWIFT_SSMT_Uganda"
      }
    },
    {
      "type": "Feature",
      "geometry": {
        "type": "Polygon",
        "coordinates": [
          [
            [
              30.7023144286,
              -0.7040262715
            ],
            [
              30.7042209526,
              -0.6921023132
            ],
            [
              30.6988726824,
              -0.680162765
            ],
            [
              30.6905640001,
              -0.6756902274
            ],
            [
              30.6778079641,
              -0.6739083716
            ],
            [
              30.6641650063,
              -0.6763075798
            ],
            [
              30.6633710768,
              -0.6765480063
            ],
            [
              30.6633727896,
              -0.6788256322
            ],
            [
              30.6717275841,
              -0.6788192458
            ],
            [
              30.671733976,
              -0.6872297102
            ],
            [
              30.6800887051,
              -0.6872232292
            ],
            [
              30.6801017547,
              -0.7040439979
            ],
            [
              30.6801083969,
              -0.7124543802
            ],
            [
              30.6968177095,
              -0.7124408974
            ],
            [
              30.6968110368,
              -0.7040306726
            ],
            [
              30.7023144286,
              -0.7040262715
            ]
          ]
        ]
      },
      "properties": {
        "country": "Uganda",
        "country_code": "UGA",
        "species_name": "Eucalyptus_camaldulensis_S",
        "genus": "Eucalyptus",
        "species": "camaldulensis_S",
        "suitability_name": "Moderately suitable",
        "suitability_rank": 2,
        "soil_suitability": "S2",
        "soil_type": "Ferrallitic Soils",
        "soil_description": "Yellow soils - Sandy clay loams",
        "site_class": null,
        "maz": "III",
        "maz_zone": null,
        "tz": "3",
        "frost_risk": null,
        "source_layer": "SWIFT_SSMT_Uganda"
      }
    },
    {
      "type": "Feature",
      "geometry": {
        "type": "Polygon",
        "coordinates": [
          [
            [
              30.872367197,
              -0.6869003506
            ],
            [
              30.8649653036,
              -0.6845096172
            ],
            [
              30.8453928953,
              -0.6854211095
            ],
            [
              30.8356111801,
              -0.6916984976
            ],
            [
              30.8304671466,
              -0.6957739743
            ],
            [
              30.8304737658,
              -0.703921919
            ],
            [
              30.8304806779,
              -0.7123308453
            ],
            [
              30.8388339234,
              -0.7123238378
            ],
            [
              30.8388409338,
              -0.7207326795
            ],
            [
              30.8471941108,
              -0.7207255747
            ],
            [
              30.8472012189,
              -0.7291343326
            ],
            [
              30.8639073577,
              -0.7291199098
            ],
            [
              30.863914579,
              -0.7375285015
            ],
            [
              30.8917249752,
              -0.7375040749
            ],
            [
              30.8922583879,
              -0.7348070039
            ],
            [
              30.8937400609,
              -0.7204751923
            ],
            [
              30.8937332805,
              -0.7124554025
            ],
            [
              30.8890676681,
              -0.705498759
            ],
            [
              30.8824482287,
              -0.6988462995
            ],
            [
              30.8786854641,
              -0.6929479693
            ],
            [
              30.872367197,
              -0.6869003506
            ]
          ]
        ]
      },
      "properties": {
        "country": "Uganda",
        "country_code": "UGA",
        "species_name": "Eucalyptus_camaldulensis_S",
        "genus": "Eucalyptus",
        "species": "camaldulensis_S",
        "suitability_name": "Moderately suitable",
        "suitability_rank": 2,
        "soil_suitability": "S2",
        "soil_type": "Ferrallitic Soils",
        "soil_description": "Yellow soils - Sandy clay loams",
        "site_class": null,
        "maz": "III",
        "maz_zone": null,
        "tz": "3",
        "frost_risk": null,
        "source_layer": "SWIFT_SSMT_Uganda"
      }
    },
    {
      "type": "Feature",
      "geometry": {
        "type": "Polygon",
        "coordinates": [
          [
            [
              31.4064858451,
              -0.5075179575
            ],
            [
              31.4012380408,
              -0.4913286236
            ],
            [
              31.3917441316,
              -0.4746280508
            ],
            [
              31.3846227972,
              -0.4603122902
            ],
            [
              31.375135987,
              -0.4545899686
            ],
            [
              31.3618559884,
              -0.4493471294
            ],
            [
              31.3571099813,
              -0.442189562
            ],
            [
              31.3556827448,
              -0.4340752451
            ],
            [
              31.3580463611,
              -0.4211851253
            ],
            [
              31.362781573,
              -0.4092485064
            ],
            [
              31.3641935041,
              -0.389198736
            ],
            [
              31.3599218087,
              -0.3810858493
            ],
            [
              31.3499581709,
              -0.3691567757
            ],
            [
              31.3300370925,
              -0.35818687
            ],
            [
              31.3101172134,
              -0.3505580777
            ],
            [
              31.2864044562,
              -0.3457949923
            ],
            [
              31.2717058923,
              -0.3510532464
            ],
            [
              31.2541647289,
              -0.3629969767
            ],
            [
              31.2370925672,
              -0.3644373719
            ],
            [
              31.226179027,
              -0.3520289984
            ],
            [
              31.2200038816,
              -0.3295917719
            ],
            [
              31.2166777706,
              -0.3143147957
            ],
            [
              31.2180927497,
              -0.2942613612
            ],
            [
              31.2161885931,
              -0.2746866281
            ],
            [
              31.2076492372,
              -0.2670503753
            ],
            [
              31.1929465777,
              -0.266100513
            ],
            [
              31.1801452073,
              -0.2780417047
            ],
            [
              31.1692428811,
              -0.2952348394
            ],
            [
              31.1626044208,
              -0.2995346954
            ],
            [
              31.1384165402,
              -0.3033639173
            ],
            [
              31.1289341933,
              -0.3133951461
            ],
            [
              31.1189818306,
              -0.3339320103
            ],
            [
              31.1170904349,
              -0.3477806217
            ],
            [
              31.1189969048,
              -0.3683126955
            ],
            [
              31.1265929873,
              -0.3831118062
            ],
            [
              31.1417792634,
              -0.3998167701
            ],
            [
              31.1526934462,
              -0.4098384817
            ],
            [
              31.1560180561,
              -0.418431511
            ],
            [
              31.1560265184,
              -0.4341885805
            ],
            [
              31.1527278952,
              -0.4719120444
            ],
            [
              31.1516154089,
              -0.5032794621
            ],
            [
              31.1518677492,
              -0.5034715154
            ],
            [
              31.1521575656,
              -0.5041708841
            ],
            [
              31.1522600449,
              -0.5050399776
            ],
            [
              31.1526311255,
              -0.5053568052
            ],
            [
              31.1542069298,
              -0.5049934753
            ],
            [
              31.1544047968,
              -0.5046685146
            ],
            [
              31.1547915687,
              -0.5044336334
            ],
            [
              31.156663129,
              -0.5041432264
            ],
            [
              31.1578238486,
              -0.5045623741
            ],
            [
              31.1584490422,
              -0.5050122056
            ],
            [
              31.1596779951,
              -0.5066207704
            ],
            [
              31.1596944986,
              -0.507547311
            ],
            [
              31.158466922,
              -0.5089338616
            ],
            [
              31.158366484,
              -0.5093138745
            ],
            [
              31.1582912405,
              -0.5101099257
            ],
            [
              31.1584386858,
              -0.5109780029
            ],
            [
              31.158194664,
              -0.5130033065
            ],
            [
              31.157442169,
              -0.5146759488
            ],
            [
              31.1567724144,
              -0.5168959049
            ],
            [
              31.1567204983,
              -0.5187619072
            ],
            [
              31.1571503544,
              -0.5194846692
            ],
            [
              31.1576541525,
              -0.5212173517
            ],
            [
              31.1580150954,
              -0.5216502634
            ],
            [
              31.1594993045,
              -0.5222557876
            ],
            [
              31.1595978899,
              -0.5226843883
            ],
            [
              31.1594536565,
              -0.5233492356
            ],
            [
              31.1600140936,
              -0.5242776377
            ],
            [
              31.1596206371,
              -0.525013857
            ],
            [
              31.1591163642,
              -0.5250815931
            ],
            [
              31.1582288141,
              -0.5260982359
            ],
            [
              31.1562785507,
              -0.5267668085
            ],
            [
              31.1554900935,
              -0.5275609379
            ],
            [
              31.1553251375,
              -0.5282276279
            ],
            [
              31.1544583858,
              -0.5295742063
            ],
            [
              31.1537759054,
              -0.5310077775
            ],
            [
              31.1538700678,
              -0.533222125
            ],
            [
              31.1536219344,
              -0.5339009527
            ],
            [
              31.1538209568,
              -0.5343325256
            ],
            [
              31.153792125,
              -0.5366850686
            ],
            [
              31.1545079798,
              -0.5381345621
            ],
            [
              31.1543619108,
              -0.5390464648
            ],
            [
              31.1542134927,
              -0.5391900206
            ],
            [
              31.1537033101,
              -0.5390150912
            ],
            [
              31.1532244841,
              -0.538582238
            ],
            [
              31.1528191902,
              -0.5378485045
            ],
            [
              31.152304583,
              -0.5377113929
            ],
            [
              31.1510211638,
              -0.5364477669
            ],
            [
              31.1501613889,
              -0.5359074805
            ],
            [
              31.1484255253,
              -0.5354104752
            ],
            [
              31.1470703788,
              -0.5355609795
            ],
            [
              31.1449455722,
              -0.5366510333
            ],
            [
              31.1435607145,
              -0.5384203004
            ],
            [
              31.1432004421,
              -0.5399000319
            ],
            [
              31.1429211392,
              -0.5427544547
            ],
            [
              31.1437379498,
              -0.547936613
            ],
            [
              31.1445262857,
              -0.5494617387
            ],
            [
              31.1447272112,
              -0.5507021804
            ],
            [
              31.1447091001,
              -0.5513352016
            ],
            [
              31.144460285,
              -0.5518447074
            ],
            [
              31.1443257473,
              -0.552827956
            ],
            [
              31.1439570075,
              -0.5535933849
            ],
            [
              31.1430252067,
              -0.554882569
            ],
            [
              31.1419505368,
              -0.5559452629
            ],
            [
              31.1414308273,
              -0.5580854765
            ],
            [
              31.1404408613,
              -0.5606554144
            ],
            [
              31.1394892083,
              -0.5621845186
            ],
            [
              31.1390095685,
              -0.563919853
            ],
            [
              31.1370124597,
              -0.5672961077
            ],
            [
              31.1367600349,
              -0.5681680057
            ],
            [
              31.1370278708,
              -0.5697066632
            ],
            [
              31.1369242577,
              -0.5701321945
            ],
            [
              31.1366607393,
              -0.5706947199
            ],
            [
              31.1362343748,
              -0.5709270726
            ],
            [
              31.1356300388,
              -0.5716849691
            ],
            [
              31.1352025022,
              -0.5727810794
            ],
            [
              31.1348995915,
              -0.5730449827
            ],
            [
              31.1346308815,
              -0.5737653356
            ],
            [
              31.1341046015,
              -0.5745622396
            ],
            [
              31.1324705305,
              -0.5790852817
            ],
            [
              31.1319451813,
              -0.5800975207
            ],
            [
              31.1317984505,
              -0.5808593334
            ],
            [
              31.1309010182,
              -0.5820805717
            ],
            [
              31.1305525254,
              -0.5828560626
            ],
            [
              31.1304112728,
              -0.5836800143
            ],
            [
              31.130599484,
              -0.5855344954
            ],
            [
              31.1304596889,
              -0.5869748724
            ],
            [
              31.1298561566,
              -0.5874881877
            ],
            [
              31.128638117,
              -0.5901488175
            ],
            [
              31.1282415075,
              -0.5905509596
            ],
            [
              31.1279479865,
              -0.5912482215
            ],
            [
              31.1274775326,
              -0.591558957
            ],
            [
              31.1261111926,
              -0.5950154008
            ],
            [
              31.125315389,
              -0.5960214619
            ],
            [
              31.123241071,
              -0.5973622718
            ],
            [
              31.1224381215,
              -0.5981241724
            ],
            [
              31.121526024,
              -0.5997278044
            ],
            [
              31.1215381046,
              -0.6005395794
            ],
            [
              31.1212255038,
              -0.6012476154
            ],
            [
              31.1203096999,
              -0.6027947192
            ],
            [
              31.1158164633,
              -0.6074236347
            ],
            [
              31.1148513603,
              -0.6086159747
            ],
            [
              31.1142015947,
              -0.6096006255
            ],
            [
              31.1139630194,
              -0.610691472
            ],
            [
              31.1133033383,
              -0.6115927547
            ],
            [
              31.1128294883,
              -0.6118985765
            ],
            [
              31.1121493062,
              -0.6120582052
            ],
            [
              31.1103925766,
              -0.6134981594
            ],
            [
              31.1097374568,
              -0.6144527636
            ],
            [
              31.1073646291,
              -0.6167271829
            ],
            [
              31.1061988806,
              -0.6184443993
            ],
            [
              31.1054307661,
              -0.6206401423
            ],
            [
              31.1048615264,
              -0.623970996
            ],
            [
              31.1039248296,
              -0.6262173068
            ],
            [
              31.1036716213,
              -0.6273956144
            ],
            [
              31.1037211978,
              -0.6291497864
            ],
            [
              31.1043588591,
              -0.6315300218
            ],
            [
              31.104309087,
              -0.6320749533
            ],
            [
              31.1039216228,
              -0.6328546468
            ],
            [
              31.1040188185,
              -0.6340409329
            ],
            [
              31.1038713082,
              -0.6345745714
            ],
            [
              31.1039371958,
              -0.6355192011
            ],
            [
              31.1031069152,
              -0.6373534046
            ],
            [
              31.1030482154,
              -0.6378128898
            ],
            [
              31.1021389892,
              -0.6379872932
            ],
            [
              31.1018815801,
              -0.6384790965
            ],
            [
              31.1019346438,
              -0.6390478615
            ],
            [
              31.1029184641,
              -0.6410404061
            ],
            [
              31.103070422,
              -0.6428852982
            ],
            [
              31.1034690288,
              -0.644350718
            ],
            [
              31.1041054243,
              -0.6449575398
            ],
            [
              31.1041859284,
              -0.6454106694
            ],
            [
              31.1045703009,
              -0.6456299765
            ],
            [
              31.1047973831,
              -0.646090405
            ],
            [
              31.1047099015,
              -0.6467052567
            ],
            [
              31.1042695051,
              -0.6478384859
            ],
            [
              31.1038852257,
              -0.6481601469
            ],
            [
              31.1023331235,
              -0.648644725
            ],
            [
              31.1012836899,
              -0.6496571115
            ],
            [
              31.1005896988,
              -0.6509046436
            ],
            [
              31.1004118027,
              -0.6516300526
            ],
            [
              31.1005092407,
              -0.6522908409
            ],
            [
              31.1013758602,
              -0.6538919484
            ],
            [
              31.1016276582,
              -0.6548955977
            ],
            [
              31.1012306799,
              -0.6572408682
            ],
            [
              31.1009544193,
              -0.6577420711
            ],
            [
              31.1004766053,
              -0.6585229731
            ],
            [
              31.0994757821,
              -0.6596127936
            ],
            [
              31.0987435204,
              -0.6598763131
            ],
            [
              31.096614003,
              -0.6616175223
            ],
            [
              31.0956872875,
              -0.6632877668
            ],
            [
              31.0952692379,
              -0.6635251226
            ],
            [
              31.0946047036,
              -0.6647322379
            ],
            [
              31.0937089285,
              -0.6657084199
            ],
            [
              31.1077704264,
              -0.6741423907
            ],
            [
              31.1129906992,
              -0.6770030242
            ],
            [
              31.1229560308,
              -0.6817695605
            ],
            [
              31.1428835672,
              -0.6879597461
            ],
            [
              31.1509496652,
              -0.6908176168
            ],
            [
              31.1561776665,
              -0.6928589683
            ],
            [
              31.1561724263,
              -0.6868296248
            ],
            [
              31.1394724392,
              -0.6868442397
            ],
            [
              31.1394652389,
              -0.6784384936
            ],
            [
              31.1311151267,
              -0.6784456902
            ],
            [
              31.1311080291,
              -0.6700398543
            ],
            [
              31.1144075679,
              -0.6700540261
            ],
            [
              31.1143936948,
              -0.6532419985
            ],
            [
              31.1227439419,
              -0.6532350969
            ],
            [
              31.1227107345,
              -0.6112054645
            ],
            [
              31.1310608264,
              -0.6111989946
            ],
            [
              31.1310481355,
              -0.5943873181
            ],
            [
              31.1393981148,
              -0.5943810134
            ],
            [
              31.1393857537,
              -0.577569513
            ],
            [
              31.1477356173,
              -0.577563375
            ],
            [
              31.1477295582,
              -0.5691577137
            ],
            [
              31.1644289969,
              -0.569145579
            ],
            [
              31.1644603074,
              -0.6111729854
            ],
            [
              31.1811595127,
              -0.6111599019
            ],
            [
              31.1811466701,
              -0.5943493002
            ],
            [
              31.172797137,
              -0.5943556684
            ],
            [
              31.1727908628,
              -0.585950277
            ],
            [
              31.1811403833,
              -0.5859439994
            ],
            [
              31.1811341857,
              -0.5775386965
            ],
            [
              31.197832932,
              -0.5775262843
            ],
            [
              31.1978268001,
              -0.5691211636
            ],
            [
              31.2061760274,
              -0.5691150297
            ],
            [
              31.2062142446,
              -0.6195452096
            ],
            [
              31.2145634561,
              -0.6195385187
            ],
            [
              31.2145838207,
              -0.6447533317
            ],
            [
              31.2062345689,
              -0.6447602946
            ],
            [
              31.2062485698,
              -0.6615703498
            ],
            [
              31.1895497408,
              -0.6615845972
            ],
            [
              31.1895713311,
              -0.6868002193
            ],
            [
              31.1812217389,
              -0.6868075934
            ],
            [
              31.1812338081,
              -0.7005342509
            ],
            [
              31.1855798874,
              -0.6965166103
            ],
            [
              31.196475495,
              -0.6812280522
            ],
            [
              31.2130695996,
              -0.6740516723
            ],
            [
              31.2218181263,
              -0.6670806443
            ],
            [
              31.2270295305,
              -0.6603919269
            ],
            [
              31.2264511818,
              -0.6494112194
            ],
            [
              31.2260606737,
              -0.6359476315
            ],
            [
              31.2269081835,
              -0.6283078368
            ],
            [
              31.2282314081,
              -0.6223864697
            ],
            [
              31.2335403736,
              -0.6187536374
            ],
            [
              31.2398926995,
              -0.6151200138
            ],
            [
              31.2430232307,
              -0.6155949368
            ],
            [
              31.24539911,
              -0.6213222111
            ],
            [
              31.2470171345,
              -0.6281959048
            ],
            [
              31.2492472523,
              -0.6308140047
            ],
            [
              31.2506873634,
              -0.6301949408
            ],
            [
              31.2521460034,
              -0.6290787472
            ],
            [
              31.2602906344,
              -0.6251979418
            ],
            [
              31.2612860813,
              -0.6249618669
            ],
            [
              31.2623091769,
              -0.625027377
            ],
            [
              31.2628368669,
              -0.6254115242
            ],
            [
              31.2636452105,
              -0.6256327564
            ],
            [
              31.2724282185,
              -0.6170035037
            ],
            [
              31.2729960181,
              -0.6153798341
            ],
            [
              31.2783984568,
              -0.6104103901
            ],
            [
              31.2840881327,
              -0.6088781172
            ],
            [
              31.2875039299,
              -0.610498558
            ],
            [
              31.288456588,
              -0.6157492451
            ],
            [
              31.2847629864,
              -0.6225314239
            ],
            [
              31.2813538857,
              -0.6292179482
            ],
            [
              31.2758655089,
              -0.6447861455
            ],
            [
              31.2692346981,
              -0.6551039637
            ],
            [
              31.2685743186,
              -0.6593058057
            ],
            [
              31.2697389086,
              -0.6615156655
            ],
            [
              31.2730402679,
              -0.661512799
            ],
            [
              31.2730331122,
              -0.653108503
            ],
            [
              31.2813816499,
              -0.6531013376
            ],
            [
              31.2813745716,
              -0.6446971333
            ],
            [
              31.2897230049,
              -0.6446900469
            ],
            [
              31.2897160044,
              -0.6362859345
            ],
            [
              31.3147607113,
              -0.6362648715
            ],
            [
              31.3147469068,
              -0.6194572026
            ],
            [
              31.3230949314,
              -0.6194503404
            ],
            [
              31.3230814705,
              -0.6026428561
            ],
            [
              31.3314293769,
              -0.6026361677
            ],
            [
              31.3314227718,
              -0.5942325182
            ],
            [
              31.331409843,
              -0.5774252183
            ],
            [
              31.3397576184,
              -0.5774187977
            ],
            [
              31.3397512807,
              -0.5690152405
            ],
            [
              31.3814887027,
              -0.5689834215
            ],
            [
              31.3814761874,
              -0.552177247
            ],
            [
              31.4065174453,
              -0.5521585778
            ],
            [
              31.4065112936,
              -0.5437557743
            ],
            [
              31.4148581795,
              -0.5437496231
            ],
            [
              31.4148473833,
              -0.5287080436
            ],
            [
              31.4141196533,
              -0.5269447251
            ],
            [
              31.4064992729,
              -0.5269501653
            ],
            [
              31.4064934039,
              -0.5185473615
            ],
            [
              31.4106528935,
              -0.5185444398
            ],
            [
              31.4078899422,
              -0.5118493416
            ],
            [
              31.4073371112,
              -0.5101439701
            ],
            [
              31.406487631,
              -0.5101445566
            ],
            [
              31.4064858451,
              -0.5075179575
            ]
          ],
          [
            [
              31.3229820053,
              -0.4597791885
            ],
            [
              31.3229871157,
              -0.4681829368
            ],
            [
              31.3313348412,
              -0.4681777399
            ],
            [
              31.3313400538,
              -0.4765813938
            ],
            [
              31.3480352467,
              -0.4765707848
            ],
            [
              31.3480300136,
              -0.4681673185
            ],
            [
              31.3563774601,
              -0.4681620922
            ],
            [
              31.3563989911,
              -0.5017755816
            ],
            [
              31.3480515033,
              -0.5017811833
            ],
            [
              31.3480459915,
              -0.4933777181
            ],
            [
              31.3396984212,
              -0.493383214
            ],
            [
              31.3396930116,
              -0.484979655
            ],
            [
              31.3229976144,
              -0.4849904303
            ],
            [
              31.3230030026,
              -0.4933941774
            ],
            [
              31.3146551539,
              -0.4933996422
            ],
            [
              31.3146606232,
              -0.5018034817
            ],
            [
              31.3063126719,
              -0.5018090297
            ],
            [
              31.3063018459,
              -0.485001165
            ],
            [
              31.2896057088,
              -0.485011858
            ],
            [
              31.2896004538,
              -0.4766077403
            ],
            [
              31.2979485582,
              -0.4766024911
            ],
            [
              31.2979383043,
              -0.459794439
            ],
            [
              31.3229820053,
              -0.4597791885
            ]
          ],
          [
            [
              31.3063182246,
              -0.5102129615
            ],
            [
              31.306329605,
              -0.5270208249
            ],
            [
              31.2812851004,
              -0.527038237
            ],
            [
              31.2812908956,
              -0.5354424463
            ],
            [
              31.2729425332,
              -0.5354483206
            ],
            [
              31.2729367483,
              -0.5270440193
            ],
            [
              31.2645883059,
              -0.5270497897
            ],
            [
              31.2645940787,
              -0.5354541835
            ],
            [
              31.2562455333,
              -0.5354600342
            ],
            [
              31.2562633632,
              -0.5606734882
            ],
            [
              31.2479146914,
              -0.5606796025
            ],
            [
              31.2479208053,
              -0.5690841787
            ],
            [
              31.2395720309,
              -0.5690903731
            ],
            [
              31.2395599183,
              -0.552281038
            ],
            [
              31.2312110762,
              -0.5522870384
            ],
            [
              31.2312051675,
              -0.5438822795
            ],
            [
              31.239553998,
              -0.5438763709
            ],
            [
              31.2395312242,
              -0.5102576981
            ],
            [
              31.2729254558,
              -0.5102354167
            ],
            [
              31.2729310573,
              -0.5186397177
            ],
            [
              31.2979758037,
              -0.5186226162
            ],
            [
              31.2979701698,
              -0.5102185914
            ],
            [
              31.3063182246,
              -0.5102129615
            ]
          ]
        ]
      },
      "properties": {
        "country": "Uganda",
        "country_code": "UGA",
        "species_name": "Eucalyptus_camaldulensis_S",
        "genus": "Eucalyptus",
        "species": "camaldulensis_S",
        "suitability_name": "Moderately suitable",
        "suitability_rank": 2,
        "soil_suitability": "S2",
        "soil_type": "Ferrallitic Soils",
        "soil_description": "Yellow soils - Sandy clay loams",
        "site_class": null,
        "maz": "III",
        "maz_zone": null,
        "tz": "3",
        "frost_risk": null,
        "source_layer": "SWIFT_SSMT_Uganda"
      }
    },
    {
      "type": "Feature",
      "geometry": {
        "type": "Polygon",
        "coordinates": [
          [
            [
              31.3360427799,
              -0.6614576836
            ],
            [
              31.3314782023,
              -0.661461704
            ],
            [
              31.3314709486,
              -0.6530580572
            ],
            [
              31.3231229632,
              -0.6530653049
            ],
            [
              31.3231302029,
              -0.6614690456
            ],
            [
              31.3147821111,
              -0.6614763731
            ],
            [
              31.3147947716,
              -0.6759497029
            ],
            [
              31.3160457648,
              -0.675472109
            ],
            [
              31.3164689551,
              -0.6751645979
            ],
            [
              31.3183491017,
              -0.673049388
            ],
            [
              31.31942743,
              -0.6721334844
            ],
            [
              31.3198548323,
              -0.6710721762
            ],
            [
              31.3200031242,
              -0.6693127577
            ],
            [
              31.3218626364,
              -0.6677416201
            ],
            [
              31.3233947563,
              -0.6670379289
            ],
            [
              31.3242282239,
              -0.6668574362
            ],
            [
              31.3254850937,
              -0.6669270863
            ],
            [
              31.3262884529,
              -0.6668105933
            ],
            [
              31.3275336739,
              -0.6669340327
            ],
            [
              31.3290019963,
              -0.6667346629
            ],
            [
              31.3316431848,
              -0.6658085477
            ],
            [
              31.333450974,
              -0.664677695
            ],
            [
              31.3339734714,
              -0.6642776557
            ],
            [
              31.3345730253,
              -0.6635408058
            ],
            [
              31.3350757316,
              -0.6632190477
            ],
            [
              31.3352577109,
              -0.6629978169
            ],
            [
              31.3353876852,
              -0.6616859433
            ],
            [
              31.3360427799,
              -0.6614576836
            ]
          ]
        ]
      },
      "properties": {
        "country": "Uganda",
        "country_code": "UGA",
        "species_name": "Eucalyptus_camaldulensis_S",
        "genus": "Eucalyptus",
        "species": "camaldulensis_S",
        "suitability_name": "Moderately suitable",
        "suitability_rank": 2,
        "soil_suitability": "S2",
        "soil_type": "Ferrallitic Soils",
        "soil_description": "Yellow soils - Sandy clay loams",
        "site_class": null,
        "maz": "III",
        "maz_zone": null,
        "tz": "3",
        "frost_risk": null,
        "source_layer": "SWIFT_SSMT_Uganda"
      }
    },
    {
      "type": "Feature",
      "geometry": {
        "type": "Polygon",
        "coordinates": [
          [
            [
              31.3398263186,
              -0.6616944564
            ],
            [
              31.3398261092,
              -0.6614543482
            ],
            [
              31.3395778156,
              -0.661454568
            ],
            [
              31.3397833252,
              -0.6616663649
            ],
            [
              31.3398263186,
              -0.6616944564
            ]
          ]
        ]
      },
      "properties": {
        "country": "Uganda",
        "country_code": "UGA",
        "species_name": "Eucalyptus_camaldulensis_S",
        "genus": "Eucalyptus",
        "species": "camaldulensis_S",
        "suitability_name": "Moderately suitable",
        "suitability_rank": 2,
        "soil_suitability": "S2",
        "soil_type": "Ferrallitic Soils",
        "soil_description": "Yellow soils - Sandy clay loams",
        "site_class": null,
        "maz": "III",
        "maz_zone": null,
        "tz": "3",
        "frost_risk": null,
        "source_layer": "SWIFT_SSMT_Uganda"
      }
    },
    {
      "type": "Feature",
      "geometry": {
        "type": "Polygon",
        "coordinates": [
          [
            [
              31.3398409229,
              -0.6782614537
            ],
            [
              31.3398292624,
              -0.6650674205
            ],
            [
              31.3390477583,
              -0.6652127176
            ],
            [
              31.3386302521,
              -0.6656346168
            ],
            [
              31.3385825998,
              -0.6665004498
            ],
            [
              31.3387134174,
              -0.6673197212
            ],
            [
              31.3389096423,
              -0.6680873418
            ],
            [
              31.3393781005,
              -0.6686721198
            ],
            [
              31.3394389465,
              -0.6690954924
            ],
            [
              31.3392693194,
              -0.6696520584
            ],
            [
              31.3388204435,
              -0.669794165
            ],
            [
              31.3381813752,
              -0.6702754687
            ],
            [
              31.3367747402,
              -0.6705597161
            ],
            [
              31.3362939319,
              -0.6711757916
            ],
            [
              31.3362612278,
              -0.6716204982
            ],
            [
              31.3354532342,
              -0.6723241886
            ],
            [
              31.335011446,
              -0.6725050321
            ],
            [
              31.3344187684,
              -0.672408294
            ],
            [
              31.3338069308,
              -0.6719443598
            ],
            [
              31.3334959595,
              -0.671899834
            ],
            [
              31.3321789458,
              -0.6719879052
            ],
            [
              31.3293216012,
              -0.672808929
            ],
            [
              31.328965925,
              -0.6730970026
            ],
            [
              31.3287646459,
              -0.6735011456
            ],
            [
              31.328672498,
              -0.6747950869
            ],
            [
              31.328134421,
              -0.675781094
            ],
            [
              31.3266918534,
              -0.6768131026
            ],
            [
              31.3249591578,
              -0.6775483369
            ],
            [
              31.324135866,
              -0.6782200608
            ],
            [
              31.3237147625,
              -0.6782760109
            ],
            [
              31.3314929884,
              -0.678268996
            ],
            [
              31.3398409229,
              -0.6782614537
            ]
          ]
        ]
      },
      "properties": {
        "country": "Uganda",
        "country_code": "UGA",
        "species_name": "Eucalyptus_camaldulensis_S",
        "genus": "Eucalyptus",
        "species": "camaldulensis_S",
        "suitability_name": "Moderately suitable",
        "suitability_rank": 2,
        "soil_suitability": "S2",
        "soil_type": "Ferrallitic Soils",
        "soil_description": "Yellow soils - Sandy clay loams",
        "site_class": null,
        "maz": "III",
        "maz_zone": null,
        "tz": "3",
        "frost_risk": null,
        "source_layer": "SWIFT_SSMT_Uganda"
      }
    },
    {
      "type": "Feature",
      "geometry": {
        "type": "Polygon",
        "coordinates": [
          [
            [
              31.2963374224,
              -0.678300601
            ],
            [
              31.2968081327,
              -0.6790278202
            ],
            [
              31.2977430823,
              -0.6797312999
            ],
            [
              31.2990168656,
              -0.6794476489
            ],
            [
              31.2996348079,
              -0.6788490477
            ],
            [
              31.2997988335,
              -0.6782975003
            ],
            [
              31.2963374224,
              -0.678300601
            ]
          ]
        ]
      },
      "properties": {
        "country": "Uganda",
        "country_code": "UGA",
        "species_name": "Eucalyptus_camaldulensis_S",
        "genus": "Eucalyptus",
        "species": "camaldulensis_S",
        "suitability_name": "Moderately suitable",
        "suitability_rank": 2,
        "soil_suitability": "S2",
        "soil_type": "Ferrallitic Soils",
        "soil_description": "Yellow soils - Sandy clay loams",
        "site_class": null,
        "maz": "III",
        "maz_zone": null,
        "tz": "3",
        "frost_risk": null,
        "source_layer": "SWIFT_SSMT_Uganda"
      }
    },
    {
      "type": "Feature",
      "geometry": {
        "type": "Polygon",
        "coordinates": [
          [
            [
              31.2842444217,
              -0.6794342448
            ],
            [
              31.2852044259,
              -0.6796213688
            ],
            [
              31.285975784,
              -0.6799462833
            ],
            [
              31.2864777174,
              -0.6797301772
            ],
            [
              31.2871342601,
              -0.6789826971
            ],
            [
              31.2873662728,
              -0.6783086246
            ],
            [
              31.2834225757,
              -0.6783121463
            ],
            [
              31.2842444217,
              -0.6794342448
            ]
          ]
        ]
      },
      "properties": {
        "country": "Uganda",
        "country_code": "UGA",
        "species_name": "Eucalyptus_camaldulensis_S",
        "genus": "Eucalyptus",
        "species": "camaldulensis_S",
        "suitability_name": "Moderately suitable",
        "suitability_rank": 2,
        "soil_suitability": "S2",
        "soil_type": "Ferrallitic Soils",
        "soil_description": "Yellow soils - Sandy clay loams",
        "site_class": null,
        "maz": "III",
        "maz_zone": null,
        "tz": "3",
        "frost_risk": null,
        "source_layer": "SWIFT_SSMT_Uganda"
      }
    },
    {
      "type": "Feature",
      "geometry": {
        "type": "Polygon",
        "coordinates": [
          [
            [
              31.323152478,
              -0.6866802638
            ],
            [
              31.3231450337,
              -0.6783588988
            ],
            [
              31.3218554082,
              -0.6786720636
            ],
            [
              31.3199147667,
              -0.6796481761
            ],
            [
              31.3172641757,
              -0.6805971305
            ],
            [
              31.3166118434,
              -0.680990642
            ],
            [
              31.3144883103,
              -0.6835191502
            ],
            [
              31.3141237215,
              -0.6846534376
            ],
            [
              31.3126610816,
              -0.6852356522
            ],
            [
              31.3115676643,
              -0.6866008187
            ],
            [
              31.3107705481,
              -0.6879578089
            ],
            [
              31.3103795006,
              -0.6893463411
            ],
            [
              31.3103787984,
              -0.6897956427
            ],
            [
              31.3115201512,
              -0.6947623315
            ],
            [
              31.3119824319,
              -0.6954431415
            ],
            [
              31.3124459065,
              -0.6957898096
            ],
            [
              31.3129639117,
              -0.6958921607
            ],
            [
              31.3137533761,
              -0.6957376336
            ],
            [
              31.3145735106,
              -0.6959116345
            ],
            [
              31.3148128766,
              -0.696123481
            ],
            [
              31.3148119375,
              -0.6950917026
            ],
            [
              31.3148043422,
              -0.6866878708
            ],
            [
              31.323152478,
              -0.6866802638
            ]
          ]
        ]
      },
      "properties": {
        "country": "Uganda",
        "country_code": "UGA",
        "species_name": "Eucalyptus_camaldulensis_S",
        "genus": "Eucalyptus",
        "species": "camaldulensis_S",
        "suitability_name": "Moderately suitable",
        "suitability_rank": 2,
        "soil_suitability": "S2",
        "soil_type": "Ferrallitic Soils",
        "soil_description": "Yellow soils - Sandy clay loams",
        "site_class": null,
        "maz": "III",
        "maz_zone": null,
        "tz": "3",
        "frost_risk": null,
        "source_layer": "SWIFT_SSMT_Uganda"
      }
    },
    {
      "type": "Feature",
      "geometry": {
        "type": "Polygon",
        "coordinates": [
          [
            [
              31.1645304032,
              -0.6961203705
            ],
            [
              31.16452962,
              -0.6952277731
            ],
            [
              31.1622495591,
              -0.6952298
            ],
            [
              31.1645304032,
              -0.6961203705
            ]
          ]
        ]
      },
      "properties": {
        "country": "Uganda",
        "country_code": "UGA",
        "species_name": "Eucalyptus_camaldulensis_S",
        "genus": "Eucalyptus",
        "species": "camaldulensis_S",
        "suitability_name": "Moderately suitable",
        "suitability_rank": 2,
        "soil_suitability": "S2",
        "soil_type": "Ferrallitic Soils",
        "soil_description": "Yellow soils - Sandy clay loams",
        "site_class": null,
        "maz": "III",
        "maz_zone": null,
        "tz": "3",
        "frost_risk": null,
        "source_layer": "SWIFT_SSMT_Uganda"
      }
    },
    {
      "type": "Feature",
      "geometry": {
        "type": "Polygon",
        "coordinates": [
          [
            [
              31.3148180795,
              -0.7018131313
            ],
            [
              31.3141200709,
              -0.7016600387
            ],
            [
              31.3134172806,
              -0.7008053349
            ],
            [
              31.3114251252,
              -0.6996570852
            ],
            [
              31.3106129925,
              -0.6995109797
            ],
            [
              31.310469684,
              -0.6999431924
            ],
            [
              31.3114607776,
              -0.7009384579
            ],
            [
              31.3116979891,
              -0.7016875476
            ],
            [
              31.3115287132,
              -0.7020276531
            ],
            [
              31.3108330094,
              -0.7024663911
            ],
            [
              31.3104821054,
              -0.7029330248
            ],
            [
              31.3096275131,
              -0.7032422533
            ],
            [
              31.3095611916,
              -0.7037525705
            ],
            [
              31.3086101005,
              -0.7052962217
            ],
            [
              31.3083919082,
              -0.7059421882
            ],
            [
              31.3084684751,
              -0.706360189
            ],
            [
              31.3091879699,
              -0.7069254176
            ],
            [
              31.3102756334,
              -0.7069653835
            ],
            [
              31.3112960629,
              -0.7066776979
            ],
            [
              31.3116665474,
              -0.7067518383
            ],
            [
              31.3118981453,
              -0.7069619436
            ],
            [
              31.3118883203,
              -0.7076493125
            ],
            [
              31.3115581891,
              -0.7081949285
            ],
            [
              31.3115493467,
              -0.7089200878
            ],
            [
              31.3111750711,
              -0.7096725431
            ],
            [
              31.3109446677,
              -0.7106907542
            ],
            [
              31.311283922,
              -0.7111290008
            ],
            [
              31.3119753435,
              -0.7111764737
            ],
            [
              31.312265683,
              -0.7113938423
            ],
            [
              31.3120278393,
              -0.7123223693
            ],
            [
              31.3115814188,
              -0.712869668
            ],
            [
              31.3120239789,
              -0.7136935631
            ],
            [
              31.3127176464,
              -0.7141091767
            ],
            [
              31.3134915317,
              -0.7141752469
            ],
            [
              31.31429019,
              -0.714011212
            ],
            [
              31.3146015824,
              -0.7135845445
            ],
            [
              31.3148279495,
              -0.7124825346
            ],
            [
              31.3148276946,
              -0.7122096178
            ],
            [
              31.3145662815,
              -0.7117661943
            ],
            [
              31.3138578752,
              -0.7111110011
            ],
            [
              31.3137680443,
              -0.7108277025
            ],
            [
              31.3140084846,
              -0.7099487184
            ],
            [
              31.3147804739,
              -0.7094058062
            ],
            [
              31.315618995,
              -0.7096630703
            ],
            [
              31.3182173719,
              -0.7112770002
            ],
            [
              31.3196874502,
              -0.7118012464
            ],
            [
              31.3211212138,
              -0.7118934204
            ],
            [
              31.3231755854,
              -0.7118914784
            ],
            [
              31.3231677897,
              -0.7034877407
            ],
            [
              31.3148196249,
              -0.7034955343
            ],
            [
              31.3148180795,
              -0.7018131313
            ]
          ]
        ]
      },
      "properties": {
        "country": "Uganda",
        "country_code": "UGA",
        "species_name": "Eucalyptus_camaldulensis_S",
        "genus": "Eucalyptus",
        "species": "camaldulensis_S",
        "suitability_name": "Moderately suitable",
        "suitability_rank": 2,
        "soil_suitability": "S2",
        "soil_type": "Ferrallitic Soils",
        "soil_description": "Yellow soils - Sandy clay loams",
        "site_class": null,
        "maz": "III",
        "maz_zone": null,
        "tz": "3",
        "frost_risk": null,
        "source_layer": "SWIFT_SSMT_Uganda"
      }
    },
    {
      "type": "Feature",
      "geometry": {
        "type": "Polygon",
        "coordinates": [
          [
            [
              30.9000827866,
              0.0873721426
            ],
            [
              30.9089799792,
              0.1005061289
            ],
            [
              30.9178774496,
              0.1148338997
            ],
            [
              30.9190655124,
              0.1285655278
            ],
            [
              30.9172889049,
              0.1440887315
            ],
            [
              30.9166978806,
              0.15543252
            ],
            [
              30.912548162,
              0.1637918439
            ],
            [
              30.897851875,
              0.1751775759
            ],
            [
              30.8763747791,
              0.179322619
            ],
            [
              30.8550228484,
              0.1739534444
            ],
            [
              30.8407871343,
              0.1661941999
            ],
            [
              30.8330736893,
              0.1488799394
            ],
            [
              30.8265467452,
              0.1315651788
            ],
            [
              30.831881884,
              0.1118601719
            ],
            [
              30.8407762624,
              0.0945433851
            ],
            [
              30.8496718014,
              0.0867803013
            ],
            [
              30.8793255315,
              0.0855831211
            ],
            [
              30.9000827866,
              0.0873721426
            ]
          ]
        ]
      },
      "properties": {
        "country": "Uganda",
        "country_code": "UGA",
        "species_name": "Eucalyptus_camaldulensis_S",
        "genus": "Eucalyptus",
        "species": "camaldulensis_S",
        "suitability_name": "Moderately suitable",
        "suitability_rank": 2,
        "soil_suitability": "S1",
        "soil_type": "Ferrallitic Soils",
        "soil_description": "Red soils - Not differentiated; sandy clay loams",
        "site_class": null,
        "maz": "III",
        "maz_zone": null,
        "tz": "3",
        "frost_risk": null,
        "source_layer": "SWIFT_SSMT_Uganda"
      }
    },
    {
      "type": "Feature",
      "geometry": {
        "type": "Polygon",
        "coordinates": [
          [
            [
              31.7150766579,
              0.0926686897
            ],
            [
              31.7150769461,
              0.0948168163
            ],
            [
              31.7067339345,
              0.0948179619
            ],
            [
              31.7067351205,
              0.1032172409
            ],
            [
              31.6900487899,
              0.1032197286
            ],
            [
              31.6900500739,
              0.1116192099
            ],
            [
              31.6817067551,
              0.1116205515
            ],
            [
              31.6817068747,
              0.1123668427
            ],
            [
              31.6708495622,
              0.1087586941
            ],
            [
              31.6360109843,
              0.0976697323
            ],
            [
              31.6104138237,
              0.0855048094
            ],
            [
              31.6029474109,
              0.0779898114
            ],
            [
              31.6008136744,
              0.0711899247
            ],
            [
              31.6054347165,
              0.0658209786
            ],
            [
              31.620720896,
              0.0625985309
            ],
            [
              31.6306747917,
              0.0636713037
            ],
            [
              31.6384953175,
              0.0611654197
            ],
            [
              31.6456049783,
              0.0608069209
            ],
            [
              31.6626693216,
              0.0751202236
            ],
            [
              31.672267899,
              0.0826343475
            ],
            [
              31.6829321123,
              0.0844223771
            ],
            [
              31.6946627185,
              0.087641629
            ],
            [
              31.7060381642,
              0.0944392871
            ],
            [
              31.7150766579,
              0.0926686897
            ]
          ]
        ]
      },
      "properties": {
        "country": "Uganda",
        "country_code": "UGA",
        "species_name": "Eucalyptus_camaldulensis_S",
        "genus": "Eucalyptus",
        "species": "camaldulensis_S",
        "suitability_name": "Moderately suitable",
        "suitability_rank": 2,
        "soil_suitability": "S3",
        "soil_type": "Ferrallitic Soils",
        "soil_description": "Yellow soils - Sandy loams",
        "site_class": null,
        "maz": "III",
        "maz_zone": null,
        "tz": "3",
        "frost_risk": null,
        "source_layer": "SWIFT_SSMT_Uganda"
      }
    },
    {
      "type": "Feature",
      "geometry": {
        "type": "Polygon",
        "coordinates": [
          [
            [
              31.5951516555,
              -0.1319836326
            ],
            [
              31.5982715485,
              -0.1319830513
            ],
            [
              31.5982686532,
              -0.1151818878
            ],
            [
              31.5956255855,
              -0.1151823177
            ],
            [
              31.5951516555,
              -0.1319836326
            ]
          ]
        ]
      },
      "properties": {
        "country": "Uganda",
        "country_code": "UGA",
        "species_name": "Eucalyptus_camaldulensis_S",
        "genus": "Eucalyptus",
        "species": "camaldulensis_S",
        "suitability_name": "Moderately suitable",
        "suitability_rank": 2,
        "soil_suitability": "S1",
        "soil_type": "Ferrallitic Soils",
        "soil_description": "Red soils - Not differentiated; sandy clay loams",
        "site_class": null,
        "maz": "III",
        "maz_zone": null,
        "tz": "3",
        "frost_risk": null,
        "source_layer": "SWIFT_SSMT_Uganda"
      }
    },
    {
      "type": "Feature",
      "geometry": {
        "type": "Polygon",
        "coordinates": [
          [
            [
              31.5982739613,
              -0.1445022329
            ],
            [
              31.598273144,
              -0.1403836336
            ],
            [
              31.5968412784,
              -0.1403839166
            ],
            [
              31.5982739613,
              -0.1445022329
            ]
          ]
        ]
      },
      "properties": {
        "country": "Uganda",
        "country_code": "UGA",
        "species_name": "Eucalyptus_camaldulensis_S",
        "genus": "Eucalyptus",
        "species": "camaldulensis_S",
        "suitability_name": "Moderately suitable",
        "suitability_rank": 2,
        "soil_suitability": "S1",
        "soil_type": "Ferrallitic Soils",
        "soil_description": "Red soils - Not differentiated; sandy clay loams",
        "site_class": null,
        "maz": "III",
        "maz_zone": null,
        "tz": "3",
        "frost_risk": null,
        "source_layer": "SWIFT_SSMT_Uganda"
      }
    },
    {
      "type": "Feature",
      "geometry": {
        "type": "Polygon",
        "coordinates": [
          [
            [
              30.0574898049,
              -0.3510335108
            ],
            [
              30.0614754894,
              -0.3510321965
            ],
            [
              30.0614719846,
              -0.3400938179
            ],
            [
              30.0594321929,
              -0.3460649615
            ],
            [
              30.0574898049,
              -0.3510335108
            ]
          ]
        ]
      },
      "properties": {
        "country": "Uganda",
        "country_code": "UGA",
        "species_name": "Eucalyptus_camaldulensis_S",
        "genus": "Eucalyptus",
        "species": "camaldulensis_S",
        "suitability_name": "Moderately suitable",
        "suitability_rank": 2,
        "soil_suitability": "S4",
        "soil_type": "Lithosols",
        "soil_description": "Not differentiated",
        "site_class": null,
        "maz": "II",
        "maz_zone": null,
        "tz": "3",
        "frost_risk": null,
        "source_layer": "SWIFT_SSMT_Uganda"
      }
    },
    {
      "type": "Feature",
      "geometry": {
        "type": "Polygon",
        "coordinates": [
          [
            [
              30.0483939772,
              -0.3678682711
            ],
            [
              30.053121451,
              -0.3678666425
            ],
            [
              30.0531191849,
              -0.3611426375
            ],
            [
              30.0508635664,
              -0.3659080865
            ],
            [
              30.0483939772,
              -0.3678682711
            ]
          ]
        ]
      },
      "properties": {
        "country": "Uganda",
        "country_code": "UGA",
        "species_name": "Eucalyptus_camaldulensis_S",
        "genus": "Eucalyptus",
        "species": "camaldulensis_S",
        "suitability_name": "Moderately suitable",
        "suitability_rank": 2,
        "soil_suitability": "S4",
        "soil_type": "Lithosols",
        "soil_description": "Not differentiated",
        "site_class": null,
        "maz": "II",
        "maz_zone": null,
        "tz": "3",
        "frost_risk": null,
        "source_layer": "SWIFT_SSMT_Uganda"
      }
    },
    {
      "type": "Feature",
      "geometry": {
        "type": "Polygon",
        "coordinates": [
          [
            [
              30.02320927,
              -0.4015412286
            ],
            [
              30.0280539928,
              -0.4015394217
            ],
            [
              30.0280479245,
              -0.3847073369
            ],
            [
              30.0364077846,
              -0.3847043441
            ],
            [
              30.0364048392,
              -0.3762883674
            ],
            [
              30.044764626,
              -0.3762854318
            ],
            [
              30.0447626145,
              -0.3704436529
            ],
            [
              30.0380786334,
              -0.3739395646
            ],
            [
              30.0331143302,
              -0.3750014831
            ],
            [
              30.026645285,
              -0.3753066521
            ],
            [
              30.0189725245,
              -0.3753093234
            ],
            [
              30.0147794333,
              -0.3737181419
            ],
            [
              30.020128628,
              -0.3812916406
            ],
            [
              30.0234581646,
              -0.3961110526
            ],
            [
              30.02320927,
              -0.4015412286
            ]
          ]
        ]
      },
      "properties": {
        "country": "Uganda",
        "country_code": "UGA",
        "species_name": "Eucalyptus_camaldulensis_S",
        "genus": "Eucalyptus",
        "species": "camaldulensis_S",
        "suitability_name": "Moderately suitable",
        "suitability_rank": 2,
        "soil_suitability": "S4",
        "soil_type": "Lithosols",
        "soil_description": "Not differentiated",
        "site_class": null,
        "maz": "II",
        "maz_zone": null,
        "tz": "3",
        "frost_risk": null,
        "source_layer": "SWIFT_SSMT_Uganda"
      }
    },
    {
      "type": "Feature",
      "geometry": {
        "type": "Polygon",
        "coordinates": [
          [
            [
              30.0174916465,
              -0.4352078569
            ],
            [
              30.019706932,
              -0.435206964
            ],
            [
              30.0197033544,
              -0.4261208303
            ],
            [
              30.0182475068,
              -0.431013235
            ],
            [
              30.0174916465,
              -0.4352078569
            ]
          ]
        ]
      },
      "properties": {
        "country": "Uganda",
        "country_code": "UGA",
        "species_name": "Eucalyptus_camaldulensis_S",
        "genus": "Eucalyptus",
        "species": "camaldulensis_S",
        "suitability_name": "Moderately suitable",
        "suitability_rank": 2,
        "soil_suitability": "S4",
        "soil_type": "Lithosols",
        "soil_description": "Not differentiated",
        "site_class": null,
        "maz": "II",
        "maz_zone": null,
        "tz": "3",
        "frost_risk": null,
        "source_layer": "SWIFT_SSMT_Uganda"
      }
    },
    {
      "type": "Feature",
      "geometry": {
        "type": "Polygon",
        "coordinates": [
          [
            [
              30.0197244914,
              -0.4772874918
            ],
            [
              30.0197208509,
              -0.468871387
            ],
            [
              30.028080866,
              -0.4688677485
            ],
            [
              30.0280772791,
              -0.4604517081
            ],
            [
              30.0197172738,
              -0.4604552809
            ],
            [
              30.0197103148,
              -0.4436230703
            ],
            [
              30.015975018,
              -0.4436246044
            ],
            [
              30.0154044323,
              -0.4467912432
            ],
            [
              30.0049655169,
              -0.4683096782
            ],
            [
              29.989303013,
              -0.4903089604
            ],
            [
              29.9717396038,
              -0.5094410865
            ],
            [
              29.9532258183,
              -0.5276180046
            ],
            [
              29.9442088785,
              -0.541965854
            ],
            [
              29.9328237383,
              -0.5692244306
            ],
            [
              29.9166943165,
              -0.6055705443
            ],
            [
              29.9053131077,
              -0.6380898628
            ],
            [
              29.9028598076,
              -0.6456781695
            ],
            [
              29.9111216643,
              -0.6456734103
            ],
            [
              29.9111169046,
              -0.6372564779
            ],
            [
              29.9194779832,
              -0.6372517106
            ],
            [
              29.9194732717,
              -0.6288348411
            ],
            [
              29.9278342739,
              -0.6288301234
            ],
            [
              29.9278296126,
              -0.6204133162
            ],
            [
              29.9278250134,
              -0.6119965089
            ],
            [
              29.9278204781,
              -0.6035797023
            ],
            [
              29.9361813776,
              -0.6035751605
            ],
            [
              29.9361768916,
              -0.5951584155
            ],
            [
              29.9445377168,
              -0.5951539253
            ],
            [
              29.9445203542,
              -0.561487199
            ],
            [
              29.9528810666,
              -0.5614829506
            ],
            [
              29.952876871,
              -0.5530663322
            ],
            [
              29.9612375088,
              -0.553062135
            ],
            [
              29.9612333659,
              -0.5446455804
            ],
            [
              29.9695939274,
              -0.5446414356
            ],
            [
              29.9695898359,
              -0.5362249442
            ],
            [
              29.9779503229,
              -0.5362208522
            ],
            [
              29.9779462849,
              -0.527804425
            ],
            [
              29.9863066964,
              -0.5278003853
            ],
            [
              29.98629879,
              -0.5109676595
            ],
            [
              29.9946591151,
              -0.5109637382
            ],
            [
              29.9946552473,
              -0.5025474397
            ],
            [
              30.0030154972,
              -0.5025435726
            ],
            [
              30.0030116824,
              -0.4941273371
            ],
            [
              30.0113718579,
              -0.4941235246
            ],
            [
              30.0113680976,
              -0.4857073549
            ],
            [
              30.0197281979,
              -0.4857035973
            ],
            [
              30.0197244914,
              -0.4772874918
            ]
          ]
        ]
      },
      "properties": {
        "country": "Uganda",
        "country_code": "UGA",
        "species_name": "Eucalyptus_camaldulensis_S",
        "genus": "Eucalyptus",
        "species": "camaldulensis_S",
        "suitability_name": "Moderately suitable",
        "suitability_rank": 2,
        "soil_suitability": "S4",
        "soil_type": "Lithosols",
        "soil_description": "Not differentiated",
        "site_class": null,
        "maz": "II",
        "maz_zone": null,
        "tz": "3",
        "frost_risk": null,
        "source_layer": "SWIFT_SSMT_Uganda"
      }
    },
    {
      "type": "Feature",
      "geometry": {
        "type": "Polygon",
        "coordinates": [
          [
            [
              29.9111313715,
              -0.662507274
            ],
            [
              29.9027701899,
              -0.6625122163
            ],
            [
              29.9027606835,
              -0.6459847734
            ],
            [
              29.8982011631,
              -0.6600882376
            ],
            [
              29.8906080477,
              -0.6710899307
            ],
            [
              29.8834873754,
              -0.6777881792
            ],
            [
              29.8749380472,
              -0.6782714474
            ],
            [
              29.8630640461,
              -0.6792348456
            ],
            [
              29.8459666963,
              -0.6830702954
            ],
            [
              29.8317216169,
              -0.6912075878
            ],
            [
              29.8203307089,
              -0.7065158658
            ],
            [
              29.8127378489,
              -0.7184748388
            ],
            [
              29.8075200914,
              -0.7304324592
            ],
            [
              29.7975492289,
              -0.7376114172
            ],
            [
              29.7875746983,
              -0.7390522747
            ],
            [
              29.7799722382,
              -0.7357097662
            ],
            [
              29.7723682807,
              -0.7299762535
            ],
            [
              29.764766938,
              -0.7285463889
            ],
            [
              29.7528978483,
              -0.7395522605
            ],
            [
              29.7419826534,
              -0.7567743442
            ],
            [
              29.7386885822,
              -0.7636246218
            ],
            [
              29.7439559487,
              -0.7636212382
            ],
            [
              29.7439506376,
              -0.755203089
            ],
            [
              29.7606755809,
              -0.7551924204
            ],
            [
              29.760670295,
              -0.7467743908
            ],
            [
              29.7773949699,
              -0.7467637773
            ],
            [
              29.7774056631,
              -0.7635995984
            ],
            [
              29.7690433238,
              -0.7636050326
            ],
            [
              29.7690487439,
              -0.7720230026
            ],
            [
              29.7774110999,
              -0.7720175095
            ],
            [
              29.7774165954,
              -0.7804354188
            ],
            [
              29.7941411617,
              -0.7804242606
            ],
            [
              29.7941301639,
              -0.7635886816
            ],
            [
              29.802492324,
              -0.7635831972
            ],
            [
              29.802486898,
              -0.7551654677
            ],
            [
              29.8108489824,
              -0.755160029
            ],
            [
              29.810854424,
              -0.7635776979
            ],
            [
              29.8192164628,
              -0.7635721818
            ],
            [
              29.8192219815,
              -0.7719897899
            ],
            [
              29.8359459117,
              -0.771978587
            ],
            [
              29.835934871,
              -0.7551436144
            ],
            [
              29.8442967129,
              -0.7551381112
            ],
            [
              29.844291268,
              -0.7467206859
            ],
            [
              29.8359294424,
              -0.7467261285
            ],
            [
              29.8359187671,
              -0.7298911533
            ],
            [
              29.8610039669,
              -0.7298751484
            ],
            [
              29.8609986746,
              -0.7214578455
            ],
            [
              29.8693602694,
              -0.7214525406
            ],
            [
              29.869355023,
              -0.7130352988
            ],
            [
              29.8777165406,
              -0.7130300421
            ],
            [
              29.8777113415,
              -0.7046128615
            ],
            [
              29.8944341628,
              -0.7046024253
            ],
            [
              29.8944289952,
              -0.6961853687
            ],
            [
              29.9027902979,
              -0.6961801908
            ],
            [
              29.9027801186,
              -0.6793462046
            ],
            [
              29.91114133,
              -0.6793411365
            ],
            [
              29.9111313715,
              -0.662507274
            ]
          ]
        ]
      },
      "properties": {
        "country": "Uganda",
        "country_code": "UGA",
        "species_name": "Eucalyptus_camaldulensis_S",
        "genus": "Eucalyptus",
        "species": "camaldulensis_S",
        "suitability_name": "Moderately suitable",
        "suitability_rank": 2,
        "soil_suitability": "S4",
        "soil_type": "Lithosols",
        "soil_description": "Not differentiated",
        "site_class": null,
        "maz": "II",
        "maz_zone": null,
        "tz": "3",
        "frost_risk": null,
        "source_layer": "SWIFT_SSMT_Uganda"
      }
    },
    {
      "type": "Feature",
      "geometry": {
        "type": "Polygon",
        "coordinates": [
          [
            [
              29.7346393419,
              -0.7720454369
            ],
            [
              29.7355987272,
              -0.7720448145
            ],
            [
              29.7355974552,
              -0.7700529307
            ],
            [
              29.7346393419,
              -0.7720454369
            ]
          ]
        ]
      },
      "properties": {
        "country": "Uganda",
        "country_code": "UGA",
        "species_name": "Eucalyptus_camaldulensis_S",
        "genus": "Eucalyptus",
        "species": "camaldulensis_S",
        "suitability_name": "Moderately suitable",
        "suitability_rank": 2,
        "soil_suitability": "S4",
        "soil_type": "Lithosols",
        "soil_description": "Not differentiated",
        "site_class": null,
        "maz": "II",
        "maz_zone": null,
        "tz": "3",
        "frost_risk": null,
        "source_layer": "SWIFT_SSMT_Uganda"
      }
    },
    {
      "type": "Feature",
      "geometry": {
        "type": "Polygon",
        "coordinates": [
          [
            [
              29.691546615,
              -0.8310027709
            ],
            [
              29.7021864217,
              -0.8309954526
            ],
            [
              29.7021750889,
              -0.8141585718
            ],
            [
              29.7189008524,
              -0.8141472462
            ],
            [
              29.7188952391,
              -0.8057289218
            ],
            [
              29.7272580155,
              -0.8057232912
            ],
            [
              29.7272465273,
              -0.7882716001
            ],
            [
              29.7192051442,
              -0.7955239008
            ],
            [
              29.7101821758,
              -0.8003120271
            ],
            [
              29.6964053525,
              -0.8003211739
            ],
            [
              29.6973652653,
              -0.8151453544
            ],
            [
              29.6935724086,
              -0.8266252233
            ],
            [
              29.691546615,
              -0.8310027709
            ]
          ]
        ]
      },
      "properties": {
        "country": "Uganda",
        "country_code": "UGA",
        "species_name": "Eucalyptus_camaldulensis_S",
        "genus": "Eucalyptus",
        "species": "camaldulensis_S",
        "suitability_name": "Moderately suitable",
        "suitability_rank": 2,
        "soil_suitability": "S4",
        "soil_type": "Lithosols",
        "soil_description": "Not differentiated",
        "site_class": null,
        "maz": "II",
        "maz_zone": null,
        "tz": "3",
        "frost_risk": null,
        "source_layer": "SWIFT_SSMT_Uganda"
      }
    },
    {
      "type": "Feature",
      "geometry": {
        "type": "Polygon",
        "coordinates": [
          [
            [
              29.6758122459,
              -0.8562694186
            ],
            [
              29.6771145119,
              -0.8562685031
            ],
            [
              29.677112546,
              -0.8534325714
            ],
            [
              29.6760142518,
              -0.8553308772
            ],
            [
              29.6758122459,
              -0.8562694186
            ]
          ]
        ]
      },
      "properties": {
        "country": "Uganda",
        "country_code": "UGA",
        "species_name": "Eucalyptus_camaldulensis_S",
        "genus": "Eucalyptus",
        "species": "camaldulensis_S",
        "suitability_name": "Moderately suitable",
        "suitability_rank": 2,
        "soil_suitability": "S4",
        "soil_type": "Lithosols",
        "soil_description": "Not differentiated",
        "site_class": null,
        "maz": "II",
        "maz_zone": null,
        "tz": "3",
        "frost_risk": null,
        "source_layer": "SWIFT_SSMT_Uganda"
      }
    },
    {
      "type": "Feature",
      "geometry": {
        "type": "Polygon",
        "coordinates": [
          [
            [
              30.0614293474,
              0.1539376764
            ],
            [
              30.0535359288,
              0.1600522866
            ],
            [
              30.0530707505,
              0.1602084674
            ],
            [
              30.0530698374,
              0.1539159588
            ],
            [
              30.0614293437,
              0.153914752
            ],
            [
              30.0614293474,
              0.1539376764
            ]
          ]
        ]
      },
      "properties": {
        "country": "Uganda",
        "country_code": "UGA",
        "species_name": "Eucalyptus_camaldulensis_S",
        "genus": "Eucalyptus",
        "species": "camaldulensis_S",
        "suitability_name": "Moderately suitable",
        "suitability_rank": 2,
        "soil_suitability": "S4",
        "soil_type": "Lithosols",
        "soil_description": "Not differentiated",
        "site_class": null,
        "maz": "II",
        "maz_zone": null,
        "tz": "3",
        "frost_risk": null,
        "source_layer": "SWIFT_SSMT_Uganda"
      }
    },
    {
      "type": "Feature",
      "geometry": {
        "type": "Polygon",
        "coordinates": [
          [
            [
              30.0447069749,
              0.1286694197
            ],
            [
              30.0447091019,
              0.1455012484
            ],
            [
              30.0363494674,
              0.1455023839
            ],
            [
              30.0363473458,
              0.1286704232
            ],
            [
              30.0447069749,
              0.1286694197
            ]
          ]
        ]
      },
      "properties": {
        "country": "Uganda",
        "country_code": "UGA",
        "species_name": "Eucalyptus_camaldulensis_S",
        "genus": "Eucalyptus",
        "species": "camaldulensis_S",
        "suitability_name": "Moderately suitable",
        "suitability_rank": 2,
        "soil_suitability": "S4",
        "soil_type": "Lithosols",
        "soil_description": "Not differentiated",
        "site_class": null,
        "maz": "II",
        "maz_zone": null,
        "tz": "3",
        "frost_risk": null,
        "source_layer": "SWIFT_SSMT_Uganda"
      }
    },
    {
      "type": "Feature",
      "geometry": {
        "type": "Polygon",
        "coordinates": [
          [
            [
              30.0363454835,
              0.1118384621
            ],
            [
              30.0363463823,
              0.120254443
            ],
            [
              30.0279866907,
              0.1202553778
            ],
            [
              30.0279857953,
              0.111839332
            ],
            [
              30.0363454835,
              0.1118384621
            ]
          ]
        ]
      },
      "properties": {
        "country": "Uganda",
        "country_code": "UGA",
        "species_name": "Eucalyptus_camaldulensis_S",
        "genus": "Eucalyptus",
        "species": "camaldulensis_S",
        "suitability_name": "Moderately suitable",
        "suitability_rank": 2,
        "soil_suitability": "S4",
        "soil_type": "Lithosols",
        "soil_description": "Not differentiated",
        "site_class": null,
        "maz": "II",
        "maz_zone": null,
        "tz": "3",
        "frost_risk": null,
        "source_layer": "SWIFT_SSMT_Uganda"
      }
    },
    {
      "type": "Feature",
      "geometry": {
        "type": "Polygon",
        "coordinates": [
          [
            [
              30.0279857953,
              0.111839332
            ],
            [
              30.0196260411,
              0.1118402001
            ],
            [
              30.0196252126,
              0.1034240888
            ],
            [
              30.0279849644,
              0.1034232863
            ],
            [
              30.0279857953,
              0.111839332
            ]
          ]
        ]
      },
      "properties": {
        "country": "Uganda",
        "country_code": "UGA",
        "species_name": "Eucalyptus_camaldulensis_S",
        "genus": "Eucalyptus",
        "species": "camaldulensis_S",
        "suitability_name": "Moderately suitable",
        "suitability_rank": 2,
        "soil_suitability": "S4",
        "soil_type": "Lithosols",
        "soil_description": "Not differentiated",
        "site_class": null,
        "maz": "II",
        "maz_zone": null,
        "tz": "3",
        "frost_risk": null,
        "source_layer": "SWIFT_SSMT_Uganda"
      }
    },
    {
      "type": "Feature",
      "geometry": {
        "type": "Polygon",
        "coordinates": [
          [
            [
              29.9527441464,
              0.0951322077
            ],
            [
              29.9320732742,
              0.0948062692
            ],
            [
              29.9253060259,
              0.0998271738
            ],
            [
              29.9200391583,
              0.1034334787
            ],
            [
              29.9193031924,
              0.1034335463
            ],
            [
              29.9193024536,
              0.0950166655
            ],
            [
              29.9109418757,
              0.0950173765
            ],
            [
              29.9109412026,
              0.0866004319
            ],
            [
              29.9276622907,
              0.0865991339
            ],
            [
              29.9276611242,
              0.0697654985
            ],
            [
              29.9360215708,
              0.0697649735
            ],
            [
              29.9360210801,
              0.061348219
            ],
            [
              29.9443814628,
              0.0613477561
            ],
            [
              29.9443831287,
              0.0865978297
            ],
            [
              29.9527434523,
              0.0865971738
            ],
            [
              29.9527441464,
              0.0951322077
            ]
          ]
        ]
      },
      "properties": {
        "country": "Uganda",
        "country_code": "UGA",
        "species_name": "Eucalyptus_camaldulensis_S",
        "genus": "Eucalyptus",
        "species": "camaldulensis_S",
        "suitability_name": "Moderately suitable",
        "suitability_rank": 2,
        "soil_suitability": "S4",
        "soil_type": "Lithosols",
        "soil_description": "Not differentiated",
        "site_class": null,
        "maz": "II",
        "maz_zone": null,
        "tz": "3",
        "frost_risk": null,
        "source_layer": "SWIFT_SSMT_Uganda"
      }
    },
    {
      "type": "Feature",
      "geometry": {
        "type": "Polygon",
        "coordinates": [
          [
            [
              30.0196237499,
              0.0865918657
            ],
            [
              30.0196244491,
              0.0950079776
            ],
            [
              30.0112646345,
              0.0950087132
            ],
            [
              30.0112639374,
              0.0865925358
            ],
            [
              30.0029040608,
              0.086593204
            ],
            [
              30.0029023621,
              0.0613444794
            ],
            [
              29.9945424259,
              0.0613449514
            ],
            [
              29.9945419892,
              0.052928645
            ],
            [
              29.9861819898,
              0.0529290516
            ],
            [
              29.9861816187,
              0.0445126804
            ],
            [
              29.9694614295,
              0.0445133599
            ],
            [
              29.9694617984,
              0.0529298602
            ],
            [
              29.9527413521,
              0.0529306648
            ],
            [
              29.9527417822,
              0.0613472917
            ],
            [
              29.9443814628,
              0.0613477561
            ],
            [
              29.9443807938,
              0.047554048
            ],
            [
              29.9540521683,
              0.0475536309
            ],
            [
              29.9635501162,
              0.04038157
            ],
            [
              29.9706735273,
              0.0341659179
            ],
            [
              29.9806463788,
              0.0293845811
            ],
            [
              29.9861810811,
              0.0281180628
            ],
            [
              29.9861813119,
              0.0360963093
            ],
            [
              29.9945413101,
              0.0360960324
            ],
            [
              29.994541617,
              0.0445123386
            ],
            [
              30.0029015516,
              0.0445119959
            ],
            [
              30.0029019258,
              0.0529282372
            ],
            [
              30.011261796,
              0.052927829
            ],
            [
              30.0112627378,
              0.0697601823
            ],
            [
              30.0196225468,
              0.069759642
            ],
            [
              30.0196237499,
              0.0865918657
            ]
          ]
        ]
      },
      "properties": {
        "country": "Uganda",
        "country_code": "UGA",
        "species_name": "Eucalyptus_camaldulensis_S",
        "genus": "Eucalyptus",
        "species": "camaldulensis_S",
        "suitability_name": "Moderately suitable",
        "suitability_rank": 2,
        "soil_suitability": "S4",
        "soil_type": "Lithosols",
        "soil_description": "Not differentiated",
        "site_class": null,
        "maz": "II",
        "maz_zone": null,
        "tz": "3",
        "frost_risk": null,
        "source_layer": "SWIFT_SSMT_Uganda"
      }
    },
    {
      "type": "Feature",
      "geometry": {
        "type": "Polygon",
        "coordinates": [
          [
            [
              29.9109412026,
              0.0866004319
            ],
            [
              29.8942198634,
              0.0866017219
            ],
            [
              29.8942192558,
              0.0781846526
            ],
            [
              29.9109405904,
              0.0781834882
            ],
            [
              29.9109412026,
              0.0866004319
            ]
          ]
        ]
      },
      "properties": {
        "country": "Uganda",
        "country_code": "UGA",
        "species_name": "Eucalyptus_camaldulensis_S",
        "genus": "Eucalyptus",
        "species": "camaldulensis_S",
        "suitability_name": "Moderately suitable",
        "suitability_rank": 2,
        "soil_suitability": "S4",
        "soil_type": "Lithosols",
        "soil_description": "Not differentiated",
        "site_class": null,
        "maz": "II",
        "maz_zone": null,
        "tz": "3",
        "frost_risk": null,
        "source_layer": "SWIFT_SSMT_Uganda"
      }
    },
    {
      "type": "Feature",
      "geometry": {
        "type": "Polygon",
        "coordinates": [
          [
            [
              29.8755804235,
              0.069768734
            ],
            [
              29.8858579501,
              0.0697681013
            ],
            [
              29.8858584947,
              0.0781852329
            ],
            [
              29.8798094412,
              0.0781856516
            ],
            [
              29.8755804235,
              0.069768734
            ]
          ]
        ]
      },
      "properties": {
        "country": "Uganda",
        "country_code": "UGA",
        "species_name": "Eucalyptus_camaldulensis_S",
        "genus": "Eucalyptus",
        "species": "camaldulensis_S",
        "suitability_name": "Moderately suitable",
        "suitability_rank": 2,
        "soil_suitability": "S4",
        "soil_type": "Lithosols",
        "soil_description": "Not differentiated",
        "site_class": null,
        "maz": "II",
        "maz_zone": null,
        "tz": "3",
        "frost_risk": null,
        "source_layer": "SWIFT_SSMT_Uganda"
      }
    },
    {
      "type": "Feature",
      "geometry": {
        "type": "Polygon",
        "coordinates": [
          [
            [
              30.1226481889,
              0.2633046236
            ],
            [
              30.1226487246,
              0.2654493905
            ],
            [
              30.1183770347,
              0.2729796197
            ],
            [
              30.1119686514,
              0.2808690165
            ],
            [
              30.1072421141,
              0.2847483
            ],
            [
              30.1057053645,
              0.2750392901
            ],
            [
              30.1030450634,
              0.2706419472
            ],
            [
              30.0962057169,
              0.2649070956
            ],
            [
              30.0948882781,
              0.2640032824
            ],
            [
              30.0948860632,
              0.2548960836
            ],
            [
              30.1032452917,
              0.2548940569
            ],
            [
              30.1032413935,
              0.238063159
            ],
            [
              30.0948821745,
              0.2380650519
            ],
            [
              30.0948785504,
              0.2212340205
            ],
            [
              30.086519276,
              0.2212357744
            ],
            [
              30.0865175687,
              0.2128201919
            ],
            [
              30.1032360435,
              0.2128168117
            ],
            [
              30.1032377607,
              0.2212322605
            ],
            [
              30.1074377931,
              0.221231375
            ],
            [
              30.1101754828,
              0.2288821418
            ],
            [
              30.1115992649,
              0.2322843038
            ],
            [
              30.1116065096,
              0.2633074052
            ],
            [
              30.1226481889,
              0.2633046236
            ]
          ]
        ]
      },
      "properties": {
        "country": "Uganda",
        "country_code": "UGA",
        "species_name": "Eucalyptus_camaldulensis_S",
        "genus": "Eucalyptus",
        "species": "camaldulensis_S",
        "suitability_name": "Moderately suitable",
        "suitability_rank": 2,
        "soil_suitability": "S4",
        "soil_type": "Lithosols",
        "soil_description": "Not differentiated",
        "site_class": null,
        "maz": "II",
        "maz_zone": null,
        "tz": "3",
        "frost_risk": null,
        "source_layer": "SWIFT_SSMT_Uganda"
      }
    },
    {
      "type": "Feature",
      "geometry": {
        "type": "Polygon",
        "coordinates": [
          [
            [
              30.0781582317,
              0.2128218756
            ],
            [
              30.0697988292,
              0.2128235543
            ],
            [
              30.0697971972,
              0.2044078374
            ],
            [
              30.0781565949,
              0.2044062255
            ],
            [
              30.0781582317,
              0.2128218756
            ]
          ]
        ]
      },
      "properties": {
        "country": "Uganda",
        "country_code": "UGA",
        "species_name": "Eucalyptus_camaldulensis_S",
        "genus": "Eucalyptus",
        "species": "camaldulensis_S",
        "suitability_name": "Moderately suitable",
        "suitability_rank": 2,
        "soil_suitability": "S4",
        "soil_type": "Lithosols",
        "soil_description": "Not differentiated",
        "site_class": null,
        "maz": "II",
        "maz_zone": null,
        "tz": "3",
        "frost_risk": null,
        "source_layer": "SWIFT_SSMT_Uganda"
      }
    },
    {
      "type": "Feature",
      "geometry": {
        "type": "Polygon",
        "coordinates": [
          [
            [
              30.0697971972,
              0.2044078374
            ],
            [
              30.0624855282,
              0.2044092449
            ],
            [
              30.0595322807,
              0.2002815382
            ],
            [
              30.0546925501,
              0.195994904
            ],
            [
              30.0697956306,
              0.1959921225
            ],
            [
              30.0697971972,
              0.2044078374
            ]
          ]
        ]
      },
      "properties": {
        "country": "Uganda",
        "country_code": "UGA",
        "species_name": "Eucalyptus_camaldulensis_S",
        "genus": "Eucalyptus",
        "species": "camaldulensis_S",
        "suitability_name": "Moderately suitable",
        "suitability_rank": 2,
        "soil_suitability": "S4",
        "soil_type": "Lithosols",
        "soil_description": "Not differentiated",
        "site_class": null,
        "maz": "II",
        "maz_zone": null,
        "tz": "3",
        "frost_risk": null,
        "source_layer": "SWIFT_SSMT_Uganda"
      }
    },
    {
      "type": "Feature",
      "geometry": {
        "type": "Polygon",
        "coordinates": [
          [
            [
              30.0530760456,
              0.1926619791
            ],
            [
              30.0530763854,
              0.1945634308
            ],
            [
              30.0517606058,
              0.1933980109
            ],
            [
              30.0530760456,
              0.1926619791
            ]
          ]
        ]
      },
      "properties": {
        "country": "Uganda",
        "country_code": "UGA",
        "species_name": "Eucalyptus_camaldulensis_S",
        "genus": "Eucalyptus",
        "species": "camaldulensis_S",
        "suitability_name": "Moderately suitable",
        "suitability_rank": 2,
        "soil_suitability": "S4",
        "soil_type": "Lithosols",
        "soil_description": "Not differentiated",
        "site_class": null,
        "maz": "II",
        "maz_zone": null,
        "tz": "3",
        "frost_risk": null,
        "source_layer": "SWIFT_SSMT_Uganda"
      }
    },
    {
      "type": "Feature",
      "geometry": {
        "type": "Polygon",
        "coordinates": [
          [
            [
              30.2051143259,
              0.3806796297
            ],
            [
              30.2013614809,
              0.3895042479
            ],
            [
              30.178517101,
              0.3895129614
            ],
            [
              30.1785139792,
              0.381098125
            ],
            [
              30.1701552543,
              0.3811012298
            ],
            [
              30.1701522089,
              0.3726863247
            ],
            [
              30.1785109261,
              0.37268329
            ],
            [
              30.1785021749,
              0.3474387802
            ],
            [
              30.1617847188,
              0.3474444332
            ],
            [
              30.161787553,
              0.3558594059
            ],
            [
              30.1450698118,
              0.355865165
            ],
            [
              30.1450615567,
              0.3306198363
            ],
            [
              30.1367026058,
              0.3306225003
            ],
            [
              30.1366974547,
              0.3137921446
            ],
            [
              30.1283384507,
              0.3137946674
            ],
            [
              30.1283313112,
              0.2887893924
            ],
            [
              30.1329095932,
              0.2825500194
            ],
            [
              30.1450463871,
              0.278316887
            ],
            [
              30.1450563909,
              0.3137896164
            ],
            [
              30.1534152599,
              0.31378708
            ],
            [
              30.1534178153,
              0.3222021226
            ],
            [
              30.1617766243,
              0.3221995112
            ],
            [
              30.1617740617,
              0.3137845382
            ],
            [
              30.1701327952,
              0.3137819883
            ],
            [
              30.170135365,
              0.322196895
            ],
            [
              30.1784940372,
              0.3221942696
            ],
            [
              30.1784993942,
              0.3390239433
            ],
            [
              30.1868580127,
              0.3390211745
            ],
            [
              30.1868608013,
              0.3474359431
            ],
            [
              30.1952193587,
              0.3474330979
            ],
            [
              30.1952222225,
              0.3558477974
            ],
            [
              30.2035807179,
              0.3558448763
            ],
            [
              30.2035866661,
              0.3726741353
            ],
            [
              30.2051113971,
              0.3726735767
            ],
            [
              30.2051143259,
              0.3806796297
            ]
          ]
        ]
      },
      "properties": {
        "country": "Uganda",
        "country_code": "UGA",
        "species_name": "Eucalyptus_camaldulensis_S",
        "genus": "Eucalyptus",
        "species": "camaldulensis_S",
        "suitability_name": "Moderately suitable",
        "suitability_rank": 2,
        "soil_suitability": "S4",
        "soil_type": "Lithosols",
        "soil_description": "Not differentiated",
        "site_class": null,
        "maz": "II",
        "maz_zone": null,
        "tz": "3",
        "frost_risk": null,
        "source_layer": "SWIFT_SSMT_Uganda"
      }
    },
    {
      "type": "Feature",
      "geometry": {
        "type": "Polygon",
        "coordinates": [
          [
            [
              30.360309754,
              0.1878566589
            ],
            [
              30.3626871418,
              0.2064952629
            ],
            [
              30.3579452668,
              0.230870553
            ],
            [
              30.3517790146,
              0.2523788737
            ],
            [
              30.3399173533,
              0.2777125523
            ],
            [
              30.3214087707,
              0.3001812204
            ],
            [
              30.3161864847,
              0.300182819
            ],
            [
              30.3122160957,
              0.2986852882
            ],
            [
              30.3122039211,
              0.2548416119
            ],
            [
              30.3038464097,
              0.2548437746
            ],
            [
              30.30384554,
              0.2514101819
            ],
            [
              30.3057388556,
              0.2464295124
            ],
            [
              30.3122018058,
              0.246427894
            ],
            [
              30.3121997606,
              0.2380141772
            ],
            [
              30.3205571906,
              0.2380121525
            ],
            [
              30.3205552119,
              0.2295985058
            ],
            [
              30.3372698485,
              0.2295945845
            ],
            [
              30.3372679306,
              0.2211810816
            ],
            [
              30.3456251371,
              0.2211791847
            ],
            [
              30.3456215088,
              0.2043523247
            ],
            [
              30.3539786338,
              0.2043505682
            ],
            [
              30.3539718041,
              0.1682711252
            ],
            [
              30.360309754,
              0.1878566589
            ]
          ]
        ]
      },
      "properties": {
        "country": "Uganda",
        "country_code": "UGA",
        "species_name": "Eucalyptus_camaldulensis_S",
        "genus": "Eucalyptus",
        "species": "camaldulensis_S",
        "suitability_name": "Moderately suitable",
        "suitability_rank": 2,
        "soil_suitability": "S4",
        "soil_type": "Lithosols",
        "soil_description": "Not differentiated",
        "site_class": null,
        "maz": "II",
        "maz_zone": null,
        "tz": "3",
        "frost_risk": null,
        "source_layer": "SWIFT_SSMT_Uganda"
      }
    },
    {
      "type": "Feature",
      "geometry": {
        "type": "Polygon",
        "coordinates": [
          [
            [
              30.3456101634,
              0.1391863929
            ],
            [
              30.3489095728,
              0.1491464103
            ],
            [
              30.3501453505,
              0.1538710235
            ],
            [
              30.3456123448,
              0.1538717403
            ],
            [
              30.3456101634,
              0.1391863929
            ]
          ]
        ]
      },
      "properties": {
        "country": "Uganda",
        "country_code": "UGA",
        "species_name": "Eucalyptus_camaldulensis_S",
        "genus": "Eucalyptus",
        "species": "camaldulensis_S",
        "suitability_name": "Moderately suitable",
        "suitability_rank": 2,
        "soil_suitability": "S4",
        "soil_type": "Lithosols",
        "soil_description": "Not differentiated",
        "site_class": null,
        "maz": "II",
        "maz_zone": null,
        "tz": "3",
        "frost_risk": null,
        "source_layer": "SWIFT_SSMT_Uganda"
      }
    },
    {
      "type": "Feature",
      "geometry": {
        "type": "Polygon",
        "coordinates": [
          [
            [
              30.3315321677,
              0.0024300104
            ],
            [
              30.3356058586,
              0.0177154732
            ],
            [
              30.3417780421,
              0.0387445053
            ],
            [
              30.3432031004,
              0.0564280199
            ],
            [
              30.3384567282,
              0.0717222684
            ],
            [
              30.3370336163,
              0.0855825566
            ],
            [
              30.3389345101,
              0.105655722
            ],
            [
              30.3413106069,
              0.1262066809
            ],
            [
              30.3421139542,
              0.1286319097
            ],
            [
              30.3372515661,
              0.1286325501
            ],
            [
              30.3372505072,
              0.1202190469
            ],
            [
              30.3288932734,
              0.1202200751
            ],
            [
              30.3288913762,
              0.1033929245
            ],
            [
              30.3205340753,
              0.1033938074
            ],
            [
              30.3205324686,
              0.086566512
            ],
            [
              30.3205311456,
              0.0697392171
            ],
            [
              30.3288884386,
              0.0697386228
            ],
            [
              30.3288878827,
              0.0613250467
            ],
            [
              30.3288869849,
              0.0444978956
            ],
            [
              30.3205296949,
              0.0444982748
            ],
            [
              30.3205287585,
              0.0108436846
            ],
            [
              30.320528702,
              0.002430038
            ],
            [
              30.3121713436,
              0.0024300586
            ],
            [
              30.3121714446,
              -0.0143973794
            ],
            [
              30.312171601,
              -0.0228110993
            ],
            [
              30.3038141718,
              -0.0228112918
            ],
            [
              30.3038146979,
              -0.0396388726
            ],
            [
              30.3038172518,
              -0.0817078255
            ],
            [
              30.2954597427,
              -0.0817085171
            ],
            [
              30.2954604653,
              -0.0901223781
            ],
            [
              30.3038179747,
              -0.0901216154
            ],
            [
              30.3038226553,
              -0.1321905668
            ],
            [
              30.2954651324,
              -0.132191686
            ],
            [
              30.2954662783,
              -0.1406055469
            ],
            [
              30.2871086826,
              -0.1406067341
            ],
            [
              30.2871098958,
              -0.1490206661
            ],
            [
              30.2871111802,
              -0.1574345983
            ],
            [
              30.2787535065,
              -0.1574359245
            ],
            [
              30.2787548576,
              -0.1658499276
            ],
            [
              30.2703971108,
              -0.1658513208
            ],
            [
              30.2703985291,
              -0.1742653947
            ],
            [
              30.2536828181,
              -0.1742683109
            ],
            [
              30.2536842981,
              -0.1826825255
            ],
            [
              30.2453263341,
              -0.1826840489
            ],
            [
              30.2453278804,
              -0.1910983336
            ],
            [
              30.2369698426,
              -0.1910999235
            ],
            [
              30.2369714539,
              -0.1995142765
            ],
            [
              30.2202551629,
              -0.1995175829
            ],
            [
              30.2202568349,
              -0.2079320768
            ],
            [
              30.2323111438,
              -0.2079295937
            ],
            [
              30.233552504,
              -0.2064587291
            ],
            [
              30.2435220008,
              -0.2011988746
            ],
            [
              30.2601384226,
              -0.1964157917
            ],
            [
              30.2724822864,
              -0.194979454
            ],
            [
              30.278759756,
              -0.1933150542
            ],
            [
              30.2787593319,
              -0.1910919355
            ],
            [
              30.2849209802,
              -0.1910907492
            ],
            [
              30.2924211275,
              -0.1878061506
            ],
            [
              30.2954735203,
              -0.1851419225
            ],
            [
              30.2954715677,
              -0.1742609906
            ],
            [
              30.3037012485,
              -0.1742595372
            ],
            [
              30.3038290674,
              -0.1740342569
            ],
            [
              30.303826313,
              -0.1574319358
            ],
            [
              30.3116975874,
              -0.1574306775
            ],
            [
              30.3121835608,
              -0.1560751676
            ],
            [
              30.3121812579,
              -0.140603163
            ],
            [
              30.3168409493,
              -0.1406024965
            ],
            [
              30.3204218297,
              -0.1251899543
            ],
            [
              30.3205364881,
              -0.1244454512
            ],
            [
              30.3205353925,
              -0.1153610257
            ],
            [
              30.3121780168,
              -0.1153620062
            ],
            [
              30.3121762117,
              -0.0985345693
            ],
            [
              30.3205335824,
              -0.0985337309
            ],
            [
              30.3205327836,
              -0.0901200837
            ],
            [
              30.3253971743,
              -0.0901196362
            ],
            [
              30.3275374313,
              -0.0678360033
            ],
            [
              30.327060591,
              -0.0209976941
            ],
            [
              30.3288860416,
              -0.0104952563
            ],
            [
              30.3288859902,
              0.0024300173
            ],
            [
              30.3315321677,
              0.0024300104
            ]
          ]
        ]
      },
      "properties": {
        "country": "Uganda",
        "country_code": "UGA",
        "species_name": "Eucalyptus_camaldulensis_S",
        "genus": "Eucalyptus",
        "species": "camaldulensis_S",
        "suitability_name": "Moderately suitable",
        "suitability_rank": 2,
        "soil_suitability": "S4",
        "soil_type": "Lithosols",
        "soil_description": "Not differentiated",
        "site_class": null,
        "maz": "II",
        "maz_zone": null,
        "tz": "3",
        "frost_risk": null,
        "source_layer": "SWIFT_SSMT_Uganda"
      }
    },
    {
      "type": "Feature",
      "geometry": {
        "type": "Polygon",
        "coordinates": [
          [
            [
              30.211898581,
              -0.2079337927
            ],
            [
              30.2119003187,
              -0.2163483552
            ],
            [
              30.2202585766,
              -0.2163465691
            ],
            [
              30.2202568349,
              -0.2079320768
            ],
            [
              30.211898581,
              -0.2079337927
            ]
          ]
        ]
      },
      "properties": {
        "country": "Uganda",
        "country_code": "UGA",
        "species_name": "Eucalyptus_camaldulensis_S",
        "genus": "Eucalyptus",
        "species": "camaldulensis_S",
        "suitability_name": "Moderately suitable",
        "suitability_rank": 2,
        "soil_suitability": "S4",
        "soil_type": "Lithosols",
        "soil_description": "Not differentiated",
        "site_class": null,
        "maz": "II",
        "maz_zone": null,
        "tz": "3",
        "frost_risk": null,
        "source_layer": "SWIFT_SSMT_Uganda"
      }
    },
    {
      "type": "Feature",
      "geometry": {
        "type": "Polygon",
        "coordinates": [
          [
            [
              30.1808931951,
              -0.2247697574
            ],
            [
              30.1951853918,
              -0.2247666128
            ],
            [
              30.1951835955,
              -0.2163519114
            ],
            [
              30.2035419913,
              -0.2163501362
            ],
            [
              30.2035402593,
              -0.2079355039
            ],
            [
              30.1953297901,
              -0.2079371805
            ],
            [
              30.1924526993,
              -0.2105806489
            ],
            [
              30.1808931951,
              -0.2247697574
            ]
          ]
        ]
      },
      "properties": {
        "country": "Uganda",
        "country_code": "UGA",
        "species_name": "Eucalyptus_camaldulensis_S",
        "genus": "Eucalyptus",
        "species": "camaldulensis_S",
        "suitability_name": "Moderately suitable",
        "suitability_rank": 2,
        "soil_suitability": "S4",
        "soil_type": "Lithosols",
        "soil_description": "Not differentiated",
        "site_class": null,
        "maz": "II",
        "maz_zone": null,
        "tz": "3",
        "frost_risk": null,
        "source_layer": "SWIFT_SSMT_Uganda"
      }
    },
    {
      "type": "Feature",
      "geometry": {
        "type": "Polygon",
        "coordinates": [
          [
            [
              30.1729733568,
              -0.2331863774
            ],
            [
              30.1784702413,
              -0.2331851284
            ],
            [
              30.1784690338,
              -0.2277454221
            ],
            [
              30.177262615,
              -0.2292263109
            ],
            [
              30.1729733568,
              -0.2331863774
            ]
          ]
        ]
      },
      "properties": {
        "country": "Uganda",
        "country_code": "UGA",
        "species_name": "Eucalyptus_camaldulensis_S",
        "genus": "Eucalyptus",
        "species": "camaldulensis_S",
        "suitability_name": "Moderately suitable",
        "suitability_rank": 2,
        "soil_suitability": "S4",
        "soil_type": "Lithosols",
        "soil_description": "Not differentiated",
        "site_class": null,
        "maz": "II",
        "maz_zone": null,
        "tz": "3",
        "frost_risk": null,
        "source_layer": "SWIFT_SSMT_Uganda"
      }
    },
    {
      "type": "Feature",
      "geometry": {
        "type": "Polygon",
        "coordinates": [
          [
            [
              30.138074443,
              -0.2668549344
            ],
            [
              30.1450434099,
              -0.2668531415
            ],
            [
              30.1450455829,
              -0.2752682516
            ],
            [
              30.1534044238,
              -0.2752660275
            ],
            [
              30.1534022446,
              -0.2668509841
            ],
            [
              30.1701197119,
              -0.2668466545
            ],
            [
              30.1701122254,
              -0.2358279371
            ],
            [
              30.1601726246,
              -0.2450048361
            ],
            [
              30.138074443,
              -0.2668549344
            ]
          ],
          [
            [
              30.1558935342,
              -0.2598813618
            ],
            [
              30.1573272402,
              -0.2600857377
            ],
            [
              30.158469855,
              -0.2609813208
            ],
            [
              30.158888109,
              -0.2615408898
            ],
            [
              30.159087962,
              -0.2632594906
            ],
            [
              30.158621306,
              -0.2641252171
            ],
            [
              30.158030105,
              -0.2645200401
            ],
            [
              30.1560000793,
              -0.2648189588
            ],
            [
              30.1543854017,
              -0.2645667678
            ],
            [
              30.1544571329,
              -0.2642004197
            ],
            [
              30.1540725017,
              -0.2628402514
            ],
            [
              30.1546451376,
              -0.2607173506
            ],
            [
              30.1551415157,
              -0.2601121741
            ],
            [
              30.1558935342,
              -0.2598813618
            ]
          ]
        ]
      },
      "properties": {
        "country": "Uganda",
        "country_code": "UGA",
        "species_name": "Eucalyptus_camaldulensis_S",
        "genus": "Eucalyptus",
        "species": "camaldulensis_S",
        "suitability_name": "Moderately suitable",
        "suitability_rank": 2,
        "soil_suitability": "S4",
        "soil_type": "Lithosols",
        "soil_description": "Not differentiated",
        "site_class": null,
        "maz": "II",
        "maz_zone": null,
        "tz": "3",
        "frost_risk": null,
        "source_layer": "SWIFT_SSMT_Uganda"
      }
    },
    {
      "type": "Feature",
      "geometry": {
        "type": "Polygon",
        "coordinates": [
          [
            [
              30.1314825987,
              -0.2752718483
            ],
            [
              30.1366866749,
              -0.2752704702
            ],
            [
              30.1366849589,
              -0.2686291121
            ],
            [
              30.1314825987,
              -0.2752718483
            ]
          ]
        ]
      },
      "properties": {
        "country": "Uganda",
        "country_code": "UGA",
        "species_name": "Eucalyptus_camaldulensis_S",
        "genus": "Eucalyptus",
        "species": "camaldulensis_S",
        "suitability_name": "Moderately suitable",
        "suitability_rank": 2,
        "soil_suitability": "S4",
        "soil_type": "Lithosols",
        "soil_description": "Not differentiated",
        "site_class": null,
        "maz": "II",
        "maz_zone": null,
        "tz": "3",
        "frost_risk": null,
        "source_layer": "SWIFT_SSMT_Uganda"
      }
    },
    {
      "type": "Feature",
      "geometry": {
        "type": "Polygon",
        "coordinates": [
          [
            [
              30.6735022072,
              1.0873775786
            ],
            [
              30.6721290429,
              1.0873792627
            ],
            [
              30.6721392599,
              1.095789704
            ],
            [
              30.663783533,
              1.0958000148
            ],
            [
              30.6637733401,
              1.0873894947
            ],
            [
              30.6554175589,
              1.0873997026
            ],
            [
              30.6553895844,
              1.0639220423
            ],
            [
              30.6647121795,
              1.0774002472
            ],
            [
              30.6735022072,
              1.0873775786
            ]
          ]
        ]
      },
      "properties": {
        "country": "Uganda",
        "country_code": "UGA",
        "species_name": "Eucalyptus_camaldulensis_S",
        "genus": "Eucalyptus",
        "species": "camaldulensis_S",
        "suitability_name": "Moderately suitable",
        "suitability_rank": 2,
        "soil_suitability": "S4",
        "soil_type": "Lithosols",
        "soil_description": "Not differentiated",
        "site_class": null,
        "maz": "II",
        "maz_zone": null,
        "tz": "3",
        "frost_risk": null,
        "source_layer": "SWIFT_SSMT_Uganda"
      }
    },
    {
      "type": "Feature",
      "geometry": {
        "type": "Polygon",
        "coordinates": [
          [
            [
              30.6386483311,
              1.0384191199
            ],
            [
              30.638656312,
              1.0453662579
            ],
            [
              30.6303004082,
              1.0453760044
            ],
            [
              30.6302907742,
              1.0369651656
            ],
            [
              30.6376970613,
              1.036956597
            ],
            [
              30.6386483311,
              1.0384191199
            ]
          ]
        ]
      },
      "properties": {
        "country": "Uganda",
        "country_code": "UGA",
        "species_name": "Eucalyptus_camaldulensis_S",
        "genus": "Eucalyptus",
        "species": "camaldulensis_S",
        "suitability_name": "Moderately suitable",
        "suitability_rank": 2,
        "soil_suitability": "S4",
        "soil_type": "Lithosols",
        "soil_description": "Not differentiated",
        "site_class": null,
        "maz": "II",
        "maz_zone": null,
        "tz": "3",
        "frost_risk": null,
        "source_layer": "SWIFT_SSMT_Uganda"
      }
    },
    {
      "type": "Feature",
      "geometry": {
        "type": "Polygon",
        "coordinates": [
          [
            [
              30.621925282,
              1.0285638947
            ],
            [
              30.6302812195,
              1.0285543261
            ],
            [
              30.6302907742,
              1.0369651656
            ],
            [
              30.6219348158,
              1.036974812
            ],
            [
              30.621925282,
              1.0285638947
            ]
          ]
        ]
      },
      "properties": {
        "country": "Uganda",
        "country_code": "UGA",
        "species_name": "Eucalyptus_camaldulensis_S",
        "genus": "Eucalyptus",
        "species": "camaldulensis_S",
        "suitability_name": "Moderately suitable",
        "suitability_rank": 2,
        "soil_suitability": "S4",
        "soil_type": "Lithosols",
        "soil_description": "Not differentiated",
        "site_class": null,
        "maz": "II",
        "maz_zone": null,
        "tz": "3",
        "frost_risk": null,
        "source_layer": "SWIFT_SSMT_Uganda"
      }
    },
    {
      "type": "Feature",
      "geometry": {
        "type": "Polygon",
        "coordinates": [
          [
            [
              30.6219123301,
              1.0170257632
            ],
            [
              30.621925282,
              1.0285638947
            ],
            [
              30.6135692672,
              1.0285734406
            ],
            [
              30.613550476,
              1.0117514478
            ],
            [
              30.5968382996,
              1.0117701638
            ],
            [
              30.5968290638,
              1.0033590103
            ],
            [
              30.5884728808,
              1.0033682578
            ],
            [
              30.5884637426,
              0.9949570275
            ],
            [
              30.5801075041,
              0.9949661768
            ],
            [
              30.5800984642,
              0.9865548681
            ],
            [
              30.5717421702,
              0.9865639188
            ],
            [
              30.5717332272,
              0.9781525327
            ],
            [
              30.5633768778,
              0.9781614843
            ],
            [
              30.5633680322,
              0.9697500201
            ],
            [
              30.5550116264,
              0.9697588756
            ],
            [
              30.5550028779,
              0.9613473345
            ],
            [
              30.5382898799,
              0.9613648293
            ],
            [
              30.5382812471,
              0.9529531337
            ],
            [
              30.5466377638,
              0.9529444737
            ],
            [
              30.5466291883,
              0.9445328541
            ],
            [
              30.5549856088,
              0.9445242501
            ],
            [
              30.554994205,
              0.9529357926
            ],
            [
              30.5633505696,
              0.9529270906
            ],
            [
              30.5633592625,
              0.9613385562
            ],
            [
              30.5717155721,
              0.9613297576
            ],
            [
              30.5717243612,
              0.9697411442
            ],
            [
              30.5800806132,
              0.9697322477
            ],
            [
              30.5800895005,
              0.9781435587
            ],
            [
              30.5819091937,
              0.9781416017
            ],
            [
              30.5872368381,
              0.9852759699
            ],
            [
              30.5884544048,
              0.9862880247
            ],
            [
              30.588454681,
              0.9865457966
            ],
            [
              30.5887641151,
              0.9865454594
            ],
            [
              30.5968180534,
              0.9932398902
            ],
            [
              30.5968199037,
              0.9949478572
            ],
            [
              30.5988701921,
              0.9949456039
            ],
            [
              30.6171694953,
              1.0110442089
            ],
            [
              30.6219123301,
              1.0170257632
            ]
          ]
        ]
      },
      "properties": {
        "country": "Uganda",
        "country_code": "UGA",
        "species_name": "Eucalyptus_camaldulensis_S",
        "genus": "Eucalyptus",
        "species": "camaldulensis_S",
        "suitability_name": "Moderately suitable",
        "suitability_rank": 2,
        "soil_suitability": "S4",
        "soil_type": "Lithosols",
        "soil_description": "Not differentiated",
        "site_class": null,
        "maz": "II",
        "maz_zone": null,
        "tz": "3",
        "frost_risk": null,
        "source_layer": "SWIFT_SSMT_Uganda"
      }
    },
    {
      "type": "Feature",
      "geometry": {
        "type": "Polygon",
        "coordinates": [
          [
            [
              30.5299246542,
              0.9529617746
            ],
            [
              30.5215679853,
              0.9529703944
            ],
            [
              30.5215594694,
              0.9445585468
            ],
            [
              30.5299161176,
              0.9445500034
            ],
            [
              30.5299246542,
              0.9529617746
            ]
          ]
        ]
      },
      "properties": {
        "country": "Uganda",
        "country_code": "UGA",
        "species_name": "Eucalyptus_camaldulensis_S",
        "genus": "Eucalyptus",
        "species": "camaldulensis_S",
        "suitability_name": "Moderately suitable",
        "suitability_rank": 2,
        "soil_suitability": "S4",
        "soil_type": "Lithosols",
        "soil_description": "Not differentiated",
        "site_class": null,
        "maz": "II",
        "maz_zone": null,
        "tz": "3",
        "frost_risk": null,
        "source_layer": "SWIFT_SSMT_Uganda"
      }
    },
    {
      "type": "Feature",
      "geometry": {
        "type": "Polygon",
        "coordinates": [
          [
            [
              30.5131943259,
              0.9361551459
            ],
            [
              30.5215510294,
              0.9361466986
            ],
            [
              30.5215594694,
              0.9445585468
            ],
            [
              30.5132027454,
              0.9445670704
            ],
            [
              30.5131943259,
              0.9361551459
            ]
          ]
        ]
      },
      "properties": {
        "country": "Uganda",
        "country_code": "UGA",
        "species_name": "Eucalyptus_camaldulensis_S",
        "genus": "Eucalyptus",
        "species": "camaldulensis_S",
        "suitability_name": "Moderately suitable",
        "suitability_rank": 2,
        "soil_suitability": "S4",
        "soil_type": "Lithosols",
        "soil_description": "Not differentiated",
        "site_class": null,
        "maz": "II",
        "maz_zone": null,
        "tz": "3",
        "frost_risk": null,
        "source_layer": "SWIFT_SSMT_Uganda"
      }
    },
    {
      "type": "Feature",
      "geometry": {
        "type": "Polygon",
        "coordinates": [
          [
            [
              30.5048292198,
              0.927751574
            ],
            [
              30.5131859803,
              0.9277432215
            ],
            [
              30.5131943259,
              0.9361551459
            ],
            [
              30.504837546,
              0.9361635744
            ],
            [
              30.5048292198,
              0.927751574
            ]
          ]
        ]
      },
      "properties": {
        "country": "Uganda",
        "country_code": "UGA",
        "species_name": "Eucalyptus_camaldulensis_S",
        "genus": "Eucalyptus",
        "species": "camaldulensis_S",
        "suitability_name": "Moderately suitable",
        "suitability_rank": 2,
        "soil_suitability": "S4",
        "soil_type": "Lithosols",
        "soil_description": "Not differentiated",
        "site_class": null,
        "maz": "II",
        "maz_zone": null,
        "tz": "3",
        "frost_risk": null,
        "source_layer": "SWIFT_SSMT_Uganda"
      }
    },
    {
      "type": "Feature",
      "geometry": {
        "type": "Polygon",
        "coordinates": [
          [
            [
              30.4881072642,
              0.919356067
            ],
            [
              30.4797502991,
              0.9193642845
            ],
            [
              30.4797421821,
              0.9109520567
            ],
            [
              30.4880991281,
              0.9109439146
            ],
            [
              30.4881072642,
              0.919356067
            ]
          ]
        ]
      },
      "properties": {
        "country": "Uganda",
        "country_code": "UGA",
        "species_name": "Eucalyptus_camaldulensis_S",
        "genus": "Eucalyptus",
        "species": "camaldulensis_S",
        "suitability_name": "Moderately suitable",
        "suitability_rank": 2,
        "soil_suitability": "S4",
        "soil_type": "Lithosols",
        "soil_description": "Not differentiated",
        "site_class": null,
        "maz": "II",
        "maz_zone": null,
        "tz": "3",
        "frost_risk": null,
        "source_layer": "SWIFT_SSMT_Uganda"
      }
    },
    {
      "type": "Feature",
      "geometry": {
        "type": "Polygon",
        "coordinates": [
          [
            [
              30.4102728368,
              0.8773675715
            ],
            [
              30.4128528305,
              0.8773652004
            ],
            [
              30.4128557805,
              0.8806115367
            ],
            [
              30.4102728368,
              0.8773675715
            ]
          ]
        ]
      },
      "properties": {
        "country": "Uganda",
        "country_code": "UGA",
        "species_name": "Eucalyptus_camaldulensis_S",
        "genus": "Eucalyptus",
        "species": "camaldulensis_S",
        "suitability_name": "Moderately suitable",
        "suitability_rank": 2,
        "soil_suitability": "S4",
        "soil_type": "Lithosols",
        "soil_description": "Not differentiated",
        "site_class": null,
        "maz": "II",
        "maz_zone": null,
        "tz": "3",
        "frost_risk": null,
        "source_layer": "SWIFT_SSMT_Uganda"
      }
    },
    {
      "type": "Feature",
      "geometry": {
        "type": "Polygon",
        "coordinates": [
          [
            [
              30.9891610048,
              0.6920629926
            ],
            [
              30.9648752316,
              0.6993536721
            ],
            [
              30.9520658814,
              0.7000809767
            ],
            [
              30.9413759819,
              0.6821795107
            ],
            [
              30.9442116915,
              0.6685652052
            ],
            [
              30.9548798535,
              0.6599596359
            ],
            [
              30.981913486,
              0.648475711
            ],
            [
              30.991154139,
              0.6348571893
            ],
            [
              30.9897173298,
              0.6169488213
            ],
            [
              30.9854338979,
              0.5983260944
            ],
            [
              30.9832822757,
              0.5746869609
            ],
            [
              30.9768630146,
              0.5531997478
            ],
            [
              30.9668944851,
              0.5446096816
            ],
            [
              30.9483866444,
              0.5367413623
            ],
            [
              30.9370047683,
              0.5439130157
            ],
            [
              30.9213494558,
              0.546072609
            ],
            [
              30.9056878508,
              0.5389183639
            ],
            [
              30.9028294254,
              0.5202923802
            ],
            [
              30.9070886987,
              0.5023784398
            ],
            [
              30.9184691994,
              0.4916249448
            ],
            [
              30.9341187795,
              0.4794363895
            ],
            [
              30.939805133,
              0.4672538996
            ],
            [
              30.9319660059,
              0.4471982888
            ],
            [
              30.9177209089,
              0.4242798147
            ],
            [
              30.910592325,
              0.3999242035
            ],
            [
              30.9134303689,
              0.3812952437
            ],
            [
              30.9305044103,
              0.3683916385
            ],
            [
              30.9454492413,
              0.3691013965
            ],
            [
              30.9625312403,
              0.3755413709
            ],
            [
              30.9753469581,
              0.3898633497
            ],
            [
              30.9838934884,
              0.4049033577
            ],
            [
              30.9846133173,
              0.4213798354
            ],
            [
              30.9903120786,
              0.4328389603
            ],
            [
              31.0009883322,
              0.4371315084
            ],
            [
              31.0109552124,
              0.4457224784
            ],
            [
              31.0038483882,
              0.4622028227
            ],
            [
              30.9929449903,
              0.4759395684
            ],
            [
              30.9876148836,
              0.4878823674
            ],
            [
              30.9917719945,
              0.4980285672
            ],
            [
              31.0006695923,
              0.5022019534
            ],
            [
              31.0113431832,
              0.5015983898
            ],
            [
              31.0368371417,
              0.4944192041
            ],
            [
              31.0445457701,
              0.4944144747
            ],
            [
              31.0599595544,
              0.489032607
            ],
            [
              31.0623263882,
              0.480674152
            ],
            [
              31.0581676971,
              0.4669471969
            ],
            [
              31.0498595119,
              0.4550132534
            ],
            [
              31.0373993753,
              0.4406935454
            ],
            [
              31.031462071,
              0.4263699321
            ],
            [
              31.0361990924,
              0.4132345554
            ],
            [
              31.0510201525,
              0.4072575682
            ],
            [
              31.0634748603,
              0.4126236058
            ],
            [
              31.0800859332,
              0.4293286842
            ],
            [
              31.0990754796,
              0.4579697359
            ],
            [
              31.1097627522,
              0.4830331079
            ],
            [
              31.1098136125,
              0.561226164
            ],
            [
              31.1110104679,
              0.5767445283
            ],
            [
              31.1175439603,
              0.5922588523
            ],
            [
              31.1305908412,
              0.5958303305
            ],
            [
              31.1525234727,
              0.5892482308
            ],
            [
              31.1780088195,
              0.5772921777
            ],
            [
              31.1969758453,
              0.5707129892
            ],
            [
              31.2194939275,
              0.5563729349
            ],
            [
              31.2307565817,
              0.5545743984
            ],
            [
              31.236094627,
              0.5581513299
            ],
            [
              31.2384681584,
              0.5710017435
            ],
            [
              31.232319842,
              0.5845326335
            ],
            [
              31.2045953777,
              0.6117686959
            ],
            [
              31.1811261701,
              0.6225303022
            ],
            [
              31.1647659237,
              0.6268406918
            ],
            [
              31.1462674749,
              0.6268554949
            ],
            [
              31.1156695809,
              0.6225822317
            ],
            [
              31.1007276393,
              0.6225939717
            ],
            [
              31.0836569005,
              0.6304865884
            ],
            [
              31.0616122578,
              0.6476955526
            ],
            [
              31.0331640712,
              0.6663433279
            ],
            [
              31.0068469836,
              0.6814086313
            ],
            [
              30.9911995402,
              0.6914510212
            ],
            [
              30.9899407723,
              0.691828905
            ],
            [
              30.9891608099,
              0.6918295657
            ],
            [
              30.9891610048,
              0.6920629926
            ]
          ],
          [
            [
              31.0141810915,
              0.6497729346
            ],
            [
              31.0058297189,
              0.6497796185
            ],
            [
              31.005836394,
              0.658186771
            ],
            [
              31.0141877816,
              0.6581800004
            ],
            [
              31.0141810915,
              0.6497729346
            ]
          ],
          [
            [
              31.0141679709,
              0.6329588015
            ],
            [
              31.0058166248,
              0.632965312
            ],
            [
              31.0058231288,
              0.6413724649
            ],
            [
              31.0141744886,
              0.6413658686
            ],
            [
              31.0141679709,
              0.6329588015
            ]
          ]
        ]
      },
      "properties": {
        "country": "Uganda",
        "country_code": "UGA",
        "species_name": "Eucalyptus_camaldulensis_S",
        "genus": "Eucalyptus",
        "species": "camaldulensis_S",
        "suitability_name": "Moderately suitable",
        "suitability_rank": 2,
        "soil_suitability": "S4",
        "soil_type": "Lithosols",
        "soil_description": "Not differentiated",
        "site_class": null,
        "maz": "II",
        "maz_zone": null,
        "tz": "3",
        "frost_risk": null,
        "source_layer": "SWIFT_SSMT_Uganda"
      }
    },
    {
      "type": "Feature",
      "geometry": {
        "type": "Polygon",
        "coordinates": [
          [
            [
              30.0758927511,
              -0.3257804303
            ],
            [
              30.069827113,
              -0.3257822939
            ],
            [
              30.0698244492,
              -0.316868207
            ],
            [
              30.0657445349,
              -0.3263742914
            ],
            [
              30.0625885165,
              -0.3368254026
            ],
            [
              30.0614719846,
              -0.3400938179
            ],
            [
              30.0614754894,
              -0.3510321965
            ],
            [
              30.0574898049,
              -0.3510335108
            ],
            [
              30.0555239755,
              -0.3560620852
            ],
            [
              30.0531191849,
              -0.3611426375
            ],
            [
              30.053121451,
              -0.3678666425
            ],
            [
              30.0483939772,
              -0.3678682711
            ],
            [
              30.0459002969,
              -0.3698475827
            ],
            [
              30.0447626145,
              -0.3704436529
            ],
            [
              30.044764626,
              -0.3762854318
            ],
            [
              30.0364048392,
              -0.3762883674
            ],
            [
              30.0364077846,
              -0.3847043441
            ],
            [
              30.0280479245,
              -0.3847073369
            ],
            [
              30.0280539928,
              -0.4015394217
            ],
            [
              30.02320927,
              -0.4015412286
            ],
            [
              30.0225160225,
              -0.4166690097
            ],
            [
              30.0197033544,
              -0.4261208303
            ],
            [
              30.019706932,
              -0.435206964
            ],
            [
              30.0174916465,
              -0.4352078569
            ],
            [
              30.015975018,
              -0.4436246044
            ],
            [
              30.0197103148,
              -0.4436230703
            ],
            [
              30.0197172738,
              -0.4604552809
            ],
            [
              30.0280772791,
              -0.4604517081
            ],
            [
              30.028080866,
              -0.4688677485
            ],
            [
              30.0197208509,
              -0.468871387
            ],
            [
              30.0197244914,
              -0.4772874918
            ],
            [
              30.0421688791,
              -0.4772775258
            ],
            [
              30.0448023462,
              -0.472648748
            ],
            [
              30.0448007018,
              -0.468860442
            ],
            [
              30.0469581941,
              -0.4688594959
            ],
            [
              30.0493488048,
              -0.4646576418
            ],
            [
              30.0531537305,
              -0.4529240346
            ],
            [
              30.0531533549,
              -0.4520250868
            ],
            [
              30.0534452835,
              -0.452024964
            ],
            [
              30.0594271807,
              -0.4335788672
            ],
            [
              30.0607287344,
              -0.426774518
            ],
            [
              30.0531430966,
              -0.4267775555
            ],
            [
              30.053139808,
              -0.4183617122
            ],
            [
              30.061499506,
              -0.4183584298
            ],
            [
              30.0614962738,
              -0.4099426516
            ],
            [
              30.0639487383,
              -0.4099417052
            ],
            [
              30.0659435969,
              -0.3995141096
            ],
            [
              30.0659375184,
              -0.3827818521
            ],
            [
              30.0730556044,
              -0.3684374417
            ],
            [
              30.0825497347,
              -0.3588729947
            ],
            [
              30.0861094343,
              -0.3534936613
            ],
            [
              30.090448777,
              -0.3510225945
            ],
            [
              30.0865539926,
              -0.3510238903
            ],
            [
              30.0865512634,
              -0.3426083098
            ],
            [
              30.0781918372,
              -0.342611019
            ],
            [
              30.0781873606,
              -0.328298918
            ],
            [
              30.0758927511,
              -0.3257804303
            ]
          ]
        ]
      },
      "properties": {
        "country": "Uganda",
        "country_code": "UGA",
        "species_name": "Eucalyptus_camaldulensis_S",
        "genus": "Eucalyptus",
        "species": "camaldulensis_S",
        "suitability_name": "Moderately suitable",
        "suitability_rank": 2,
        "soil_suitability": "S4",
        "soil_type": "Lithosols",
        "soil_description": "Not differentiated",
        "site_class": null,
        "maz": "I",
        "maz_zone": null,
        "tz": "3",
        "frost_risk": null,
        "source_layer": "SWIFT_SSMT_Uganda"
      }
    },
    {
      "type": "Feature",
      "geometry": {
        "type": "Polygon",
        "coordinates": [
          [
            [
              30.0997591437,
              -0.3457207788
            ],
            [
              30.0949106845,
              -0.342788315
            ],
            [
              30.0949125284,
              -0.3484806917
            ],
            [
              30.0997591437,
              -0.3457207788
            ]
          ]
        ]
      },
      "properties": {
        "country": "Uganda",
        "country_code": "UGA",
        "species_name": "Eucalyptus_camaldulensis_S",
        "genus": "Eucalyptus",
        "species": "camaldulensis_S",
        "suitability_name": "Moderately suitable",
        "suitability_rank": 2,
        "soil_suitability": "S4",
        "soil_type": "Lithosols",
        "soil_description": "Not differentiated",
        "site_class": null,
        "maz": "I",
        "maz_zone": null,
        "tz": "3",
        "frost_risk": null,
        "source_layer": "SWIFT_SSMT_Uganda"
      }
    },
    {
      "type": "Feature",
      "geometry": {
        "type": "Polygon",
        "coordinates": [
          [
            [
              30.0113718579,
              -0.4941235246
            ],
            [
              30.0197319685,
              -0.4941197015
            ],
            [
              30.0197281979,
              -0.4857035973
            ],
            [
              30.0113680976,
              -0.4857073549
            ],
            [
              30.0113718579,
              -0.4941235246
            ]
          ]
        ]
      },
      "properties": {
        "country": "Uganda",
        "country_code": "UGA",
        "species_name": "Eucalyptus_camaldulensis_S",
        "genus": "Eucalyptus",
        "species": "camaldulensis_S",
        "suitability_name": "Moderately suitable",
        "suitability_rank": 2,
        "soil_suitability": "S4",
        "soil_type": "Lithosols",
        "soil_description": "Not differentiated",
        "site_class": null,
        "maz": "I",
        "maz_zone": null,
        "tz": "3",
        "frost_risk": null,
        "source_layer": "SWIFT_SSMT_Uganda"
      }
    },
    {
      "type": "Feature",
      "geometry": {
        "type": "Polygon",
        "coordinates": [
          [
            [
              30.0113718579,
              -0.4941235246
            ],
            [
              30.0030116824,
              -0.4941273371
            ],
            [
              30.0030154972,
              -0.5025435726
            ],
            [
              29.9946552473,
              -0.5025474397
            ],
            [
              29.9946591151,
              -0.5109637382
            ],
            [
              29.98629879,
              -0.5109676595
            ],
            [
              29.9863066964,
              -0.5278003853
            ],
            [
              29.9779462849,
              -0.527804425
            ],
            [
              29.9779503229,
              -0.5362208522
            ],
            [
              29.9695898359,
              -0.5362249442
            ],
            [
              29.9695939274,
              -0.5446414356
            ],
            [
              29.9612333659,
              -0.5446455804
            ],
            [
              29.9612375088,
              -0.553062135
            ],
            [
              29.952876871,
              -0.5530663322
            ],
            [
              29.9528810666,
              -0.5614829506
            ],
            [
              29.9445203542,
              -0.561487199
            ],
            [
              29.9445377168,
              -0.5951539253
            ],
            [
              29.9528984778,
              -0.5951494223
            ],
            [
              29.9528940297,
              -0.5867328047
            ],
            [
              29.9581738346,
              -0.5867299941
            ],
            [
              29.9579821789,
              -0.5782484269
            ],
            [
              29.9609449968,
              -0.5674893768
            ],
            [
              29.9698448276,
              -0.5573250069
            ],
            [
              29.9750942122,
              -0.5532105602
            ],
            [
              29.9805264986,
              -0.5489527797
            ],
            [
              29.9863143907,
              -0.5436796027
            ],
            [
              29.9863107466,
              -0.5362167496
            ],
            [
              29.9945101889,
              -0.5362127134
            ],
            [
              29.9946710341,
              -0.5360661739
            ],
            [
              29.9946630475,
              -0.5193800373
            ],
            [
              30.0030233199,
              -0.5193760401
            ],
            [
              30.0030193766,
              -0.5109598069
            ],
            [
              30.0113795734,
              -0.510955863
            ],
            [
              30.0113718579,
              -0.4941235246
            ]
          ]
        ]
      },
      "properties": {
        "country": "Uganda",
        "country_code": "UGA",
        "species_name": "Eucalyptus_camaldulensis_S",
        "genus": "Eucalyptus",
        "species": "camaldulensis_S",
        "suitability_name": "Moderately suitable",
        "suitability_rank": 2,
        "soil_suitability": "S4",
        "soil_type": "Lithosols",
        "soil_description": "Not differentiated",
        "site_class": null,
        "maz": "I",
        "maz_zone": null,
        "tz": "3",
        "frost_risk": null,
        "source_layer": "SWIFT_SSMT_Uganda"
      }
    },
    {
      "type": "Feature",
      "geometry": {
        "type": "Polygon",
        "coordinates": [
          [
            [
              29.9445377168,
              -0.5951539253
            ],
            [
              29.9361768916,
              -0.5951584155
            ],
            [
              29.9361813776,
              -0.6035751605
            ],
            [
              29.9445422149,
              -0.6035706066
            ],
            [
              29.9445377168,
              -0.5951539253
            ]
          ]
        ]
      },
      "properties": {
        "country": "Uganda",
        "country_code": "UGA",
        "species_name": "Eucalyptus_camaldulensis_S",
        "genus": "Eucalyptus",
        "species": "camaldulensis_S",
        "suitability_name": "Moderately suitable",
        "suitability_rank": 2,
        "soil_suitability": "S4",
        "soil_type": "Lithosols",
        "soil_description": "Not differentiated",
        "site_class": null,
        "maz": "I",
        "maz_zone": null,
        "tz": "3",
        "frost_risk": null,
        "source_layer": "SWIFT_SSMT_Uganda"
      }
    },
    {
      "type": "Feature",
      "geometry": {
        "type": "Polygon",
        "coordinates": [
          [
            [
              29.9361813776,
              -0.6035751605
            ],
            [
              29.9278204781,
              -0.6035797023
            ],
            [
              29.9278250134,
              -0.6119965089
            ],
            [
              29.9361859269,
              -0.6119919045
            ],
            [
              29.9361813776,
              -0.6035751605
            ]
          ]
        ]
      },
      "properties": {
        "country": "Uganda",
        "country_code": "UGA",
        "species_name": "Eucalyptus_camaldulensis_S",
        "genus": "Eucalyptus",
        "species": "camaldulensis_S",
        "suitability_name": "Moderately suitable",
        "suitability_rank": 2,
        "soil_suitability": "S4",
        "soil_type": "Lithosols",
        "soil_description": "Not differentiated",
        "site_class": null,
        "maz": "I",
        "maz_zone": null,
        "tz": "3",
        "frost_risk": null,
        "source_layer": "SWIFT_SSMT_Uganda"
      }
    },
    {
      "type": "Feature",
      "geometry": {
        "type": "Polygon",
        "coordinates": [
          [
            [
              29.9278342739,
              -0.6288301234
            ],
            [
              29.936195214,
              -0.628825392
            ],
            [
              29.9361905393,
              -0.6204086483
            ],
            [
              29.9278296126,
              -0.6204133162
            ],
            [
              29.9278342739,
              -0.6288301234
            ]
          ]
        ]
      },
      "properties": {
        "country": "Uganda",
        "country_code": "UGA",
        "species_name": "Eucalyptus_camaldulensis_S",
        "genus": "Eucalyptus",
        "species": "camaldulensis_S",
        "suitability_name": "Moderately suitable",
        "suitability_rank": 2,
        "soil_suitability": "S4",
        "soil_type": "Lithosols",
        "soil_description": "Not differentiated",
        "site_class": null,
        "maz": "I",
        "maz_zone": null,
        "tz": "3",
        "frost_risk": null,
        "source_layer": "SWIFT_SSMT_Uganda"
      }
    },
    {
      "type": "Feature",
      "geometry": {
        "type": "Polygon",
        "coordinates": [
          [
            [
              29.9278342739,
              -0.6288301234
            ],
            [
              29.9194732717,
              -0.6288348411
            ],
            [
              29.9194779832,
              -0.6372517106
            ],
            [
              29.9278389991,
              -0.6372469295
            ],
            [
              29.9278342739,
              -0.6288301234
            ]
          ]
        ]
      },
      "properties": {
        "country": "Uganda",
        "country_code": "UGA",
        "species_name": "Eucalyptus_camaldulensis_S",
        "genus": "Eucalyptus",
        "species": "camaldulensis_S",
        "suitability_name": "Moderately suitable",
        "suitability_rank": 2,
        "soil_suitability": "S4",
        "soil_type": "Lithosols",
        "soil_description": "Not differentiated",
        "site_class": null,
        "maz": "I",
        "maz_zone": null,
        "tz": "3",
        "frost_risk": null,
        "source_layer": "SWIFT_SSMT_Uganda"
      }
    },
    {
      "type": "Feature",
      "geometry": {
        "type": "Polygon",
        "coordinates": [
          [
            [
              29.9194779832,
              -0.6372517106
            ],
            [
              29.9111169046,
              -0.6372564779
            ],
            [
              29.9111216643,
              -0.6456734103
            ],
            [
              29.9028598076,
              -0.6456781695
            ],
            [
              29.9027606835,
              -0.6459847734
            ],
            [
              29.9027701899,
              -0.6625122163
            ],
            [
              29.9111313715,
              -0.662507274
            ],
            [
              29.9111264866,
              -0.6540903418
            ],
            [
              29.9194875939,
              -0.6540854492
            ],
            [
              29.9194779832,
              -0.6372517106
            ]
          ]
        ]
      },
      "properties": {
        "country": "Uganda",
        "country_code": "UGA",
        "species_name": "Eucalyptus_camaldulensis_S",
        "genus": "Eucalyptus",
        "species": "camaldulensis_S",
        "suitability_name": "Moderately suitable",
        "suitability_rank": 2,
        "soil_suitability": "S4",
        "soil_type": "Lithosols",
        "soil_description": "Not differentiated",
        "site_class": null,
        "maz": "I",
        "maz_zone": null,
        "tz": "3",
        "frost_risk": null,
        "source_layer": "SWIFT_SSMT_Uganda"
      }
    },
    {
      "type": "Feature",
      "geometry": {
        "type": "Polygon",
        "coordinates": [
          [
            [
              29.9027801186,
              -0.6793462046
            ],
            [
              29.9027902979,
              -0.6961801908
            ],
            [
              29.8944289952,
              -0.6961853687
            ],
            [
              29.8944341628,
              -0.7046024253
            ],
            [
              29.8777113415,
              -0.7046128615
            ],
            [
              29.8777165406,
              -0.7130300421
            ],
            [
              29.869355023,
              -0.7130352988
            ],
            [
              29.8693602694,
              -0.7214525406
            ],
            [
              29.8609986746,
              -0.7214578455
            ],
            [
              29.8610039669,
              -0.7298751484
            ],
            [
              29.8359187671,
              -0.7298911533
            ],
            [
              29.8359294424,
              -0.7467261285
            ],
            [
              29.844291268,
              -0.7467206859
            ],
            [
              29.8442967129,
              -0.7551381112
            ],
            [
              29.8526584929,
              -0.7551325915
            ],
            [
              29.8526476335,
              -0.738297864
            ],
            [
              29.8777325111,
              -0.7382815784
            ],
            [
              29.8777271254,
              -0.7298644005
            ],
            [
              29.8860886134,
              -0.7298590027
            ],
            [
              29.8860832748,
              -0.7214418853
            ],
            [
              29.894444684,
              -0.7214365341
            ],
            [
              29.8944393919,
              -0.7130194802
            ],
            [
              29.9028007251,
              -0.7130141759
            ],
            [
              29.9027954798,
              -0.7045971838
            ],
            [
              29.9111567353,
              -0.7045919278
            ],
            [
              29.9111515373,
              -0.6961749977
            ],
            [
              29.9195127158,
              -0.6961697894
            ],
            [
              29.9195024788,
              -0.6793360544
            ],
            [
              29.9027801186,
              -0.6793462046
            ]
          ]
        ]
      },
      "properties": {
        "country": "Uganda",
        "country_code": "UGA",
        "species_name": "Eucalyptus_camaldulensis_S",
        "genus": "Eucalyptus",
        "species": "camaldulensis_S",
        "suitability_name": "Moderately suitable",
        "suitability_rank": 2,
        "soil_suitability": "S4",
        "soil_type": "Lithosols",
        "soil_description": "Not differentiated",
        "site_class": null,
        "maz": "I",
        "maz_zone": null,
        "tz": "3",
        "frost_risk": null,
        "source_layer": "SWIFT_SSMT_Uganda"
      }
    },
    {
      "type": "Feature",
      "geometry": {
        "type": "Polygon",
        "coordinates": [
          [
            [
              29.8442967129,
              -0.7551381112
            ],
            [
              29.835934871,
              -0.7551436144
            ],
            [
              29.8359459117,
              -0.771978587
            ],
            [
              29.8192219815,
              -0.7719897899
            ],
            [
              29.8192164628,
              -0.7635721818
            ],
            [
              29.810854424,
              -0.7635776979
            ],
            [
              29.8108489824,
              -0.755160029
            ],
            [
              29.802486898,
              -0.7551654677
            ],
            [
              29.802492324,
              -0.7635831972
            ],
            [
              29.7941301639,
              -0.7635886816
            ],
            [
              29.7941411617,
              -0.7804242606
            ],
            [
              29.7774165954,
              -0.7804354188
            ],
            [
              29.7774110999,
              -0.7720175095
            ],
            [
              29.7690487439,
              -0.7720230026
            ],
            [
              29.7690433238,
              -0.7636050326
            ],
            [
              29.7774056631,
              -0.7635995984
            ],
            [
              29.7773949699,
              -0.7467637773
            ],
            [
              29.760670295,
              -0.7467743908
            ],
            [
              29.7606755809,
              -0.7551924204
            ],
            [
              29.7439506376,
              -0.755203089
            ],
            [
              29.7439559487,
              -0.7636212382
            ],
            [
              29.7386885822,
              -0.7636246218
            ],
            [
              29.7355974552,
              -0.7700529307
            ],
            [
              29.7355987272,
              -0.7720448145
            ],
            [
              29.7346393419,
              -0.7720454369
            ],
            [
              29.7282258597,
              -0.7873883726
            ],
            [
              29.7272465273,
              -0.7882716001
            ],
            [
              29.7272580155,
              -0.8057232912
            ],
            [
              29.7188952391,
              -0.8057289218
            ],
            [
              29.7189008524,
              -0.8141472462
            ],
            [
              29.7021750889,
              -0.8141585718
            ],
            [
              29.7021864217,
              -0.8309954526
            ],
            [
              29.691546615,
              -0.8310027709
            ],
            [
              29.6902517656,
              -0.8338008305
            ],
            [
              29.6826574347,
              -0.8438487894
            ],
            [
              29.677112546,
              -0.8534325714
            ],
            [
              29.6771145119,
              -0.8562685031
            ],
            [
              29.6758122459,
              -0.8562694186
            ],
            [
              29.6704976887,
              -0.8811591851
            ],
            [
              29.6794096259,
              -0.886891461
            ],
            [
              29.6883168766,
              -0.8861676198
            ],
            [
              29.6975767452,
              -0.8804222042
            ],
            [
              29.7025616703,
              -0.8757559449
            ],
            [
              29.7068332071,
              -0.8700142479
            ],
            [
              29.7084748189,
              -0.8633301362
            ],
            [
              29.7159530628,
              -0.8575862151
            ],
            [
              29.7220080968,
              -0.8547126225
            ],
            [
              29.727290699,
              -0.8534250688
            ],
            [
              29.727286757,
              -0.847814613
            ],
            [
              29.7440123109,
              -0.84780271
            ],
            [
              29.7440064094,
              -0.8393845643
            ],
            [
              29.7774567363,
              -0.8393607775
            ],
            [
              29.7774508231,
              -0.8309428702
            ],
            [
              29.7858132386,
              -0.830936939
            ],
            [
              29.7858015558,
              -0.814101244
            ],
            [
              29.7941638774,
              -0.814095415
            ],
            [
              29.7941581083,
              -0.8056776274
            ],
            [
              29.8025203513,
              -0.8056718418
            ],
            [
              29.80250896,
              -0.788836385
            ],
            [
              29.8192331986,
              -0.7888250044
            ],
            [
              29.8192446586,
              -0.8056602184
            ],
            [
              29.8276067207,
              -0.8056543814
            ],
            [
              29.8276125587,
              -0.8140719271
            ],
            [
              29.8359745778,
              -0.8140660112
            ],
            [
              29.8359515229,
              -0.780396073
            ],
            [
              29.8443134133,
              -0.7803903848
            ],
            [
              29.8442967129,
              -0.7551381112
            ]
          ],
          [
            [
              29.7022097844,
              -0.8646692107
            ],
            [
              29.6938467087,
              -0.8646751973
            ],
            [
              29.6938408001,
              -0.8562567008
            ],
            [
              29.702203857,
              -0.8562507723
            ],
            [
              29.7022097844,
              -0.8646692107
            ]
          ]
        ]
      },
      "properties": {
        "country": "Uganda",
        "country_code": "UGA",
        "species_name": "Eucalyptus_camaldulensis_S",
        "genus": "Eucalyptus",
        "species": "camaldulensis_S",
        "suitability_name": "Moderately suitable",
        "suitability_rank": 2,
        "soil_suitability": "S4",
        "soil_type": "Lithosols",
        "soil_description": "Not differentiated",
        "site_class": null,
        "maz": "I",
        "maz_zone": null,
        "tz": "3",
        "frost_risk": null,
        "source_layer": "SWIFT_SSMT_Uganda"
      }
    },
    {
      "type": "Feature",
      "geometry": {
        "type": "Polygon",
        "coordinates": [
          [
            [
              30.0987287485,
              -0.3197732179
            ],
            [
              30.094902289,
              -0.3155803571
            ],
            [
              30.0949039817,
              -0.3212525386
            ],
            [
              30.0966436384,
              -0.3202270858
            ],
            [
              30.0974242001,
              -0.3201379619
            ],
            [
              30.0983505929,
              -0.3197523652
            ],
            [
              30.0987287485,
              -0.3197732179
            ]
          ]
        ]
      },
      "properties": {
        "country": "Uganda",
        "country_code": "UGA",
        "species_name": "Eucalyptus_camaldulensis_S",
        "genus": "Eucalyptus",
        "species": "camaldulensis_S",
        "suitability_name": "Moderately suitable",
        "suitability_rank": 2,
        "soil_suitability": "S4",
        "soil_type": "Podsolic Soils",
        "soil_description": "Not differentiated",
        "site_class": null,
        "maz": "I",
        "maz_zone": null,
        "tz": "3",
        "frost_risk": null,
        "source_layer": "SWIFT_SSMT_Uganda"
      }
    },
    {
      "type": "Feature",
      "geometry": {
        "type": "Polygon",
        "coordinates": [
          [
            [
              30.1265948102,
              -0.3341799661
            ],
            [
              30.1223102421,
              -0.3319697101
            ],
            [
              30.1054290699,
              -0.3251800445
            ],
            [
              30.1047218232,
              -0.3261451795
            ],
            [
              30.1047227555,
              -0.3266791751
            ],
            [
              30.1050557151,
              -0.3271810388
            ],
            [
              30.1048672169,
              -0.3284839243
            ],
            [
              30.1040640548,
              -0.3307169931
            ],
            [
              30.1035393813,
              -0.3310479118
            ],
            [
              30.1027667197,
              -0.3311399504
            ],
            [
              30.1024900608,
              -0.3311220392
            ],
            [
              30.1023923364,
              -0.3289046141
            ],
            [
              30.1026083306,
              -0.3281511923
            ],
            [
              30.1025580838,
              -0.3278208923
            ],
            [
              30.102298446,
              -0.3274725684
            ],
            [
              30.1014904,
              -0.3274213782
            ],
            [
              30.1006367481,
              -0.327809074
            ],
            [
              30.0995211466,
              -0.3275903959
            ],
            [
              30.0975446283,
              -0.3277584655
            ],
            [
              30.0968516908,
              -0.3275759715
            ],
            [
              30.0960011821,
              -0.3268990708
            ],
            [
              30.0949052279,
              -0.3253643973
            ],
            [
              30.0949106845,
              -0.342788315
            ],
            [
              30.0997591437,
              -0.3457207788
            ],
            [
              30.1046343282,
              -0.3510178595
            ],
            [
              30.1116318997,
              -0.3510155166
            ],
            [
              30.1116344441,
              -0.3586236575
            ],
            [
              30.1123771715,
              -0.3594306411
            ],
            [
              30.1199938946,
              -0.3594280217
            ],
            [
              30.1199962364,
              -0.36625755
            ],
            [
              30.1336030816,
              -0.3773793252
            ],
            [
              30.1520055141,
              -0.3839454751
            ],
            [
              30.1668466963,
              -0.3911102258
            ],
            [
              30.1793111208,
              -0.3917029921
            ],
            [
              30.1870256288,
              -0.3881149717
            ],
            [
              30.1870236279,
              -0.382737371
            ],
            [
              30.1810840271,
              -0.3707892961
            ],
            [
              30.1703973261,
              -0.3618303452
            ],
            [
              30.1573356532,
              -0.3504818905
            ],
            [
              30.1454626169,
              -0.3439130263
            ],
            [
              30.1399411946,
              -0.3410647996
            ],
            [
              30.1367053986,
              -0.3393956025
            ],
            [
              30.1367092071,
              -0.3510070746
            ],
            [
              30.1283501713,
              -0.3510098958
            ],
            [
              30.1283474068,
              -0.3425946505
            ],
            [
              30.1199883113,
              -0.3425973974
            ],
            [
              30.1199856194,
              -0.3341820845
            ],
            [
              30.1265948102,
              -0.3341799661
            ]
          ]
        ]
      },
      "properties": {
        "country": "Uganda",
        "country_code": "UGA",
        "species_name": "Eucalyptus_camaldulensis_S",
        "genus": "Eucalyptus",
        "species": "camaldulensis_S",
        "suitability_name": "Moderately suitable",
        "suitability_rank": 2,
        "soil_suitability": "S4",
        "soil_type": "Podsolic Soils",
        "soil_description": "Not differentiated",
        "site_class": null,
        "maz": "I",
        "maz_zone": null,
        "tz": "3",
        "frost_risk": null,
        "source_layer": "SWIFT_SSMT_Uganda"
      }
    },
    {
      "type": "Feature",
      "geometry": {
        "type": "Polygon",
        "coordinates": [
          [
            [
              30.0781873606,
              -0.328298918
            ],
            [
              30.0781865929,
              -0.3257797244
            ],
            [
              30.0758927511,
              -0.3257804303
            ],
            [
              30.0781873606,
              -0.328298918
            ]
          ]
        ]
      },
      "properties": {
        "country": "Uganda",
        "country_code": "UGA",
        "species_name": "Eucalyptus_camaldulensis_S",
        "genus": "Eucalyptus",
        "species": "camaldulensis_S",
        "suitability_name": "Moderately suitable",
        "suitability_rank": 2,
        "soil_suitability": "S4",
        "soil_type": "Podsolic Soils",
        "soil_description": "Not differentiated",
        "site_class": null,
        "maz": "I",
        "maz_zone": null,
        "tz": "3",
        "frost_risk": null,
        "source_layer": "SWIFT_SSMT_Uganda"
      }
    },
    {
      "type": "Feature",
      "geometry": {
        "type": "Polygon",
        "coordinates": [
          [
            [
              30.3288860416,
              -0.0104952563
            ],
            [
              30.3303835637,
              -0.0018799965
            ],
            [
              30.3315321677,
              0.0024300104
            ],
            [
              30.3288859902,
              0.0024300173
            ],
            [
              30.3288860416,
              -0.0104952563
            ]
          ]
        ]
      },
      "properties": {
        "country": "Uganda",
        "country_code": "UGA",
        "species_name": "Eucalyptus_camaldulensis_S",
        "genus": "Eucalyptus",
        "species": "camaldulensis_S",
        "suitability_name": "Moderately suitable",
        "suitability_rank": 2,
        "soil_suitability": "S4",
        "soil_type": "Lithosols",
        "soil_description": "Not differentiated",
        "site_class": null,
        "maz": "I",
        "maz_zone": null,
        "tz": "3",
        "frost_risk": null,
        "source_layer": "SWIFT_SSMT_Uganda"
      }
    },
    {
      "type": "Feature",
      "geometry": {
        "type": "Polygon",
        "coordinates": [
          [
            [
              30.3205364881,
              -0.1244454512
            ],
            [
              30.3246914364,
              -0.0974686921
            ],
            [
              30.3253971743,
              -0.0901196362
            ],
            [
              30.3205327836,
              -0.0901200837
            ],
            [
              30.3205335824,
              -0.0985337309
            ],
            [
              30.3121762117,
              -0.0985345693
            ],
            [
              30.3121780168,
              -0.1153620062
            ],
            [
              30.3205353925,
              -0.1153610257
            ],
            [
              30.3205364881,
              -0.1244454512
            ]
          ]
        ]
      },
      "properties": {
        "country": "Uganda",
        "country_code": "UGA",
        "species_name": "Eucalyptus_camaldulensis_S",
        "genus": "Eucalyptus",
        "species": "camaldulensis_S",
        "suitability_name": "Moderately suitable",
        "suitability_rank": 2,
        "soil_suitability": "S4",
        "soil_type": "Lithosols",
        "soil_description": "Not differentiated",
        "site_class": null,
        "maz": "I",
        "maz_zone": null,
        "tz": "3",
        "frost_risk": null,
        "source_layer": "SWIFT_SSMT_Uganda"
      }
    },
    {
      "type": "Feature",
      "geometry": {
        "type": "Polygon",
        "coordinates": [
          [
            [
              30.3121835608,
              -0.1560751676
            ],
            [
              30.3152026757,
              -0.1476541782
            ],
            [
              30.3168409493,
              -0.1406024965
            ],
            [
              30.3121812579,
              -0.140603163
            ],
            [
              30.3121835608,
              -0.1560751676
            ]
          ]
        ]
      },
      "properties": {
        "country": "Uganda",
        "country_code": "UGA",
        "species_name": "Eucalyptus_camaldulensis_S",
        "genus": "Eucalyptus",
        "species": "camaldulensis_S",
        "suitability_name": "Moderately suitable",
        "suitability_rank": 2,
        "soil_suitability": "S4",
        "soil_type": "Lithosols",
        "soil_description": "Not differentiated",
        "site_class": null,
        "maz": "I",
        "maz_zone": null,
        "tz": "3",
        "frost_risk": null,
        "source_layer": "SWIFT_SSMT_Uganda"
      }
    },
    {
      "type": "Feature",
      "geometry": {
        "type": "Polygon",
        "coordinates": [
          [
            [
              30.3038290674,
              -0.1740342569
            ],
            [
              30.3090336023,
              -0.1648613415
            ],
            [
              30.3116975874,
              -0.1574306775
            ],
            [
              30.303826313,
              -0.1574319358
            ],
            [
              30.3038290674,
              -0.1740342569
            ]
          ]
        ]
      },
      "properties": {
        "country": "Uganda",
        "country_code": "UGA",
        "species_name": "Eucalyptus_camaldulensis_S",
        "genus": "Eucalyptus",
        "species": "camaldulensis_S",
        "suitability_name": "Moderately suitable",
        "suitability_rank": 2,
        "soil_suitability": "S4",
        "soil_type": "Lithosols",
        "soil_description": "Not differentiated",
        "site_class": null,
        "maz": "I",
        "maz_zone": null,
        "tz": "3",
        "frost_risk": null,
        "source_layer": "SWIFT_SSMT_Uganda"
      }
    },
    {
      "type": "Feature",
      "geometry": {
        "type": "Polygon",
        "coordinates": [
          [
            [
              30.2954735203,
              -0.1851419225
            ],
            [
              30.2995413839,
              -0.1815913753
            ],
            [
              30.3037012485,
              -0.1742595372
            ],
            [
              30.2954715677,
              -0.1742609906
            ],
            [
              30.2954735203,
              -0.1851419225
            ]
          ]
        ]
      },
      "properties": {
        "country": "Uganda",
        "country_code": "UGA",
        "species_name": "Eucalyptus_camaldulensis_S",
        "genus": "Eucalyptus",
        "species": "camaldulensis_S",
        "suitability_name": "Moderately suitable",
        "suitability_rank": 2,
        "soil_suitability": "S4",
        "soil_type": "Lithosols",
        "soil_description": "Not differentiated",
        "site_class": null,
        "maz": "I",
        "maz_zone": null,
        "tz": "3",
        "frost_risk": null,
        "source_layer": "SWIFT_SSMT_Uganda"
      }
    },
    {
      "type": "Feature",
      "geometry": {
        "type": "Polygon",
        "coordinates": [
          [
            [
              30.278759756,
              -0.1933150542
            ],
            [
              30.2815024465,
              -0.1925878624
            ],
            [
              30.2849209802,
              -0.1910907492
            ],
            [
              30.2787593319,
              -0.1910919355
            ],
            [
              30.278759756,
              -0.1933150542
            ]
          ]
        ]
      },
      "properties": {
        "country": "Uganda",
        "country_code": "UGA",
        "species_name": "Eucalyptus_camaldulensis_S",
        "genus": "Eucalyptus",
        "species": "camaldulensis_S",
        "suitability_name": "Moderately suitable",
        "suitability_rank": 2,
        "soil_suitability": "S4",
        "soil_type": "Lithosols",
        "soil_description": "Not differentiated",
        "site_class": null,
        "maz": "I",
        "maz_zone": null,
        "tz": "3",
        "frost_risk": null,
        "source_layer": "SWIFT_SSMT_Uganda"
      }
    },
    {
      "type": "Feature",
      "geometry": {
        "type": "Polygon",
        "coordinates": [
          [
            [
              30.2221631996,
              -0.2331751187
            ],
            [
              30.2221612889,
              -0.2246247787
            ],
            [
              30.2254830056,
              -0.2160202021
            ],
            [
              30.2323111438,
              -0.2079295937
            ],
            [
              30.2202568349,
              -0.2079320768
            ],
            [
              30.2202585766,
              -0.2163465691
            ],
            [
              30.2119003187,
              -0.2163483552
            ],
            [
              30.211898581,
              -0.2079337927
            ],
            [
              30.2035402593,
              -0.2079355039
            ],
            [
              30.2035419913,
              -0.2163501362
            ],
            [
              30.1951835955,
              -0.2163519114
            ],
            [
              30.1951853918,
              -0.2247666128
            ],
            [
              30.1808931951,
              -0.2247697574
            ],
            [
              30.1784690338,
              -0.2277454221
            ],
            [
              30.1784702413,
              -0.2331851284
            ],
            [
              30.1729733568,
              -0.2331863774
            ],
            [
              30.1701122254,
              -0.2358279371
            ],
            [
              30.1701197119,
              -0.2668466545
            ],
            [
              30.1534022446,
              -0.2668509841
            ],
            [
              30.1534044238,
              -0.2752660275
            ],
            [
              30.1450455829,
              -0.2752682516
            ],
            [
              30.1450434099,
              -0.2668531415
            ],
            [
              30.138074443,
              -0.2668549344
            ],
            [
              30.1366849589,
              -0.2686291121
            ],
            [
              30.1366866749,
              -0.2752704702
            ],
            [
              30.1314825987,
              -0.2752718483
            ],
            [
              30.1254223942,
              -0.2830100378
            ],
            [
              30.1260450096,
              -0.2830809836
            ],
            [
              30.1263433142,
              -0.2833474343
            ],
            [
              30.1257801087,
              -0.2840400403
            ],
            [
              30.1258535281,
              -0.2843448206
            ],
            [
              30.1265001444,
              -0.2842314395
            ],
            [
              30.1271138571,
              -0.2843128715
            ],
            [
              30.1285564365,
              -0.2850772976
            ],
            [
              30.1303278401,
              -0.285764403
            ],
            [
              30.1308430052,
              -0.2862433287
            ],
            [
              30.1309496981,
              -0.2871309757
            ],
            [
              30.1305728127,
              -0.2883258143
            ],
            [
              30.1306868581,
              -0.2889094757
            ],
            [
              30.1301243506,
              -0.2896673377
            ],
            [
              30.1300368069,
              -0.2900873312
            ],
            [
              30.1292058299,
              -0.2904398034
            ],
            [
              30.1289968867,
              -0.2910135109
            ],
            [
              30.1267328656,
              -0.2915597565
            ],
            [
              30.127034574,
              -0.2930423453
            ],
            [
              30.1279811819,
              -0.2939984775
            ],
            [
              30.128819555,
              -0.2943510209
            ],
            [
              30.1294221595,
              -0.2948051333
            ],
            [
              30.1297696186,
              -0.29590602
            ],
            [
              30.1289664036,
              -0.2958769495
            ],
            [
              30.1279054466,
              -0.2952696485
            ],
            [
              30.1267195894,
              -0.2949686541
            ],
            [
              30.1263836711,
              -0.295231809
            ],
            [
              30.1263800731,
              -0.2956319896
            ],
            [
              30.1268783098,
              -0.2961852737
            ],
            [
              30.126878092,
              -0.2973295574
            ],
            [
              30.1257636123,
              -0.2991062846
            ],
            [
              30.1251256664,
              -0.2997514568
            ],
            [
              30.1238010082,
              -0.3002817486
            ],
            [
              30.1232590631,
              -0.3007374863
            ],
            [
              30.1227707519,
              -0.3007820281
            ],
            [
              30.1222001633,
              -0.3011252493
            ],
            [
              30.1215850748,
              -0.3006625665
            ],
            [
              30.1055252371,
              -0.3245428326
            ],
            [
              30.1054290699,
              -0.3251800445
            ],
            [
              30.1223102421,
              -0.3319697101
            ],
            [
              30.1265948102,
              -0.3341799661
            ],
            [
              30.1367037291,
              -0.3341767188
            ],
            [
              30.1367053986,
              -0.3393956025
            ],
            [
              30.1399411946,
              -0.3410647996
            ],
            [
              30.149069036,
              -0.333630937
            ],
            [
              30.1514419944,
              -0.3298059669
            ],
            [
              30.1542847168,
              -0.3092500125
            ],
            [
              30.1561808475,
              -0.2982549057
            ],
            [
              30.160449794,
              -0.2820009412
            ],
            [
              30.1656698403,
              -0.2705270544
            ],
            [
              30.1756398698,
              -0.2657442836
            ],
            [
              30.186562149,
              -0.2714775613
            ],
            [
              30.1936863811,
              -0.2791237639
            ],
            [
              30.2027090687,
              -0.2839013093
            ],
            [
              30.2198022671,
              -0.2848525118
            ],
            [
              30.2197986355,
              -0.2714686888
            ],
            [
              30.2207772558,
              -0.2584189055
            ],
            [
              30.2202683184,
              -0.2584190358
            ],
            [
              30.2202662317,
              -0.250004543
            ],
            [
              30.2119079543,
              -0.2500066058
            ],
            [
              30.211905942,
              -0.2415920432
            ],
            [
              30.2202642147,
              -0.2415900496
            ],
            [
              30.2202622665,
              -0.2331755564
            ],
            [
              30.2221631996,
              -0.2331751187
            ]
          ],
          [
            [
              30.2153733992,
              -0.2266208221
            ],
            [
              30.2169953197,
              -0.2269701065
            ],
            [
              30.2177732361,
              -0.2274419723
            ],
            [
              30.2179781595,
              -0.2276354128
            ],
            [
              30.2179538723,
              -0.2282130077
            ],
            [
              30.2182554937,
              -0.2287369553
            ],
            [
              30.218319656,
              -0.2292210403
            ],
            [
              30.2176022839,
              -0.2309447293
            ],
            [
              30.2162596618,
              -0.2317189186
            ],
            [
              30.2149946962,
              -0.2319682873
            ],
            [
              30.2141278678,
              -0.231545792
            ],
            [
              30.2131026569,
              -0.2302741579
            ],
            [
              30.2120755205,
              -0.2300990285
            ],
            [
              30.2118523055,
              -0.2297779749
            ],
            [
              30.2121646436,
              -0.2291671436
            ],
            [
              30.2129668059,
              -0.228408327
            ],
            [
              30.2134638643,
              -0.2274685959
            ],
            [
              30.2138846761,
              -0.2271292206
            ],
            [
              30.2153733992,
              -0.2266208221
            ]
          ]
        ]
      },
      "properties": {
        "country": "Uganda",
        "country_code": "UGA",
        "species_name": "Eucalyptus_camaldulensis_S",
        "genus": "Eucalyptus",
        "species": "camaldulensis_S",
        "suitability_name": "Moderately suitable",
        "suitability_rank": 2,
        "soil_suitability": "S4",
        "soil_type": "Lithosols",
        "soil_description": "Not differentiated",
        "site_class": null,
        "maz": "I",
        "maz_zone": null,
        "tz": "3",
        "frost_risk": null,
        "source_layer": "SWIFT_SSMT_Uganda"
      }
    },
    {
      "type": "Feature",
      "geometry": {
        "type": "Polygon",
        "coordinates": [
          [
            [
              30.4546662774,
              -0.9061169823
            ],
            [
              30.4546823827,
              -0.9229418863
            ],
            [
              30.4296103481,
              -0.9229663391
            ],
            [
              30.4296023163,
              -0.914553664
            ],
            [
              30.4212448442,
              -0.9145617026
            ],
            [
              30.421236906,
              -0.9061489527
            ],
            [
              30.4045217785,
              -0.906164821
            ],
            [
              30.4045296786,
              -0.9145777185
            ],
            [
              30.3961719864,
              -0.9145856976
            ],
            [
              30.3961799387,
              -0.9229986669
            ],
            [
              30.3878221535,
              -0.9230067001
            ],
            [
              30.3878301603,
              -0.9314197429
            ],
            [
              30.3794722838,
              -0.9314278279
            ],
            [
              30.3794884752,
              -0.9482540576
            ],
            [
              30.3878463919,
              -0.9482458254
            ],
            [
              30.3878629137,
              -0.9650719069
            ],
            [
              30.3962207987,
              -0.9650635071
            ],
            [
              30.3962376525,
              -0.981889441
            ],
            [
              30.4045955064,
              -0.9818808748
            ],
            [
              30.4046213966,
              -1.0071195506
            ],
            [
              30.3962634808,
              -1.0071283365
            ],
            [
              30.3962810632,
              -1.0239542638
            ],
            [
              30.4046390218,
              -1.0239453309
            ],
            [
              30.4046479442,
              -1.0323582206
            ],
            [
              30.4130058532,
              -1.0323491922
            ],
            [
              30.4130148706,
              -1.0407620076
            ],
            [
              30.3962989366,
              -1.0407801896
            ],
            [
              30.3962899639,
              -1.032367227
            ],
            [
              30.3795737819,
              -1.0323851749
            ],
            [
              30.3795649255,
              -1.0239720662
            ],
            [
              30.3628484975,
              -1.0239897797
            ],
            [
              30.3628397567,
              -1.0155765238
            ],
            [
              30.3461230838,
              -1.0155940053
            ],
            [
              30.3461144571,
              -1.0071806048
            ],
            [
              30.3377560346,
              -1.0071892401
            ],
            [
              30.3377646392,
              -1.0156027138
            ],
            [
              30.321047536,
              -1.015620065
            ],
            [
              30.3210561691,
              -1.0240336818
            ],
            [
              30.2876210226,
              -1.0240684087
            ],
            [
              30.2876124765,
              -1.0156545068
            ],
            [
              30.2792535345,
              -1.0156630642
            ],
            [
              30.2792450794,
              -1.0072490908
            ],
            [
              30.287604,
              -1.0072406052
            ],
            [
              30.287595594,
              -0.9988267029
            ],
            [
              30.2792366954,
              -0.9988351169
            ],
            [
              30.2792283817,
              -0.9904211432
            ],
            [
              30.2875872602,
              -0.9904127991
            ],
            [
              30.287578995,
              -0.9819988956
            ],
            [
              30.2792201391,
              -0.982007168
            ],
            [
              30.279211965,
              -0.973593193
            ],
            [
              30.2290574761,
              -0.9736419686
            ],
            [
              30.2290494964,
              -0.9652275713
            ],
            [
              30.2206901927,
              -0.9652355582
            ],
            [
              30.2206882605,
              -0.9631822485
            ],
            [
              30.2110427269,
              -0.9703006403
            ],
            [
              30.2039833242,
              -0.9779215388
            ],
            [
              30.2040034588,
              -0.9989098895
            ],
            [
              30.2123629846,
              -0.9989016664
            ],
            [
              30.2123711993,
              -1.0073162007
            ],
            [
              30.2374494262,
              -1.0072911957
            ],
            [
              30.2374661905,
              -1.0241198448
            ],
            [
              30.2458255043,
              -1.0241113273
            ],
            [
              30.2458425895,
              -1.0409398344
            ],
            [
              30.237483232,
              -1.0409484925
            ],
            [
              30.2375005517,
              -1.0577771379
            ],
            [
              30.254219286,
              -1.0577595189
            ],
            [
              30.2542280953,
              -1.0661737009
            ],
            [
              30.2625873805,
              -1.0661647869
            ],
            [
              30.2625962813,
              -1.0745788972
            ],
            [
              30.2709555193,
              -1.0745698909
            ],
            [
              30.2709735783,
              -1.0913979699
            ],
            [
              30.2793327923,
              -1.0913887986
            ],
            [
              30.2793419502,
              -1.0998027662
            ],
            [
              30.2877011171,
              -1.0997935007
            ],
            [
              30.2876828243,
              -1.0829657056
            ],
            [
              30.304400852,
              -1.0829473903
            ],
            [
              30.3044100089,
              -1.0913611445
            ],
            [
              30.3127689396,
              -1.0913518799
            ],
            [
              30.3127775053,
              -1.0991443981
            ],
            [
              30.330473067,
              -1.0926563187
            ],
            [
              30.3378473383,
              -1.0931650813
            ],
            [
              30.3378360556,
              -1.0829104794
            ],
            [
              30.346194677,
              -1.0829011937
            ],
            [
              30.3461672913,
              -1.0576610017
            ],
            [
              30.3545257737,
              -1.0576519108
            ],
            [
              30.3545288589,
              -1.0605181768
            ],
            [
              30.3548300553,
              -1.0594399995
            ],
            [
              30.3567700544,
              -1.05816
            ],
            [
              30.358000054,
              -1.0577399999
            ],
            [
              30.3583666178,
              -1.0580836537
            ],
            [
              30.3594277318,
              -1.0577399992
            ],
            [
              30.3599077306,
              -1.0581899993
            ],
            [
              30.3604277304,
              -1.0591599994
            ],
            [
              30.3600677315,
              -1.060289999
            ],
            [
              30.3602377308,
              -1.0607200002
            ],
            [
              30.3606177301,
              -1.0608899989
            ],
            [
              30.3619177308,
              -1.0608699992
            ],
            [
              30.362157731,
              -1.0609799991
            ],
            [
              30.3619177313,
              -1.0620899993
            ],
            [
              30.3620677306,
              -1.0623
            ],
            [
              30.3629177307,
              -1.0625399992
            ],
            [
              30.364367731,
              -1.0626399993
            ],
            [
              30.3650680409,
              -1.0629426027
            ],
            [
              30.3651700538,
              -1.062689999
            ],
            [
              30.3658900544,
              -1.0623199996
            ],
            [
              30.366805672,
              -1.062583141
            ],
            [
              30.3673177315,
              -1.0623199991
            ],
            [
              30.3678102797,
              -1.0624639756
            ],
            [
              30.3683400537,
              -1.0622699999
            ],
            [
              30.3685800534,
              -1.062319999
            ],
            [
              30.3687948893,
              -1.0626442069
            ],
            [
              30.3697677304,
              -1.0622699998
            ],
            [
              30.370007731,
              -1.062319999
            ],
            [
              30.3710077311,
              -1.0640400005
            ],
            [
              30.3709377301,
              -1.0644899999
            ],
            [
              30.370627731,
              -1.0650400003
            ],
            [
              30.3710577308,
              -1.0656399988
            ],
            [
              30.3712512739,
              -1.0657045135
            ],
            [
              30.3712425224,
              -1.0576336596
            ],
            [
              30.3796007882,
              -1.0576245003
            ],
            [
              30.3796034178,
              -1.0600499628
            ],
            [
              30.3801177299,
              -1.0605599999
            ],
            [
              30.3808577299,
              -1.060679999
            ],
            [
              30.3813577299,
              -1.0604899991
            ],
            [
              30.3817077297,
              -1.0606399994
            ],
            [
              30.3830177295,
              -1.0618100003
            ],
            [
              30.3827277297,
              -1.0623099989
            ],
            [
              30.38308773,
              -1.0627199999
            ],
            [
              30.38410773,
              -1.0629399997
            ],
            [
              30.3854671902,
              -1.0637012378
            ],
            [
              30.3860500539,
              -1.0634799991
            ],
            [
              30.3869063566,
              -1.0636733351
            ],
            [
              30.38747773,
              -1.0634799986
            ],
            [
              30.3879654409,
              -1.0635482785
            ],
            [
              30.3879589814,
              -1.0576153183
            ],
            [
              30.4294158506,
              -1.0575694416
            ],
            [
              30.4295000513,
              -1.0573
            ],
            [
              30.4297484318,
              -1.0571840893
            ],
            [
              30.4297479487,
              -1.0567441384
            ],
            [
              30.4295700507,
              -1.0564900005
            ],
            [
              30.4297468401,
              -1.055734588
            ],
            [
              30.4297396461,
              -1.0491564037
            ],
            [
              30.4369066964,
              -1.0491484786
            ],
            [
              30.436770051,
              -1.0482200001
            ],
            [
              30.4368200501,
              -1.0472600001
            ],
            [
              30.4370300508,
              -1.0470299999
            ],
            [
              30.4377400505,
              -1.0471
            ],
            [
              30.4380800504,
              -1.0460299989
            ],
            [
              30.4385300511,
              -1.0456399999
            ],
            [
              30.4387200504,
              -1.0456899995
            ],
            [
              30.4393400507,
              -1.0465
            ],
            [
              30.4395077277,
              -1.0460300002
            ],
            [
              30.4399577281,
              -1.0456399995
            ],
            [
              30.4403343106,
              -1.0459355039
            ],
            [
              30.4412400508,
              -1.0454199994
            ],
            [
              30.4422800509,
              -1.04541
            ],
            [
              30.442428531,
              -1.045558481
            ],
            [
              30.4426677273,
              -1.0454199996
            ],
            [
              30.4437077268,
              -1.0454099996
            ],
            [
              30.4439677279,
              -1.0456700004
            ],
            [
              30.4439277282,
              -1.04634
            ],
            [
              30.4440377271,
              -1.04684
            ],
            [
              30.4443140374,
              -1.0471685858
            ],
            [
              30.4444700502,
              -1.0469099999
            ],
            [
              30.4439900503,
              -1.0463599994
            ],
            [
              30.4440400505,
              -1.0461
            ],
            [
              30.4443700512,
              -1.0459499992
            ],
            [
              30.44494005,
              -1.0461199996
            ],
            [
              30.4450900512,
              -1.0464099993
            ],
            [
              30.4449400502,
              -1.0469400001
            ],
            [
              30.4457914777,
              -1.0470799995
            ],
            [
              30.4458977271,
              -1.0469099988
            ],
            [
              30.4454177277,
              -1.0463599991
            ],
            [
              30.4454677272,
              -1.0461
            ],
            [
              30.4457977272,
              -1.0459499999
            ],
            [
              30.4463677274,
              -1.0461199989
            ],
            [
              30.4465177266,
              -1.0464099996
            ],
            [
              30.4463677271,
              -1.0469399998
            ],
            [
              30.446910051,
              -1.0470799993
            ],
            [
              30.4465300503,
              -1.0465499998
            ],
            [
              30.4464600501,
              -1.0452099991
            ],
            [
              30.4465600505,
              -1.045
            ],
            [
              30.4468600496,
              -1.0448200005
            ],
            [
              30.4477300514,
              -1.0452499995
            ],
            [
              30.4482877266,
              -1.0448200003
            ],
            [
              30.4491577274,
              -1.0452499995
            ],
            [
              30.4494277278,
              -1.0450299998
            ],
            [
              30.4497077273,
              -1.0452299992
            ],
            [
              30.4497277274,
              -1.0461141141
            ],
            [
              30.4506663341,
              -1.0464484054
            ],
            [
              30.4509177272,
              -1.0460399993
            ],
            [
              30.4545277261,
              -1.0474799989
            ],
            [
              30.4558300503,
              -1.0475199997
            ],
            [
              30.4567188575,
              -1.047962252
            ],
            [
              30.4572577276,
              -1.04752
            ],
            [
              30.4581277265,
              -1.0479399993
            ],
            [
              30.4592458374,
              -1.049123671
            ],
            [
              30.4715275682,
              -1.0491099638
            ],
            [
              30.4715318077,
              -1.0529451682
            ],
            [
              30.473447727,
              -1.0546
            ],
            [
              30.4744506209,
              -1.0547006111
            ],
            [
              30.4753677263,
              -1.0545699991
            ],
            [
              30.4762277258,
              -1.0547899999
            ],
            [
              30.4788477263,
              -1.0547699998
            ],
            [
              30.4800003375,
              -1.0549968501
            ],
            [
              30.4824700498,
              -1.0544399994
            ],
            [
              30.4829492697,
              -1.0545797724
            ],
            [
              30.4838977257,
              -1.0544400003
            ],
            [
              30.485567725,
              -1.0548399997
            ],
            [
              30.4867077258,
              -1.0548699998
            ],
            [
              30.4877977267,
              -1.0553
            ],
            [
              30.4899777254,
              -1.055569999
            ],
            [
              30.4907977257,
              -1.0558399998
            ],
            [
              30.4932681329,
              -1.0575714646
            ],
            [
              30.4936000487,
              -1.0575099995
            ],
            [
              30.494217726,
              -1.057659999
            ],
            [
              30.4950277261,
              -1.0575100002
            ],
            [
              30.495767726,
              -1.0577300002
            ],
            [
              30.4964977254,
              -1.0583
            ],
            [
              30.4981877249,
              -1.0602799992
            ],
            [
              30.5000477239,
              -1.0621399995
            ],
            [
              30.5004277239,
              -1.0628299996
            ],
            [
              30.5013077247,
              -1.0637899996
            ],
            [
              30.5013077243,
              -1.0641
            ],
            [
              30.501807725,
              -1.0645099993
            ],
            [
              30.502427725,
              -1.0646499989
            ],
            [
              30.5039377252,
              -1.0655699996
            ],
            [
              30.5050577249,
              -1.066979999
            ],
            [
              30.5073277239,
              -1.0682900001
            ],
            [
              30.5080677249,
              -1.0688
            ],
            [
              30.5086277249,
              -1.0696299996
            ],
            [
              30.5101077242,
              -1.0704400002
            ],
            [
              30.5104537029,
              -1.0705716226
            ],
            [
              30.5122900474,
              -1.0699900001
            ],
            [
              30.5130400472,
              -1.0698899985
            ],
            [
              30.5134344909,
              -1.070080261
            ],
            [
              30.5144677242,
              -1.0698899995
            ],
            [
              30.5160861954,
              -1.0708277451
            ],
            [
              30.5172600469,
              -1.0705
            ],
            [
              30.5195677237,
              -1.0706399988
            ],
            [
              30.5217077249,
              -1.0712099994
            ],
            [
              30.5245777245,
              -1.0722699999
            ],
            [
              30.5259977246,
              -1.0724900001
            ],
            [
              30.5266077242,
              -1.0730099997
            ],
            [
              30.5274081221,
              -1.0733799956
            ],
            [
              30.5299000465,
              -1.0722399996
            ],
            [
              30.5309700462,
              -1.0720299996
            ],
            [
              30.531540047,
              -1.0717499997
            ],
            [
              30.5326476126,
              -1.0719072467
            ],
            [
              30.5329677238,
              -1.0717499995
            ],
            [
              30.5345877233,
              -1.0719800003
            ],
            [
              30.5376931595,
              -1.0727748009
            ],
            [
              30.5388400463,
              -1.0725700003
            ],
            [
              30.5400600462,
              -1.0720799989
            ],
            [
              30.5435300457,
              -1.0692299993
            ],
            [
              30.5487900469,
              -1.0657799994
            ],
            [
              30.5499900457,
              -1.0656
            ],
            [
              30.5540488924,
              -1.0658176721
            ],
            [
              30.5545000452,
              -1.06572
            ],
            [
              30.5552200458,
              -1.0649
            ],
            [
              30.5561000455,
              -1.0634200005
            ],
            [
              30.5575000469,
              -1.0623499999
            ],
            [
              30.5582900455,
              -1.0620100004
            ],
            [
              30.5588500454,
              -1.0618899994
            ],
            [
              30.5595368044,
              -1.0620878628
            ],
            [
              30.5602777223,
              -1.0618900001
            ],
            [
              30.5608477222,
              -1.0620299995
            ],
            [
              30.5642777224,
              -1.0638799994
            ],
            [
              30.5650030756,
              -1.0641428279
            ],
            [
              30.5663200463,
              -1.0638099994
            ],
            [
              30.5669600454,
              -1.0634799999
            ],
            [
              30.5678700463,
              -1.0625599993
            ],
            [
              30.5692500453,
              -1.0615599997
            ],
            [
              30.5708900448,
              -1.0612100001
            ],
            [
              30.574460044,
              -1.0611199993
            ],
            [
              30.5753000452,
              -1.0605299992
            ],
            [
              30.5761800448,
              -1.0605299997
            ],
            [
              30.5764858451,
              -1.0606998891
            ],
            [
              30.5767277213,
              -1.0605299994
            ],
            [
              30.5776077223,
              -1.0605299995
            ],
            [
              30.578056203,
              -1.0607791562
            ],
            [
              30.5784600446,
              -1.0603899988
            ],
            [
              30.5801700454,
              -1.059579999
            ],
            [
              30.5819700442,
              -1.0591799993
            ],
            [
              30.5839000448,
              -1.0585500004
            ],
            [
              30.5859800446,
              -1.0583300001
            ],
            [
              30.5891377222,
              -1.05836
            ],
            [
              30.5910377211,
              -1.0591299994
            ],
            [
              30.5926777214,
              -1.0600199999
            ],
            [
              30.5939977218,
              -1.0614
            ],
            [
              30.5953577213,
              -1.0624500005
            ],
            [
              30.5958133859,
              -1.0626332049
            ],
            [
              30.5964900433,
              -1.0624799996
            ],
            [
              30.5979300436,
              -1.0618499994
            ],
            [
              30.6043677202,
              -1.0618299993
            ],
            [
              30.6070620468,
              -1.0620131101
            ],
            [
              30.6105177208,
              -1.0620399995
            ],
            [
              30.6115877203,
              -1.0622699994
            ],
            [
              30.6137277195,
              -1.0634900005
            ],
            [
              30.6166677206,
              -1.0647900002
            ],
            [
              30.6176677203,
              -1.0647699997
            ],
            [
              30.6199004583,
              -1.065198958
            ],
            [
              30.6230377201,
              -1.0651499996
            ],
            [
              30.6250794308,
              -1.0658761358
            ],
            [
              30.6285277193,
              -1.0659199991
            ],
            [
              30.6297377194,
              -1.0661099988
            ],
            [
              30.6312277203,
              -1.066809999
            ],
            [
              30.63236772,
              -1.068
            ],
            [
              30.6328518961,
              -1.068229072
            ],
            [
              30.6330100432,
              -1.0681500003
            ],
            [
              30.633390042,
              -1.0673099998
            ],
            [
              30.6330800423,
              -1.0663
            ],
            [
              30.6324000426,
              -1.0660899997
            ],
            [
              30.6315200427,
              -1.0654
            ],
            [
              30.6314100433,
              -1.0645499996
            ],
            [
              30.6318400421,
              -1.064039999
            ],
            [
              30.6324100431,
              -1.0637799995
            ],
            [
              30.6347877203,
              -1.0637599996
            ],
            [
              30.6359505182,
              -1.0638857091
            ],
            [
              30.6393700421,
              -1.0632599989
            ],
            [
              30.6418977188,
              -1.0633599995
            ],
            [
              30.644152514,
              -1.0638505992
            ],
            [
              30.6469400424,
              -1.0630699999
            ],
            [
              30.6486661258,
              -1.063030622
            ],
            [
              30.6492200417,
              -1.06121
            ],
            [
              30.6510749353,
              -1.0611760165
            ],
            [
              30.6520500425,
              -1.0610199994
            ],
            [
              30.6541000416,
              -1.0603099999
            ],
            [
              30.6568000421,
              -1.0601800002
            ],
            [
              30.6576900418,
              -1.0599899998
            ],
            [
              30.6582700415,
              -1.0596099996
            ],
            [
              30.6586200415,
              -1.0585300001
            ],
            [
              30.659150042,
              -1.0578299999
            ],
            [
              30.6602000418,
              -1.0571400003
            ],
            [
              30.660650042,
              -1.0564
            ],
            [
              30.6605400421,
              -1.0543499993
            ],
            [
              30.6608000416,
              -1.0538199999
            ],
            [
              30.6610100419,
              -1.05361
            ],
            [
              30.6621187857,
              -1.0540420573
            ],
            [
              30.6624377191,
              -1.0536100004
            ],
            [
              30.6633232285,
              -1.0539895303
            ],
            [
              30.663733294,
              -1.0536971129
            ],
            [
              30.6637276826,
              -1.0488891349
            ],
            [
              30.6553720049,
              -1.0488989825
            ],
            [
              30.6553622716,
              -1.0404883788
            ],
            [
              30.647006538,
              -1.0404981248
            ],
            [
              30.6469969055,
              -1.0320874429
            ],
            [
              30.6302852458,
              -1.0321067116
            ],
            [
              30.6302757353,
              -1.0236958727
            ],
            [
              30.6219198105,
              -1.023705395
            ],
            [
              30.6219010655,
              -1.006883558
            ],
            [
              30.5968329545,
              -1.006911529
            ],
            [
              30.5968237634,
              -0.9985003754
            ],
            [
              30.5884675927,
              -0.9985095787
            ],
            [
              30.5884767636,
              -1.0069208095
            ],
            [
              30.5801204962,
              -1.0069300686
            ],
            [
              30.5801113455,
              -0.998518761
            ],
            [
              30.571755022,
              -0.9985279212
            ],
            [
              30.5717459703,
              -0.9901165353
            ],
            [
              30.5633895907,
              -0.990125597
            ],
            [
              30.5633806367,
              -0.981714134
            ],
            [
              30.5466676906,
              -0.9817320412
            ],
            [
              30.5466588535,
              -0.9733204243
            ],
            [
              30.5299456445,
              -0.9733380951
            ],
            [
              30.5299369254,
              -0.9649263249
            ],
            [
              30.521580228,
              -0.9649350535
            ],
            [
              30.5215461886,
              -0.9312876618
            ],
            [
              30.5048327272,
              -0.9313044499
            ],
            [
              30.5048244454,
              -0.9228924492
            ],
            [
              30.4964676217,
              -0.9229007376
            ],
            [
              30.4964594346,
              -0.9144886603
            ],
            [
              30.4797456018,
              -0.9145050286
            ],
            [
              30.4797375279,
              -0.9060928005
            ],
            [
              30.4546662774,
              -0.9061169823
            ]
          ],
          [
            [
              30.4380091265,
              -0.9650212044
            ],
            [
              30.4212940153,
              -0.9650381874
            ],
            [
              30.4212856369,
              -0.9566254418
            ],
            [
              30.4296432088,
              -0.9566170337
            ],
            [
              30.429626631,
              -0.9397916878
            ],
            [
              30.4379840885,
              -0.9397834081
            ],
            [
              30.4380091265,
              -0.9650212044
            ]
          ]
        ]
      },
      "properties": {
        "country": "Uganda",
        "country_code": "UGA",
        "species_name": "Eucalyptus_camaldulensis_S",
        "genus": "Eucalyptus",
        "species": "camaldulensis_S",
        "suitability_name": "Moderately suitable",
        "suitability_rank": 2,
        "soil_suitability": "S3",
        "soil_type": "Ferrallitic Soils",
        "soil_description": "Yellow soils - Sandy loams",
        "site_class": null,
        "maz": "III",
        "maz_zone": null,
        "tz": "3",
        "frost_risk": null,
        "source_layer": "SWIFT_SSMT_Uganda"
      }
    },
    {
      "type": "Feature",
      "geometry": {
        "type": "Polygon",
        "coordinates": [
          [
            [
              30.3044218499,
              -1.1021452849
            ],
            [
              30.3110425323,
              -1.0997675041
            ],
            [
              30.3044192366,
              -1.0997749
            ],
            [
              30.3044218499,
              -1.1021452849
            ]
          ]
        ]
      },
      "properties": {
        "country": "Uganda",
        "country_code": "UGA",
        "species_name": "Eucalyptus_camaldulensis_S",
        "genus": "Eucalyptus",
        "species": "camaldulensis_S",
        "suitability_name": "Moderately suitable",
        "suitability_rank": 2,
        "soil_suitability": "S3",
        "soil_type": "Ferrallitic Soils",
        "soil_description": "Yellow soils - Sandy loams",
        "site_class": null,
        "maz": "III",
        "maz_zone": null,
        "tz": "3",
        "frost_risk": null,
        "source_layer": "SWIFT_SSMT_Uganda"
      }
    },
    {
      "type": "Feature",
      "geometry": {
        "type": "Polygon",
        "coordinates": [
          [
            [
              30.2206882605,
              -0.9631822485
            ],
            [
              30.2206590482,
              -0.9315776856
            ],
            [
              30.2290182721,
              -0.9315699773
            ],
            [
              30.2290106397,
              -0.9231555776
            ],
            [
              30.2039328196,
              -0.9231784347
            ],
            [
              30.2039833242,
              -0.9779215388
            ],
            [
              30.2110427269,
              -0.9703006403
            ],
            [
              30.2206882605,
              -0.9631822485
            ]
          ]
        ]
      },
      "properties": {
        "country": "Uganda",
        "country_code": "UGA",
        "species_name": "Eucalyptus_camaldulensis_S",
        "genus": "Eucalyptus",
        "species": "camaldulensis_S",
        "suitability_name": "Moderately suitable",
        "suitability_rank": 2,
        "soil_suitability": "S1",
        "soil_type": "Ferrallitic Soils",
        "soil_description": "Red soils - Not differentiated; sandy clay loams",
        "site_class": null,
        "maz": "III",
        "maz_zone": null,
        "tz": "3",
        "frost_risk": null,
        "source_layer": "SWIFT_SSMT_Uganda"
      }
    },
    {
      "type": "Feature",
      "geometry": {
        "type": "Polygon",
        "coordinates": [
          [
            [
              30.3378473383,
              -1.0931650813
            ],
            [
              30.330473067,
              -1.0926563187
            ],
            [
              30.3127775053,
              -1.0991443981
            ],
            [
              30.3127781915,
              -1.0997655631
            ],
            [
              30.3110425323,
              -1.0997675041
            ],
            [
              30.3044218499,
              -1.1021452849
            ],
            [
              30.3044285361,
              -1.1081886541
            ],
            [
              30.2960694869,
              -1.108198037
            ],
            [
              30.29608825,
              -1.1250256851
            ],
            [
              30.3044473458,
              -1.1250161599
            ],
            [
              30.3044379055,
              -1.1166024068
            ],
            [
              30.3211558367,
              -1.1165834261
            ],
            [
              30.3211653247,
              -1.1249970362
            ],
            [
              30.3128063717,
              -1.1250066096
            ],
            [
              30.3128159069,
              -1.1334202908
            ],
            [
              30.327578772,
              -1.1334032383
            ],
            [
              30.3277000563,
              -1.1331699999
            ],
            [
              30.3291300551,
              -1.13286
            ],
            [
              30.3295327787,
              -1.1325148354
            ],
            [
              30.3295242073,
              -1.1249874377
            ],
            [
              30.3378830185,
              -1.1249778143
            ],
            [
              30.3378581701,
              -1.1029199996
            ],
            [
              30.3376800556,
              -1.1027400001
            ],
            [
              30.3378573894,
              -1.1022195151
            ],
            [
              30.3378473383,
              -1.0931650813
            ]
          ]
        ]
      },
      "properties": {
        "country": "Uganda",
        "country_code": "UGA",
        "species_name": "Eucalyptus_camaldulensis_S",
        "genus": "Eucalyptus",
        "species": "camaldulensis_S",
        "suitability_name": "Moderately suitable",
        "suitability_rank": 2,
        "soil_suitability": "S1",
        "soil_type": "Ferrallitic Soils",
        "soil_description": "Red soils - Not differentiated; sandy clay loams",
        "site_class": null,
        "maz": "III",
        "maz_zone": null,
        "tz": "3",
        "frost_risk": null,
        "source_layer": "SWIFT_SSMT_Uganda"
      }
    },
    {
      "type": "Feature",
      "geometry": {
        "type": "Polygon",
        "coordinates": [
          [
            [
              30.2961072968,
              -1.1418533322
            ],
            [
              30.3108300562,
              -1.1417399993
            ],
            [
              30.3115000568,
              -1.1412899992
            ],
            [
              30.3122100562,
              -1.1411599994
            ],
            [
              30.3126600562,
              -1.1413099994
            ],
            [
              30.3128248324,
              -1.1412400943
            ],
            [
              30.3128159069,
              -1.1334202908
            ],
            [
              30.2960977381,
              -1.1334395089
            ],
            [
              30.2961072968,
              -1.1418533322
            ]
          ]
        ]
      },
      "properties": {
        "country": "Uganda",
        "country_code": "UGA",
        "species_name": "Eucalyptus_camaldulensis_S",
        "genus": "Eucalyptus",
        "species": "camaldulensis_S",
        "suitability_name": "Moderately suitable",
        "suitability_rank": 2,
        "soil_suitability": "S1",
        "soil_type": "Ferrallitic Soils",
        "soil_description": "Red soils - Not differentiated; sandy clay loams",
        "site_class": null,
        "maz": "III",
        "maz_zone": null,
        "tz": "3",
        "frost_risk": null,
        "source_layer": "SWIFT_SSMT_Uganda"
      }
    },
    {
      "type": "Feature",
      "geometry": {
        "type": "Polygon",
        "coordinates": [
          [
            [
              30.2877771084,
              -1.1671046556
            ],
            [
              30.2958025629,
              -1.1670951921
            ],
            [
              30.2961344936,
              -1.1654610836
            ],
            [
              30.2961169253,
              -1.1502671551
            ],
            [
              30.287757687,
              -1.1502768711
            ],
            [
              30.2877771084,
              -1.1671046556
            ]
          ]
        ]
      },
      "properties": {
        "country": "Uganda",
        "country_code": "UGA",
        "species_name": "Eucalyptus_camaldulensis_S",
        "genus": "Eucalyptus",
        "species": "camaldulensis_S",
        "suitability_name": "Moderately suitable",
        "suitability_rank": 2,
        "soil_suitability": "S1",
        "soil_type": "Ferrallitic Soils",
        "soil_description": "Red soils - Not differentiated; sandy clay loams",
        "site_class": null,
        "maz": "III",
        "maz_zone": null,
        "tz": "3",
        "frost_risk": null,
        "source_layer": "SWIFT_SSMT_Uganda"
      }
    },
    {
      "type": "Feature",
      "geometry": {
        "type": "Polygon",
        "coordinates": [
          [
            [
              30.2794473363,
              -1.1923563747
            ],
            [
              30.2855127864,
              -1.1923490889
            ],
            [
              30.2878045412,
              -1.1904687239
            ],
            [
              30.2877869248,
              -1.1755185473
            ],
            [
              30.2710680881,
              -1.1755383296
            ],
            [
              30.2710779255,
              -1.1839523622
            ],
            [
              30.2794374033,
              -1.1839424131
            ],
            [
              30.2794473363,
              -1.1923563747
            ]
          ]
        ]
      },
      "properties": {
        "country": "Uganda",
        "country_code": "UGA",
        "species_name": "Eucalyptus_camaldulensis_S",
        "genus": "Eucalyptus",
        "species": "camaldulensis_S",
        "suitability_name": "Moderately suitable",
        "suitability_rank": 2,
        "soil_suitability": "S1",
        "soil_type": "Ferrallitic Soils",
        "soil_description": "Red soils - Not differentiated; sandy clay loams",
        "site_class": null,
        "maz": "III",
        "maz_zone": null,
        "tz": "3",
        "frost_risk": null,
        "source_layer": "SWIFT_SSMT_Uganda"
      }
    },
    {
      "type": "Feature",
      "geometry": {
        "type": "Polygon",
        "coordinates": [
          [
            [
              30.2711065841,
              -1.2081317699
            ],
            [
              30.2710978089,
              -1.2007804254
            ],
            [
              30.26273821,
              -1.2007904909
            ],
            [
              30.262748232,
              -1.2092045928
            ],
            [
              30.2665824861,
              -1.2091999466
            ],
            [
              30.2668200579,
              -1.2089899985
            ],
            [
              30.2680100584,
              -1.2089899993
            ],
            [
              30.2684800588,
              -1.2087500001
            ],
            [
              30.2690000586,
              -1.2087199991
            ],
            [
              30.2696200586,
              -1.2081199997
            ],
            [
              30.2706501875,
              -1.2085317701
            ],
            [
              30.2711065841,
              -1.2081317699
            ]
          ]
        ]
      },
      "properties": {
        "country": "Uganda",
        "country_code": "UGA",
        "species_name": "Eucalyptus_camaldulensis_S",
        "genus": "Eucalyptus",
        "species": "camaldulensis_S",
        "suitability_name": "Moderately suitable",
        "suitability_rank": 2,
        "soil_suitability": "S1",
        "soil_type": "Ferrallitic Soils",
        "soil_description": "Red soils - Not differentiated; sandy clay loams",
        "site_class": null,
        "maz": "III",
        "maz_zone": null,
        "tz": "3",
        "frost_risk": null,
        "source_layer": "SWIFT_SSMT_Uganda"
      }
    },
    {
      "type": "Feature",
      "geometry": {
        "type": "Polygon",
        "coordinates": [
          [
            [
              29.8861953025,
              -0.881367041
            ],
            [
              29.8861888495,
              -0.8729499313
            ],
            [
              29.8778270722,
              -0.8729563875
            ],
            [
              29.8778335078,
              -0.8813735596
            ],
            [
              29.8861953025,
              -0.881367041
            ]
          ]
        ]
      },
      "properties": {
        "country": "Uganda",
        "country_code": "UGA",
        "species_name": "Eucalyptus_camaldulensis_S",
        "genus": "Eucalyptus",
        "species": "camaldulensis_S",
        "suitability_name": "Moderately suitable",
        "suitability_rank": 2,
        "soil_suitability": "S4",
        "soil_type": "Lithosols",
        "soil_description": "Not differentiated",
        "site_class": null,
        "maz": "II",
        "maz_zone": null,
        "tz": "4",
        "frost_risk": null,
        "source_layer": "SWIFT_SSMT_Uganda"
      }
    },
    {
      "type": "Feature",
      "geometry": {
        "type": "Polygon",
        "coordinates": [
          [
            [
              29.8945635706,
              -0.8897775503
            ],
            [
              29.8945570361,
              -0.8813605038
            ],
            [
              29.8861953025,
              -0.881367041
            ],
            [
              29.8862018185,
              -0.8897841509
            ],
            [
              29.8945635706,
              -0.8897775503
            ]
          ]
        ]
      },
      "properties": {
        "country": "Uganda",
        "country_code": "UGA",
        "species_name": "Eucalyptus_camaldulensis_S",
        "genus": "Eucalyptus",
        "species": "camaldulensis_S",
        "suitability_name": "Moderately suitable",
        "suitability_rank": 2,
        "soil_suitability": "S4",
        "soil_type": "Lithosols",
        "soil_description": "Not differentiated",
        "site_class": null,
        "maz": "II",
        "maz_zone": null,
        "tz": "4",
        "frost_risk": null,
        "source_layer": "SWIFT_SSMT_Uganda"
      }
    },
    {
      "type": "Feature",
      "geometry": {
        "type": "Polygon",
        "coordinates": [
          [
            [
              29.8862083966,
              -0.8982012592
            ],
            [
              29.8862018185,
              -0.8897841509
            ],
            [
              29.8778400044,
              -0.889790731
            ],
            [
              29.8778465629,
              -0.8982079026
            ],
            [
              29.8862083966,
              -0.8982012592
            ]
          ]
        ]
      },
      "properties": {
        "country": "Uganda",
        "country_code": "UGA",
        "species_name": "Eucalyptus_camaldulensis_S",
        "genus": "Eucalyptus",
        "species": "camaldulensis_S",
        "suitability_name": "Moderately suitable",
        "suitability_rank": 2,
        "soil_suitability": "S4",
        "soil_type": "Lithosols",
        "soil_description": "Not differentiated",
        "site_class": null,
        "maz": "II",
        "maz_zone": null,
        "tz": "4",
        "frost_risk": null,
        "source_layer": "SWIFT_SSMT_Uganda"
      }
    },
    {
      "type": "Feature",
      "geometry": {
        "type": "Polygon",
        "coordinates": [
          [
            [
              30.8390053407,
              -0.8955897353
            ],
            [
              30.8389811779,
              -0.8720917659
            ],
            [
              30.8139202397,
              -0.8721174484
            ],
            [
              30.8139460375,
              -0.8973446916
            ],
            [
              30.8350821656,
              -0.8973224166
            ],
            [
              30.8390053407,
              -0.8955897353
            ]
          ]
        ]
      },
      "properties": {
        "country": "Uganda",
        "country_code": "UGA",
        "species_name": "Eucalyptus_camaldulensis_S",
        "genus": "Eucalyptus",
        "species": "camaldulensis_S",
        "suitability_name": "Moderately suitable",
        "suitability_rank": 2,
        "soil_suitability": "S3",
        "soil_type": "Ferrallitic Soils",
        "soil_description": "Yellow soils - Sandy loams",
        "site_class": null,
        "maz": "III",
        "maz_zone": null,
        "tz": "4",
        "frost_risk": null,
        "source_layer": "SWIFT_SSMT_Uganda"
      }
    },
    {
      "type": "Feature",
      "geometry": {
        "type": "Polygon",
        "coordinates": [
          [
            [
              30.8390071436,
              -0.8973182671
            ],
            [
              30.8390053407,
              -0.8955897353
            ],
            [
              30.8350821656,
              -0.8973224166
            ],
            [
              30.8390071436,
              -0.8973182671
            ]
          ]
        ]
      },
      "properties": {
        "country": "Uganda",
        "country_code": "UGA",
        "species_name": "Eucalyptus_camaldulensis_S",
        "genus": "Eucalyptus",
        "species": "camaldulensis_S",
        "suitability_name": "Moderately suitable",
        "suitability_rank": 2,
        "soil_suitability": "S1",
        "soil_type": "Ferrallitic Soils",
        "soil_description": "Red soils - Not differentiated; sandy clay loams",
        "site_class": null,
        "maz": "III",
        "maz_zone": null,
        "tz": "4",
        "frost_risk": null,
        "source_layer": "SWIFT_SSMT_Uganda"
      }
    },
    {
      "type": "Feature",
      "geometry": {
        "type": "Polygon",
        "coordinates": [
          [
            [
              31.1395049564,
              -0.7235905721
            ],
            [
              31.1312621313,
              -0.7183078193
            ],
            [
              31.1179107795,
              -0.7066806635
            ],
            [
              31.1078318386,
              -0.7078834528
            ],
            [
              31.098349409,
              -0.7132640335
            ],
            [
              31.0943839749,
              -0.7156639911
            ],
            [
              31.099248969,
              -0.7246043543
            ],
            [
              31.100442172,
              -0.732661424
            ],
            [
              31.1063845985,
              -0.7466829938
            ],
            [
              31.1132068448,
              -0.7502579094
            ],
            [
              31.1238854233,
              -0.7562166035
            ],
            [
              31.1295211539,
              -0.7591955948
            ],
            [
              31.1363450101,
              -0.7645608786
            ],
            [
              31.136351909,
              -0.7717233547
            ],
            [
              31.1304309786,
              -0.7803838848
            ],
            [
              31.1233227173,
              -0.7875535165
            ],
            [
              31.1171080113,
              -0.7989005835
            ],
            [
              31.1159310834,
              -0.8078551051
            ],
            [
              31.1191998759,
              -0.8153128435
            ],
            [
              31.1319518796,
              -0.8188809288
            ],
            [
              31.1417368915,
              -0.8203629209
            ],
            [
              31.1630837929,
              -0.8218327154
            ],
            [
              31.1850267792,
              -0.826882702
            ],
            [
              31.2022286619,
              -0.8343246675
            ],
            [
              31.210831588,
              -0.8399851462
            ],
            [
              31.2188493817,
              -0.852807846
            ],
            [
              31.2221193847,
              -0.8611595381
            ],
            [
              31.2237731104,
              -0.8716763579
            ],
            [
              31.2565507327,
              -0.8716391423
            ],
            [
              31.2565227824,
              -0.8464257322
            ],
            [
              31.2481736056,
              -0.8464349636
            ],
            [
              31.2481465299,
              -0.8212212747
            ],
            [
              31.2397973146,
              -0.8212302143
            ],
            [
              31.2397797529,
              -0.8044209024
            ],
            [
              31.2564780226,
              -0.8044033732
            ],
            [
              31.2564693443,
              -0.7959988992
            ],
            [
              31.2731672161,
              -0.7959814852
            ],
            [
              31.2731585945,
              -0.7875771953
            ],
            [
              31.2815073774,
              -0.7875685547
            ],
            [
              31.2814988311,
              -0.7791643567
            ],
            [
              31.2898475049,
              -0.779155792
            ],
            [
              31.2898647211,
              -0.7959640029
            ],
            [
              31.3149102891,
              -0.7959376536
            ],
            [
              31.314890683,
              -0.7768789986
            ],
            [
              31.3112488465,
              -0.7733384543
            ],
            [
              31.2979018214,
              -0.7644008753
            ],
            [
              31.282182575,
              -0.7545701573
            ],
            [
              31.2673521551,
              -0.7444397193
            ],
            [
              31.2590419879,
              -0.7334074074
            ],
            [
              31.2391676398,
              -0.7182081734
            ],
            [
              31.2326518282,
              -0.7241822595
            ],
            [
              31.2276186914,
              -0.7307518364
            ],
            [
              31.2175403401,
              -0.7310597944
            ],
            [
              31.2018226379,
              -0.7239127733
            ],
            [
              31.1911497062,
              -0.7227290697
            ],
            [
              31.1843353584,
              -0.7269132644
            ],
            [
              31.1837488256,
              -0.7337774424
            ],
            [
              31.1849396254,
              -0.7391478464
            ],
            [
              31.183462733,
              -0.7448192068
            ],
            [
              31.1812733366,
              -0.7437198408
            ],
            [
              31.1812751527,
              -0.7456446661
            ],
            [
              31.156225522,
              -0.7456685853
            ],
            [
              31.1562136014,
              -0.7328700394
            ],
            [
              31.1484669173,
              -0.7293340935
            ],
            [
              31.1477354752,
              -0.7288653335
            ],
            [
              31.1395097702,
              -0.728872965
            ],
            [
              31.1395049564,
              -0.7235905721
            ]
          ]
        ]
      },
      "properties": {
        "country": "Uganda",
        "country_code": "UGA",
        "species_name": "Eucalyptus_camaldulensis_S",
        "genus": "Eucalyptus",
        "species": "camaldulensis_S",
        "suitability_name": "Moderately suitable",
        "suitability_rank": 2,
        "soil_suitability": "S2",
        "soil_type": "Ferrallitic Soils",
        "soil_description": "Yellow soils - Sandy clay loams",
        "site_class": null,
        "maz": "III",
        "maz_zone": null,
        "tz": "4",
        "frost_risk": null,
        "source_layer": "SWIFT_SSMT_Uganda"
      }
    },
    {
      "type": "Feature",
      "geometry": {
        "type": "Polygon",
        "coordinates": [
          [
            [
              31.0530879097,
              -0.8201559867
            ],
            [
              31.0548585291,
              -0.811797094
            ],
            [
              31.0604819162,
              -0.8016435878
            ],
            [
              31.0747050858,
              -0.7929740058
            ],
            [
              31.0856664114,
              -0.784009438
            ],
            [
              31.0871399057,
              -0.7747558746
            ],
            [
              31.0871330612,
              -0.7675929542
            ],
            [
              31.0820880148,
              -0.7625240408
            ],
            [
              31.0740300884,
              -0.7616779753
            ],
            [
              31.0560050248,
              -0.7712044404
            ],
            [
              31.0423748986,
              -0.7804701436
            ],
            [
              31.0210486965,
              -0.8034737004
            ],
            [
              31.0112790853,
              -0.8190045211
            ],
            [
              30.9988393809,
              -0.8330459869
            ],
            [
              30.9961867986,
              -0.8488686127
            ],
            [
              31.0030179455,
              -0.8596069991
            ],
            [
              31.0107315366,
              -0.8634791257
            ],
            [
              31.0350451139,
              -0.8628562368
            ],
            [
              31.0516444686,
              -0.8580629545
            ],
            [
              31.0735810289,
              -0.8538610225
            ],
            [
              31.0907719012,
              -0.8484704484
            ],
            [
              31.0978806996,
              -0.8418969366
            ],
            [
              31.0999449241,
              -0.8311505336
            ],
            [
              31.0966780693,
              -0.8257818223
            ],
            [
              31.0880750966,
              -0.8210154752
            ],
            [
              31.078290951,
              -0.8210255488
            ],
            [
              31.0676196216,
              -0.8234242114
            ],
            [
              31.0572443407,
              -0.8255241365
            ],
            [
              31.0530879097,
              -0.8201559867
            ]
          ]
        ]
      },
      "properties": {
        "country": "Uganda",
        "country_code": "UGA",
        "species_name": "Eucalyptus_camaldulensis_S",
        "genus": "Eucalyptus",
        "species": "camaldulensis_S",
        "suitability_name": "Moderately suitable",
        "suitability_rank": 2,
        "soil_suitability": "S1",
        "soil_type": "Ferrallitic Soils",
        "soil_description": "Red soils - Not differentiated; sandy clay loams",
        "site_class": null,
        "maz": "III",
        "maz_zone": null,
        "tz": "4",
        "frost_risk": null,
        "source_layer": "SWIFT_SSMT_Uganda"
      }
    },
    {
      "type": "Feature",
      "geometry": {
        "type": "Polygon",
        "coordinates": [
          [
            [
              30.9560437866,
              -0.9812692106
            ],
            [
              30.9643963517,
              -0.9812592422
            ],
            [
              30.9644063077,
              -0.9896668075
            ],
            [
              30.9727588084,
              -0.9896567318
            ],
            [
              30.9727672613,
              -0.9967247576
            ],
            [
              31.0004338259,
              -0.9968498348
            ],
            [
              31.0041077079,
              -0.9967199999
            ],
            [
              31.0050882295,
              -0.9968925718
            ],
            [
              31.012927707,
              -0.9966299997
            ],
            [
              31.0145286883,
              -0.9967669822
            ],
            [
              31.0145200338,
              -0.9896060422
            ],
            [
              31.0228720216,
              -0.9895958413
            ],
            [
              31.0228619195,
              -0.9811888793
            ],
            [
              31.0145099532,
              -0.9811989942
            ],
            [
              31.014490049,
              -0.964384895
            ],
            [
              31.006138038,
              -0.9643948158
            ],
            [
              31.0061185187,
              -0.947580542
            ],
            [
              30.9894143194,
              -0.9475999762
            ],
            [
              30.9893952226,
              -0.9307853545
            ],
            [
              30.9977473256,
              -0.9307758204
            ],
            [
              30.9977378864,
              -0.9223685946
            ],
            [
              31.0060898842,
              -0.9223591266
            ],
            [
              31.0061088881,
              -0.9391734034
            ],
            [
              31.0144608396,
              -0.9391637427
            ],
            [
              31.0144704898,
              -0.9475707937
            ],
            [
              31.0395258875,
              -0.9475414304
            ],
            [
              31.0395356845,
              -0.9559482211
            ],
            [
              31.0478873302,
              -0.9559383049
            ],
            [
              31.0478677828,
              -0.9391248985
            ],
            [
              31.056219302,
              -0.9391151367
            ],
            [
              31.0562096389,
              -0.9307085212
            ],
            [
              31.0645610514,
              -0.9306988276
            ],
            [
              31.0645514554,
              -0.9222922974
            ],
            [
              31.1063071108,
              -0.9222439743
            ],
            [
              31.1062879866,
              -0.9054317948
            ],
            [
              31.1146388156,
              -0.9054222485
            ],
            [
              31.1146293669,
              -0.8970162469
            ],
            [
              31.139681267,
              -0.8969877592
            ],
            [
              31.1396907735,
              -0.9053934944
            ],
            [
              31.1313402097,
              -0.9054030983
            ],
            [
              31.1313497847,
              -0.9138089223
            ],
            [
              31.1229991132,
              -0.9138185957
            ],
            [
              31.123008758,
              -0.9222245082
            ],
            [
              31.1146579786,
              -0.9222342509
            ],
            [
              31.114667692,
              -0.9306402509
            ],
            [
              31.106316804,
              -0.9306500642
            ],
            [
              31.1063265865,
              -0.9390561514
            ],
            [
              31.0896245085,
              -0.9390758943
            ],
            [
              31.089644256,
              -0.955888423
            ],
            [
              31.0812930455,
              -0.9558984395
            ],
            [
              31.0813030312,
              -0.9643047911
            ],
            [
              31.0729517119,
              -0.9643148758
            ],
            [
              31.0729719042,
              -0.981127754
            ],
            [
              31.0813232641,
              -0.9811174937
            ],
            [
              31.0813335104,
              -0.9895238448
            ],
            [
              31.089684804,
              -0.9895134745
            ],
            [
              31.0896745352,
              -0.9811072128
            ],
            [
              31.1063768162,
              -0.9810865873
            ],
            [
              31.1063665946,
              -0.9726805013
            ],
            [
              31.1147175818,
              -0.9726702457
            ],
            [
              31.1147074284,
              -0.964264248
            ],
            [
              31.1230583068,
              -0.9642540612
            ],
            [
              31.123048221,
              -0.9558481509
            ],
            [
              31.1313989907,
              -0.9558380314
            ],
            [
              31.1313790432,
              -0.9390263891
            ],
            [
              31.1397296854,
              -0.9390164287
            ],
            [
              31.1397198251,
              -0.930610696
            ],
            [
              31.1564208022,
              -0.9305908932
            ],
            [
              31.1564307031,
              -0.9389964472
            ],
            [
              31.1480802384,
              -0.9390064487
            ],
            [
              31.1481002667,
              -0.9558177332
            ],
            [
              31.1397496732,
              -0.9558278928
            ],
            [
              31.1397700158,
              -0.9726393554
            ],
            [
              31.1481206503,
              -0.9726290172
            ],
            [
              31.1481104143,
              -0.9642233747
            ],
            [
              31.1731617216,
              -0.964192506
            ],
            [
              31.173151513,
              -0.9557871332
            ],
            [
              31.181501749,
              -0.9557768916
            ],
            [
              31.1814916114,
              -0.9473716085
            ],
            [
              31.1898417375,
              -0.9473614385
            ],
            [
              31.1898316686,
              -0.9389562445
            ],
            [
              31.1981816857,
              -0.9389461447
            ],
            [
              31.1981716867,
              -0.9305410407
            ],
            [
              31.2065215948,
              -0.9305310106
            ],
            [
              31.2065116652,
              -0.9221259969
            ],
            [
              31.2232111709,
              -0.9221060601
            ],
            [
              31.2231818102,
              -0.8968915614
            ],
            [
              31.2148321602,
              -0.8969012663
            ],
            [
              31.2148036698,
              -0.8716864916
            ],
            [
              31.2237731104,
              -0.8716763579
            ],
            [
              31.2221193847,
              -0.8611595381
            ],
            [
              31.2188493817,
              -0.852807846
            ],
            [
              31.210831588,
              -0.8399851462
            ],
            [
              31.2022286619,
              -0.8343246675
            ],
            [
              31.1850267792,
              -0.826882702
            ],
            [
              31.1630837929,
              -0.8218327154
            ],
            [
              31.1417368915,
              -0.8203629209
            ],
            [
              31.1319518796,
              -0.8188809288
            ],
            [
              31.1191998759,
              -0.8153128435
            ],
            [
              31.1159310834,
              -0.8078551051
            ],
            [
              31.1171080113,
              -0.7989005835
            ],
            [
              31.1233227173,
              -0.7875535165
            ],
            [
              31.1304309786,
              -0.7803838848
            ],
            [
              31.136351909,
              -0.7717233547
            ],
            [
              31.1363450101,
              -0.7645608786
            ],
            [
              31.1295211539,
              -0.7591955948
            ],
            [
              31.1238854233,
              -0.7562166035
            ],
            [
              31.1132068448,
              -0.7502579094
            ],
            [
              31.1063845985,
              -0.7466829938
            ],
            [
              31.100442172,
              -0.732661424
            ],
            [
              31.099248969,
              -0.7246043543
            ],
            [
              31.0943839749,
              -0.7156639911
            ],
            [
              31.0863935546,
              -0.7205155629
            ],
            [
              31.0893996849,
              -0.7205128441
            ],
            [
              31.0894148763,
              -0.7373253962
            ],
            [
              31.0727132979,
              -0.7373408338
            ],
            [
              31.0727054377,
              -0.7286544964
            ],
            [
              31.0643561909,
              -0.7305053625
            ],
            [
              31.0643623783,
              -0.7373485286
            ],
            [
              31.0560113712,
              -0.7373562075
            ],
            [
              31.0560190354,
              -0.7457628349
            ],
            [
              31.0476679253,
              -0.7457705864
            ],
            [
              31.0476756605,
              -0.7541773004
            ],
            [
              31.0393244481,
              -0.7541851232
            ],
            [
              31.039332254,
              -0.7625919227
            ],
            [
              31.0059264776,
              -0.7626233998
            ],
            [
              31.0059343041,
              -0.7710305471
            ],
            [
              30.9760849,
              -0.7710587591
            ],
            [
              30.9741685985,
              -0.7718792694
            ],
            [
              30.972527621,
              -0.7716348245
            ],
            [
              30.9725349371,
              -0.7794695988
            ],
            [
              30.9641829036,
              -0.7794775341
            ],
            [
              30.9641988219,
              -0.7962926857
            ],
            [
              30.9725508877,
              -0.7962845808
            ],
            [
              30.9725589917,
              -0.8046920699
            ],
            [
              30.9558547387,
              -0.8047084355
            ],
            [
              30.9558628939,
              -0.8131160968
            ],
            [
              30.9475106225,
              -0.8131243386
            ],
            [
              30.9475188449,
              -0.8215320842
            ],
            [
              30.939166472,
              -0.8215403944
            ],
            [
              30.9391747612,
              -0.8299482252
            ],
            [
              30.9391831349,
              -0.8383560541
            ],
            [
              30.9308306424,
              -0.8383645163
            ],
            [
              30.9308390823,
              -0.8467724302
            ],
            [
              30.9224864881,
              -0.8467809597
            ],
            [
              30.9224780665,
              -0.8383729619
            ],
            [
              30.9141254056,
              -0.8383813874
            ],
            [
              30.9141338098,
              -0.8467894716
            ],
            [
              30.9057810485,
              -0.846797965
            ],
            [
              30.9057895182,
              -0.8552061317
            ],
            [
              30.8974366547,
              -0.8552146908
            ],
            [
              30.8974282016,
              -0.8468064399
            ],
            [
              30.8890752721,
              -0.8468148972
            ],
            [
              30.8890837067,
              -0.8552232321
            ],
            [
              30.8723775617,
              -0.8552402604
            ],
            [
              30.8723946077,
              -0.8720572641
            ],
            [
              30.8640413745,
              -0.8720659171
            ],
            [
              30.8640500028,
              -0.8804745029
            ],
            [
              30.8556966678,
              -0.8804832209
            ],
            [
              30.8557050472,
              -0.8885902627
            ],
            [
              30.8619933802,
              -0.8871112074
            ],
            [
              30.8722730567,
              -0.8904918815
            ],
            [
              30.8743509261,
              -0.8922808777
            ],
            [
              30.8758378534,
              -0.8961602186
            ],
            [
              30.8761442157,
              -0.9054143894
            ],
            [
              30.875265358,
              -0.9155654396
            ],
            [
              30.8711256007,
              -0.9269142385
            ],
            [
              30.8688427713,
              -0.9309207625
            ],
            [
              30.8808101655,
              -0.9309075061
            ],
            [
              30.8807829211,
              -0.9056822595
            ],
            [
              30.8891360629,
              -0.9056732341
            ],
            [
              30.889127129,
              -0.8972649016
            ],
            [
              30.8807740051,
              -0.8972738441
            ],
            [
              30.8807564244,
              -0.88045701
            ],
            [
              30.8891095097,
              -0.8804482351
            ],
            [
              30.889100825,
              -0.8720399019
            ],
            [
              30.9141595271,
              -0.8720137177
            ],
            [
              30.914177091,
              -0.8888298808
            ],
            [
              30.92252986,
              -0.8888209461
            ],
            [
              30.9225387873,
              -0.8972289423
            ],
            [
              30.914185998,
              -0.8972379607
            ],
            [
              30.9142040656,
              -0.9140541206
            ],
            [
              30.9225568925,
              -0.9140449321
            ],
            [
              30.9225660713,
              -0.9224529267
            ],
            [
              30.9309188341,
              -0.9224436353
            ],
            [
              30.9309281172,
              -0.9308515443
            ],
            [
              30.9225753351,
              -0.9308609205
            ],
            [
              30.9225941125,
              -0.9476769066
            ],
            [
              30.9309469346,
              -0.9476673617
            ],
            [
              30.9309660894,
              -0.964483177
            ],
            [
              30.9226132273,
              -0.9644928914
            ],
            [
              30.9226229101,
              -0.9729008831
            ],
            [
              30.9309757933,
              -0.9728910839
            ],
            [
              30.9309855815,
              -0.9812989892
            ],
            [
              30.9476911365,
              -0.9812791575
            ],
            [
              30.9477010503,
              -0.9896868928
            ],
            [
              30.956053721,
              -0.9896768605
            ],
            [
              30.9560437866,
              -0.9812692106
            ]
          ],
          [
            [
              31.0530879097,
              -0.8201559867
            ],
            [
              31.0572443407,
              -0.8255241365
            ],
            [
              31.0676196216,
              -0.8234242114
            ],
            [
              31.078290951,
              -0.8210255488
            ],
            [
              31.0880750966,
              -0.8210154752
            ],
            [
              31.0966780693,
              -0.8257818223
            ],
            [
              31.0999449241,
              -0.8311505336
            ],
            [
              31.0978806996,
              -0.8418969366
            ],
            [
              31.0907719012,
              -0.8484704484
            ],
            [
              31.0735810289,
              -0.8538610225
            ],
            [
              31.0516444686,
              -0.8580629545
            ],
            [
              31.0350451139,
              -0.8628562368
            ],
            [
              31.0107315366,
              -0.8634791257
            ],
            [
              31.0030179455,
              -0.8596069991
            ],
            [
              30.9961867986,
              -0.8488686127
            ],
            [
              30.9988393809,
              -0.8330459869
            ],
            [
              31.0112790853,
              -0.8190045211
            ],
            [
              31.0210486965,
              -0.8034737004
            ],
            [
              31.0423748986,
              -0.7804701436
            ],
            [
              31.0560050248,
              -0.7712044404
            ],
            [
              31.0740300884,
              -0.7616779753
            ],
            [
              31.0820880148,
              -0.7625240408
            ],
            [
              31.0871330612,
              -0.7675929542
            ],
            [
              31.0871399057,
              -0.7747558746
            ],
            [
              31.0856664114,
              -0.784009438
            ],
            [
              31.0747050858,
              -0.7929740058
            ],
            [
              31.0604819162,
              -0.8016435878
            ],
            [
              31.0548585291,
              -0.811797094
            ],
            [
              31.0530879097,
              -0.8201559867
            ]
          ],
          [
            [
              30.9811012265,
              -0.9812392433
            ],
            [
              30.9643963517,
              -0.9812592422
            ],
            [
              30.964357378,
              -0.947628977
            ],
            [
              30.9727097765,
              -0.94761933
            ],
            [
              30.9727194129,
              -0.9560268117
            ],
            [
              30.9810717469,
              -0.9560170588
            ],
            [
              30.9810814886,
              -0.9644244538
            ],
            [
              30.9727291345,
              -0.9644342917
            ],
            [
              30.9727389405,
              -0.9728417728
            ],
            [
              30.9810913148,
              -0.9728318481
            ],
            [
              30.9811012265,
              -0.9812392433
            ]
          ]
        ]
      },
      "properties": {
        "country": "Uganda",
        "country_code": "UGA",
        "species_name": "Eucalyptus_camaldulensis_S",
        "genus": "Eucalyptus",
        "species": "camaldulensis_S",
        "suitability_name": "Moderately suitable",
        "suitability_rank": 2,
        "soil_suitability": "S3",
        "soil_type": "Ferrallitic Soils",
        "soil_description": "Yellow soils - Sandy loams",
        "site_class": null,
        "maz": "III",
        "maz_zone": null,
        "tz": "4",
        "frost_risk": null,
        "source_layer": "SWIFT_SSMT_Uganda"
      }
    },
    {
      "type": "Feature",
      "geometry": {
        "type": "Polygon",
        "coordinates": [
          [
            [
              30.838867724,
              -0.752005743
            ],
            [
              30.8350644734,
              -0.747228654
            ],
            [
              30.8214188878,
              -0.7436580215
            ],
            [
              30.8101501312,
              -0.7451606196
            ],
            [
              30.804225172,
              -0.7529282798
            ],
            [
              30.8042264489,
              -0.7543987147
            ],
            [
              30.8054560112,
              -0.7543976316
            ],
            [
              30.8054633678,
              -0.7628068005
            ],
            [
              30.8305238765,
              -0.7627843875
            ],
            [
              30.8305164716,
              -0.7543754645
            ],
            [
              30.8388697944,
              -0.7543680438
            ],
            [
              30.838867724,
              -0.752005743
            ]
          ]
        ]
      },
      "properties": {
        "country": "Uganda",
        "country_code": "UGA",
        "species_name": "Eucalyptus_camaldulensis_S",
        "genus": "Eucalyptus",
        "species": "camaldulensis_S",
        "suitability_name": "Moderately suitable",
        "suitability_rank": 2,
        "soil_suitability": "S3",
        "soil_type": "Ferrallitic Soils",
        "soil_description": "Yellow soils - Sandy loams",
        "site_class": null,
        "maz": "III",
        "maz_zone": null,
        "tz": "4",
        "frost_risk": null,
        "source_layer": "SWIFT_SSMT_Uganda"
      }
    },
    {
      "type": "Feature",
      "geometry": {
        "type": "Polygon",
        "coordinates": [
          [
            [
              30.8473550407,
              -0.8919020776
            ],
            [
              30.8538839013,
              -0.8890186069
            ],
            [
              30.8544168965,
              -0.8888932439
            ],
            [
              30.8473519246,
              -0.8889006707
            ],
            [
              30.8473550407,
              -0.8919020776
            ]
          ]
        ]
      },
      "properties": {
        "country": "Uganda",
        "country_code": "UGA",
        "species_name": "Eucalyptus_camaldulensis_S",
        "genus": "Eucalyptus",
        "species": "camaldulensis_S",
        "suitability_name": "Moderately suitable",
        "suitability_rank": 2,
        "soil_suitability": "S3",
        "soil_type": "Ferrallitic Soils",
        "soil_description": "Yellow soils - Sandy loams",
        "site_class": null,
        "maz": "III",
        "maz_zone": null,
        "tz": "4",
        "frost_risk": null,
        "source_layer": "SWIFT_SSMT_Uganda"
      }
    },
    {
      "type": "Feature",
      "geometry": {
        "type": "Polygon",
        "coordinates": [
          [
            [
              31.1314487832,
              -0.996564044
            ],
            [
              31.1314399493,
              -0.989461311
            ],
            [
              31.1397907139,
              -0.9894508149
            ],
            [
              31.1397700158,
              -0.9726393554
            ],
            [
              31.1230684822,
              -0.9726599697
            ],
            [
              31.1230890966,
              -0.9894717862
            ],
            [
              31.1147381561,
              -0.9894822398
            ],
            [
              31.114746965,
              -0.9965937927
            ],
            [
              31.1314487832,
              -0.996564044
            ]
          ]
        ]
      },
      "properties": {
        "country": "Uganda",
        "country_code": "UGA",
        "species_name": "Eucalyptus_camaldulensis_S",
        "genus": "Eucalyptus",
        "species": "camaldulensis_S",
        "suitability_name": "Moderately suitable",
        "suitability_rank": 2,
        "soil_suitability": "S3",
        "soil_type": "Ferrallitic Soils",
        "soil_description": "Yellow soils - Sandy loams",
        "site_class": null,
        "maz": "III",
        "maz_zone": null,
        "tz": "4",
        "frost_risk": null,
        "source_layer": "SWIFT_SSMT_Uganda"
      }
    },
    {
      "type": "Feature",
      "geometry": {
        "type": "Polygon",
        "coordinates": [
          [
            [
              30.8472012189,
              -0.7291343326
            ],
            [
              30.8471941108,
              -0.7207255747
            ],
            [
              30.8388409338,
              -0.7207326795
            ],
            [
              30.8388339234,
              -0.7123238378
            ],
            [
              30.8304806779,
              -0.7123308453
            ],
            [
              30.8304876728,
              -0.7207397697
            ],
            [
              30.8221343307,
              -0.7207468442
            ],
            [
              30.8221413912,
              -0.7291558509
            ],
            [
              30.8137879517,
              -0.729162993
            ],
            [
              30.8137950799,
              -0.7375720818
            ],
            [
              30.7887342242,
              -0.7375936595
            ],
            [
              30.788741386,
              -0.7460029939
            ],
            [
              30.7803875885,
              -0.7460102374
            ],
            [
              30.780394817,
              -0.7544196531
            ],
            [
              30.7720409234,
              -0.7544269617
            ],
            [
              30.7720482154,
              -0.7628364577
            ],
            [
              30.7553401526,
              -0.7628511885
            ],
            [
              30.755347494,
              -0.7712608482
            ],
            [
              30.738639077,
              -0.7712756757
            ],
            [
              30.7386464659,
              -0.7796854957
            ],
            [
              30.7470007317,
              -0.7796780094
            ],
            [
              30.7470082157,
              -0.7880877479
            ],
            [
              30.763716538,
              -0.7880725637
            ],
            [
              30.763731818,
              -0.8048917166
            ],
            [
              30.7720858908,
              -0.804883937
            ],
            [
              30.7720936686,
              -0.813293431
            ],
            [
              30.7804476792,
              -0.8132855516
            ],
            [
              30.7804398839,
              -0.8048761389
            ],
            [
              30.7887937952,
              -0.8048683242
            ],
            [
              30.7887860643,
              -0.796458993
            ],
            [
              30.7804321703,
              -0.7964667262
            ],
            [
              30.7804245376,
              -0.7880573117
            ],
            [
              30.7720705781,
              -0.7880649472
            ],
            [
              30.772055589,
              -0.7712459545
            ],
            [
              30.7887633595,
              -0.7712309955
            ],
            [
              30.7887559537,
              -0.7628216623
            ],
            [
              30.7971097018,
              -0.7628142401
            ],
            [
              30.7971023606,
              -0.7544049885
            ],
            [
              30.8042264489,
              -0.7543987147
            ],
            [
              30.804225172,
              -0.7529282798
            ],
            [
              30.8101501312,
              -0.7451606196
            ],
            [
              30.8214188878,
              -0.7436580215
            ],
            [
              30.8350644734,
              -0.747228654
            ],
            [
              30.838867724,
              -0.752005743
            ],
            [
              30.8388551993,
              -0.7375503628
            ],
            [
              30.8472084077,
              -0.7375430914
            ],
            [
              30.8472012189,
              -0.7291343326
            ]
          ]
        ]
      },
      "properties": {
        "country": "Uganda",
        "country_code": "UGA",
        "species_name": "Eucalyptus_camaldulensis_S",
        "genus": "Eucalyptus",
        "species": "camaldulensis_S",
        "suitability_name": "Moderately suitable",
        "suitability_rank": 2,
        "soil_suitability": "S2",
        "soil_type": "Ferrallitic Soils",
        "soil_description": "Yellow soils - Sandy clay loams",
        "site_class": null,
        "maz": "III",
        "maz_zone": null,
        "tz": "4",
        "frost_risk": null,
        "source_layer": "SWIFT_SSMT_Uganda"
      }
    },
    {
      "type": "Feature",
      "geometry": {
        "type": "Polygon",
        "coordinates": [
          [
            [
              30.863914579,
              -0.7375285015
            ],
            [
              30.8639073577,
              -0.7291199098
            ],
            [
              30.8555543301,
              -0.7291271291
            ],
            [
              30.8555615355,
              -0.7375358049
            ],
            [
              30.863914579,
              -0.7375285015
            ]
          ]
        ]
      },
      "properties": {
        "country": "Uganda",
        "country_code": "UGA",
        "species_name": "Eucalyptus_camaldulensis_S",
        "genus": "Eucalyptus",
        "species": "camaldulensis_S",
        "suitability_name": "Moderately suitable",
        "suitability_rank": 2,
        "soil_suitability": "S2",
        "soil_type": "Ferrallitic Soils",
        "soil_description": "Yellow soils - Sandy clay loams",
        "site_class": null,
        "maz": "III",
        "maz_zone": null,
        "tz": "4",
        "frost_risk": null,
        "source_layer": "SWIFT_SSMT_Uganda"
      }
    },
    {
      "type": "Feature",
      "geometry": {
        "type": "Polygon",
        "coordinates": [
          [
            [
              30.8688427713,
              -0.9309207625
            ],
            [
              30.8711256007,
              -0.9269142385
            ],
            [
              30.875265358,
              -0.9155654396
            ],
            [
              30.8761442157,
              -0.9054143894
            ],
            [
              30.8758378534,
              -0.8961602186
            ],
            [
              30.8743509261,
              -0.8922808777
            ],
            [
              30.8722730567,
              -0.8904918815
            ],
            [
              30.8619933802,
              -0.8871112074
            ],
            [
              30.8557050472,
              -0.8885902627
            ],
            [
              30.8557053606,
              -0.8888918881
            ],
            [
              30.8544168965,
              -0.8888932439
            ],
            [
              30.8538839013,
              -0.8890186069
            ],
            [
              30.8473550407,
              -0.8919020776
            ],
            [
              30.8473606815,
              -0.8973094211
            ],
            [
              30.8390071436,
              -0.8973182671
            ],
            [
              30.8390159633,
              -0.9057270995
            ],
            [
              30.8557229949,
              -0.905709222
            ],
            [
              30.8557319356,
              -0.9141178876
            ],
            [
              30.8640853461,
              -0.9141088368
            ],
            [
              30.8641035154,
              -0.9309260002
            ],
            [
              30.8688427713,
              -0.9309207625
            ]
          ]
        ]
      },
      "properties": {
        "country": "Uganda",
        "country_code": "UGA",
        "species_name": "Eucalyptus_camaldulensis_S",
        "genus": "Eucalyptus",
        "species": "camaldulensis_S",
        "suitability_name": "Moderately suitable",
        "suitability_rank": 2,
        "soil_suitability": "S1",
        "soil_type": "Ferrallitic Soils",
        "soil_description": "Red soils - Not differentiated; sandy clay loams",
        "site_class": null,
        "maz": "III",
        "maz_zone": null,
        "tz": "4",
        "frost_risk": null,
        "source_layer": "SWIFT_SSMT_Uganda"
      }
    },
    {
      "type": "Feature",
      "geometry": {
        "type": "Polygon",
        "coordinates": [
          [
            [
              31.323152478,
              -0.6866802638
            ],
            [
              31.3315005197,
              -0.686672643
            ],
            [
              31.3314929884,
              -0.678268996
            ],
            [
              31.3237147625,
              -0.6782760109
            ],
            [
              31.3231450337,
              -0.6783588988
            ],
            [
              31.323152478,
              -0.6866802638
            ]
          ]
        ]
      },
      "properties": {
        "country": "Uganda",
        "country_code": "UGA",
        "species_name": "Eucalyptus_camaldulensis_S",
        "genus": "Eucalyptus",
        "species": "camaldulensis_S",
        "suitability_name": "Moderately suitable",
        "suitability_rank": 2,
        "soil_suitability": "S2",
        "soil_type": "Ferrallitic Soils",
        "soil_description": "Yellow soils - Sandy clay loams",
        "site_class": null,
        "maz": "III",
        "maz_zone": null,
        "tz": "4",
        "frost_risk": null,
        "source_layer": "SWIFT_SSMT_Uganda"
      }
    },
    {
      "type": "Feature",
      "geometry": {
        "type": "Polygon",
        "coordinates": [
          [
            [
              31.3148119375,
              -0.6950917026
            ],
            [
              31.3231600872,
              -0.6950840028
            ],
            [
              31.323152478,
              -0.6866802638
            ],
            [
              31.3148043422,
              -0.6866878708
            ],
            [
              31.3148119375,
              -0.6950917026
            ]
          ]
        ]
      },
      "properties": {
        "country": "Uganda",
        "country_code": "UGA",
        "species_name": "Eucalyptus_camaldulensis_S",
        "genus": "Eucalyptus",
        "species": "camaldulensis_S",
        "suitability_name": "Moderately suitable",
        "suitability_rank": 2,
        "soil_suitability": "S2",
        "soil_type": "Ferrallitic Soils",
        "soil_description": "Yellow soils - Sandy clay loams",
        "site_class": null,
        "maz": "III",
        "maz_zone": null,
        "tz": "4",
        "frost_risk": null,
        "source_layer": "SWIFT_SSMT_Uganda"
      }
    },
    {
      "type": "Feature",
      "geometry": {
        "type": "Polygon",
        "coordinates": [
          [
            [
              30.2791649718,
              -0.9237276562
            ],
            [
              30.2791644048,
              -0.9231093325
            ],
            [
              30.2783197904,
              -0.9231101175
            ],
            [
              30.2791649718,
              -0.9237276562
            ]
          ]
        ]
      },
      "properties": {
        "country": "Uganda",
        "country_code": "UGA",
        "species_name": "Eucalyptus_camaldulensis_S",
        "genus": "Eucalyptus",
        "species": "camaldulensis_S",
        "suitability_name": "Moderately suitable",
        "suitability_rank": 2,
        "soil_suitability": "S3",
        "soil_type": "Ferrallitic Soils",
        "soil_description": "Yellow soils - Sandy loams",
        "site_class": null,
        "maz": "III",
        "maz_zone": null,
        "tz": "4",
        "frost_risk": null,
        "source_layer": "SWIFT_SSMT_Uganda"
      }
    },
    {
      "type": "Feature",
      "geometry": {
        "type": "Polygon",
        "coordinates": [
          [
            [
              30.3794722838,
              -0.9314278279
            ],
            [
              30.3711143339,
              -0.9314358951
            ],
            [
              30.3711304859,
              -0.9482622697
            ],
            [
              30.3794884752,
              -0.9482540576
            ],
            [
              30.3794722838,
              -0.9314278279
            ]
          ]
        ]
      },
      "properties": {
        "country": "Uganda",
        "country_code": "UGA",
        "species_name": "Eucalyptus_camaldulensis_S",
        "genus": "Eucalyptus",
        "species": "camaldulensis_S",
        "suitability_name": "Moderately suitable",
        "suitability_rank": 2,
        "soil_suitability": "S3",
        "soil_type": "Ferrallitic Soils",
        "soil_description": "Yellow soils - Sandy loams",
        "site_class": null,
        "maz": "III",
        "maz_zone": null,
        "tz": "4",
        "frost_risk": null,
        "source_layer": "SWIFT_SSMT_Uganda"
      }
    },
    {
      "type": "Feature",
      "geometry": {
        "type": "Polygon",
        "coordinates": [
          [
            [
              30.2875872602,
              -0.9904127991
            ],
            [
              30.2959460673,
              -0.990404435
            ],
            [
              30.2959214234,
              -0.9651629354
            ],
            [
              30.2875626779,
              -0.9651710875
            ],
            [
              30.2875546259,
              -0.956757182
            ],
            [
              30.2959133503,
              -0.9567491009
            ],
            [
              30.2958974161,
              -0.9399214316
            ],
            [
              30.2875387315,
              -0.9399293698
            ],
            [
              30.2875308909,
              -0.9315154631
            ],
            [
              30.2856550949,
              -0.9315172256
            ],
            [
              30.2869832548,
              -0.9331851942
            ],
            [
              30.2843238111,
              -0.9454354765
            ],
            [
              30.2763155603,
              -0.9502227592
            ],
            [
              30.2708312754,
              -0.9507538046
            ],
            [
              30.2708449768,
              -0.9651873277
            ],
            [
              30.2541269946,
              -0.9652034872
            ],
            [
              30.2541190225,
              -0.9567892996
            ],
            [
              30.237244198,
              -0.9568053851
            ],
            [
              30.2232026331,
              -0.9613266535
            ],
            [
              30.2206882605,
              -0.9631822485
            ],
            [
              30.2206901927,
              -0.9652355582
            ],
            [
              30.2290494964,
              -0.9652275713
            ],
            [
              30.2290574761,
              -0.9736419686
            ],
            [
              30.279211965,
              -0.973593193
            ],
            [
              30.2792201391,
              -0.982007168
            ],
            [
              30.287578995,
              -0.9819988956
            ],
            [
              30.2875872602,
              -0.9904127991
            ]
          ]
        ]
      },
      "properties": {
        "country": "Uganda",
        "country_code": "UGA",
        "species_name": "Eucalyptus_camaldulensis_S",
        "genus": "Eucalyptus",
        "species": "camaldulensis_S",
        "suitability_name": "Moderately suitable",
        "suitability_rank": 2,
        "soil_suitability": "S3",
        "soil_type": "Ferrallitic Soils",
        "soil_description": "Yellow soils - Sandy loams",
        "site_class": null,
        "maz": "III",
        "maz_zone": null,
        "tz": "4",
        "frost_risk": null,
        "source_layer": "SWIFT_SSMT_Uganda"
      }
    },
    {
      "type": "Feature",
      "geometry": {
        "type": "Polygon",
        "coordinates": [
          [
            [
              30.3878629137,
              -0.9650719069
            ],
            [
              30.3878463919,
              -0.9482458254
            ],
            [
              30.3794884752,
              -0.9482540576
            ],
            [
              30.3795049569,
              -0.9650802844
            ],
            [
              30.3878629137,
              -0.9650719069
            ]
          ]
        ]
      },
      "properties": {
        "country": "Uganda",
        "country_code": "UGA",
        "species_name": "Eucalyptus_camaldulensis_S",
        "genus": "Eucalyptus",
        "species": "camaldulensis_S",
        "suitability_name": "Moderately suitable",
        "suitability_rank": 2,
        "soil_suitability": "S3",
        "soil_type": "Ferrallitic Soils",
        "soil_description": "Yellow soils - Sandy loams",
        "site_class": null,
        "maz": "III",
        "maz_zone": null,
        "tz": "4",
        "frost_risk": null,
        "source_layer": "SWIFT_SSMT_Uganda"
      }
    },
    {
      "type": "Feature",
      "geometry": {
        "type": "Polygon",
        "coordinates": [
          [
            [
              30.3461144571,
              -1.0071806048
            ],
            [
              30.3461230838,
              -1.0155940053
            ],
            [
              30.3628397567,
              -1.0155765238
            ],
            [
              30.3628484975,
              -1.0239897797
            ],
            [
              30.3795649255,
              -1.0239720662
            ],
            [
              30.3795737819,
              -1.0323851749
            ],
            [
              30.3962899639,
              -1.032367227
            ],
            [
              30.3962989366,
              -1.0407801896
            ],
            [
              30.4130148706,
              -1.0407620076
            ],
            [
              30.4130058532,
              -1.0323491922
            ],
            [
              30.4046479442,
              -1.0323582206
            ],
            [
              30.4046390218,
              -1.0239453309
            ],
            [
              30.3962810632,
              -1.0239542638
            ],
            [
              30.3962634808,
              -1.0071283365
            ],
            [
              30.4046213966,
              -1.0071195506
            ],
            [
              30.4045955064,
              -0.9818808748
            ],
            [
              30.3962376525,
              -0.981889441
            ],
            [
              30.3962207987,
              -0.9650635071
            ],
            [
              30.3878629137,
              -0.9650719069
            ],
            [
              30.3878882417,
              -0.9903110253
            ],
            [
              30.3711721303,
              -0.990328199
            ],
            [
              30.3711806763,
              -0.9987413832
            ],
            [
              30.3795387892,
              -0.9987327344
            ],
            [
              30.3795561408,
              -1.0155589559
            ],
            [
              30.3711979854,
              -1.0155677506
            ],
            [
              30.3711892938,
              -1.0071545677
            ],
            [
              30.3461144571,
              -1.0071806048
            ]
          ]
        ]
      },
      "properties": {
        "country": "Uganda",
        "country_code": "UGA",
        "species_name": "Eucalyptus_camaldulensis_S",
        "genus": "Eucalyptus",
        "species": "camaldulensis_S",
        "suitability_name": "Moderately suitable",
        "suitability_rank": 2,
        "soil_suitability": "S3",
        "soil_type": "Ferrallitic Soils",
        "soil_description": "Yellow soils - Sandy loams",
        "site_class": null,
        "maz": "III",
        "maz_zone": null,
        "tz": "4",
        "frost_risk": null,
        "source_layer": "SWIFT_SSMT_Uganda"
      }
    },
    {
      "type": "Feature",
      "geometry": {
        "type": "Polygon",
        "coordinates": [
          [
            [
              30.3127775053,
              -1.0991443981
            ],
            [
              30.3127689396,
              -1.0913518799
            ],
            [
              30.3044100089,
              -1.0913611445
            ],
            [
              30.304400852,
              -1.0829473903
            ],
            [
              30.2876828243,
              -1.0829657056
            ],
            [
              30.2877011171,
              -1.0997935007
            ],
            [
              30.2793419502,
              -1.0998027662
            ],
            [
              30.2793327923,
              -1.0913887986
            ],
            [
              30.2709735783,
              -1.0913979699
            ],
            [
              30.2709555193,
              -1.0745698909
            ],
            [
              30.2625962813,
              -1.0745788972
            ],
            [
              30.2625873805,
              -1.0661647869
            ],
            [
              30.2542280953,
              -1.0661737009
            ],
            [
              30.254219286,
              -1.0577595189
            ],
            [
              30.2375005517,
              -1.0577771379
            ],
            [
              30.237483232,
              -1.0409484925
            ],
            [
              30.2458425895,
              -1.0409398344
            ],
            [
              30.2458255043,
              -1.0241113273
            ],
            [
              30.2374661905,
              -1.0241198448
            ],
            [
              30.2374494262,
              -1.0072911957
            ],
            [
              30.2123711993,
              -1.0073162007
            ],
            [
              30.2123629846,
              -0.9989016664
            ],
            [
              30.2040034588,
              -0.9989098895
            ],
            [
              30.2039833242,
              -0.9779215388
            ],
            [
              30.1899918848,
              -0.9930260289
            ],
            [
              30.1796136265,
              -1.0031938515
            ],
            [
              30.1736894327,
              -1.0154487636
            ],
            [
              30.1686577978,
              -1.0297942388
            ],
            [
              30.1665929046,
              -1.0426430302
            ],
            [
              30.1695824555,
              -1.0638519685
            ],
            [
              30.1746464238,
              -1.0814734824
            ],
            [
              30.1841594181,
              -1.0958037234
            ],
            [
              30.1981250609,
              -1.1104275701
            ],
            [
              30.2304880203,
              -1.1208480941
            ],
            [
              30.2625382151,
              -1.1175262399
            ],
            [
              30.287457968,
              -1.1082377665
            ],
            [
              30.3044218499,
              -1.1021452849
            ],
            [
              30.3044192366,
              -1.0997749
            ],
            [
              30.3110425323,
              -1.0997675041
            ],
            [
              30.3127775053,
              -1.0991443981
            ]
          ]
        ]
      },
      "properties": {
        "country": "Uganda",
        "country_code": "UGA",
        "species_name": "Eucalyptus_camaldulensis_S",
        "genus": "Eucalyptus",
        "species": "camaldulensis_S",
        "suitability_name": "Moderately suitable",
        "suitability_rank": 2,
        "soil_suitability": "S3",
        "soil_type": "Ferrallitic Soils",
        "soil_description": "Yellow soils - Sandy loams",
        "site_class": null,
        "maz": "III",
        "maz_zone": null,
        "tz": "4",
        "frost_risk": null,
        "source_layer": "SWIFT_SSMT_Uganda"
      }
    },
    {
      "type": "Feature",
      "geometry": {
        "type": "Polygon",
        "coordinates": [
          [
            [
              30.287595594,
              -0.9988267029
            ],
            [
              30.2875872602,
              -0.9904127991
            ],
            [
              30.2792283817,
              -0.9904211432
            ],
            [
              30.2792366954,
              -0.9988351169
            ],
            [
              30.287595594,
              -0.9988267029
            ]
          ]
        ]
      },
      "properties": {
        "country": "Uganda",
        "country_code": "UGA",
        "species_name": "Eucalyptus_camaldulensis_S",
        "genus": "Eucalyptus",
        "species": "camaldulensis_S",
        "suitability_name": "Moderately suitable",
        "suitability_rank": 2,
        "soil_suitability": "S3",
        "soil_type": "Ferrallitic Soils",
        "soil_description": "Yellow soils - Sandy loams",
        "site_class": null,
        "maz": "III",
        "maz_zone": null,
        "tz": "4",
        "frost_risk": null,
        "source_layer": "SWIFT_SSMT_Uganda"
      }
    },
    {
      "type": "Feature",
      "geometry": {
        "type": "Polygon",
        "coordinates": [
          [
            [
              30.3461144571,
              -1.0071806048
            ],
            [
              30.346105903,
              -0.9987672027
            ],
            [
              30.3210304835,
              -0.9987928306
            ],
            [
              30.3210389741,
              -1.0072064477
            ],
            [
              30.2959628502,
              -1.0072320981
            ],
            [
              30.295954423,
              -0.9988182659
            ],
            [
              30.287595594,
              -0.9988267029
            ],
            [
              30.287604,
              -1.0072406052
            ],
            [
              30.2792450794,
              -1.0072490908
            ],
            [
              30.2792535345,
              -1.0156630642
            ],
            [
              30.2876124765,
              -1.0156545068
            ],
            [
              30.2876210226,
              -1.0240684087
            ],
            [
              30.3210561691,
              -1.0240336818
            ],
            [
              30.321047536,
              -1.015620065
            ],
            [
              30.3377646392,
              -1.0156027138
            ],
            [
              30.3377560346,
              -1.0071892401
            ],
            [
              30.3461144571,
              -1.0071806048
            ]
          ]
        ]
      },
      "properties": {
        "country": "Uganda",
        "country_code": "UGA",
        "species_name": "Eucalyptus_camaldulensis_S",
        "genus": "Eucalyptus",
        "species": "camaldulensis_S",
        "suitability_name": "Moderately suitable",
        "suitability_rank": 2,
        "soil_suitability": "S3",
        "soil_type": "Ferrallitic Soils",
        "soil_description": "Yellow soils - Sandy loams",
        "site_class": null,
        "maz": "III",
        "maz_zone": null,
        "tz": "4",
        "frost_risk": null,
        "source_layer": "SWIFT_SSMT_Uganda"
      }
    },
    {
      "type": "Feature",
      "geometry": {
        "type": "Polygon",
        "coordinates": [
          [
            [
              30.2457137045,
              -0.9063117206
            ],
            [
              30.2373546784,
              -0.9063192586
            ],
            [
              30.2373621917,
              -0.9147335893
            ],
            [
              30.2457212377,
              -0.9147259814
            ],
            [
              30.2457137045,
              -0.9063117206
            ]
          ]
        ]
      },
      "properties": {
        "country": "Uganda",
        "country_code": "UGA",
        "species_name": "Eucalyptus_camaldulensis_S",
        "genus": "Eucalyptus",
        "species": "camaldulensis_S",
        "suitability_name": "Moderately suitable",
        "suitability_rank": 2,
        "soil_suitability": "S1",
        "soil_type": "Ferrallitic Soils",
        "soil_description": "Red soils - Not differentiated; sandy clay loams",
        "site_class": null,
        "maz": "III",
        "maz_zone": null,
        "tz": "4",
        "frost_risk": null,
        "source_layer": "SWIFT_SSMT_Uganda"
      }
    },
    {
      "type": "Feature",
      "geometry": {
        "type": "Polygon",
        "coordinates": [
          [
            [
              30.2373621917,
              -0.9147335893
            ],
            [
              30.2290030764,
              -0.914741178
            ],
            [
              30.2290106397,
              -0.9231555776
            ],
            [
              30.2290182721,
              -0.9315699773
            ],
            [
              30.2206590482,
              -0.9315776856
            ],
            [
              30.2206882605,
              -0.9631822485
            ],
            [
              30.2232026331,
              -0.9613266535
            ],
            [
              30.237244198,
              -0.9568053851
            ],
            [
              30.2290415867,
              -0.9568131734
            ],
            [
              30.2290259745,
              -0.9399843773
            ],
            [
              30.262462256,
              -0.9399530645
            ],
            [
              30.2624701068,
              -0.9483671832
            ],
            [
              30.2708290228,
              -0.9483592341
            ],
            [
              30.2708312754,
              -0.9507538046
            ],
            [
              30.2763155603,
              -0.9502227592
            ],
            [
              30.2843238111,
              -0.9454354765
            ],
            [
              30.2869832548,
              -0.9331851942
            ],
            [
              30.2856550949,
              -0.9315172256
            ],
            [
              30.2791721555,
              -0.9315233107
            ],
            [
              30.2791649718,
              -0.9237276562
            ],
            [
              30.2783197904,
              -0.9231101175
            ],
            [
              30.2624467623,
              -0.923124826
            ],
            [
              30.2624544734,
              -0.9315389461
            ],
            [
              30.2540955278,
              -0.9315467329
            ],
            [
              30.2540878362,
              -0.9231325435
            ],
            [
              30.2373697751,
              -0.9231479202
            ],
            [
              30.2373621917,
              -0.9147335893
            ]
          ]
        ]
      },
      "properties": {
        "country": "Uganda",
        "country_code": "UGA",
        "species_name": "Eucalyptus_camaldulensis_S",
        "genus": "Eucalyptus",
        "species": "camaldulensis_S",
        "suitability_name": "Moderately suitable",
        "suitability_rank": 2,
        "soil_suitability": "S1",
        "soil_type": "Ferrallitic Soils",
        "soil_description": "Red soils - Not differentiated; sandy clay loams",
        "site_class": null,
        "maz": "III",
        "maz_zone": null,
        "tz": "4",
        "frost_risk": null,
        "source_layer": "SWIFT_SSMT_Uganda"
      }
    },
    {
      "type": "Feature",
      "geometry": {
        "type": "Polygon",
        "coordinates": [
          [
            [
              30.2206514352,
              -0.9231632164
            ],
            [
              30.2206438911,
              -0.9147487473
            ],
            [
              30.2039253148,
              -0.9147638264
            ],
            [
              30.2039328196,
              -0.9231784347
            ],
            [
              30.2206514352,
              -0.9231632164
            ]
          ]
        ]
      },
      "properties": {
        "country": "Uganda",
        "country_code": "UGA",
        "species_name": "Eucalyptus_camaldulensis_S",
        "genus": "Eucalyptus",
        "species": "camaldulensis_S",
        "suitability_name": "Moderately suitable",
        "suitability_rank": 2,
        "soil_suitability": "S1",
        "soil_type": "Ferrallitic Soils",
        "soil_description": "Red soils - Not differentiated; sandy clay loams",
        "site_class": null,
        "maz": "III",
        "maz_zone": null,
        "tz": "4",
        "frost_risk": null,
        "source_layer": "SWIFT_SSMT_Uganda"
      }
    },
    {
      "type": "Feature",
      "geometry": {
        "type": "Polygon",
        "coordinates": [
          [
            [
              30.2039328196,
              -0.9231784347
            ],
            [
              30.1454155079,
              -0.9232310768
            ],
            [
              30.1454081397,
              -0.914815988
            ],
            [
              30.128688337,
              -0.9148307156
            ],
            [
              30.1286956658,
              -0.9232459392
            ],
            [
              30.1370556203,
              -0.9232385173
            ],
            [
              30.1370630371,
              -0.9316536729
            ],
            [
              30.1454229441,
              -0.9316461641
            ],
            [
              30.1454304484,
              -0.9400612515
            ],
            [
              30.1621500992,
              -0.9400460373
            ],
            [
              30.1621577103,
              -0.9484609885
            ],
            [
              30.1788771304,
              -0.9484455567
            ],
            [
              30.1788618959,
              -0.9316159282
            ],
            [
              30.1955809627,
              -0.9316006914
            ],
            [
              30.1956040367,
              -0.9568447191
            ],
            [
              30.187244477,
              -0.9568525555
            ],
            [
              30.1872601616,
              -0.973682043
            ],
            [
              30.1789004923,
              -0.9736899944
            ],
            [
              30.1789084166,
              -0.9821048066
            ],
            [
              30.1705486588,
              -0.9821128074
            ],
            [
              30.1705566303,
              -0.9905276863
            ],
            [
              30.178916409,
              -0.9905196181
            ],
            [
              30.1789244692,
              -0.998934429
            ],
            [
              30.1705646696,
              -0.9989425663
            ],
            [
              30.1705891967,
              -1.0241872011
            ],
            [
              30.1622292642,
              -1.0241955224
            ],
            [
              30.1622459125,
              -1.0410254133
            ],
            [
              30.1538858679,
              -1.0410338495
            ],
            [
              30.1538942704,
              -1.049448862
            ],
            [
              30.1455341372,
              -1.0494573429
            ],
            [
              30.1455425856,
              -1.0578724234
            ],
            [
              30.1539027421,
              -1.0578638749
            ],
            [
              30.1539198875,
              -1.074693898
            ],
            [
              30.162280021,
              -1.0746851893
            ],
            [
              30.1622887177,
              -1.0831001317
            ],
            [
              30.1706488065,
              -1.0830913319
            ],
            [
              30.1706575948,
              -1.0915062057
            ],
            [
              30.1622974829,
              -1.0915150745
            ],
            [
              30.1623063157,
              -1.0999300159
            ],
            [
              30.1706664509,
              -1.099921079
            ],
            [
              30.1706753756,
              -1.1083359518
            ],
            [
              30.1790354647,
              -1.1083269231
            ],
            [
              30.1790444818,
              -1.1167417262
            ],
            [
              30.1874045275,
              -1.1167326061
            ],
            [
              30.1874136347,
              -1.1251473394
            ],
            [
              30.2041335691,
              -1.125128888
            ],
            [
              30.2041427926,
              -1.1335434841
            ],
            [
              30.2125026812,
              -1.1335341523
            ],
            [
              30.2125499556,
              -1.1756067761
            ],
            [
              30.2292697699,
              -1.175587345
            ],
            [
              30.2292601276,
              -1.1671729607
            ],
            [
              30.2459796135,
              -1.1671535697
            ],
            [
              30.2459893066,
              -1.1755678144
            ],
            [
              30.237629572,
              -1.1755775919
            ],
            [
              30.2376491164,
              -1.1924062198
            ],
            [
              30.2292892627,
              -1.1924161113
            ],
            [
              30.2293290801,
              -1.2260736384
            ],
            [
              30.2209690546,
              -1.2260837839
            ],
            [
              30.220989328,
              -1.2429126829
            ],
            [
              30.2354535901,
              -1.2428948717
            ],
            [
              30.2369300592,
              -1.2418199996
            ],
            [
              30.2377067614,
              -1.2407149461
            ],
            [
              30.2376890364,
              -1.2260634673
            ],
            [
              30.2460489234,
              -1.226053268
            ],
            [
              30.2460388129,
              -1.2176390274
            ],
            [
              30.2534275727,
              -1.2176300547
            ],
            [
              30.2543975143,
              -1.2167216349
            ],
            [
              30.2543885365,
              -1.2092147018
            ],
            [
              30.262748232,
              -1.2092045928
            ],
            [
              30.26273821,
              -1.2007904909
            ],
            [
              30.2710978089,
              -1.2007804254
            ],
            [
              30.2710878322,
              -1.1923663945
            ],
            [
              30.2794473363,
              -1.1923563747
            ],
            [
              30.2794374033,
              -1.1839424131
            ],
            [
              30.2710779255,
              -1.1839523622
            ],
            [
              30.2710680881,
              -1.1755383296
            ],
            [
              30.2877869248,
              -1.1755185473
            ],
            [
              30.2877771084,
              -1.1671046556
            ],
            [
              30.287757687,
              -1.1502768711
            ],
            [
              30.2961169253,
              -1.1502671551
            ],
            [
              30.2961072968,
              -1.1418533322
            ],
            [
              30.2960977381,
              -1.1334395089
            ],
            [
              30.3128159069,
              -1.1334202908
            ],
            [
              30.3128063717,
              -1.1250066096
            ],
            [
              30.3211653247,
              -1.1249970362
            ],
            [
              30.3211558367,
              -1.1165834261
            ],
            [
              30.3044379055,
              -1.1166024068
            ],
            [
              30.3044473458,
              -1.1250161599
            ],
            [
              30.29608825,
              -1.1250256851
            ],
            [
              30.2960694869,
              -1.108198037
            ],
            [
              30.3044285361,
              -1.1081886541
            ],
            [
              30.3044218499,
              -1.1021452849
            ],
            [
              30.287457968,
              -1.1082377665
            ],
            [
              30.2625382151,
              -1.1175262399
            ],
            [
              30.2304880203,
              -1.1208480941
            ],
            [
              30.1981250609,
              -1.1104275701
            ],
            [
              30.1841594181,
              -1.0958037234
            ],
            [
              30.1746464238,
              -1.0814734824
            ],
            [
              30.1695824555,
              -1.0638519685
            ],
            [
              30.1665929046,
              -1.0426430302
            ],
            [
              30.1686577978,
              -1.0297942388
            ],
            [
              30.1736894327,
              -1.0154487636
            ],
            [
              30.1796136265,
              -1.0031938515
            ],
            [
              30.1899918848,
              -0.9930260289
            ],
            [
              30.2039833242,
              -0.9779215388
            ],
            [
              30.2039328196,
              -0.9231784347
            ]
          ]
        ]
      },
      "properties": {
        "country": "Uganda",
        "country_code": "UGA",
        "species_name": "Eucalyptus_camaldulensis_S",
        "genus": "Eucalyptus",
        "species": "camaldulensis_S",
        "suitability_name": "Moderately suitable",
        "suitability_rank": 2,
        "soil_suitability": "S1",
        "soil_type": "Ferrallitic Soils",
        "soil_description": "Red soils - Not differentiated; sandy clay loams",
        "site_class": null,
        "maz": "III",
        "maz_zone": null,
        "tz": "4",
        "frost_risk": null,
        "source_layer": "SWIFT_SSMT_Uganda"
      }
    },
    {
      "type": "Feature",
      "geometry": {
        "type": "Polygon",
        "coordinates": [
          [
            [
              30.3110425323,
              -1.0997675041
            ],
            [
              30.3127781915,
              -1.0997655631
            ],
            [
              30.3127775053,
              -1.0991443981
            ],
            [
              30.3110425323,
              -1.0997675041
            ]
          ]
        ]
      },
      "properties": {
        "country": "Uganda",
        "country_code": "UGA",
        "species_name": "Eucalyptus_camaldulensis_S",
        "genus": "Eucalyptus",
        "species": "camaldulensis_S",
        "suitability_name": "Moderately suitable",
        "suitability_rank": 2,
        "soil_suitability": "S1",
        "soil_type": "Ferrallitic Soils",
        "soil_description": "Red soils - Not differentiated; sandy clay loams",
        "site_class": null,
        "maz": "III",
        "maz_zone": null,
        "tz": "4",
        "frost_risk": null,
        "source_layer": "SWIFT_SSMT_Uganda"
      }
    },
    {
      "type": "Feature",
      "geometry": {
        "type": "Polygon",
        "coordinates": [
          [
            [
              30.0785060811,
              -0.8896275484
            ],
            [
              30.0450643113,
              -0.8896555059
            ],
            [
              30.0450574381,
              -0.8812396135
            ],
            [
              30.05341796,
              -0.8812327195
            ],
            [
              30.0534111334,
              -0.8728168926
            ],
            [
              30.0868524912,
              -0.8727893888
            ],
            [
              30.0868593919,
              -0.8812049506
            ],
            [
              30.095219584,
              -0.8811979613
            ],
            [
              30.0952265708,
              -0.8896134551
            ],
            [
              30.1035867155,
              -0.88960638
            ],
            [
              30.103593787,
              -0.8980218074
            ],
            [
              30.0867904589,
              -0.8980361428
            ],
            [
              30.0921783131,
              -0.9006819357
            ],
            [
              30.102885492,
              -0.9053362164
            ],
            [
              30.103017468,
              -0.9042054897
            ],
            [
              30.1033930758,
              -0.9039959119
            ],
            [
              30.1038307585,
              -0.9039982451
            ],
            [
              30.1050091488,
              -0.9045106678
            ],
            [
              30.105962029,
              -0.9046307284
            ],
            [
              30.1068838902,
              -0.9043848844
            ],
            [
              30.1073898943,
              -0.9037352305
            ],
            [
              30.1091704529,
              -0.9032226186
            ],
            [
              30.1107042387,
              -0.9030950724
            ],
            [
              30.1110687934,
              -0.9028335492
            ],
            [
              30.1116582424,
              -0.9028673151
            ],
            [
              30.1119475464,
              -0.90266047
            ],
            [
              30.112396546,
              -0.9027698681
            ],
            [
              30.1127989096,
              -0.903216089
            ],
            [
              30.1132869481,
              -0.903398308
            ],
            [
              30.114602944,
              -0.9025547327
            ],
            [
              30.1159751736,
              -0.9024790478
            ],
            [
              30.1169390906,
              -0.9027882405
            ],
            [
              30.1175320491,
              -0.9025847839
            ],
            [
              30.1181992236,
              -0.9027112217
            ],
            [
              30.1191675784,
              -0.902403982
            ],
            [
              30.1203176222,
              -0.902364845
            ],
            [
              30.1203139157,
              -0.8980074664
            ],
            [
              30.1488484165,
              -0.897982813
            ],
            [
              30.1488761361,
              -0.8967495533
            ],
            [
              30.1341469153,
              -0.8876796633
            ],
            [
              30.1018408429,
              -0.8719315348
            ],
            [
              30.0837862502,
              -0.8619073044
            ],
            [
              30.0823508311,
              -0.8485228904
            ],
            [
              30.0899410444,
              -0.8379996212
            ],
            [
              30.1060857758,
              -0.8355965265
            ],
            [
              30.1231777668,
              -0.8303244544
            ],
            [
              30.138369562,
              -0.8245759608
            ],
            [
              30.1393089133,
              -0.8111903553
            ],
            [
              30.1302817861,
              -0.8054609829
            ],
            [
              30.1193569033,
              -0.8021231439
            ],
            [
              30.1003509164,
              -0.7882742888
            ],
            [
              30.0870433379,
              -0.7739426127
            ],
            [
              30.0770591707,
              -0.7581739719
            ],
            [
              30.0714228458,
              -0.7381510403
            ],
            [
              30.0700310877,
              -0.7381520084
            ],
            [
              30.0700368972,
              -0.7465677092
            ],
            [
              30.0616767815,
              -0.746573583
            ],
            [
              30.0616885665,
              -0.7634051161
            ],
            [
              30.0449680759,
              -0.7634170791
            ],
            [
              30.0450048061,
              -0.8139124608
            ],
            [
              30.0366443621,
              -0.8139188122
            ],
            [
              30.0366570928,
              -0.8307507336
            ],
            [
              30.0282965492,
              -0.830757198
            ],
            [
              30.028302995,
              -0.8391732243
            ],
            [
              30.0032209209,
              -0.8391927069
            ],
            [
              30.0032273786,
              -0.847608927
            ],
            [
              29.9948665399,
              -0.8476154503
            ],
            [
              29.9948730428,
              -0.8560317356
            ],
            [
              29.9697900895,
              -0.8560513884
            ],
            [
              29.9697966023,
              -0.8644678671
            ],
            [
              29.9614354716,
              -0.8644744452
            ],
            [
              29.9614420294,
              -0.8728909865
            ],
            [
              29.9279967991,
              -0.8729173711
            ],
            [
              29.928009956,
              -0.889750963
            ],
            [
              29.9196484542,
              -0.8897576386
            ],
            [
              29.9196551071,
              -0.8981744964
            ],
            [
              29.8945701674,
              -0.8981945969
            ],
            [
              29.8945768264,
              -0.9066116429
            ],
            [
              29.9029385547,
              -0.9066048998
            ],
            [
              29.9029432264,
              -0.9124476445
            ],
            [
              29.907531478,
              -0.9150181409
            ],
            [
              29.9196686024,
              -0.9150082107
            ],
            [
              29.9196754439,
              -0.9234250682
            ],
            [
              29.9363985402,
              -0.9234111916
            ],
            [
              29.9364047578,
              -0.9309508177
            ],
            [
              29.9372522701,
              -0.9312912362
            ],
            [
              29.9390896878,
              -0.9318256661
            ],
            [
              29.9447669572,
              -0.9318208907
            ],
            [
              29.9447599935,
              -0.9234042236
            ],
            [
              29.9531213843,
              -0.9233972361
            ],
            [
              29.9531283675,
              -0.9318138383
            ],
            [
              29.9614897142,
              -0.931806768
            ],
            [
              29.9614951954,
              -0.9383423454
            ],
            [
              29.9618383821,
              -0.9384421584
            ],
            [
              29.9647264251,
              -0.9402205448
            ],
            [
              29.9782193226,
              -0.9402089761
            ],
            [
              29.9782264143,
              -0.9485333639
            ],
            [
              29.9783756485,
              -0.9486252561
            ],
            [
              29.9865876886,
              -0.9486181252
            ],
            [
              29.9865921429,
              -0.9537939134
            ],
            [
              29.9915185956,
              -0.9570301483
            ],
            [
              29.9949560945,
              -0.9570271258
            ],
            [
              29.9949783033,
              -0.9822759631
            ],
            [
              30.0033394526,
              -0.9822684028
            ],
            [
              30.0033319647,
              -0.9738521894
            ],
            [
              30.0116930285,
              -0.9738446735
            ],
            [
              30.0116855841,
              -0.9654285248
            ],
            [
              30.0200465624,
              -0.9654210538
            ],
            [
              30.0200540273,
              -0.9738371379
            ],
            [
              30.0284149618,
              -0.9738295807
            ],
            [
              30.0284225125,
              -0.9822455994
            ],
            [
              30.0535049868,
              -0.9822226064
            ],
            [
              30.0535126652,
              -0.9906384272
            ],
            [
              30.0618733804,
              -0.9906306544
            ],
            [
              30.0618811458,
              -0.999046409
            ],
            [
              30.0535204088,
              -0.9990542473
            ],
            [
              30.0535282183,
              -1.0074700669
            ],
            [
              30.0535360938,
              -1.0158858867
            ],
            [
              30.0618968725,
              -1.0158779163
            ],
            [
              30.0619048346,
              -1.0242936691
            ],
            [
              30.0702655696,
              -1.0242856104
            ],
            [
              30.0702899161,
              -1.0495326663
            ],
            [
              30.0744670141,
              -1.0495285332
            ],
            [
              30.0748564797,
              -1.0455488027
            ],
            [
              30.0794711653,
              -1.0290512623
            ],
            [
              30.0790972311,
              -1.0104073745
            ],
            [
              30.0719611714,
              -0.9975065331
            ],
            [
              30.0612583609,
              -0.9792305632
            ],
            [
              30.04949815,
              -0.9731459551
            ],
            [
              30.0352428349,
              -0.9652706295
            ],
            [
              30.0231222139,
              -0.954524641
            ],
            [
              30.0209777702,
              -0.946279592
            ],
            [
              30.020611072,
              -0.9340887707
            ],
            [
              30.0234531195,
              -0.9251222555
            ],
            [
              30.0334247831,
              -0.9226037693
            ],
            [
              30.0434027566,
              -0.9276149609
            ],
            [
              30.05729702,
              -0.9304713027
            ],
            [
              30.0658392528,
              -0.9229343284
            ],
            [
              30.0676122691,
              -0.9136105567
            ],
            [
              30.0629732902,
              -0.9035751733
            ],
            [
              30.0604745489,
              -0.8971233995
            ],
            [
              30.064388204,
              -0.8917418724
            ],
            [
              30.0761433585,
              -0.892807628
            ],
            [
              30.0785096922,
              -0.8939696835
            ],
            [
              30.0785060811,
              -0.8896275484
            ]
          ],
          [
            [
              29.9280301628,
              -0.915001346
            ],
            [
              29.9280233641,
              -0.9065845512
            ],
            [
              29.9363848414,
              -0.9065777306
            ],
            [
              29.9363780869,
              -0.8981609996
            ],
            [
              29.9531008156,
              -0.8981474261
            ],
            [
              29.9531144648,
              -0.9149806331
            ],
            [
              29.9280301628,
              -0.915001346
            ]
          ],
          [
            [
              30.0367037042,
              -0.8896624482
            ],
            [
              30.0450643113,
              -0.8896555059
            ],
            [
              30.0450712484,
              -0.8980713985
            ],
            [
              30.0367106235,
              -0.8980784051
            ],
            [
              30.0367037042,
              -0.8896624482
            ]
          ]
        ]
      },
      "properties": {
        "country": "Uganda",
        "country_code": "UGA",
        "species_name": "Eucalyptus_camaldulensis_S",
        "genus": "Eucalyptus",
        "species": "camaldulensis_S",
        "suitability_name": "Moderately suitable",
        "suitability_rank": 2,
        "soil_suitability": "S4",
        "soil_type": "Lithosols",
        "soil_description": "Not differentiated",
        "site_class": null,
        "maz": "II",
        "maz_zone": null,
        "tz": "4",
        "frost_risk": null,
        "source_layer": "SWIFT_SSMT_Uganda"
      }
    },
    {
      "type": "Feature",
      "geometry": {
        "type": "Polygon",
        "coordinates": [
          [
            [
              30.0607287344,
              -0.426774518
            ],
            [
              30.0639487383,
              -0.4099417052
            ],
            [
              30.0614962738,
              -0.4099426516
            ],
            [
              30.061499506,
              -0.4183584298
            ],
            [
              30.053139808,
              -0.4183617122
            ],
            [
              30.0531430966,
              -0.4267775555
            ],
            [
              30.0607287344,
              -0.426774518
            ]
          ]
        ]
      },
      "properties": {
        "country": "Uganda",
        "country_code": "UGA",
        "species_name": "Eucalyptus_camaldulensis_S",
        "genus": "Eucalyptus",
        "species": "camaldulensis_S",
        "suitability_name": "Moderately suitable",
        "suitability_rank": 2,
        "soil_suitability": "S4",
        "soil_type": "Lithosols",
        "soil_description": "Not differentiated",
        "site_class": null,
        "maz": "I",
        "maz_zone": null,
        "tz": "4",
        "frost_risk": null,
        "source_layer": "SWIFT_SSMT_Uganda"
      }
    },
    {
      "type": "Feature",
      "geometry": {
        "type": "Polygon",
        "coordinates": [
          [
            [
              30.0531537305,
              -0.4529240346
            ],
            [
              30.0534452835,
              -0.452024964
            ],
            [
              30.0531533549,
              -0.4520250868
            ],
            [
              30.0531537305,
              -0.4529240346
            ]
          ]
        ]
      },
      "properties": {
        "country": "Uganda",
        "country_code": "UGA",
        "species_name": "Eucalyptus_camaldulensis_S",
        "genus": "Eucalyptus",
        "species": "camaldulensis_S",
        "suitability_name": "Moderately suitable",
        "suitability_rank": 2,
        "soil_suitability": "S4",
        "soil_type": "Lithosols",
        "soil_description": "Not differentiated",
        "site_class": null,
        "maz": "I",
        "maz_zone": null,
        "tz": "4",
        "frost_risk": null,
        "source_layer": "SWIFT_SSMT_Uganda"
      }
    },
    {
      "type": "Feature",
      "geometry": {
        "type": "Polygon",
        "coordinates": [
          [
            [
              30.0448023462,
              -0.472648748
            ],
            [
              30.0469581941,
              -0.4688594959
            ],
            [
              30.0448007018,
              -0.468860442
            ],
            [
              30.0448023462,
              -0.472648748
            ]
          ]
        ]
      },
      "properties": {
        "country": "Uganda",
        "country_code": "UGA",
        "species_name": "Eucalyptus_camaldulensis_S",
        "genus": "Eucalyptus",
        "species": "camaldulensis_S",
        "suitability_name": "Moderately suitable",
        "suitability_rank": 2,
        "soil_suitability": "S4",
        "soil_type": "Lithosols",
        "soil_description": "Not differentiated",
        "site_class": null,
        "maz": "I",
        "maz_zone": null,
        "tz": "4",
        "frost_risk": null,
        "source_layer": "SWIFT_SSMT_Uganda"
      }
    },
    {
      "type": "Feature",
      "geometry": {
        "type": "Polygon",
        "coordinates": [
          [
            [
              29.9946710341,
              -0.5360661739
            ],
            [
              30.023843304,
              -0.5094889986
            ],
            [
              30.0421688791,
              -0.4772775258
            ],
            [
              30.0197244914,
              -0.4772874918
            ],
            [
              30.0197281979,
              -0.4857035973
            ],
            [
              30.0197319685,
              -0.4941197015
            ],
            [
              30.0113718579,
              -0.4941235246
            ],
            [
              30.0113795734,
              -0.510955863
            ],
            [
              30.0030193766,
              -0.5109598069
            ],
            [
              30.0030233199,
              -0.5193760401
            ],
            [
              29.9946630475,
              -0.5193800373
            ],
            [
              29.9946710341,
              -0.5360661739
            ]
          ]
        ]
      },
      "properties": {
        "country": "Uganda",
        "country_code": "UGA",
        "species_name": "Eucalyptus_camaldulensis_S",
        "genus": "Eucalyptus",
        "species": "camaldulensis_S",
        "suitability_name": "Moderately suitable",
        "suitability_rank": 2,
        "soil_suitability": "S4",
        "soil_type": "Lithosols",
        "soil_description": "Not differentiated",
        "site_class": null,
        "maz": "I",
        "maz_zone": null,
        "tz": "4",
        "frost_risk": null,
        "source_layer": "SWIFT_SSMT_Uganda"
      }
    },
    {
      "type": "Feature",
      "geometry": {
        "type": "Polygon",
        "coordinates": [
          [
            [
              29.9863143907,
              -0.5436796027
            ],
            [
              29.9945101889,
              -0.5362127134
            ],
            [
              29.9863107466,
              -0.5362167496
            ],
            [
              29.9863143907,
              -0.5436796027
            ]
          ]
        ]
      },
      "properties": {
        "country": "Uganda",
        "country_code": "UGA",
        "species_name": "Eucalyptus_camaldulensis_S",
        "genus": "Eucalyptus",
        "species": "camaldulensis_S",
        "suitability_name": "Moderately suitable",
        "suitability_rank": 2,
        "soil_suitability": "S4",
        "soil_type": "Lithosols",
        "soil_description": "Not differentiated",
        "site_class": null,
        "maz": "I",
        "maz_zone": null,
        "tz": "4",
        "frost_risk": null,
        "source_layer": "SWIFT_SSMT_Uganda"
      }
    },
    {
      "type": "Feature",
      "geometry": {
        "type": "Polygon",
        "coordinates": [
          [
            [
              29.8778465629,
              -0.8982079026
            ],
            [
              29.8778400044,
              -0.889790731
            ],
            [
              29.8778335078,
              -0.8813735596
            ],
            [
              29.8778270722,
              -0.8729563875
            ],
            [
              29.8861888495,
              -0.8729499313
            ],
            [
              29.8861953025,
              -0.881367041
            ],
            [
              29.8945570361,
              -0.8813605038
            ],
            [
              29.8945635706,
              -0.8897775503
            ],
            [
              29.8945701674,
              -0.8981945969
            ],
            [
              29.9196551071,
              -0.8981744964
            ],
            [
              29.9196484542,
              -0.8897576386
            ],
            [
              29.928009956,
              -0.889750963
            ],
            [
              29.9279967991,
              -0.8729173711
            ],
            [
              29.9614420294,
              -0.8728909865
            ],
            [
              29.9614354716,
              -0.8644744452
            ],
            [
              29.9697966023,
              -0.8644678671
            ],
            [
              29.9697900895,
              -0.8560513884
            ],
            [
              29.9948730428,
              -0.8560317356
            ],
            [
              29.9948665399,
              -0.8476154503
            ],
            [
              30.0032273786,
              -0.847608927
            ],
            [
              30.0032209209,
              -0.8391927069
            ],
            [
              30.028302995,
              -0.8391732243
            ],
            [
              30.0282965492,
              -0.830757198
            ],
            [
              30.0366570928,
              -0.8307507336
            ],
            [
              30.0366443621,
              -0.8139188122
            ],
            [
              30.0450048061,
              -0.8139124608
            ],
            [
              30.0449680759,
              -0.7634170791
            ],
            [
              30.0616885665,
              -0.7634051161
            ],
            [
              30.0616767815,
              -0.746573583
            ],
            [
              30.0700368972,
              -0.7465677092
            ],
            [
              30.0700310877,
              -0.7381520084
            ],
            [
              30.0714228458,
              -0.7381510403
            ],
            [
              30.0655144488,
              -0.7168296543
            ],
            [
              30.0619451933,
              -0.7054779922
            ],
            [
              30.0554109987,
              -0.698908871
            ],
            [
              30.0500602847,
              -0.6863630032
            ],
            [
              30.0387808468,
              -0.6857726413
            ],
            [
              30.0304710138,
              -0.6875707493
            ],
            [
              30.0102960616,
              -0.7019262805
            ],
            [
              30.0008017455,
              -0.7085062097
            ],
            [
              29.9901223502,
              -0.7186727467
            ],
            [
              29.985382008,
              -0.7324212447
            ],
            [
              29.9895457038,
              -0.744370901
            ],
            [
              29.9984605417,
              -0.7587076293
            ],
            [
              30.0085595272,
              -0.7682623591
            ],
            [
              30.0121286797,
              -0.7784191987
            ],
            [
              30.01214156,
              -0.7963474922
            ],
            [
              30.0032443585,
              -0.8071111042
            ],
            [
              29.9949386111,
              -0.8148863279
            ],
            [
              29.9670366412,
              -0.8167000344
            ],
            [
              29.9569402988,
              -0.8119264071
            ],
            [
              29.9385260359,
              -0.7987916283
            ],
            [
              29.9308031693,
              -0.7922229861
            ],
            [
              29.9201159062,
              -0.7916329274
            ],
            [
              29.9088364927,
              -0.7934339133
            ],
            [
              29.8945862308,
              -0.7922486346
            ],
            [
              29.8880518793,
              -0.7874718111
            ],
            [
              29.8838883951,
              -0.7767164832
            ],
            [
              29.8904105772,
              -0.7635631219
            ],
            [
              29.9058394324,
              -0.7515992877
            ],
            [
              29.9271962569,
              -0.7258856912
            ],
            [
              29.9378725627,
              -0.7097421456
            ],
            [
              29.9461697527,
              -0.6864286206
            ],
            [
              29.9420027487,
              -0.6679041001
            ],
            [
              29.941399574,
              -0.6517679403
            ],
            [
              29.9443594203,
              -0.6368250146
            ],
            [
              29.9550379218,
              -0.6230730987
            ],
            [
              29.9585901061,
              -0.6051418975
            ],
            [
              29.9581738346,
              -0.5867299941
            ],
            [
              29.9528940297,
              -0.5867328047
            ],
            [
              29.9528984778,
              -0.5951494223
            ],
            [
              29.9445377168,
              -0.5951539253
            ],
            [
              29.9445422149,
              -0.6035706066
            ],
            [
              29.9361813776,
              -0.6035751605
            ],
            [
              29.9361859269,
              -0.6119919045
            ],
            [
              29.9278250134,
              -0.6119965089
            ],
            [
              29.9278296126,
              -0.6204133162
            ],
            [
              29.9361905393,
              -0.6204086483
            ],
            [
              29.936195214,
              -0.628825392
            ],
            [
              29.9278342739,
              -0.6288301234
            ],
            [
              29.9278389991,
              -0.6372469295
            ],
            [
              29.9194779832,
              -0.6372517106
            ],
            [
              29.9194875939,
              -0.6540854492
            ],
            [
              29.9111264866,
              -0.6540903418
            ],
            [
              29.9111313715,
              -0.662507274
            ],
            [
              29.91114133,
              -0.6793411365
            ],
            [
              29.9195024788,
              -0.6793360544
            ],
            [
              29.9195127158,
              -0.6961697894
            ],
            [
              29.9111515373,
              -0.6961749977
            ],
            [
              29.9111567353,
              -0.7045919278
            ],
            [
              29.9027954798,
              -0.7045971838
            ],
            [
              29.9028007251,
              -0.7130141759
            ],
            [
              29.8944393919,
              -0.7130194802
            ],
            [
              29.894444684,
              -0.7214365341
            ],
            [
              29.8860832748,
              -0.7214418853
            ],
            [
              29.8860886134,
              -0.7298590027
            ],
            [
              29.8777271254,
              -0.7298644005
            ],
            [
              29.8777325111,
              -0.7382815784
            ],
            [
              29.8526476335,
              -0.738297864
            ],
            [
              29.8526584929,
              -0.7551325915
            ],
            [
              29.8442967129,
              -0.7551381112
            ],
            [
              29.8443134133,
              -0.7803903848
            ],
            [
              29.8359515229,
              -0.780396073
            ],
            [
              29.8359745778,
              -0.8140660112
            ],
            [
              29.8276125587,
              -0.8140719271
            ],
            [
              29.8276067207,
              -0.8056543814
            ],
            [
              29.8192446586,
              -0.8056602184
            ],
            [
              29.8192331986,
              -0.7888250044
            ],
            [
              29.80250896,
              -0.788836385
            ],
            [
              29.8025203513,
              -0.8056718418
            ],
            [
              29.7941581083,
              -0.8056776274
            ],
            [
              29.7941638774,
              -0.814095415
            ],
            [
              29.7858015558,
              -0.814101244
            ],
            [
              29.7858132386,
              -0.830936939
            ],
            [
              29.7774508231,
              -0.8309428702
            ],
            [
              29.7774567363,
              -0.8393607775
            ],
            [
              29.7440064094,
              -0.8393845643
            ],
            [
              29.7440123109,
              -0.84780271
            ],
            [
              29.727286757,
              -0.847814613
            ],
            [
              29.727290699,
              -0.8534250688
            ],
            [
              29.7323388761,
              -0.8521946511
            ],
            [
              29.73982101,
              -0.8521892991
            ],
            [
              29.7530083054,
              -0.8586354926
            ],
            [
              29.7608499612,
              -0.8632921926
            ],
            [
              29.7690489323,
              -0.8693831224
            ],
            [
              29.7754638591,
              -0.8718888673
            ],
            [
              29.7850823793,
              -0.8704471586
            ],
            [
              29.7929165416,
              -0.865061783
            ],
            [
              29.7993260836,
              -0.8603947832
            ],
            [
              29.8082271433,
              -0.852498306
            ],
            [
              29.8192593195,
              -0.8356346751
            ],
            [
              29.8274480276,
              -0.828097615
            ],
            [
              29.8356435581,
              -0.8302434546
            ],
            [
              29.8463505971,
              -0.8567735417
            ],
            [
              29.8474284448,
              -0.8689657817
            ],
            [
              29.8467197778,
              -0.8813976472
            ],
            [
              29.8527477523,
              -0.8813930005
            ],
            [
              29.8527535514,
              -0.8889755348
            ],
            [
              29.8537678244,
              -0.8898095682
            ],
            [
              29.8611161907,
              -0.8898038349
            ],
            [
              29.8611197659,
              -0.8944269208
            ],
            [
              29.8731904827,
              -0.9001331957
            ],
            [
              29.8874454835,
              -0.9063376978
            ],
            [
              29.8988484967,
              -0.9101536165
            ],
            [
              29.9029432264,
              -0.9124476445
            ],
            [
              29.9029385547,
              -0.9066048998
            ],
            [
              29.8945768264,
              -0.9066116429
            ],
            [
              29.8945701674,
              -0.8981945969
            ],
            [
              29.8778465629,
              -0.8982079026
            ]
          ]
        ]
      },
      "properties": {
        "country": "Uganda",
        "country_code": "UGA",
        "species_name": "Eucalyptus_camaldulensis_S",
        "genus": "Eucalyptus",
        "species": "camaldulensis_S",
        "suitability_name": "Moderately suitable",
        "suitability_rank": 2,
        "soil_suitability": "S4",
        "soil_type": "Lithosols",
        "soil_description": "Not differentiated",
        "site_class": null,
        "maz": "I",
        "maz_zone": null,
        "tz": "4",
        "frost_risk": null,
        "source_layer": "SWIFT_SSMT_Uganda"
      }
    },
    {
      "type": "Feature",
      "geometry": {
        "type": "Polygon",
        "coordinates": [
          [
            [
              29.9364047578,
              -0.9309508177
            ],
            [
              29.9363985402,
              -0.9234111916
            ],
            [
              29.9196754439,
              -0.9234250682
            ],
            [
              29.9196686024,
              -0.9150082107
            ],
            [
              29.907531478,
              -0.9150181409
            ],
            [
              29.9090966218,
              -0.9158949834
            ],
            [
              29.9212161772,
              -0.9248499414
            ],
            [
              29.9364047578,
              -0.9309508177
            ]
          ]
        ]
      },
      "properties": {
        "country": "Uganda",
        "country_code": "UGA",
        "species_name": "Eucalyptus_camaldulensis_S",
        "genus": "Eucalyptus",
        "species": "camaldulensis_S",
        "suitability_name": "Moderately suitable",
        "suitability_rank": 2,
        "soil_suitability": "S4",
        "soil_type": "Lithosols",
        "soil_description": "Not differentiated",
        "site_class": null,
        "maz": "I",
        "maz_zone": null,
        "tz": "4",
        "frost_risk": null,
        "source_layer": "SWIFT_SSMT_Uganda"
      }
    },
    {
      "type": "Feature",
      "geometry": {
        "type": "Polygon",
        "coordinates": [
          [
            [
              29.9614951954,
              -0.9383423454
            ],
            [
              29.9614897142,
              -0.931806768
            ],
            [
              29.9531283675,
              -0.9318138383
            ],
            [
              29.9531213843,
              -0.9233972361
            ],
            [
              29.9447599935,
              -0.9234042236
            ],
            [
              29.9447669572,
              -0.9318208907
            ],
            [
              29.9390896878,
              -0.9318256661
            ],
            [
              29.9614951954,
              -0.9383423454
            ]
          ]
        ]
      },
      "properties": {
        "country": "Uganda",
        "country_code": "UGA",
        "species_name": "Eucalyptus_camaldulensis_S",
        "genus": "Eucalyptus",
        "species": "camaldulensis_S",
        "suitability_name": "Moderately suitable",
        "suitability_rank": 2,
        "soil_suitability": "S4",
        "soil_type": "Lithosols",
        "soil_description": "Not differentiated",
        "site_class": null,
        "maz": "I",
        "maz_zone": null,
        "tz": "4",
        "frost_risk": null,
        "source_layer": "SWIFT_SSMT_Uganda"
      }
    },
    {
      "type": "Feature",
      "geometry": {
        "type": "Polygon",
        "coordinates": [
          [
            [
              29.9782264143,
              -0.9485333639
            ],
            [
              29.9782193226,
              -0.9402089761
            ],
            [
              29.9647264251,
              -0.9402205448
            ],
            [
              29.9782264143,
              -0.9485333639
            ]
          ]
        ]
      },
      "properties": {
        "country": "Uganda",
        "country_code": "UGA",
        "species_name": "Eucalyptus_camaldulensis_S",
        "genus": "Eucalyptus",
        "species": "camaldulensis_S",
        "suitability_name": "Moderately suitable",
        "suitability_rank": 2,
        "soil_suitability": "S4",
        "soil_type": "Lithosols",
        "soil_description": "Not differentiated",
        "site_class": null,
        "maz": "I",
        "maz_zone": null,
        "tz": "4",
        "frost_risk": null,
        "source_layer": "SWIFT_SSMT_Uganda"
      }
    },
    {
      "type": "Feature",
      "geometry": {
        "type": "Polygon",
        "coordinates": [
          [
            [
              29.9865921429,
              -0.9537939134
            ],
            [
              29.9865876886,
              -0.9486181252
            ],
            [
              29.9783756485,
              -0.9486252561
            ],
            [
              29.9839360624,
              -0.9520490947
            ],
            [
              29.9865921429,
              -0.9537939134
            ]
          ]
        ]
      },
      "properties": {
        "country": "Uganda",
        "country_code": "UGA",
        "species_name": "Eucalyptus_camaldulensis_S",
        "genus": "Eucalyptus",
        "species": "camaldulensis_S",
        "suitability_name": "Moderately suitable",
        "suitability_rank": 2,
        "soil_suitability": "S4",
        "soil_type": "Lithosols",
        "soil_description": "Not differentiated",
        "site_class": null,
        "maz": "I",
        "maz_zone": null,
        "tz": "4",
        "frost_risk": null,
        "source_layer": "SWIFT_SSMT_Uganda"
      }
    },
    {
      "type": "Feature",
      "geometry": {
        "type": "Polygon",
        "coordinates": [
          [
            [
              30.0284225125,
              -0.9822455994
            ],
            [
              30.0284149618,
              -0.9738295807
            ],
            [
              30.0200540273,
              -0.9738371379
            ],
            [
              30.0200465624,
              -0.9654210538
            ],
            [
              30.0116855841,
              -0.9654285248
            ],
            [
              30.0116930285,
              -0.9738446735
            ],
            [
              30.0033319647,
              -0.9738521894
            ],
            [
              30.0033394526,
              -0.9822684028
            ],
            [
              29.9949783033,
              -0.9822759631
            ],
            [
              29.9949560945,
              -0.9570271258
            ],
            [
              29.9915185956,
              -0.9570301483
            ],
            [
              29.9932031317,
              -0.9581367276
            ],
            [
              29.9928515954,
              -0.9635156192
            ],
            [
              29.9850225166,
              -0.9724869091
            ],
            [
              29.9657914842,
              -0.9785998628
            ],
            [
              29.9531704082,
              -0.9809583789
            ],
            [
              29.9531940687,
              -1.0075632413
            ],
            [
              29.9782784736,
              -1.007540239
            ],
            [
              29.9782708559,
              -0.9991238327
            ],
            [
              30.0117157481,
              -0.9990931195
            ],
            [
              30.011700537,
              -0.9822608234
            ],
            [
              30.0284225125,
              -0.9822455994
            ]
          ]
        ]
      },
      "properties": {
        "country": "Uganda",
        "country_code": "UGA",
        "species_name": "Eucalyptus_camaldulensis_S",
        "genus": "Eucalyptus",
        "species": "camaldulensis_S",
        "suitability_name": "Moderately suitable",
        "suitability_rank": 2,
        "soil_suitability": "S4",
        "soil_type": "Lithosols",
        "soil_description": "Not differentiated",
        "site_class": null,
        "maz": "I",
        "maz_zone": null,
        "tz": "4",
        "frost_risk": null,
        "source_layer": "SWIFT_SSMT_Uganda"
      }
    },
    {
      "type": "Feature",
      "geometry": {
        "type": "Polygon",
        "coordinates": [
          [
            [
              30.0535360938,
              -1.0158858867
            ],
            [
              30.0535282183,
              -1.0074700669
            ],
            [
              30.045167395,
              -1.0074779502
            ],
            [
              30.045183168,
              -1.0243097201
            ],
            [
              30.0535440343,
              -1.0243017059
            ],
            [
              30.0535360938,
              -1.0158858867
            ]
          ]
        ]
      },
      "properties": {
        "country": "Uganda",
        "country_code": "UGA",
        "species_name": "Eucalyptus_camaldulensis_S",
        "genus": "Eucalyptus",
        "species": "camaldulensis_S",
        "suitability_name": "Moderately suitable",
        "suitability_rank": 2,
        "soil_suitability": "S4",
        "soil_type": "Lithosols",
        "soil_description": "Not differentiated",
        "site_class": null,
        "maz": "I",
        "maz_zone": null,
        "tz": "4",
        "frost_risk": null,
        "source_layer": "SWIFT_SSMT_Uganda"
      }
    },
    {
      "type": "Feature",
      "geometry": {
        "type": "Polygon",
        "coordinates": [
          [
            [
              30.2207772558,
              -0.2584189055
            ],
            [
              30.222164756,
              -0.2399205421
            ],
            [
              30.2221631996,
              -0.2331751187
            ],
            [
              30.2202622665,
              -0.2331755564
            ],
            [
              30.2202642147,
              -0.2415900496
            ],
            [
              30.211905942,
              -0.2415920432
            ],
            [
              30.2119079543,
              -0.2500066058
            ],
            [
              30.2202662317,
              -0.250004543
            ],
            [
              30.2202683184,
              -0.2584190358
            ],
            [
              30.2207772558,
              -0.2584189055
            ]
          ]
        ]
      },
      "properties": {
        "country": "Uganda",
        "country_code": "UGA",
        "species_name": "Eucalyptus_camaldulensis_S",
        "genus": "Eucalyptus",
        "species": "camaldulensis_S",
        "suitability_name": "Moderately suitable",
        "suitability_rank": 2,
        "soil_suitability": "S4",
        "soil_type": "Lithosols",
        "soil_description": "Not differentiated",
        "site_class": null,
        "maz": "I",
        "maz_zone": null,
        "tz": "4",
        "frost_risk": null,
        "source_layer": "SWIFT_SSMT_Uganda"
      }
    },
    {
      "type": "Feature",
      "geometry": {
        "type": "Polygon",
        "coordinates": [
          [
            [
              30.0535204088,
              -0.9990542473
            ],
            [
              30.0618811458,
              -0.999046409
            ],
            [
              30.0618733804,
              -0.9906306544
            ],
            [
              30.0535126652,
              -0.9906384272
            ],
            [
              30.0535204088,
              -0.9990542473
            ]
          ]
        ]
      },
      "properties": {
        "country": "Uganda",
        "country_code": "UGA",
        "species_name": "Eucalyptus_camaldulensis_S",
        "genus": "Eucalyptus",
        "species": "camaldulensis_S",
        "suitability_name": "Moderately suitable",
        "suitability_rank": 2,
        "soil_suitability": "S4",
        "soil_type": "Lithosols",
        "soil_description": "Not differentiated",
        "site_class": null,
        "maz": "II",
        "maz_zone": null,
        "tz": "5",
        "frost_risk": null,
        "source_layer": "SWIFT_SSMT_Uganda"
      }
    },
    {
      "type": "Feature",
      "geometry": {
        "type": "Polygon",
        "coordinates": [
          [
            [
              29.8527535514,
              -0.8889755348
            ],
            [
              29.8527477523,
              -0.8813930005
            ],
            [
              29.8467197778,
              -0.8813976472
            ],
            [
              29.8465773306,
              -0.8838968124
            ],
            [
              29.8527535514,
              -0.8889755348
            ]
          ]
        ]
      },
      "properties": {
        "country": "Uganda",
        "country_code": "UGA",
        "species_name": "Eucalyptus_camaldulensis_S",
        "genus": "Eucalyptus",
        "species": "camaldulensis_S",
        "suitability_name": "Moderately suitable",
        "suitability_rank": 2,
        "soil_suitability": "S4",
        "soil_type": "Lithosols",
        "soil_description": "Not differentiated",
        "site_class": null,
        "maz": "I",
        "maz_zone": null,
        "tz": "5",
        "frost_risk": null,
        "source_layer": "SWIFT_SSMT_Uganda"
      }
    },
    {
      "type": "Feature",
      "geometry": {
        "type": "Polygon",
        "coordinates": [
          [
            [
              29.8611197659,
              -0.8944269208
            ],
            [
              29.8611161907,
              -0.8898038349
            ],
            [
              29.8537678244,
              -0.8898095682
            ],
            [
              29.8570342301,
              -0.8924955073
            ],
            [
              29.8611197659,
              -0.8944269208
            ]
          ]
        ]
      },
      "properties": {
        "country": "Uganda",
        "country_code": "UGA",
        "species_name": "Eucalyptus_camaldulensis_S",
        "genus": "Eucalyptus",
        "species": "camaldulensis_S",
        "suitability_name": "Moderately suitable",
        "suitability_rank": 2,
        "soil_suitability": "S4",
        "soil_type": "Lithosols",
        "soil_description": "Not differentiated",
        "site_class": null,
        "maz": "I",
        "maz_zone": null,
        "tz": "5",
        "frost_risk": null,
        "source_layer": "SWIFT_SSMT_Uganda"
      }
    },
    {
      "type": "Feature",
      "geometry": {
        "type": "Polygon",
        "coordinates": [
          [
            [
              30.011700537,
              -0.9822608234
            ],
            [
              30.0117157481,
              -0.9990931195
            ],
            [
              29.9782708559,
              -0.9991238327
            ],
            [
              29.9782784736,
              -1.007540239
            ],
            [
              29.9531940687,
              -1.0075632413
            ],
            [
              29.9531704082,
              -0.9809583789
            ],
            [
              29.9459331164,
              -0.9823108098
            ],
            [
              29.9459411151,
              -0.9913950182
            ],
            [
              29.9397747422,
              -1.0009629253
            ],
            [
              29.9307566881,
              -1.0086210272
            ],
            [
              29.9293372766,
              -1.0148379214
            ],
            [
              29.929341591,
              -1.0196191558
            ],
            [
              29.9340972186,
              -1.0258303753
            ],
            [
              29.9421717119,
              -1.0253447882
            ],
            [
              29.9592691729,
              -1.0229383601
            ],
            [
              29.9725634441,
              -1.0171887227
            ],
            [
              29.9901344781,
              -1.0138256884
            ],
            [
              30.0077127146,
              -1.018590182
            ],
            [
              30.028141828,
              -1.0247859577
            ],
            [
              30.0490501796,
              -1.0357616148
            ],
            [
              30.0628342322,
              -1.0467437198
            ],
            [
              30.0699747927,
              -1.0634688472
            ],
            [
              30.0718869382,
              -1.075896514
            ],
            [
              30.0744670141,
              -1.0495285332
            ],
            [
              30.0702899161,
              -1.0495326663
            ],
            [
              30.0702655696,
              -1.0242856104
            ],
            [
              30.0619048346,
              -1.0242936691
            ],
            [
              30.0618968725,
              -1.0158779163
            ],
            [
              30.0535360938,
              -1.0158858867
            ],
            [
              30.0535440343,
              -1.0243017059
            ],
            [
              30.045183168,
              -1.0243097201
            ],
            [
              30.045167395,
              -1.0074779502
            ],
            [
              30.0535282183,
              -1.0074700669
            ],
            [
              30.0535204088,
              -0.9990542473
            ],
            [
              30.0535126652,
              -0.9906384272
            ],
            [
              30.0535049868,
              -0.9822226064
            ],
            [
              30.011700537,
              -0.9822608234
            ]
          ]
        ]
      },
      "properties": {
        "country": "Uganda",
        "country_code": "UGA",
        "species_name": "Eucalyptus_camaldulensis_S",
        "genus": "Eucalyptus",
        "species": "camaldulensis_S",
        "suitability_name": "Moderately suitable",
        "suitability_rank": 2,
        "soil_suitability": "S4",
        "soil_type": "Lithosols",
        "soil_description": "Not differentiated",
        "site_class": null,
        "maz": "I",
        "maz_zone": null,
        "tz": "5",
        "frost_risk": null,
        "source_layer": "SWIFT_SSMT_Uganda"
      }
    }
  ]
}
