{
  "type": "FeatureCollection",
  "features": [
    {
      "type": "Feature",
      "geometry": {
        "type": "Polygon",
        "coordinates": [
          [
            [
              34.3184347647,
              0.6920554856
            ],
            [
              34.3184224592,
              0.7044683649
            ],
            [
              34.3146381147,
              0.7044645275
            ],
            [
              34.3105152505,
              0.6931481382
            ],
            [
              34.3184347647,
              0.6920554856
            ]
          ]
        ]
      },
      "properties": {
        "country": "Kenya",
        "country_code": "KEN",
        "species_name": "Gmelina_arborea",
        "genus": "Gmelina",
        "species": "arborea",
        "suitability_name": "Very suitable",
        "suitability_rank": 1,
        "soil_suitability": "S1",
        "soil_type": "Um2",
        "soil_description": null,
        "site_class": "2-II-Um2",
        "maz": "II",
        "maz_zone": "Sub-humid",
        "tz": null,
        "frost_risk": "None",
        "source_layer": "KCFP_SSMT_Kenya"
      }
    },
    {
      "type": "Feature",
      "geometry": {
        "type": "Polygon",
        "coordinates": [
          [
            [
              34.426062543,
              0.8549722282
            ],
            [
              34.4261519656,
              0.8549723357
            ],
            [
              34.4261519403,
              0.8549936892
            ],
            [
              34.4260836383,
              0.854993608
            ],
            [
              34.426062543,
              0.8549722282
            ]
          ]
        ]
      },
      "properties": {
        "country": "Kenya",
        "country_code": "KEN",
        "species_name": "Gmelina_arborea",
        "genus": "Gmelina",
        "species": "arborea",
        "suitability_name": "Very suitable",
        "suitability_rank": 1,
        "soil_suitability": "S2",
        "soil_type": "Uh2",
        "soil_description": null,
        "site_class": "2-I-Uh2",
        "maz": "I",
        "maz_zone": "Humid",
        "tz": null,
        "frost_risk": "None",
        "source_layer": "KCFP_SSMT_Kenya"
      }
    },
    {
      "type": "Feature",
      "geometry": {
        "type": "Polygon",
        "coordinates": [
          [
            [
              34.4178084084,
              0.8466070645
            ],
            [
              34.4178615672,
              0.8466071279
            ],
            [
              34.4178615421,
              0.8466284496
            ],
            [
              34.4178294723,
              0.8466284113
            ],
            [
              34.4178084084,
              0.8466070645
            ]
          ]
        ]
      },
      "properties": {
        "country": "Kenya",
        "country_code": "KEN",
        "species_name": "Gmelina_arborea",
        "genus": "Gmelina",
        "species": "arborea",
        "suitability_name": "Very suitable",
        "suitability_rank": 1,
        "soil_suitability": "S2",
        "soil_type": "Uh2",
        "soil_description": null,
        "site_class": "2-I-Uh2",
        "maz": "I",
        "maz_zone": "Humid",
        "tz": null,
        "frost_risk": "None",
        "source_layer": "KCFP_SSMT_Kenya"
      }
    },
    {
      "type": "Feature",
      "geometry": {
        "type": "Polygon",
        "coordinates": [
          [
            [
              34.409554309,
              0.8382420772
            ],
            [
              34.4095712042,
              0.8382420963
            ],
            [
              34.4095711842,
              0.8382591792
            ],
            [
              34.409554309,
              0.8382420772
            ]
          ]
        ]
      },
      "properties": {
        "country": "Kenya",
        "country_code": "KEN",
        "species_name": "Gmelina_arborea",
        "genus": "Gmelina",
        "species": "arborea",
        "suitability_name": "Very suitable",
        "suitability_rank": 1,
        "soil_suitability": "S2",
        "soil_type": "Uh2",
        "soil_description": null,
        "site_class": "2-I-Uh2",
        "maz": "I",
        "maz_zone": "Humid",
        "tz": null,
        "frost_risk": "None",
        "source_layer": "KCFP_SSMT_Kenya"
      }
    },
    {
      "type": "Feature",
      "geometry": {
        "type": "Polygon",
        "coordinates": [
          [
            [
              34.3351366106,
              0.5759303757
            ],
            [
              34.3331956063,
              0.574161321
            ],
            [
              34.322363301,
              0.6059959479
            ],
            [
              34.3052962087,
              0.6186963222
            ],
            [
              34.3017356707,
              0.6069081638
            ],
            [
              34.3134296573,
              0.5923953445
            ],
            [
              34.3134449061,
              0.5842335767
            ],
            [
              34.2999810164,
              0.5860511767
            ],
            [
              34.3044809261,
              0.5768906899
            ],
            [
              34.3009152476,
              0.5687301424
            ],
            [
              34.2819823883,
              0.6132609541
            ],
            [
              34.2748224055,
              0.6078218232
            ],
            [
              34.2775410846,
              0.5942189048
            ],
            [
              34.2614131164,
              0.5851552994
            ],
            [
              34.2551498865,
              0.5851570545
            ],
            [
              34.2416404408,
              0.6051097283
            ],
            [
              34.2290741813,
              0.6123668498
            ],
            [
              34.2237320597,
              0.5915129671
            ],
            [
              34.2138412579,
              0.6051165569
            ],
            [
              34.2084698301,
              0.6014909596
            ],
            [
              34.2103072809,
              0.5806357754
            ],
            [
              34.18338725,
              0.5924301879
            ],
            [
              34.1807395514,
              0.567859617
            ],
            [
              34.1681723477,
              0.5779273182
            ],
            [
              34.1627914394,
              0.5752088009
            ],
            [
              34.1601445668,
              0.5533590122
            ],
            [
              34.1754399821,
              0.5297805471
            ],
            [
              34.1745620512,
              0.52434077
            ],
            [
              34.1655927904,
              0.5234372749
            ],
            [
              34.1682856079,
              0.5170896175
            ],
            [
              34.1638179068,
              0.5125579137
            ],
            [
              34.1557399655,
              0.5180008292
            ],
            [
              34.1539001755,
              0.540667806
            ],
            [
              34.1458077947,
              0.5506435041
            ],
            [
              34.1279492205,
              0.5143843244
            ],
            [
              34.1297413264,
              0.5125704356
            ],
            [
              34.1521777088,
              0.5016824081
            ],
            [
              34.1746039544,
              0.4989537053
            ],
            [
              34.1835872674,
              0.4934193534
            ],
            [
              34.181804036,
              0.4843531675
            ],
            [
              34.1575809119,
              0.4943364008
            ],
            [
              34.1441663649,
              0.478928825
            ],
            [
              34.1594273124,
              0.4662292007
            ],
            [
              34.1775591558,
              0.4701950125
            ],
            [
              34.1775589749,
              0.4704579476
            ],
            [
              34.178765141,
              0.4704587887
            ],
            [
              34.1941502816,
              0.4738238896
            ],
            [
              34.1941468121,
              0.4788220412
            ],
            [
              34.210740854,
              0.4788337589
            ],
            [
              34.2107349935,
              0.487186504
            ],
            [
              34.2190321766,
              0.4871924497
            ],
            [
              34.2190262249,
              0.4955452964
            ],
            [
              34.2273235194,
              0.4955513337
            ],
            [
              34.2273050882,
              0.5206101784
            ],
            [
              34.2107105369,
              0.5205974815
            ],
            [
              34.2107054069,
              0.5273385694
            ],
            [
              34.2095233034,
              0.5261417275
            ],
            [
              34.2014509597,
              0.5288647565
            ],
            [
              34.1978375197,
              0.5433734072
            ],
            [
              34.202392849,
              0.5470638804
            ],
            [
              34.202387291,
              0.5540016822
            ],
            [
              34.2109650484,
              0.554008683
            ],
            [
              34.2112625425,
              0.5542497021
            ],
            [
              34.2115798706,
              0.5540091853
            ],
            [
              34.2189817293,
              0.5540152163
            ],
            [
              34.2189681067,
              0.5707209047
            ],
            [
              34.2272655003,
              0.5707278569
            ],
            [
              34.2272585496,
              0.5790808033
            ],
            [
              34.2604491837,
              0.5791089008
            ],
            [
              34.2604560874,
              0.5707555509
            ],
            [
              34.285350081,
              0.5707761951
            ],
            [
              34.285356849,
              0.5624225418
            ],
            [
              34.3185501896,
              0.5624494984
            ],
            [
              34.3185434681,
              0.5708035521
            ],
            [
              34.3351407582,
              0.5708171592
            ],
            [
              34.3351366106,
              0.5759303757
            ]
          ]
        ]
      },
      "properties": {
        "country": "Kenya",
        "country_code": "KEN",
        "species_name": "Gmelina_arborea",
        "genus": "Gmelina",
        "species": "arborea",
        "suitability_name": "Very suitable",
        "suitability_rank": 1,
        "soil_suitability": "S2",
        "soil_type": "Ul11",
        "soil_description": null,
        "site_class": "2-I-Ul11",
        "maz": "I",
        "maz_zone": "Humid",
        "tz": null,
        "frost_risk": "None",
        "source_layer": "KCFP_SSMT_Kenya"
      }
    },
    {
      "type": "Feature",
      "geometry": {
        "type": "Polygon",
        "coordinates": [
          [
            [
              34.3600220628,
              0.5896613303
            ],
            [
              34.3502050673,
              0.5896641923
            ],
            [
              34.3386958945,
              0.5791743684
            ],
            [
              34.3517316706,
              0.5791851704
            ],
            [
              34.3517248004,
              0.587539621
            ],
            [
              34.3600238143,
              0.5875465797
            ],
            [
              34.3600220628,
              0.5896613303
            ]
          ]
        ]
      },
      "properties": {
        "country": "Kenya",
        "country_code": "KEN",
        "species_name": "Gmelina_arborea",
        "genus": "Gmelina",
        "species": "arborea",
        "suitability_name": "Very suitable",
        "suitability_rank": 1,
        "soil_suitability": "S2",
        "soil_type": "Ul11",
        "soil_description": null,
        "site_class": "2-I-Ul11",
        "maz": "I",
        "maz_zone": "Humid",
        "tz": null,
        "frost_risk": "None",
        "source_layer": "KCFP_SSMT_Kenya"
      }
    },
    {
      "type": "Feature",
      "geometry": {
        "type": "Polygon",
        "coordinates": [
          [
            [
              34.376714692,
              0.4617364348
            ],
            [
              34.3776226754,
              0.4622398215
            ],
            [
              34.3767143663,
              0.462239225
            ],
            [
              34.376714692,
              0.4617364348
            ]
          ]
        ]
      },
      "properties": {
        "country": "Kenya",
        "country_code": "KEN",
        "species_name": "Gmelina_arborea",
        "genus": "Gmelina",
        "species": "arborea",
        "suitability_name": "Very suitable",
        "suitability_rank": 1,
        "soil_suitability": "S2",
        "soil_type": "Ul11",
        "soil_description": null,
        "site_class": "2-I-Ul11",
        "maz": "I",
        "maz_zone": "Humid",
        "tz": null,
        "frost_risk": "None",
        "source_layer": "KCFP_SSMT_Kenya"
      }
    },
    {
      "type": "Feature",
      "geometry": {
        "type": "Polygon",
        "coordinates": [
          [
            [
              34.3019616549,
              0.5519366656
            ],
            [
              34.3072278421,
              0.552404786
            ],
            [
              34.3091286279,
              0.5540879202
            ],
            [
              34.3019599644,
              0.5540821891
            ],
            [
              34.3019616549,
              0.5519366656
            ]
          ]
        ]
      },
      "properties": {
        "country": "Kenya",
        "country_code": "KEN",
        "species_name": "Gmelina_arborea",
        "genus": "Gmelina",
        "species": "arborea",
        "suitability_name": "Very suitable",
        "suitability_rank": 1,
        "soil_suitability": "S2",
        "soil_type": "Ul11",
        "soil_description": null,
        "site_class": "2-I-Ul11",
        "maz": "I",
        "maz_zone": "Humid",
        "tz": null,
        "frost_risk": "None",
        "source_layer": "KCFP_SSMT_Kenya"
      }
    },
    {
      "type": "Feature",
      "geometry": {
        "type": "Polygon",
        "coordinates": [
          [
            [
              34.3214717079,
              0.5290354839
            ],
            [
              34.3185760805,
              0.5290332805
            ],
            [
              34.3185633337,
              0.5457413901
            ],
            [
              34.3164621451,
              0.5457397398
            ],
            [
              34.2831141126,
              0.4997263908
            ],
            [
              34.2786495988,
              0.4915668482
            ],
            [
              34.2849303722,
              0.4888437364
            ],
            [
              34.2974598967,
              0.4997205251
            ],
            [
              34.3214717079,
              0.5290354839
            ]
          ]
        ]
      },
      "properties": {
        "country": "Kenya",
        "country_code": "KEN",
        "species_name": "Gmelina_arborea",
        "genus": "Gmelina",
        "species": "arborea",
        "suitability_name": "Very suitable",
        "suitability_rank": 1,
        "soil_suitability": "S2",
        "soil_type": "Ul11",
        "soil_description": null,
        "site_class": "2-I-Ul11",
        "maz": "I",
        "maz_zone": "Humid",
        "tz": null,
        "frost_risk": "None",
        "source_layer": "KCFP_SSMT_Kenya"
      }
    },
    {
      "type": "Feature",
      "geometry": {
        "type": "Polygon",
        "coordinates": [
          [
            [
              34.3351958731,
              0.4979109264
            ],
            [
              34.335185564,
              0.5123373827
            ],
            [
              34.3434842779,
              0.512343474
            ],
            [
              34.343478184,
              0.5206978271
            ],
            [
              34.3517770072,
              0.5207040059
            ],
            [
              34.3517645459,
              0.5374129113
            ],
            [
              34.3515181257,
              0.5374127221
            ],
            [
              34.301971985,
              0.4915570379
            ],
            [
              34.308252959,
              0.4888338111
            ],
            [
              34.3351958731,
              0.4979109264
            ]
          ]
        ]
      },
      "properties": {
        "country": "Kenya",
        "country_code": "KEN",
        "species_name": "Gmelina_arborea",
        "genus": "Gmelina",
        "species": "arborea",
        "suitability_name": "Very suitable",
        "suitability_rank": 1,
        "soil_suitability": "S2",
        "soil_type": "Ul11",
        "soil_description": null,
        "site_class": "2-I-Ul11",
        "maz": "I",
        "maz_zone": "Humid",
        "tz": null,
        "frost_risk": "None",
        "source_layer": "KCFP_SSMT_Kenya"
      }
    },
    {
      "type": "Feature",
      "geometry": {
        "type": "Polygon",
        "coordinates": [
          [
            [
              34.2853875941,
              0.5227956929
            ],
            [
              34.2866537147,
              0.5233931652
            ],
            [
              34.2853846196,
              0.5267597447
            ],
            [
              34.2853875941,
              0.5227956929
            ]
          ]
        ]
      },
      "properties": {
        "country": "Kenya",
        "country_code": "KEN",
        "species_name": "Gmelina_arborea",
        "genus": "Gmelina",
        "species": "arborea",
        "suitability_name": "Very suitable",
        "suitability_rank": 1,
        "soil_suitability": "S2",
        "soil_type": "Ul11",
        "soil_description": null,
        "site_class": "2-I-Ul11",
        "maz": "I",
        "maz_zone": "Humid",
        "tz": null,
        "frost_risk": "None",
        "source_layer": "KCFP_SSMT_Kenya"
      }
    },
    {
      "type": "Feature",
      "geometry": {
        "type": "Polygon",
        "coordinates": [
          [
            [
              34.2770924763,
              0.5188813181
            ],
            [
              34.2808423521,
              0.5206508377
            ],
            [
              34.2770911619,
              0.5206480037
            ],
            [
              34.2770924763,
              0.5188813181
            ]
          ]
        ]
      },
      "properties": {
        "country": "Kenya",
        "country_code": "KEN",
        "species_name": "Gmelina_arborea",
        "genus": "Gmelina",
        "species": "arborea",
        "suitability_name": "Very suitable",
        "suitability_rank": 1,
        "soil_suitability": "S2",
        "soil_type": "Ul11",
        "soil_description": null,
        "site_class": "2-I-Ul11",
        "maz": "I",
        "maz_zone": "Humid",
        "tz": null,
        "frost_risk": "None",
        "source_layer": "KCFP_SSMT_Kenya"
      }
    },
    {
      "type": "Feature",
      "geometry": {
        "type": "Polygon",
        "coordinates": [
          [
            [
              34.3841331197,
              0.5040183072
            ],
            [
              34.3849852645,
              0.5040189155
            ],
            [
              34.3849793223,
              0.5123737638
            ],
            [
              34.3834848014,
              0.5123726775
            ],
            [
              34.3841331197,
              0.5040183072
            ]
          ]
        ]
      },
      "properties": {
        "country": "Kenya",
        "country_code": "KEN",
        "species_name": "Gmelina_arborea",
        "genus": "Gmelina",
        "species": "arborea",
        "suitability_name": "Very suitable",
        "suitability_rank": 1,
        "soil_suitability": "S2",
        "soil_type": "Ul11",
        "soil_description": null,
        "site_class": "2-I-Ul11",
        "maz": "I",
        "maz_zone": "Humid",
        "tz": null,
        "frost_risk": "None",
        "source_layer": "KCFP_SSMT_Kenya"
      }
    },
    {
      "type": "Feature",
      "geometry": {
        "type": "Polygon",
        "coordinates": [
          [
            [
              34.2522272402,
              0.4795716257
            ],
            [
              34.265202843,
              0.4861316645
            ],
            [
              34.2615979513,
              0.4988283333
            ],
            [
              34.267866549,
              0.5015461983
            ],
            [
              34.2715713481,
              0.5122903381
            ],
            [
              34.260501604,
              0.5122820866
            ],
            [
              34.260513705,
              0.4955753789
            ],
            [
              34.2522160084,
              0.4955693841
            ],
            [
              34.2522272402,
              0.4795716257
            ]
          ]
        ]
      },
      "properties": {
        "country": "Kenya",
        "country_code": "KEN",
        "species_name": "Gmelina_arborea",
        "genus": "Gmelina",
        "species": "arborea",
        "suitability_name": "Very suitable",
        "suitability_rank": 1,
        "soil_suitability": "S2",
        "soil_type": "Ul11",
        "soil_description": null,
        "site_class": "2-I-Ul11",
        "maz": "I",
        "maz_zone": "Humid",
        "tz": null,
        "frost_risk": "None",
        "source_layer": "KCFP_SSMT_Kenya"
      }
    },
    {
      "type": "Feature",
      "geometry": {
        "type": "Polygon",
        "coordinates": [
          [
            [
              34.3670365494,
              0.49565142
            ],
            [
              34.3638446562,
              0.4969721731
            ],
            [
              34.3618808668,
              0.4956477793
            ],
            [
              34.3670365494,
              0.49565142
            ]
          ]
        ]
      },
      "properties": {
        "country": "Kenya",
        "country_code": "KEN",
        "species_name": "Gmelina_arborea",
        "genus": "Gmelina",
        "species": "arborea",
        "suitability_name": "Very suitable",
        "suitability_rank": 1,
        "soil_suitability": "S2",
        "soil_type": "Ul11",
        "soil_description": null,
        "site_class": "2-I-Ul11",
        "maz": "I",
        "maz_zone": "Humid",
        "tz": null,
        "frost_risk": "None",
        "source_layer": "KCFP_SSMT_Kenya"
      }
    },
    {
      "type": "Feature",
      "geometry": {
        "type": "Polygon",
        "coordinates": [
          [
            [
              34.356627471,
              0.4872895499
            ],
            [
              34.3600996286,
              0.4872919635
            ],
            [
              34.3600946892,
              0.494443173
            ],
            [
              34.355781102,
              0.4915340826
            ],
            [
              34.356627471,
              0.4872895499
            ]
          ]
        ]
      },
      "properties": {
        "country": "Kenya",
        "country_code": "KEN",
        "species_name": "Gmelina_arborea",
        "genus": "Gmelina",
        "species": "arborea",
        "suitability_name": "Very suitable",
        "suitability_rank": 1,
        "soil_suitability": "S2",
        "soil_type": "Ul11",
        "soil_description": null,
        "site_class": "2-I-Ul11",
        "maz": "I",
        "maz_zone": "Humid",
        "tz": null,
        "frost_risk": "None",
        "source_layer": "KCFP_SSMT_Kenya"
      }
    },
    {
      "type": "Feature",
      "geometry": {
        "type": "Polygon",
        "coordinates": [
          [
            [
              34.2416947148,
              0.4454429933
            ],
            [
              34.2419707323,
              0.4417097585
            ],
            [
              34.2446742805,
              0.4371745756
            ],
            [
              34.249152594,
              0.4407994869
            ],
            [
              34.2508651304,
              0.478861925
            ],
            [
              34.2439301517,
              0.4788570737
            ],
            [
              34.2439524271,
              0.4454444638
            ],
            [
              34.2416947148,
              0.4454429933
            ]
          ]
        ]
      },
      "properties": {
        "country": "Kenya",
        "country_code": "KEN",
        "species_name": "Gmelina_arborea",
        "genus": "Gmelina",
        "species": "arborea",
        "suitability_name": "Very suitable",
        "suitability_rank": 1,
        "soil_suitability": "S2",
        "soil_type": "Ul11",
        "soil_description": null,
        "site_class": "2-I-Ul11",
        "maz": "I",
        "maz_zone": "Humid",
        "tz": null,
        "frost_risk": "None",
        "source_layer": "KCFP_SSMT_Kenya"
      }
    },
    {
      "type": "Feature",
      "geometry": {
        "type": "Polygon",
        "coordinates": [
          [
            [
              34.2921312892,
              0.4743313108
            ],
            [
              34.2831565797,
              0.4752421293
            ],
            [
              34.2688349298,
              0.4625531854
            ],
            [
              34.2635014414,
              0.4389788747
            ],
            [
              34.2456049894,
              0.4180411645
            ],
            [
              34.2546653374,
              0.4036849957
            ],
            [
              34.2688707878,
              0.4036933477
            ],
            [
              34.2688755765,
              0.3953398902
            ],
            [
              34.2741748141,
              0.3953429351
            ],
            [
              34.2743328596,
              0.3998899012
            ],
            [
              34.2851088499,
              0.3926293466
            ],
            [
              34.2854732985,
              0.3917098661
            ],
            [
              34.285456635,
              0.4204103902
            ],
            [
              34.3020527584,
              0.420420483
            ],
            [
              34.3020577118,
              0.4120666242
            ],
            [
              34.3186542164,
              0.4120764819
            ],
            [
              34.3186590534,
              0.4037224229
            ],
            [
              34.3269574464,
              0.4037272392
            ],
            [
              34.3269668084,
              0.3870189213
            ],
            [
              34.3435638562,
              0.3870281307
            ],
            [
              34.3435532997,
              0.405884086
            ],
            [
              34.3209434749,
              0.4125603371
            ],
            [
              34.3092915131,
              0.4125665996
            ],
            [
              34.2877192748,
              0.4380600756
            ],
            [
              34.2872004454,
              0.4454724991
            ],
            [
              34.2854411204,
              0.4454713636
            ],
            [
              34.2854247096,
              0.4705323348
            ],
            [
              34.2897510058,
              0.4705352833
            ],
            [
              34.2921312892,
              0.4743313108
            ]
          ]
        ]
      },
      "properties": {
        "country": "Kenya",
        "country_code": "KEN",
        "species_name": "Gmelina_arborea",
        "genus": "Gmelina",
        "species": "arborea",
        "suitability_name": "Very suitable",
        "suitability_rank": 1,
        "soil_suitability": "S2",
        "soil_type": "Ul11",
        "soil_description": null,
        "site_class": "2-I-Ul11",
        "maz": "I",
        "maz_zone": "Humid",
        "tz": null,
        "frost_risk": "None",
        "source_layer": "KCFP_SSMT_Kenya"
      }
    },
    {
      "type": "Feature",
      "geometry": {
        "type": "Polygon",
        "coordinates": [
          [
            [
              34.3184347647,
              0.6920554856
            ],
            [
              34.3105152505,
              0.6931481382
            ],
            [
              34.3081666701,
              0.6877708003
            ],
            [
              34.3184389519,
              0.6877809768
            ],
            [
              34.3184347647,
              0.6920554856
            ]
          ]
        ]
      },
      "properties": {
        "country": "Kenya",
        "country_code": "KEN",
        "species_name": "Gmelina_arborea",
        "genus": "Gmelina",
        "species": "arborea",
        "suitability_name": "Very suitable",
        "suitability_rank": 1,
        "soil_suitability": "S1",
        "soil_type": "Um10",
        "soil_description": null,
        "site_class": "2-II-Um10",
        "maz": "II",
        "maz_zone": "Sub-humid",
        "tz": null,
        "frost_risk": "None",
        "source_layer": "KCFP_SSMT_Kenya"
      }
    },
    {
      "type": "Feature",
      "geometry": {
        "type": "Polygon",
        "coordinates": [
          [
            [
              34.2861066932,
              0.6543340742
            ],
            [
              34.2935766877,
              0.6543411502
            ],
            [
              34.2935688354,
              0.6626949316
            ],
            [
              34.2886216825,
              0.6626901868
            ],
            [
              34.2861066932,
              0.6543340742
            ]
          ]
        ]
      },
      "properties": {
        "country": "Kenya",
        "country_code": "KEN",
        "species_name": "Gmelina_arborea",
        "genus": "Gmelina",
        "species": "arborea",
        "suitability_name": "Very suitable",
        "suitability_rank": 1,
        "soil_suitability": "S2",
        "soil_type": "Ul11",
        "soil_description": null,
        "site_class": "2-II-Ul11",
        "maz": "II",
        "maz_zone": "Sub-humid",
        "tz": null,
        "frost_risk": "None",
        "source_layer": "KCFP_SSMT_Kenya"
      }
    },
    {
      "type": "Feature",
      "geometry": {
        "type": "Polygon",
        "coordinates": [
          [
            [
              34.2852907442,
              0.6409280384
            ],
            [
              34.285280892,
              0.6515904011
            ],
            [
              34.2819323966,
              0.6404656078
            ],
            [
              34.2852907442,
              0.6409280384
            ]
          ]
        ]
      },
      "properties": {
        "country": "Kenya",
        "country_code": "KEN",
        "species_name": "Gmelina_arborea",
        "genus": "Gmelina",
        "species": "arborea",
        "suitability_name": "Very suitable",
        "suitability_rank": 1,
        "soil_suitability": "S2",
        "soil_type": "Ul11",
        "soil_description": null,
        "site_class": "2-II-Ul11",
        "maz": "II",
        "maz_zone": "Sub-humid",
        "tz": null,
        "frost_risk": "None",
        "source_layer": "KCFP_SSMT_Kenya"
      }
    },
    {
      "type": "Feature",
      "geometry": {
        "type": "Polygon",
        "coordinates": [
          [
            [
              34.3018838405,
              0.6449552616
            ],
            [
              34.3020149091,
              0.6459952382
            ],
            [
              34.3018828841,
              0.6459951151
            ],
            [
              34.3018838405,
              0.6449552616
            ]
          ]
        ]
      },
      "properties": {
        "country": "Kenya",
        "country_code": "KEN",
        "species_name": "Gmelina_arborea",
        "genus": "Gmelina",
        "species": "arborea",
        "suitability_name": "Very suitable",
        "suitability_rank": 1,
        "soil_suitability": "S2",
        "soil_type": "Ul11",
        "soil_description": null,
        "site_class": "2-II-Ul11",
        "maz": "II",
        "maz_zone": "Sub-humid",
        "tz": null,
        "frost_risk": "None",
        "source_layer": "KCFP_SSMT_Kenya"
      }
    },
    {
      "type": "Feature",
      "geometry": {
        "type": "Polygon",
        "coordinates": [
          [
            [
              34.3101470632,
              0.6807963435
            ],
            [
              34.3069507855,
              0.6849869355
            ],
            [
              34.2890557494,
              0.6641324192
            ],
            [
              34.2886216825,
              0.6626901868
            ],
            [
              34.2935688354,
              0.6626949316
            ],
            [
              34.2935766877,
              0.6543411502
            ],
            [
              34.2861066932,
              0.6543340742
            ],
            [
              34.285280892,
              0.6515904011
            ],
            [
              34.2852907442,
              0.6409280384
            ],
            [
              34.3016603608,
              0.6431820666
            ],
            [
              34.3018838405,
              0.6449552616
            ],
            [
              34.3018828841,
              0.6459951151
            ],
            [
              34.3020149091,
              0.6459952382
            ],
            [
              34.3043001639,
              0.6641297686
            ],
            [
              34.3096804926,
              0.6659425355
            ],
            [
              34.3168984641,
              0.6458995203
            ],
            [
              34.3258817535,
              0.638642651
            ],
            [
              34.3232113483,
              0.6286676031
            ],
            [
              34.3277110854,
              0.623225281
            ],
            [
              34.3474132094,
              0.6341034173
            ],
            [
              34.3448661987,
              0.637660104
            ],
            [
              34.343382519,
              0.6376587502
            ],
            [
              34.3433806476,
              0.6397345317
            ],
            [
              34.3357211048,
              0.6504300975
            ],
            [
              34.3213648466,
              0.6559648913
            ],
            [
              34.3249363947,
              0.6614054718
            ],
            [
              34.3112127364,
              0.6793991425
            ],
            [
              34.3101484158,
              0.6793980995
            ],
            [
              34.3101470632,
              0.6807963435
            ]
          ]
        ]
      },
      "properties": {
        "country": "Kenya",
        "country_code": "KEN",
        "species_name": "Gmelina_arborea",
        "genus": "Gmelina",
        "species": "arborea",
        "suitability_name": "Very suitable",
        "suitability_rank": 1,
        "soil_suitability": "S2",
        "soil_type": "Ul11",
        "soil_description": null,
        "site_class": "2-I-Ul11",
        "maz": "I",
        "maz_zone": "Humid",
        "tz": null,
        "frost_risk": "None",
        "source_layer": "KCFP_SSMT_Kenya"
      }
    },
    {
      "type": "Feature",
      "geometry": {
        "type": "Polygon",
        "coordinates": [
          [
            [
              34.3101470632,
              0.6807963435
            ],
            [
              34.3101402933,
              0.6877520492
            ],
            [
              34.3184389519,
              0.6877809768
            ],
            [
              34.3081666701,
              0.6877708003
            ],
            [
              34.3069507855,
              0.6849869355
            ],
            [
              34.3101470632,
              0.6807963435
            ]
          ]
        ]
      },
      "properties": {
        "country": "Kenya",
        "country_code": "KEN",
        "species_name": "Gmelina_arborea",
        "genus": "Gmelina",
        "species": "arborea",
        "suitability_name": "Very suitable",
        "suitability_rank": 1,
        "soil_suitability": "S1",
        "soil_type": "Um10",
        "soil_description": null,
        "site_class": "2-I-Um10",
        "maz": "I",
        "maz_zone": "Humid",
        "tz": null,
        "frost_risk": "None",
        "source_layer": "KCFP_SSMT_Kenya"
      }
    },
    {
      "type": "Feature",
      "geometry": {
        "type": "Polygon",
        "coordinates": [
          [
            [
              34.3267629977,
              0.6613621934
            ],
            [
              34.3267538398,
              0.6710601754
            ],
            [
              34.3184550903,
              0.6710521708
            ],
            [
              34.3184470812,
              0.6794062199
            ],
            [
              34.3112127364,
              0.6793991425
            ],
            [
              34.3249363947,
              0.6614054718
            ],
            [
              34.3267629977,
              0.6613621934
            ]
          ]
        ]
      },
      "properties": {
        "country": "Kenya",
        "country_code": "KEN",
        "species_name": "Gmelina_arborea",
        "genus": "Gmelina",
        "species": "arborea",
        "suitability_name": "Very suitable",
        "suitability_rank": 1,
        "soil_suitability": "S1",
        "soil_type": "Um10",
        "soil_description": null,
        "site_class": "2-I-Um10",
        "maz": "I",
        "maz_zone": "Humid",
        "tz": null,
        "frost_risk": "None",
        "source_layer": "KCFP_SSMT_Kenya"
      }
    },
    {
      "type": "Feature",
      "geometry": {
        "type": "Polygon",
        "coordinates": [
          [
            [
              34.3600115516,
              0.6021961676
            ],
            [
              34.3599953995,
              0.6209647758
            ],
            [
              34.3682945621,
              0.6209721182
            ],
            [
              34.3682858901,
              0.6308349794
            ],
            [
              34.3635754088,
              0.6295650866
            ],
            [
              34.3429713192,
              0.616873312
            ],
            [
              34.3474831244,
              0.6014547687
            ],
            [
              34.3600115516,
              0.6021961676
            ]
          ]
        ]
      },
      "properties": {
        "country": "Kenya",
        "country_code": "KEN",
        "species_name": "Gmelina_arborea",
        "genus": "Gmelina",
        "species": "arborea",
        "suitability_name": "Very suitable",
        "suitability_rank": 1,
        "soil_suitability": "S1",
        "soil_type": "Um10",
        "soil_description": null,
        "site_class": "2-I-Um10",
        "maz": "I",
        "maz_zone": "Humid",
        "tz": null,
        "frost_risk": "None",
        "source_layer": "KCFP_SSMT_Kenya"
      }
    },
    {
      "type": "Feature",
      "geometry": {
        "type": "Polygon",
        "coordinates": [
          [
            [
              37.8111561274,
              0.5977440871
            ],
            [
              37.811156026,
              0.597764506
            ],
            [
              37.8105218769,
              0.5977643678
            ],
            [
              37.8105218813,
              0.5977439488
            ],
            [
              37.8111561274,
              0.5977440871
            ]
          ]
        ]
      },
      "properties": {
        "country": "Kenya",
        "country_code": "KEN",
        "species_name": "Gmelina_arborea",
        "genus": "Gmelina",
        "species": "arborea",
        "suitability_name": "Very suitable",
        "suitability_rank": 1,
        "soil_suitability": "S2",
        "soil_type": "F13",
        "soil_description": null,
        "site_class": "2-II-F13",
        "maz": "II",
        "maz_zone": "Sub-humid",
        "tz": null,
        "frost_risk": "None",
        "source_layer": "KCFP_SSMT_Kenya"
      }
    },
    {
      "type": "Feature",
      "geometry": {
        "type": "Polygon",
        "coordinates": [
          [
            [
              34.1357672523,
              0.4704286757
            ],
            [
              34.1217090394,
              0.4962543915
            ],
            [
              34.1101218217,
              0.4704105882
            ],
            [
              34.1194845462,
              0.4704172026
            ],
            [
              34.1194903108,
              0.4620655908
            ],
            [
              34.1277863398,
              0.4620713364
            ],
            [
              34.1277805849,
              0.4704230529
            ],
            [
              34.1357672523,
              0.4704286757
            ]
          ]
        ]
      },
      "properties": {
        "country": "Kenya",
        "country_code": "KEN",
        "species_name": "Gmelina_arborea",
        "genus": "Gmelina",
        "species": "arborea",
        "suitability_name": "Very suitable",
        "suitability_rank": 1,
        "soil_suitability": "S2",
        "soil_type": "Ul11",
        "soil_description": null,
        "site_class": "2-I-Ul11",
        "maz": "I",
        "maz_zone": "Humid",
        "tz": null,
        "frost_risk": "None",
        "source_layer": "KCFP_SSMT_Kenya"
      }
    },
    {
      "type": "Feature",
      "geometry": {
        "type": "Polygon",
        "coordinates": [
          [
            [
              34.140311553,
              0.4620799937
            ],
            [
              34.1360771208,
              0.469859401
            ],
            [
              34.1360824718,
              0.4620770731
            ],
            [
              34.140311553,
              0.4620799937
            ]
          ]
        ]
      },
      "properties": {
        "country": "Kenya",
        "country_code": "KEN",
        "species_name": "Gmelina_arborea",
        "genus": "Gmelina",
        "species": "arborea",
        "suitability_name": "Very suitable",
        "suitability_rank": 1,
        "soil_suitability": "S2",
        "soil_type": "Ul11",
        "soil_description": null,
        "site_class": "2-I-Ul11",
        "maz": "I",
        "maz_zone": "Humid",
        "tz": null,
        "frost_risk": "None",
        "source_layer": "KCFP_SSMT_Kenya"
      }
    },
    {
      "type": "Feature",
      "geometry": {
        "type": "Polygon",
        "coordinates": [
          [
            [
              34.1105378309,
              0.4286533594
            ],
            [
              34.1029206627,
              0.4286484477
            ],
            [
              34.1029152923,
              0.4369998532
            ],
            [
              34.0951380031,
              0.4369947325
            ],
            [
              34.0940316116,
              0.4345275011
            ],
            [
              34.1012315597,
              0.4153951863
            ],
            [
              34.1105378309,
              0.4286533594
            ]
          ]
        ]
      },
      "properties": {
        "country": "Kenya",
        "country_code": "KEN",
        "species_name": "Gmelina_arborea",
        "genus": "Gmelina",
        "species": "arborea",
        "suitability_name": "Very suitable",
        "suitability_rank": 1,
        "soil_suitability": "S2",
        "soil_type": "Ul11",
        "soil_description": null,
        "site_class": "2-I-Ul11",
        "maz": "I",
        "maz_zone": "Humid",
        "tz": null,
        "frost_risk": "None",
        "source_layer": "KCFP_SSMT_Kenya"
      }
    },
    {
      "type": "Feature",
      "geometry": {
        "type": "Polygon",
        "coordinates": [
          [
            [
              34.3602272049,
              0.2368922725
            ],
            [
              34.3602244519,
              0.2450098257
            ],
            [
              34.3685232093,
              0.2450127227
            ],
            [
              34.3685202852,
              0.2533673814
            ],
            [
              34.3851181025,
              0.253373357
            ],
            [
              34.3851163062,
              0.2583897393
            ],
            [
              34.365169808,
              0.2527351729
            ],
            [
              34.3553255968,
              0.2400458849
            ],
            [
              34.3602272049,
              0.2368922725
            ]
          ]
        ]
      },
      "properties": {
        "country": "Kenya",
        "country_code": "KEN",
        "species_name": "Gmelina_arborea",
        "genus": "Gmelina",
        "species": "arborea",
        "suitability_name": "Very suitable",
        "suitability_rank": 1,
        "soil_suitability": "S2",
        "soil_type": "Ul11",
        "soil_description": null,
        "site_class": "2-I-Ul11",
        "maz": "I",
        "maz_zone": "Humid",
        "tz": null,
        "frost_risk": "None",
        "source_layer": "KCFP_SSMT_Kenya"
      }
    },
    {
      "type": "Feature",
      "geometry": {
        "type": "Polygon",
        "coordinates": [
          [
            [
              34.0864222971,
              0.2449113442
            ],
            [
              34.0864222902,
              0.2449303418
            ],
            [
              34.0864216204,
              0.2449303425
            ],
            [
              34.0864216274,
              0.2449113449
            ],
            [
              34.0864222971,
              0.2449113442
            ]
          ]
        ]
      },
      "properties": {
        "country": "Kenya",
        "country_code": "KEN",
        "species_name": "Gmelina_arborea",
        "genus": "Gmelina",
        "species": "arborea",
        "suitability_name": "Very suitable",
        "suitability_rank": 1,
        "soil_suitability": "S2",
        "soil_type": "Ul16",
        "soil_description": null,
        "site_class": "2-I-Ul16",
        "maz": "I",
        "maz_zone": "Humid",
        "tz": null,
        "frost_risk": "None",
        "source_layer": "KCFP_SSMT_Kenya"
      }
    },
    {
      "type": "Feature",
      "geometry": {
        "type": "Polygon",
        "coordinates": [
          [
            [
              34.0615365549,
              0.2449021141
            ],
            [
              34.0698310913,
              0.2449051966
            ],
            [
              34.0698310853,
              0.2449241928
            ],
            [
              34.0615365488,
              0.244921111
            ],
            [
              34.0615365549,
              0.2449021141
            ]
          ]
        ]
      },
      "properties": {
        "country": "Kenya",
        "country_code": "KEN",
        "species_name": "Gmelina_arborea",
        "genus": "Gmelina",
        "species": "arborea",
        "suitability_name": "Very suitable",
        "suitability_rank": 1,
        "soil_suitability": "S2",
        "soil_type": "Ul16",
        "soil_description": null,
        "site_class": "2-I-Ul16",
        "maz": "I",
        "maz_zone": "Humid",
        "tz": null,
        "frost_risk": "None",
        "source_layer": "KCFP_SSMT_Kenya"
      }
    },
    {
      "type": "Feature",
      "geometry": {
        "type": "Polygon",
        "coordinates": [
          [
            [
              34.0523939191,
              0.2198463973
            ],
            [
              34.0532497028,
              0.2198655836
            ],
            [
              34.0524061687,
              0.2198653015
            ],
            [
              34.0523939191,
              0.2198463973
            ]
          ]
        ]
      },
      "properties": {
        "country": "Kenya",
        "country_code": "KEN",
        "species_name": "Gmelina_arborea",
        "genus": "Gmelina",
        "species": "arborea",
        "suitability_name": "Very suitable",
        "suitability_rank": 1,
        "soil_suitability": "S2",
        "soil_type": "Ul16",
        "soil_description": null,
        "site_class": "2-I-Ul16",
        "maz": "I",
        "maz_zone": "Humid",
        "tz": null,
        "frost_risk": "None",
        "source_layer": "KCFP_SSMT_Kenya"
      }
    },
    {
      "type": "Feature",
      "geometry": {
        "type": "Polygon",
        "coordinates": [
          [
            [
              34.144456358,
              0.3287452864
            ],
            [
              34.144448215,
              0.3451558414
            ],
            [
              34.1693371828,
              0.3451686314
            ],
            [
              34.1693344634,
              0.3505043923
            ],
            [
              34.1524713458,
              0.3490928849
            ],
            [
              34.0946812662,
              0.3301903884
            ],
            [
              34.0946861501,
              0.3200954413
            ],
            [
              34.0863906414,
              0.3200914344
            ],
            [
              34.0863945746,
              0.3117402024
            ],
            [
              34.0946900759,
              0.3117441056
            ],
            [
              34.0946938979,
              0.3033927688
            ],
            [
              34.0863984021,
              0.3033889702
            ],
            [
              34.0864021266,
              0.2950377378
            ],
            [
              34.0946976161,
              0.2950414327
            ],
            [
              34.0947012306,
              0.2866900956
            ],
            [
              34.1112917414,
              0.2866972563
            ],
            [
              34.111280633,
              0.3117326369
            ],
            [
              34.1173540693,
              0.3117354806
            ],
            [
              34.1184532789,
              0.3128493389
            ],
            [
              34.1235677047,
              0.3117383862
            ],
            [
              34.1278722987,
              0.311740397
            ],
            [
              34.1278683985,
              0.3200921177
            ],
            [
              34.13452437,
              0.3200953066
            ],
            [
              34.1354804731,
              0.3228109971
            ],
            [
              34.1361628905,
              0.3232621648
            ],
            [
              34.1361603966,
              0.3284479158
            ],
            [
              34.1440124027,
              0.3284517689
            ],
            [
              34.144456358,
              0.3287452864
            ]
          ]
        ]
      },
      "properties": {
        "country": "Kenya",
        "country_code": "KEN",
        "species_name": "Gmelina_arborea",
        "genus": "Gmelina",
        "species": "arborea",
        "suitability_name": "Very suitable",
        "suitability_rank": 1,
        "soil_suitability": "S2",
        "soil_type": "Ul16",
        "soil_description": null,
        "site_class": "2-I-Ul16",
        "maz": "I",
        "maz_zone": "Humid",
        "tz": null,
        "frost_risk": "None",
        "source_layer": "KCFP_SSMT_Kenya"
      }
    },
    {
      "type": "Feature",
      "geometry": {
        "type": "Polygon",
        "coordinates": [
          [
            [
              34.1030062862,
              0.2616393542
            ],
            [
              34.1029995954,
              0.2783231102
            ],
            [
              34.1112952412,
              0.2783457104
            ],
            [
              34.0947047412,
              0.2783387583
            ],
            [
              34.0947114512,
              0.2616360842
            ],
            [
              34.1030062862,
              0.2616393542
            ]
          ]
        ]
      },
      "properties": {
        "country": "Kenya",
        "country_code": "KEN",
        "species_name": "Gmelina_arborea",
        "genus": "Gmelina",
        "species": "arborea",
        "suitability_name": "Very suitable",
        "suitability_rank": 1,
        "soil_suitability": "S2",
        "soil_type": "Ul16",
        "soil_description": null,
        "site_class": "2-I-Ul16",
        "maz": "I",
        "maz_zone": "Humid",
        "tz": null,
        "frost_risk": "None",
        "source_layer": "KCFP_SSMT_Kenya"
      }
    },
    {
      "type": "Feature",
      "geometry": {
        "type": "Polygon",
        "coordinates": [
          [
            [
              34.1030133117,
              0.2449174729
            ],
            [
              34.1113082084,
              0.2449205288
            ],
            [
              34.1113082015,
              0.2449395262
            ],
            [
              34.1030133056,
              0.2449364701
            ],
            [
              34.1030133117,
              0.2449174729
            ]
          ]
        ]
      },
      "properties": {
        "country": "Kenya",
        "country_code": "KEN",
        "species_name": "Gmelina_arborea",
        "genus": "Gmelina",
        "species": "arborea",
        "suitability_name": "Very suitable",
        "suitability_rank": 1,
        "soil_suitability": "S2",
        "soil_type": "Ul16",
        "soil_description": null,
        "site_class": "2-I-Ul16",
        "maz": "I",
        "maz_zone": "Humid",
        "tz": null,
        "frost_risk": "None",
        "source_layer": "KCFP_SSMT_Kenya"
      }
    },
    {
      "type": "Feature",
      "geometry": {
        "type": "Polygon",
        "coordinates": [
          [
            [
              37.9937177673,
              0.248761586
            ],
            [
              37.9937173545,
              0.2541635639
            ],
            [
              37.9937020369,
              0.2487325176
            ],
            [
              37.9937177673,
              0.248761586
            ]
          ]
        ]
      },
      "properties": {
        "country": "Kenya",
        "country_code": "KEN",
        "species_name": "Gmelina_arborea",
        "genus": "Gmelina",
        "species": "arborea",
        "suitability_name": "Very suitable",
        "suitability_rank": 1,
        "soil_suitability": "S2",
        "soil_type": "M4",
        "soil_description": null,
        "site_class": "2-II-M4",
        "maz": "II",
        "maz_zone": "Sub-humid",
        "tz": null,
        "frost_risk": "None",
        "source_layer": "KCFP_SSMT_Kenya"
      }
    },
    {
      "type": "Feature",
      "geometry": {
        "type": "Polygon",
        "coordinates": [
          [
            [
              38.0519684198,
              0.3463790852
            ],
            [
              38.0519843775,
              0.3463790877
            ],
            [
              38.0519835366,
              0.3547406917
            ],
            [
              38.051967578,
              0.35474069
            ],
            [
              38.0519684198,
              0.3463790852
            ]
          ]
        ]
      },
      "properties": {
        "country": "Kenya",
        "country_code": "KEN",
        "species_name": "Gmelina_arborea",
        "genus": "Gmelina",
        "species": "arborea",
        "suitability_name": "Very suitable",
        "suitability_rank": 1,
        "soil_suitability": "S1",
        "soil_type": "R3",
        "soil_description": null,
        "site_class": "2-II-R3",
        "maz": "II",
        "maz_zone": "Sub-humid",
        "tz": null,
        "frost_risk": "None",
        "source_layer": "KCFP_SSMT_Kenya"
      }
    },
    {
      "type": "Feature",
      "geometry": {
        "type": "Polygon",
        "coordinates": [
          [
            [
              38.0186750773,
              0.2709466104
            ],
            [
              38.0186909062,
              0.2709466108
            ],
            [
              38.018690223,
              0.2793084249
            ],
            [
              38.0186743941,
              0.2793084236
            ],
            [
              38.0186750773,
              0.2709466104
            ]
          ]
        ]
      },
      "properties": {
        "country": "Kenya",
        "country_code": "KEN",
        "species_name": "Gmelina_arborea",
        "genus": "Gmelina",
        "species": "arborea",
        "suitability_name": "Very suitable",
        "suitability_rank": 1,
        "soil_suitability": "S1",
        "soil_type": "R3",
        "soil_description": null,
        "site_class": "2-II-R3",
        "maz": "II",
        "maz_zone": "Sub-humid",
        "tz": null,
        "frost_risk": "None",
        "source_layer": "KCFP_SSMT_Kenya"
      }
    },
    {
      "type": "Feature",
      "geometry": {
        "type": "Polygon",
        "coordinates": [
          [
            [
              38.0103701659,
              0.2122790212
            ],
            [
              38.0103696226,
              0.2206600088
            ],
            [
              38.0041022152,
              0.2206595868
            ],
            [
              38.0041013628,
              0.2206406192
            ],
            [
              38.0103538265,
              0.2206410393
            ],
            [
              38.0103543677,
              0.2122790202
            ],
            [
              38.0103701659,
              0.2122790212
            ]
          ]
        ]
      },
      "properties": {
        "country": "Kenya",
        "country_code": "KEN",
        "species_name": "Gmelina_arborea",
        "genus": "Gmelina",
        "species": "arborea",
        "suitability_name": "Very suitable",
        "suitability_rank": 1,
        "soil_suitability": "S1",
        "soil_type": "R3",
        "soil_description": null,
        "site_class": "2-II-R3",
        "maz": "II",
        "maz_zone": "Sub-humid",
        "tz": null,
        "frost_risk": "None",
        "source_layer": "KCFP_SSMT_Kenya"
      }
    },
    {
      "type": "Feature",
      "geometry": {
        "type": "Polygon",
        "coordinates": [
          [
            [
              38.0103711885,
              0.1955170468
            ],
            [
              38.0103706873,
              0.2038980336
            ],
            [
              38.0103548908,
              0.2038980326
            ],
            [
              38.0103553921,
              0.1955170459
            ],
            [
              38.0103711885,
              0.1955170468
            ]
          ]
        ]
      },
      "properties": {
        "country": "Kenya",
        "country_code": "KEN",
        "species_name": "Gmelina_arborea",
        "genus": "Gmelina",
        "species": "arborea",
        "suitability_name": "Very suitable",
        "suitability_rank": 1,
        "soil_suitability": "S1",
        "soil_type": "R3",
        "soil_description": null,
        "site_class": "2-II-R3",
        "maz": "II",
        "maz_zone": "Sub-humid",
        "tz": null,
        "frost_risk": "None",
        "source_layer": "KCFP_SSMT_Kenya"
      }
    },
    {
      "type": "Feature",
      "geometry": {
        "type": "Polygon",
        "coordinates": [
          [
            [
              34.434957989,
              -0.0223204928
            ],
            [
              34.4349583119,
              -0.0056275833
            ],
            [
              34.4266608315,
              -0.0056275177
            ],
            [
              34.4266608143,
              -0.0075087253
            ],
            [
              34.4322644517,
              -0.0161839065
            ],
            [
              34.432907522,
              -0.0223204286
            ],
            [
              34.434957989,
              -0.0223204928
            ]
          ]
        ]
      },
      "properties": {
        "country": "Kenya",
        "country_code": "KEN",
        "species_name": "Gmelina_arborea",
        "genus": "Gmelina",
        "species": "arborea",
        "suitability_name": "Very suitable",
        "suitability_rank": 1,
        "soil_suitability": "S2",
        "soil_type": "Ul7",
        "soil_description": null,
        "site_class": "2-II-Ul7",
        "maz": "II",
        "maz_zone": "Sub-humid",
        "tz": null,
        "frost_risk": "None",
        "source_layer": "KCFP_SSMT_Kenya"
      }
    },
    {
      "type": "Feature",
      "geometry": {
        "type": "Polygon",
        "coordinates": [
          [
            [
              34.2274960414,
              0.0848559989
            ],
            [
              34.2261313385,
              0.0862564438
            ],
            [
              34.2191988712,
              0.0862555648
            ],
            [
              34.2191998644,
              0.07790271
            ],
            [
              34.2274968613,
              0.07790366
            ],
            [
              34.2274960414,
              0.0848559989
            ]
          ]
        ]
      },
      "properties": {
        "country": "Kenya",
        "country_code": "KEN",
        "species_name": "Gmelina_arborea",
        "genus": "Gmelina",
        "species": "arborea",
        "suitability_name": "Very suitable",
        "suitability_rank": 1,
        "soil_suitability": "S2",
        "soil_type": "Ul11",
        "soil_description": null,
        "site_class": "2-II-Ul11",
        "maz": "II",
        "maz_zone": "Sub-humid",
        "tz": null,
        "frost_risk": "None",
        "source_layer": "KCFP_SSMT_Kenya"
      }
    },
    {
      "type": "Feature",
      "geometry": {
        "type": "Polygon",
        "coordinates": [
          [
            [
              34.4017628054,
              -0.014703311
            ],
            [
              34.4024475214,
              -0.0139823871
            ],
            [
              34.4017628198,
              -0.0139823736
            ],
            [
              34.4017628054,
              -0.014703311
            ]
          ]
        ]
      },
      "properties": {
        "country": "Kenya",
        "country_code": "KEN",
        "species_name": "Gmelina_arborea",
        "genus": "Gmelina",
        "species": "arborea",
        "suitability_name": "Very suitable",
        "suitability_rank": 1,
        "soil_suitability": "S2",
        "soil_type": "Ul11",
        "soil_description": null,
        "site_class": "2-I-Ul11",
        "maz": "I",
        "maz_zone": "Humid",
        "tz": null,
        "frost_risk": "None",
        "source_layer": "KCFP_SSMT_Kenya"
      }
    },
    {
      "type": "Feature",
      "geometry": {
        "type": "Polygon",
        "coordinates": [
          [
            [
              34.3934635234,
              -0.0216599202
            ],
            [
              34.3934637146,
              -0.0139822086
            ],
            [
              34.393461671,
              -0.0216611961
            ],
            [
              34.3934635234,
              -0.0216599202
            ]
          ]
        ]
      },
      "properties": {
        "country": "Kenya",
        "country_code": "KEN",
        "species_name": "Gmelina_arborea",
        "genus": "Gmelina",
        "species": "arborea",
        "suitability_name": "Very suitable",
        "suitability_rank": 1,
        "soil_suitability": "S2",
        "soil_type": "Ul11",
        "soil_description": null,
        "site_class": "2-I-Ul11",
        "maz": "I",
        "maz_zone": "Humid",
        "tz": null,
        "frost_risk": "None",
        "source_layer": "KCFP_SSMT_Kenya"
      }
    },
    {
      "type": "Feature",
      "geometry": {
        "type": "Polygon",
        "coordinates": [
          [
            [
              34.3802970638,
              -0.030691547
            ],
            [
              34.3803327991,
              -0.0306736033
            ],
            [
              34.3768652736,
              -0.0306913974
            ],
            [
              34.3802970638,
              -0.030691547
            ]
          ]
        ]
      },
      "properties": {
        "country": "Kenya",
        "country_code": "KEN",
        "species_name": "Gmelina_arborea",
        "genus": "Gmelina",
        "species": "arborea",
        "suitability_name": "Very suitable",
        "suitability_rank": 1,
        "soil_suitability": "S2",
        "soil_type": "Ul11",
        "soil_description": null,
        "site_class": "2-I-Ul11",
        "maz": "I",
        "maz_zone": "Humid",
        "tz": null,
        "frost_risk": "None",
        "source_layer": "KCFP_SSMT_Kenya"
      }
    },
    {
      "type": "Feature",
      "geometry": {
        "type": "Polygon",
        "coordinates": [
          [
            [
              34.4681459504,
              -0.1393036185
            ],
            [
              34.4681443029,
              -0.1476594829
            ],
            [
              34.476444304,
              -0.1476611873
            ],
            [
              34.4764459485,
              -0.1393052274
            ],
            [
              34.4681459504,
              -0.1393036185
            ]
          ]
        ]
      },
      "properties": {
        "country": "Kenya",
        "country_code": "KEN",
        "species_name": "Gmelina_arborea",
        "genus": "Gmelina",
        "species": "arborea",
        "suitability_name": "Very suitable",
        "suitability_rank": 1,
        "soil_suitability": "S2",
        "soil_type": "Ul11",
        "soil_description": null,
        "site_class": "2-II-Ul11",
        "maz": "II",
        "maz_zone": "Sub-humid",
        "tz": null,
        "frost_risk": "None",
        "source_layer": "KCFP_SSMT_Kenya"
      }
    },
    {
      "type": "Feature",
      "geometry": {
        "type": "Polygon",
        "coordinates": [
          [
            [
              37.8771813758,
              0.0362767075
            ],
            [
              37.8771812609,
              0.0446390444
            ],
            [
              37.8771660914,
              0.0362767073
            ],
            [
              37.8771813758,
              0.0362767075
            ]
          ]
        ]
      },
      "properties": {
        "country": "Kenya",
        "country_code": "KEN",
        "species_name": "Gmelina_arborea",
        "genus": "Gmelina",
        "species": "arborea",
        "suitability_name": "Very suitable",
        "suitability_rank": 1,
        "soil_suitability": "S1",
        "soil_type": "R4",
        "soil_description": null,
        "site_class": "2-II-R4",
        "maz": "II",
        "maz_zone": "Sub-humid",
        "tz": null,
        "frost_risk": "None",
        "source_layer": "KCFP_SSMT_Kenya"
      }
    },
    {
      "type": "Feature",
      "geometry": {
        "type": "Polygon",
        "coordinates": [
          [
            [
              34.4266608143,
              -0.0075087253
            ],
            [
              34.4266608315,
              -0.0056275177
            ],
            [
              34.425445643,
              -0.0056275081
            ],
            [
              34.4266608143,
              -0.0075087253
            ]
          ]
        ]
      },
      "properties": {
        "country": "Kenya",
        "country_code": "KEN",
        "species_name": "Gmelina_arborea",
        "genus": "Gmelina",
        "species": "arborea",
        "suitability_name": "Very suitable",
        "suitability_rank": 1,
        "soil_suitability": "S2",
        "soil_type": "Ul7",
        "soil_description": null,
        "site_class": "2-I-Ul7",
        "maz": "I",
        "maz_zone": "Humid",
        "tz": null,
        "frost_risk": "None",
        "source_layer": "KCFP_SSMT_Kenya"
      }
    },
    {
      "type": "Feature",
      "geometry": {
        "type": "Polygon",
        "coordinates": [
          [
            [
              34.4329094053,
              -0.0223384068
            ],
            [
              34.434957989,
              -0.0223204928
            ],
            [
              34.432907522,
              -0.0223204286
            ],
            [
              34.4329094053,
              -0.0223384068
            ]
          ]
        ]
      },
      "properties": {
        "country": "Kenya",
        "country_code": "KEN",
        "species_name": "Gmelina_arborea",
        "genus": "Gmelina",
        "species": "arborea",
        "suitability_name": "Very suitable",
        "suitability_rank": 1,
        "soil_suitability": "S2",
        "soil_type": "Ul7",
        "soil_description": null,
        "site_class": "2-I-Ul7",
        "maz": "I",
        "maz_zone": "Humid",
        "tz": null,
        "frost_risk": "None",
        "source_layer": "KCFP_SSMT_Kenya"
      }
    },
    {
      "type": "Feature",
      "geometry": {
        "type": "Polygon",
        "coordinates": [
          [
            [
              37.7856027108,
              -0.2402932696
            ],
            [
              37.7856027123,
              -0.2402760763
            ],
            [
              37.7855877823,
              -0.2402760759
            ],
            [
              37.7856027108,
              -0.2402932696
            ]
          ]
        ]
      },
      "properties": {
        "country": "Kenya",
        "country_code": "KEN",
        "species_name": "Gmelina_arborea",
        "genus": "Gmelina",
        "species": "arborea",
        "suitability_name": "Very suitable",
        "suitability_rank": 1,
        "soil_suitability": "S1",
        "soil_type": "Um6",
        "soil_description": null,
        "site_class": "2-II-Um6",
        "maz": "II",
        "maz_zone": "Sub-humid",
        "tz": null,
        "frost_risk": "None",
        "source_layer": "KCFP_SSMT_Kenya"
      }
    },
    {
      "type": "Feature",
      "geometry": {
        "type": "Polygon",
        "coordinates": [
          [
            [
              37.8105734939,
              -0.2655880687
            ],
            [
              37.81057351,
              -0.2654195701
            ],
            [
              37.8105584818,
              -0.2654195696
            ],
            [
              37.8105584664,
              -0.2655809332
            ],
            [
              37.8105734939,
              -0.2655880687
            ]
          ]
        ]
      },
      "properties": {
        "country": "Kenya",
        "country_code": "KEN",
        "species_name": "Gmelina_arborea",
        "genus": "Gmelina",
        "species": "arborea",
        "suitability_name": "Very suitable",
        "suitability_rank": 1,
        "soil_suitability": "S1",
        "soil_type": "Um6",
        "soil_description": null,
        "site_class": "2-II-Um6",
        "maz": "II",
        "maz_zone": "Sub-humid",
        "tz": null,
        "frost_risk": "None",
        "source_layer": "KCFP_SSMT_Kenya"
      }
    },
    {
      "type": "Feature",
      "geometry": {
        "type": "Polygon",
        "coordinates": [
          [
            [
              40.1245058401,
              -3.2153720697
            ],
            [
              40.1185171828,
              -3.2153786793
            ],
            [
              40.1184941303,
              -3.1941498075
            ],
            [
              40.1158514532,
              -3.2026134331
            ],
            [
              40.1147902379,
              -3.206689019
            ],
            [
              40.1148918628,
              -3.2365166103
            ],
            [
              40.1144071374,
              -3.2514272255
            ],
            [
              40.1096508669,
              -3.2690657521
            ],
            [
              40.0967549768,
              -3.2752255034
            ],
            [
              40.0859910405,
              -3.2739232089
            ],
            [
              40.0746870816,
              -3.2644708558
            ],
            [
              40.0686238267,
              -3.2652376966
            ],
            [
              40.067887122,
              -3.2657162798
            ],
            [
              40.0685440609,
              -3.2657155785
            ],
            [
              40.0685707423,
              -3.2908570929
            ],
            [
              40.0602323969,
              -3.2908660302
            ],
            [
              40.0602412667,
              -3.299246555
            ],
            [
              40.0769180732,
              -3.2992285627
            ],
            [
              40.076909064,
              -3.2908480837
            ],
            [
              40.0935856398,
              -3.2908298573
            ],
            [
              40.0935912214,
              -3.2959452506
            ],
            [
              40.1164619381,
              -3.2794955142
            ],
            [
              40.1222397979,
              -3.2596652591
            ],
            [
              40.1268933675,
              -3.2503657579
            ],
            [
              40.1268684422,
              -3.2278240482
            ],
            [
              40.1266893168,
              -3.2262936865
            ],
            [
              40.1245058401,
              -3.2153720697
            ]
          ]
        ]
      },
      "properties": {
        "country": "Kenya",
        "country_code": "KEN",
        "species_name": "Gmelina_arborea",
        "genus": "Gmelina",
        "species": "arborea",
        "suitability_name": "Very suitable",
        "suitability_rank": 1,
        "soil_suitability": "S1",
        "soil_type": "Pc8",
        "soil_description": null,
        "site_class": "1-II-Pc8",
        "maz": "II",
        "maz_zone": "Sub-humid",
        "tz": null,
        "frost_risk": "None",
        "source_layer": "KCFP_SSMT_Kenya"
      }
    },
    {
      "type": "Feature",
      "geometry": {
        "type": "Polygon",
        "coordinates": [
          [
            [
              40.1101409377,
              -3.1794366631
            ],
            [
              40.1101345807,
              -3.1734858133
            ],
            [
              40.0958925061,
              -3.1735010712
            ],
            [
              40.0951294097,
              -3.173735416
            ],
            [
              40.0907331558,
              -3.1740860779
            ],
            [
              40.0848038347,
              -3.1823782633
            ],
            [
              40.0750735982,
              -3.207474725
            ],
            [
              40.066104468,
              -3.2200011831
            ],
            [
              40.0601601954,
              -3.2218310833
            ],
            [
              40.0601622549,
              -3.2238217827
            ],
            [
              40.0536714494,
              -3.2238285523
            ],
            [
              40.0518250202,
              -3.2243969411
            ],
            [
              40.051854058,
              -3.2525364084
            ],
            [
              40.0522200959,
              -3.2530705171
            ],
            [
              40.0579845215,
              -3.2573462539
            ],
            [
              40.0601971445,
              -3.2573439187
            ],
            [
              40.0601988657,
              -3.2589887128
            ],
            [
              40.0686238267,
              -3.2652376966
            ],
            [
              40.0746870816,
              -3.2644708558
            ],
            [
              40.0859910405,
              -3.2739232089
            ],
            [
              40.0967549768,
              -3.2752255034
            ],
            [
              40.1096508669,
              -3.2690657521
            ],
            [
              40.1144071374,
              -3.2514272255
            ],
            [
              40.1148918628,
              -3.2365166103
            ],
            [
              40.1147902379,
              -3.206689019
            ],
            [
              40.1158514532,
              -3.2026134331
            ],
            [
              40.1120844905,
              -3.2005968188
            ],
            [
              40.0927477336,
              -3.2054277412
            ],
            [
              40.0895187562,
              -3.2006894034
            ],
            [
              40.0964585386,
              -3.1877755978
            ],
            [
              40.1034299242,
              -3.1836811219
            ],
            [
              40.1101409377,
              -3.1794366631
            ]
          ]
        ]
      },
      "properties": {
        "country": "Kenya",
        "country_code": "KEN",
        "species_name": "Gmelina_arborea",
        "genus": "Gmelina",
        "species": "arborea",
        "suitability_name": "Very suitable",
        "suitability_rank": 1,
        "soil_suitability": "S1",
        "soil_type": "Pc7",
        "soil_description": null,
        "site_class": "1-II-Pc7",
        "maz": "II",
        "maz_zone": "Sub-humid",
        "tz": null,
        "frost_risk": "None",
        "source_layer": "KCFP_SSMT_Kenya"
      }
    },
    {
      "type": "Feature",
      "geometry": {
        "type": "Polygon",
        "coordinates": [
          [
            [
              38.56059632,
              -3.4924957938
            ],
            [
              38.5597167847,
              -3.4898448375
            ],
            [
              38.5593856531,
              -3.4841135374
            ],
            [
              38.5590469302,
              -3.4841133774
            ],
            [
              38.5590430242,
              -3.4924950633
            ],
            [
              38.56059632,
              -3.4924957938
            ]
          ]
        ]
      },
      "properties": {
        "country": "Kenya",
        "country_code": "KEN",
        "species_name": "Gmelina_arborea",
        "genus": "Gmelina",
        "species": "arborea",
        "suitability_name": "Very suitable",
        "suitability_rank": 1,
        "soil_suitability": "S1",
        "soil_type": "Y7",
        "soil_description": null,
        "site_class": "2-II-Y7",
        "maz": "II",
        "maz_zone": "Sub-humid",
        "tz": null,
        "frost_risk": "None",
        "source_layer": "KCFP_SSMT_Kenya"
      }
    },
    {
      "type": "Feature",
      "geometry": {
        "type": "Polygon",
        "coordinates": [
          [
            [
              38.3425271511,
              -3.3079826197
            ],
            [
              38.3425296156,
              -3.3079772333
            ],
            [
              38.3339591938,
              -3.3079768804
            ],
            [
              38.3425271511,
              -3.3079826197
            ]
          ]
        ]
      },
      "properties": {
        "country": "Kenya",
        "country_code": "KEN",
        "species_name": "Gmelina_arborea",
        "genus": "Gmelina",
        "species": "arborea",
        "suitability_name": "Very suitable",
        "suitability_rank": 1,
        "soil_suitability": "S1",
        "soil_type": "F12",
        "soil_description": null,
        "site_class": "2-II-F12",
        "maz": "II",
        "maz_zone": "Sub-humid",
        "tz": null,
        "frost_risk": "None",
        "source_layer": "KCFP_SSMT_Kenya"
      }
    },
    {
      "type": "Feature",
      "geometry": {
        "type": "Polygon",
        "coordinates": [
          [
            [
              38.3718866578,
              -3.2828574234
            ],
            [
              38.3718928827,
              -3.2828519425
            ],
            [
              38.3673326675,
              -3.2828490546
            ],
            [
              38.3673326632,
              -3.2828545395
            ],
            [
              38.3718866578,
              -3.2828574234
            ]
          ]
        ]
      },
      "properties": {
        "country": "Kenya",
        "country_code": "KEN",
        "species_name": "Gmelina_arborea",
        "genus": "Gmelina",
        "species": "arborea",
        "suitability_name": "Very suitable",
        "suitability_rank": 1,
        "soil_suitability": "S1",
        "soil_type": "F12",
        "soil_description": null,
        "site_class": "2-II-F12",
        "maz": "II",
        "maz_zone": "Sub-humid",
        "tz": null,
        "frost_risk": "None",
        "source_layer": "KCFP_SSMT_Kenya"
      }
    },
    {
      "type": "Feature",
      "geometry": {
        "type": "Polygon",
        "coordinates": [
          [
            [
              38.3755431482,
              -3.4840091896
            ],
            [
              38.3755461643,
              -3.4794318341
            ],
            [
              38.3755289078,
              -3.4794566506
            ],
            [
              38.375525908,
              -3.4840091772
            ],
            [
              38.3755431482,
              -3.4840091896
            ]
          ]
        ]
      },
      "properties": {
        "country": "Kenya",
        "country_code": "KEN",
        "species_name": "Gmelina_arborea",
        "genus": "Gmelina",
        "species": "arborea",
        "suitability_name": "Very suitable",
        "suitability_rank": 1,
        "soil_suitability": "S1",
        "soil_type": "F12",
        "soil_description": null,
        "site_class": "2-II-F12",
        "maz": "II",
        "maz_zone": "Sub-humid",
        "tz": null,
        "frost_risk": "None",
        "source_layer": "KCFP_SSMT_Kenya"
      }
    },
    {
      "type": "Feature",
      "geometry": {
        "type": "Polygon",
        "coordinates": [
          [
            [
              38.3671793941,
              -3.4923850098
            ],
            [
              38.3671981624,
              -3.4900538518
            ],
            [
              38.3671809442,
              -3.4900679056
            ],
            [
              38.3671793941,
              -3.4923850098
            ]
          ]
        ]
      },
      "properties": {
        "country": "Kenya",
        "country_code": "KEN",
        "species_name": "Gmelina_arborea",
        "genus": "Gmelina",
        "species": "arborea",
        "suitability_name": "Very suitable",
        "suitability_rank": 1,
        "soil_suitability": "S1",
        "soil_type": "F12",
        "soil_description": null,
        "site_class": "2-II-F12",
        "maz": "II",
        "maz_zone": "Sub-humid",
        "tz": null,
        "frost_risk": "None",
        "source_layer": "KCFP_SSMT_Kenya"
      }
    },
    {
      "type": "Feature",
      "geometry": {
        "type": "Polygon",
        "coordinates": [
          [
            [
              38.4673420433,
              -3.3981812645
            ],
            [
              38.4720403878,
              -3.3883048295
            ],
            [
              38.4772876151,
              -3.3834922317
            ],
            [
              38.4673500837,
              -3.3834868023
            ],
            [
              38.4673420433,
              -3.3981812645
            ]
          ]
        ]
      },
      "properties": {
        "country": "Kenya",
        "country_code": "KEN",
        "species_name": "Gmelina_arborea",
        "genus": "Gmelina",
        "species": "arborea",
        "suitability_name": "Very suitable",
        "suitability_rank": 1,
        "soil_suitability": "S1",
        "soil_type": "F12",
        "soil_description": null,
        "site_class": "2-II-F12",
        "maz": "II",
        "maz_zone": "Sub-humid",
        "tz": null,
        "frost_risk": "None",
        "source_layer": "KCFP_SSMT_Kenya"
      }
    },
    {
      "type": "Feature",
      "geometry": {
        "type": "Polygon",
        "coordinates": [
          [
            [
              38.4590622789,
              -3.2876176142
            ],
            [
              38.4617609397,
              -3.2829045908
            ],
            [
              38.4590648168,
              -3.2829031302
            ],
            [
              38.4590622789,
              -3.2876176142
            ]
          ]
        ]
      },
      "properties": {
        "country": "Kenya",
        "country_code": "KEN",
        "species_name": "Gmelina_arborea",
        "genus": "Gmelina",
        "species": "arborea",
        "suitability_name": "Very suitable",
        "suitability_rank": 1,
        "soil_suitability": "S1",
        "soil_type": "F12",
        "soil_description": null,
        "site_class": "2-II-F12",
        "maz": "II",
        "maz_zone": "Sub-humid",
        "tz": null,
        "frost_risk": "None",
        "source_layer": "KCFP_SSMT_Kenya"
      }
    },
    {
      "type": "Feature",
      "geometry": {
        "type": "Polygon",
        "coordinates": [
          [
            [
              38.4569600154,
              -3.29128903
            ],
            [
              38.4569631372,
              -3.2912835793
            ],
            [
              38.4507208815,
              -3.2912855981
            ],
            [
              38.4569600154,
              -3.29128903
            ]
          ]
        ]
      },
      "properties": {
        "country": "Kenya",
        "country_code": "KEN",
        "species_name": "Gmelina_arborea",
        "genus": "Gmelina",
        "species": "arborea",
        "suitability_name": "Very suitable",
        "suitability_rank": 1,
        "soil_suitability": "S1",
        "soil_type": "F12",
        "soil_description": null,
        "site_class": "2-II-F12",
        "maz": "II",
        "maz_zone": "Sub-humid",
        "tz": null,
        "frost_risk": "None",
        "source_layer": "KCFP_SSMT_Kenya"
      }
    },
    {
      "type": "Feature",
      "geometry": {
        "type": "Polygon",
        "coordinates": [
          [
            [
              38.4340350583,
              -3.3037008306
            ],
            [
              38.4421234811,
              -3.2996569244
            ],
            [
              38.4340373509,
              -3.2996523367
            ],
            [
              38.4340350583,
              -3.3037008306
            ]
          ]
        ]
      },
      "properties": {
        "country": "Kenya",
        "country_code": "KEN",
        "species_name": "Gmelina_arborea",
        "genus": "Gmelina",
        "species": "arborea",
        "suitability_name": "Very suitable",
        "suitability_rank": 1,
        "soil_suitability": "S1",
        "soil_type": "F12",
        "soil_description": null,
        "site_class": "2-II-F12",
        "maz": "II",
        "maz_zone": "Sub-humid",
        "tz": null,
        "frost_risk": "None",
        "source_layer": "KCFP_SSMT_Kenya"
      }
    },
    {
      "type": "Feature",
      "geometry": {
        "type": "Polygon",
        "coordinates": [
          [
            [
              38.419369695,
              -3.3164122746
            ],
            [
              38.4267368437,
              -3.3080296854
            ],
            [
              38.4090140756,
              -3.3080192423
            ],
            [
              38.4090091032,
              -3.3164061146
            ],
            [
              38.419369695,
              -3.3164122746
            ]
          ]
        ]
      },
      "properties": {
        "country": "Kenya",
        "country_code": "KEN",
        "species_name": "Gmelina_arborea",
        "genus": "Gmelina",
        "species": "arborea",
        "suitability_name": "Very suitable",
        "suitability_rank": 1,
        "soil_suitability": "S1",
        "soil_type": "F12",
        "soil_description": null,
        "site_class": "2-II-F12",
        "maz": "II",
        "maz_zone": "Sub-humid",
        "tz": null,
        "frost_risk": "None",
        "source_layer": "KCFP_SSMT_Kenya"
      }
    },
    {
      "type": "Feature",
      "geometry": {
        "type": "Polygon",
        "coordinates": [
          [
            [
              38.4042797224,
              -3.3247847473
            ],
            [
              38.4089867574,
              -3.3247822648
            ],
            [
              38.4042490248,
              -3.3247794057
            ],
            [
              38.4042797224,
              -3.3247847473
            ]
          ]
        ]
      },
      "properties": {
        "country": "Kenya",
        "country_code": "KEN",
        "species_name": "Gmelina_arborea",
        "genus": "Gmelina",
        "species": "arborea",
        "suitability_name": "Very suitable",
        "suitability_rank": 1,
        "soil_suitability": "S1",
        "soil_type": "F12",
        "soil_description": null,
        "site_class": "2-II-F12",
        "maz": "II",
        "maz_zone": "Sub-humid",
        "tz": null,
        "frost_risk": "None",
        "source_layer": "KCFP_SSMT_Kenya"
      }
    },
    {
      "type": "Feature",
      "geometry": {
        "type": "Polygon",
        "coordinates": [
          [
            [
              38.459009878,
              -3.3834821684
            ],
            [
              38.4590134413,
              -3.3770484919
            ],
            [
              38.4538048082,
              -3.3833923469
            ],
            [
              38.4535976667,
              -3.3834791222
            ],
            [
              38.459009878,
              -3.3834821684
            ]
          ]
        ]
      },
      "properties": {
        "country": "Kenya",
        "country_code": "KEN",
        "species_name": "Gmelina_arborea",
        "genus": "Gmelina",
        "species": "arborea",
        "suitability_name": "Very suitable",
        "suitability_rank": 1,
        "soil_suitability": "S1",
        "soil_type": "F12",
        "soil_description": null,
        "site_class": "2-II-F12",
        "maz": "II",
        "maz_zone": "Sub-humid",
        "tz": null,
        "frost_risk": "None",
        "source_layer": "KCFP_SSMT_Kenya"
      }
    },
    {
      "type": "Feature",
      "geometry": {
        "type": "Polygon",
        "coordinates": [
          [
            [
              38.4423247029,
              -3.3918542357
            ],
            [
              38.4423267955,
              -3.3882005635
            ],
            [
              38.4398326571,
              -3.389245349
            ],
            [
              38.4381058405,
              -3.3918517849
            ],
            [
              38.4423247029,
              -3.3918542357
            ]
          ]
        ]
      },
      "properties": {
        "country": "Kenya",
        "country_code": "KEN",
        "species_name": "Gmelina_arborea",
        "genus": "Gmelina",
        "species": "arborea",
        "suitability_name": "Very suitable",
        "suitability_rank": 1,
        "soil_suitability": "S1",
        "soil_type": "F12",
        "soil_description": null,
        "site_class": "2-II-F12",
        "maz": "II",
        "maz_zone": "Sub-humid",
        "tz": null,
        "frost_risk": "None",
        "source_layer": "KCFP_SSMT_Kenya"
      }
    },
    {
      "type": "Feature",
      "geometry": {
        "type": "Polygon",
        "coordinates": [
          [
            [
              38.4339808339,
              -3.3980779411
            ],
            [
              38.4324394682,
              -3.4004044018
            ],
            [
              38.4284002279,
              -3.4086091454
            ],
            [
              38.433974686,
              -3.4086124521
            ],
            [
              38.4339808339,
              -3.3980779411
            ]
          ]
        ]
      },
      "properties": {
        "country": "Kenya",
        "country_code": "KEN",
        "species_name": "Gmelina_arborea",
        "genus": "Gmelina",
        "species": "arborea",
        "suitability_name": "Very suitable",
        "suitability_rank": 1,
        "soil_suitability": "S1",
        "soil_type": "F12",
        "soil_description": null,
        "site_class": "2-II-F12",
        "maz": "II",
        "maz_zone": "Sub-humid",
        "tz": null,
        "frost_risk": "None",
        "source_layer": "KCFP_SSMT_Kenya"
      }
    },
    {
      "type": "Feature",
      "geometry": {
        "type": "Polygon",
        "coordinates": [
          [
            [
              38.4695561392,
              -3.3248168177
            ],
            [
              38.4705572485,
              -3.3194630343
            ],
            [
              38.4690496155,
              -3.3164402946
            ],
            [
              38.4673687346,
              -3.3164393875
            ],
            [
              38.4673617416,
              -3.3294818977
            ],
            [
              38.4673793445,
              -3.3294591749
            ],
            [
              38.4673818373,
              -3.3248156419
            ],
            [
              38.4695561392,
              -3.3248168177
            ]
          ]
        ]
      },
      "properties": {
        "country": "Kenya",
        "country_code": "KEN",
        "species_name": "Gmelina_arborea",
        "genus": "Gmelina",
        "species": "arborea",
        "suitability_name": "Very suitable",
        "suitability_rank": 1,
        "soil_suitability": "S1",
        "soil_type": "Uh15",
        "soil_description": null,
        "site_class": "2-II-Uh15",
        "maz": "II",
        "maz_zone": "Sub-humid",
        "tz": null,
        "frost_risk": "None",
        "source_layer": "KCFP_SSMT_Kenya"
      }
    },
    {
      "type": "Feature",
      "geometry": {
        "type": "Polygon",
        "coordinates": [
          [
            [
              38.6007458471,
              -3.5011585963
            ],
            [
              38.6007277849,
              -3.5010480526
            ],
            [
              38.6007242965,
              -3.5092772324
            ],
            [
              38.6007424048,
              -3.5092772402
            ],
            [
              38.6007458471,
              -3.5011585963
            ]
          ]
        ]
      },
      "properties": {
        "country": "Kenya",
        "country_code": "KEN",
        "species_name": "Gmelina_arborea",
        "genus": "Gmelina",
        "species": "arborea",
        "suitability_name": "Very suitable",
        "suitability_rank": 1,
        "soil_suitability": "S1",
        "soil_type": "Uh15",
        "soil_description": null,
        "site_class": "2-I-Uh15",
        "maz": "I",
        "maz_zone": "Humid",
        "tz": null,
        "frost_risk": "None",
        "source_layer": "KCFP_SSMT_Kenya"
      }
    },
    {
      "type": "Feature",
      "geometry": {
        "type": "Polygon",
        "coordinates": [
          [
            [
              38.5924169859,
              -3.472054019
            ],
            [
              38.5923989144,
              -3.4720454575
            ],
            [
              38.5923973237,
              -3.4757514766
            ],
            [
              38.5954303649,
              -3.4757527871
            ],
            [
              38.5954291237,
              -3.4757480434
            ],
            [
              38.5924154019,
              -3.4757467421
            ],
            [
              38.5924169859,
              -3.472054019
            ]
          ]
        ]
      },
      "properties": {
        "country": "Kenya",
        "country_code": "KEN",
        "species_name": "Gmelina_arborea",
        "genus": "Gmelina",
        "species": "arborea",
        "suitability_name": "Very suitable",
        "suitability_rank": 1,
        "soil_suitability": "S1",
        "soil_type": "Uh15",
        "soil_description": null,
        "site_class": "2-II-Uh15",
        "maz": "II",
        "maz_zone": "Sub-humid",
        "tz": null,
        "frost_risk": "None",
        "source_layer": "KCFP_SSMT_Kenya"
      }
    },
    {
      "type": "Feature",
      "geometry": {
        "type": "Polygon",
        "coordinates": [
          [
            [
              38.6007331694,
              -3.5309641077
            ],
            [
              38.6007424048,
              -3.5092772402
            ],
            [
              38.6007242965,
              -3.5092772324
            ],
            [
              38.6007150448,
              -3.5310033673
            ],
            [
              38.6007331694,
              -3.5309641077
            ]
          ]
        ]
      },
      "properties": {
        "country": "Kenya",
        "country_code": "KEN",
        "species_name": "Gmelina_arborea",
        "genus": "Gmelina",
        "species": "arborea",
        "suitability_name": "Very suitable",
        "suitability_rank": 1,
        "soil_suitability": "S1",
        "soil_type": "Uh15",
        "soil_description": null,
        "site_class": "2-II-Uh15",
        "maz": "II",
        "maz_zone": "Sub-humid",
        "tz": null,
        "frost_risk": "None",
        "source_layer": "KCFP_SSMT_Kenya"
      }
    },
    {
      "type": "Feature",
      "geometry": {
        "type": "Polygon",
        "coordinates": [
          [
            [
              39.7436563958,
              -3.669098996
            ],
            [
              39.7436488217,
              -3.6599278078
            ],
            [
              39.7353064866,
              -3.6599347132
            ],
            [
              39.7353133291,
              -3.6683159221
            ],
            [
              39.7186284546,
              -3.6683295295
            ],
            [
              39.7186418754,
              -3.6850920047
            ],
            [
              39.7119980665,
              -3.68509736
            ],
            [
              39.71030299,
              -3.6897982223
            ],
            [
              39.7103059154,
              -3.6934799721
            ],
            [
              39.7089749993,
              -3.693481039
            ],
            [
              39.7070851353,
              -3.6987220153
            ],
            [
              39.7062540424,
              -3.7036240767
            ],
            [
              39.7028287553,
              -3.7238428328
            ],
            [
              39.6974372598,
              -3.7469028878
            ],
            [
              39.68972185,
              -3.7774895839
            ],
            [
              39.6940818377,
              -3.8129289604
            ],
            [
              39.69241829,
              -3.8330178293
            ],
            [
              39.7057273341,
              -3.8184656222
            ],
            [
              39.7196205549,
              -3.7856191312
            ],
            [
              39.7241292914,
              -3.7536560828
            ],
            [
              39.7313322754,
              -3.731748426
            ],
            [
              39.7360781848,
              -3.7022918896
            ],
            [
              39.7436563958,
              -3.669098996
            ]
          ]
        ]
      },
      "properties": {
        "country": "Kenya",
        "country_code": "KEN",
        "species_name": "Gmelina_arborea",
        "genus": "Gmelina",
        "species": "arborea",
        "suitability_name": "Very suitable",
        "suitability_rank": 1,
        "soil_suitability": "S1",
        "soil_type": "Lc1",
        "soil_description": null,
        "site_class": "1-II-Lc1",
        "maz": "II",
        "maz_zone": "Sub-humid",
        "tz": null,
        "frost_risk": "None",
        "source_layer": "KCFP_SSMT_Kenya"
      }
    },
    {
      "type": "Feature",
      "geometry": {
        "type": "Polygon",
        "coordinates": [
          [
            [
              39.71030299,
              -3.6897982223
            ],
            [
              39.7119980665,
              -3.68509736
            ],
            [
              39.7102992592,
              -3.6850987224
            ],
            [
              39.71030299,
              -3.6897982223
            ]
          ]
        ]
      },
      "properties": {
        "country": "Kenya",
        "country_code": "KEN",
        "species_name": "Gmelina_arborea",
        "genus": "Gmelina",
        "species": "arborea",
        "suitability_name": "Very suitable",
        "suitability_rank": 1,
        "soil_suitability": "S2",
        "soil_type": "Uc9",
        "soil_description": null,
        "site_class": "1-II-Uc9",
        "maz": "II",
        "maz_zone": "Sub-humid",
        "tz": null,
        "frost_risk": "None",
        "source_layer": "KCFP_SSMT_Kenya"
      }
    },
    {
      "type": "Feature",
      "geometry": {
        "type": "Polygon",
        "coordinates": [
          [
            [
              39.7062540424,
              -3.7036240767
            ],
            [
              39.7070851353,
              -3.6987220153
            ],
            [
              39.7089749993,
              -3.693481039
            ],
            [
              39.6995781579,
              -3.6934885144
            ],
            [
              39.6995604903,
              -3.6964010859
            ],
            [
              39.7062540424,
              -3.7036240767
            ]
          ]
        ]
      },
      "properties": {
        "country": "Kenya",
        "country_code": "KEN",
        "species_name": "Gmelina_arborea",
        "genus": "Gmelina",
        "species": "arborea",
        "suitability_name": "Very suitable",
        "suitability_rank": 1,
        "soil_suitability": "S2",
        "soil_type": "Uc9",
        "soil_description": null,
        "site_class": "1-II-Uc9",
        "maz": "II",
        "maz_zone": "Sub-humid",
        "tz": null,
        "frost_risk": "None",
        "source_layer": "KCFP_SSMT_Kenya"
      }
    },
    {
      "type": "Feature",
      "geometry": {
        "type": "Polygon",
        "coordinates": [
          [
            [
              39.6829569116,
              -3.7102640972
            ],
            [
              39.6686047929,
              -3.7102751023
            ],
            [
              39.6685984988,
              -3.701893781
            ],
            [
              39.6435698744,
              -3.7019123715
            ],
            [
              39.6435759312,
              -3.710293735
            ],
            [
              39.6345172025,
              -3.7103003036
            ],
            [
              39.6322862835,
              -3.7161872873
            ],
            [
              39.6317106352,
              -3.7360661914
            ],
            [
              39.6302291082,
              -3.7538925484
            ],
            [
              39.6316357594,
              -3.7861231145
            ],
            [
              39.6266736919,
              -3.8148983142
            ],
            [
              39.6303411081,
              -3.8512499388
            ],
            [
              39.630186053,
              -3.8775336915
            ],
            [
              39.6205327738,
              -3.8852620618
            ],
            [
              39.6084361801,
              -3.8840570099
            ],
            [
              39.6001486939,
              -3.8936191007
            ],
            [
              39.5867372717,
              -3.9209815889
            ],
            [
              39.5651165388,
              -3.94486639
            ],
            [
              39.5489279984,
              -3.9647158042
            ],
            [
              39.5469212169,
              -3.9671800948
            ],
            [
              39.5317091018,
              -3.9897278419
            ],
            [
              39.52694765,
              -3.9942857185
            ],
            [
              39.5269483243,
              -3.9953426387
            ],
            [
              39.5258427704,
              -3.9953433494
            ],
            [
              39.5176918476,
              -4.0031455865
            ],
            [
              39.5269540392,
              -4.0042900915
            ],
            [
              39.5269536773,
              -4.0037241189
            ],
            [
              39.5311927784,
              -4.0037213741
            ],
            [
              39.535299248,
              -4.0002627426
            ],
            [
              39.5539289417,
              -3.9807030247
            ],
            [
              39.5678721275,
              -3.9603211517
            ],
            [
              39.5719894741,
              -3.9575100724
            ],
            [
              39.5839327576,
              -3.9307978233
            ],
            [
              39.6061885627,
              -3.9155887357
            ],
            [
              39.6138075672,
              -3.90236704
            ],
            [
              39.6595501669,
              -3.8577868134
            ],
            [
              39.6740751027,
              -3.8345536186
            ],
            [
              39.6734883273,
              -3.8178638789
            ],
            [
              39.6704110511,
              -3.7972774851
            ],
            [
              39.6796386599,
              -3.7824715906
            ],
            [
              39.6790491482,
              -3.7666971894
            ],
            [
              39.6776267279,
              -3.7369797124
            ],
            [
              39.6829569116,
              -3.7102640972
            ]
          ]
        ]
      },
      "properties": {
        "country": "Kenya",
        "country_code": "KEN",
        "species_name": "Gmelina_arborea",
        "genus": "Gmelina",
        "species": "arborea",
        "suitability_name": "Very suitable",
        "suitability_rank": 1,
        "soil_suitability": "S2",
        "soil_type": "Uc9",
        "soil_description": null,
        "site_class": "1-II-Uc9",
        "maz": "II",
        "maz_zone": "Sub-humid",
        "tz": null,
        "frost_risk": "None",
        "source_layer": "KCFP_SSMT_Kenya"
      }
    },
    {
      "type": "Feature",
      "geometry": {
        "type": "Polygon",
        "coordinates": [
          [
            [
              39.8355365649,
              -3.7904132139
            ],
            [
              39.8355032503,
              -3.7555406692
            ],
            [
              39.8326258523,
              -3.7645029164
            ],
            [
              39.8132759894,
              -3.7913865563
            ],
            [
              39.8053949456,
              -3.8185226456
            ],
            [
              39.8045894377,
              -3.8536550059
            ],
            [
              39.8029900805,
              -3.868005939
            ],
            [
              39.8179829192,
              -3.8288072175
            ],
            [
              39.829140584,
              -3.8066520504
            ],
            [
              39.8307048648,
              -3.8021012176
            ],
            [
              39.8355365649,
              -3.7904132139
            ]
          ]
        ]
      },
      "properties": {
        "country": "Kenya",
        "country_code": "KEN",
        "species_name": "Gmelina_arborea",
        "genus": "Gmelina",
        "species": "arborea",
        "suitability_name": "Very suitable",
        "suitability_rank": 1,
        "soil_suitability": "S1",
        "soil_type": "Pc8",
        "soil_description": null,
        "site_class": "1-II-Pc8",
        "maz": "II",
        "maz_zone": "Sub-humid",
        "tz": null,
        "frost_risk": "None",
        "source_layer": "KCFP_SSMT_Kenya"
      }
    },
    {
      "type": "Feature",
      "geometry": {
        "type": "Polygon",
        "coordinates": [
          [
            [
              39.8104218098,
              -3.6984864176
            ],
            [
              39.8104095946,
              -3.6850129344
            ],
            [
              39.7770397455,
              -3.6850427851
            ],
            [
              39.7770365612,
              -3.6813711626
            ],
            [
              39.7766401972,
              -3.6821399057
            ],
            [
              39.7768032638,
              -3.6947053863
            ],
            [
              39.7813247813,
              -3.7040884518
            ],
            [
              39.7918391834,
              -3.7064074314
            ],
            [
              39.8020827336,
              -3.7023703527
            ],
            [
              39.8020822057,
              -3.7017826576
            ],
            [
              39.8033559744,
              -3.7017814991
            ],
            [
              39.8104218098,
              -3.6984864176
            ]
          ]
        ]
      },
      "properties": {
        "country": "Kenya",
        "country_code": "KEN",
        "species_name": "Gmelina_arborea",
        "genus": "Gmelina",
        "species": "arborea",
        "suitability_name": "Very suitable",
        "suitability_rank": 1,
        "soil_suitability": "S2",
        "soil_type": "Pc1",
        "soil_description": null,
        "site_class": "1-II-Pc1",
        "maz": "II",
        "maz_zone": "Sub-humid",
        "tz": null,
        "frost_risk": "None",
        "source_layer": "KCFP_SSMT_Kenya"
      }
    },
    {
      "type": "Feature",
      "geometry": {
        "type": "Polygon",
        "coordinates": [
          [
            [
              39.7486938625,
              -3.8733503203
            ],
            [
              39.762587693,
              -3.8554057889
            ],
            [
              39.7734126481,
              -3.8410547308
            ],
            [
              39.7865965598,
              -3.8132339711
            ],
            [
              39.7964978796,
              -3.8013866997
            ],
            [
              39.8098945968,
              -3.7738089318
            ],
            [
              39.8179859204,
              -3.7523831367
            ],
            [
              39.8212506423,
              -3.7348147836
            ],
            [
              39.8199137379,
              -3.7250005273
            ],
            [
              39.8130015466,
              -3.7363932295
            ],
            [
              39.80659161,
              -3.7375156872
            ],
            [
              39.8082337853,
              -3.7270130151
            ],
            [
              39.8052484614,
              -3.727465028
            ],
            [
              39.7932686405,
              -3.7450087894
            ],
            [
              39.7810518227,
              -3.7634629125
            ],
            [
              39.7761788366,
              -3.777379213
            ],
            [
              39.7823704095,
              -3.7789872392
            ],
            [
              39.7933862868,
              -3.7730786071
            ],
            [
              39.7956716857,
              -3.7765077184
            ],
            [
              39.7594290911,
              -3.8376062783
            ],
            [
              39.7562207237,
              -3.8344061143
            ],
            [
              39.7590162794,
              -3.8259641338
            ],
            [
              39.7678029651,
              -3.8090899273
            ],
            [
              39.77104841,
              -3.8011039177
            ],
            [
              39.766231847,
              -3.7997227515
            ],
            [
              39.7554207059,
              -3.8090575885
            ],
            [
              39.7487261116,
              -3.8229613414
            ],
            [
              39.7479385025,
              -3.8482945126
            ],
            [
              39.7426079308,
              -3.8656203584
            ],
            [
              39.7446455873,
              -3.8731550433
            ],
            [
              39.7486938625,
              -3.8733503203
            ]
          ]
        ]
      },
      "properties": {
        "country": "Kenya",
        "country_code": "KEN",
        "species_name": "Gmelina_arborea",
        "genus": "Gmelina",
        "species": "arborea",
        "suitability_name": "Very suitable",
        "suitability_rank": 1,
        "soil_suitability": "S1",
        "soil_type": "Uc8",
        "soil_description": null,
        "site_class": "1-II-Uc8",
        "maz": "II",
        "maz_zone": "Sub-humid",
        "tz": null,
        "frost_risk": "None",
        "source_layer": "KCFP_SSMT_Kenya"
      }
    },
    {
      "type": "Feature",
      "geometry": {
        "type": "Polygon",
        "coordinates": [
          [
            [
              39.7625279269,
              -3.9489449034
            ],
            [
              39.7915123821,
              -3.8868848939
            ],
            [
              39.7822195147,
              -3.891946859
            ],
            [
              39.7674754741,
              -3.9094831796
            ],
            [
              39.7426625385,
              -3.9509151837
            ],
            [
              39.749780329,
              -3.9510080477
            ],
            [
              39.7566842251,
              -3.9504302559
            ],
            [
              39.7625279269,
              -3.9489449034
            ]
          ]
        ]
      },
      "properties": {
        "country": "Kenya",
        "country_code": "KEN",
        "species_name": "Gmelina_arborea",
        "genus": "Gmelina",
        "species": "arborea",
        "suitability_name": "Very suitable",
        "suitability_rank": 1,
        "soil_suitability": "S1",
        "soil_type": "Pc8",
        "soil_description": null,
        "site_class": "1-II-Pc8",
        "maz": "II",
        "maz_zone": "Sub-humid",
        "tz": null,
        "frost_risk": "None",
        "source_layer": "KCFP_SSMT_Kenya"
      }
    },
    {
      "type": "Feature",
      "geometry": {
        "type": "Polygon",
        "coordinates": [
          [
            [
              39.6281248619,
              -4.0046528758
            ],
            [
              39.5978142563,
              -3.997454348
            ],
            [
              39.5748337758,
              -4.0008916239
            ],
            [
              39.5675720786,
              -4.012055723
            ],
            [
              39.5686912863,
              -4.0148335281
            ],
            [
              39.5686893789,
              -4.0120775624
            ],
            [
              39.5770354104,
              -4.0120716999
            ],
            [
              39.5770412978,
              -4.0204531057
            ],
            [
              39.5853874012,
              -4.0204471444
            ],
            [
              39.5853933872,
              -4.0288285368
            ],
            [
              39.6020857267,
              -4.028816332
            ],
            [
              39.6020918963,
              -4.0371976964
            ],
            [
              39.5937456465,
              -4.0372038545
            ],
            [
              39.5937503537,
              -4.0436773707
            ],
            [
              39.5983454052,
              -4.0435399726
            ],
            [
              39.6206946249,
              -4.043474773
            ],
            [
              39.6288868813,
              -4.0431024412
            ],
            [
              39.6373435744,
              -4.0389335375
            ],
            [
              39.6408574087,
              -4.0317019928
            ],
            [
              39.635848624,
              -4.0128457425
            ],
            [
              39.6281248619,
              -4.0046528758
            ]
          ]
        ]
      },
      "properties": {
        "country": "Kenya",
        "country_code": "KEN",
        "species_name": "Gmelina_arborea",
        "genus": "Gmelina",
        "species": "arborea",
        "suitability_name": "Very suitable",
        "suitability_rank": 1,
        "soil_suitability": "S2",
        "soil_type": "Pc1",
        "soil_description": null,
        "site_class": "1-II-Pc1",
        "maz": "II",
        "maz_zone": "Sub-humid",
        "tz": null,
        "frost_risk": "None",
        "source_layer": "KCFP_SSMT_Kenya"
      }
    },
    {
      "type": "Feature",
      "geometry": {
        "type": "Polygon",
        "coordinates": [
          [
            [
              39.6876543955,
              -4.0624302107
            ],
            [
              39.7145597603,
              -4.0132112456
            ],
            [
              39.6752149495,
              -4.0353942965
            ],
            [
              39.6760290831,
              -4.0465157014
            ],
            [
              39.6791413784,
              -4.0518279633
            ],
            [
              39.6822478701,
              -4.0585824693
            ],
            [
              39.6876543955,
              -4.0624302107
            ]
          ]
        ]
      },
      "properties": {
        "country": "Kenya",
        "country_code": "KEN",
        "species_name": "Gmelina_arborea",
        "genus": "Gmelina",
        "species": "arborea",
        "suitability_name": "Very suitable",
        "suitability_rank": 1,
        "soil_suitability": "S1",
        "soil_type": "Pc8",
        "soil_description": null,
        "site_class": "1-II-Pc8",
        "maz": "II",
        "maz_zone": "Sub-humid",
        "tz": null,
        "frost_risk": "None",
        "source_layer": "KCFP_SSMT_Kenya"
      }
    },
    {
      "type": "Feature",
      "geometry": {
        "type": "Polygon",
        "coordinates": [
          [
            [
              39.5025115926,
              -4.0540285781
            ],
            [
              39.5052979535,
              -4.0481117463
            ],
            [
              39.5031298122,
              -4.03884726
            ],
            [
              39.4961822942,
              -4.0437206191
            ],
            [
              39.4951524614,
              -4.045651612
            ],
            [
              39.5019412538,
              -4.0456474268
            ],
            [
              39.501946418,
              -4.0540289307
            ],
            [
              39.5025115926,
              -4.0540285781
            ]
          ]
        ]
      },
      "properties": {
        "country": "Kenya",
        "country_code": "KEN",
        "species_name": "Gmelina_arborea",
        "genus": "Gmelina",
        "species": "arborea",
        "suitability_name": "Very suitable",
        "suitability_rank": 1,
        "soil_suitability": "S2",
        "soil_type": "Uc9",
        "soil_description": null,
        "site_class": "1-II-Uc9",
        "maz": "II",
        "maz_zone": "Sub-humid",
        "tz": null,
        "frost_risk": "None",
        "source_layer": "KCFP_SSMT_Kenya"
      }
    },
    {
      "type": "Feature",
      "geometry": {
        "type": "Polygon",
        "coordinates": [
          [
            [
              39.4819887622,
              -4.0708041548
            ],
            [
              39.4852632995,
              -4.0708021845
            ],
            [
              39.4852595049,
              -4.0644597121
            ],
            [
              39.4819887622,
              -4.0708041548
            ]
          ]
        ]
      },
      "properties": {
        "country": "Kenya",
        "country_code": "KEN",
        "species_name": "Gmelina_arborea",
        "genus": "Gmelina",
        "species": "arborea",
        "suitability_name": "Very suitable",
        "suitability_rank": 1,
        "soil_suitability": "S2",
        "soil_type": "Uc9",
        "soil_description": null,
        "site_class": "1-II-Uc9",
        "maz": "II",
        "maz_zone": "Sub-humid",
        "tz": null,
        "frost_risk": "None",
        "source_layer": "KCFP_SSMT_Kenya"
      }
    },
    {
      "type": "Feature",
      "geometry": {
        "type": "Polygon",
        "coordinates": [
          [
            [
              39.4024426439,
              -4.4247347999
            ],
            [
              39.4051324243,
              -4.4179997008
            ],
            [
              39.4060794977,
              -4.4144907344
            ],
            [
              39.4019729305,
              -4.4144929717
            ],
            [
              39.4019790769,
              -4.4259005653
            ],
            [
              39.4024426439,
              -4.4247347999
            ]
          ]
        ]
      },
      "properties": {
        "country": "Kenya",
        "country_code": "KEN",
        "species_name": "Gmelina_arborea",
        "genus": "Gmelina",
        "species": "arborea",
        "suitability_name": "Very suitable",
        "suitability_rank": 1,
        "soil_suitability": "S2",
        "soil_type": "Uc9",
        "soil_description": null,
        "site_class": "1-I-Uc9",
        "maz": "I",
        "maz_zone": "Humid",
        "tz": null,
        "frost_risk": "None",
        "source_layer": "KCFP_SSMT_Kenya"
      }
    },
    {
      "type": "Feature",
      "geometry": {
        "type": "Polygon",
        "coordinates": [
          [
            [
              39.4004427437,
              -4.43649205
            ],
            [
              39.4007745618,
              -4.4312567052
            ],
            [
              39.39363124,
              -4.4312605464
            ],
            [
              39.3936347766,
              -4.4379425939
            ],
            [
              39.4004427437,
              -4.43649205
            ]
          ]
        ]
      },
      "properties": {
        "country": "Kenya",
        "country_code": "KEN",
        "species_name": "Gmelina_arborea",
        "genus": "Gmelina",
        "species": "arborea",
        "suitability_name": "Very suitable",
        "suitability_rank": 1,
        "soil_suitability": "S2",
        "soil_type": "Uc9",
        "soil_description": null,
        "site_class": "1-I-Uc9",
        "maz": "I",
        "maz_zone": "Humid",
        "tz": null,
        "frost_risk": "None",
        "source_layer": "KCFP_SSMT_Kenya"
      }
    },
    {
      "type": "Feature",
      "geometry": {
        "type": "Polygon",
        "coordinates": [
          [
            [
              39.4663916505,
              -4.1043395273
            ],
            [
              39.4794554217,
              -4.0895774808
            ],
            [
              39.487743074,
              -4.0791822023
            ],
            [
              39.4766522332,
              -4.0791888698
            ],
            [
              39.4712359171,
              -4.0870234562
            ],
            [
              39.4685802662,
              -4.0889125442
            ],
            [
              39.4685843607,
              -4.0959567046
            ],
            [
              39.4586693987,
              -4.095962459
            ],
            [
              39.4518929838,
              -4.1007826033
            ],
            [
              39.4519090227,
              -4.1292371502
            ],
            [
              39.4628353062,
              -4.1219547477
            ],
            [
              39.4557081509,
              -4.1223771568
            ],
            [
              39.4602474836,
              -4.1137014948
            ],
            [
              39.460242119,
              -4.1043431021
            ],
            [
              39.4663916505,
              -4.1043395273
            ]
          ]
        ]
      },
      "properties": {
        "country": "Kenya",
        "country_code": "KEN",
        "species_name": "Gmelina_arborea",
        "genus": "Gmelina",
        "species": "arborea",
        "suitability_name": "Very suitable",
        "suitability_rank": 1,
        "soil_suitability": "S2",
        "soil_type": "Uc9",
        "soil_description": null,
        "site_class": "1-II-Uc9",
        "maz": "II",
        "maz_zone": "Sub-humid",
        "tz": null,
        "frost_risk": "None",
        "source_layer": "KCFP_SSMT_Kenya"
      }
    },
    {
      "type": "Feature",
      "geometry": {
        "type": "Polygon",
        "coordinates": [
          [
            [
              39.5186310693,
              -4.1807011624
            ],
            [
              39.517011637,
              -4.1605829822
            ],
            [
              39.5221902642,
              -4.1345614344
            ],
            [
              39.5179163168,
              -4.1199285581
            ],
            [
              39.5060429817,
              -4.1166736711
            ],
            [
              39.4929842274,
              -4.1191280889
            ],
            [
              39.4879331617,
              -4.1225349706
            ],
            [
              39.4990824615,
              -4.1337793272
            ],
            [
              39.5044602477,
              -4.1525391449
            ],
            [
              39.4881175445,
              -4.1682484823
            ],
            [
              39.4769593362,
              -4.1786167074
            ],
            [
              39.4769600324,
              -4.1797689766
            ],
            [
              39.4757184331,
              -4.1797697311
            ],
            [
              39.4729536311,
              -4.1823387164
            ],
            [
              39.4686171058,
              -4.1880913805
            ],
            [
              39.4686171431,
              -4.1881555023
            ],
            [
              39.4685687467,
              -4.1881555304
            ],
            [
              39.456133567,
              -4.204650996
            ],
            [
              39.4519379975,
              -4.2173500095
            ],
            [
              39.451950223,
              -4.2384543246
            ],
            [
              39.4450805837,
              -4.2384583149
            ],
            [
              39.4436050931,
              -4.244412339
            ],
            [
              39.4436112703,
              -4.2552221667
            ],
            [
              39.4409258342,
              -4.2552237118
            ],
            [
              39.4390953822,
              -4.2626098307
            ],
            [
              39.4353652254,
              -4.276079071
            ],
            [
              39.4440659871,
              -4.2749697156
            ],
            [
              39.4527880152,
              -4.2734033501
            ],
            [
              39.4593938222,
              -4.2793584562
            ],
            [
              39.4589025434,
              -4.2862100366
            ],
            [
              39.4512785984,
              -4.299656216
            ],
            [
              39.4338290827,
              -4.3046314755
            ],
            [
              39.4327186426,
              -4.2973157287
            ],
            [
              39.4327792984,
              -4.2879492107
            ],
            [
              39.422008979,
              -4.2879096854
            ],
            [
              39.4220622508,
              -4.2785322072
            ],
            [
              39.4244267343,
              -4.2666625592
            ],
            [
              39.4185706061,
              -4.265426907
            ],
            [
              39.4185741662,
              -4.2719992544
            ],
            [
              39.4116285225,
              -4.2720030167
            ],
            [
              39.4102262767,
              -4.273949591
            ],
            [
              39.4102297009,
              -4.2803853009
            ],
            [
              39.4055352925,
              -4.280387804
            ],
            [
              39.4018828421,
              -4.2845395061
            ],
            [
              39.4018850522,
              -4.2887712719
            ],
            [
              39.3981581836,
              -4.2887732245
            ],
            [
              39.3936188424,
              -4.2939328905
            ],
            [
              39.3935384786,
              -4.2937542636
            ],
            [
              39.3935402225,
              -4.2971571671
            ],
            [
              39.3601432852,
              -4.2971736888
            ],
            [
              39.3601418174,
              -4.2940440572
            ],
            [
              39.3542789934,
              -4.2973895948
            ],
            [
              39.3490340201,
              -4.2962180543
            ],
            [
              39.3484083975,
              -4.2861595216
            ],
            [
              39.3952970631,
              -4.207320191
            ],
            [
              39.4081828488,
              -4.1881874095
            ],
            [
              39.3935062499,
              -4.1881949386
            ],
            [
              39.3935146406,
              -4.2049581323
            ],
            [
              39.3768181081,
              -4.2049663962
            ],
            [
              39.376822138,
              -4.2133480078
            ],
            [
              39.3601253945,
              -4.2133559275
            ],
            [
              39.3601331214,
              -4.2301191768
            ],
            [
              39.3434359879,
              -4.2301267688
            ],
            [
              39.343439682,
              -4.2385084049
            ],
            [
              39.3350910152,
              -4.238512074
            ],
            [
              39.3351018738,
              -4.2636569941
            ],
            [
              39.3267529293,
              -4.2636605933
            ],
            [
              39.326749392,
              -4.2552789483
            ],
            [
              39.3184005307,
              -4.2552824497
            ],
            [
              39.318414356,
              -4.2888090484
            ],
            [
              39.3100651245,
              -4.2888124871
            ],
            [
              39.3100685077,
              -4.2971941394
            ],
            [
              39.3017191776,
              -4.2971974924
            ],
            [
              39.3017290913,
              -4.3223424569
            ],
            [
              39.2933794813,
              -4.3223457367
            ],
            [
              39.2933827058,
              -4.3307273936
            ],
            [
              39.3017324085,
              -4.3307241075
            ],
            [
              39.3017357322,
              -4.339105757
            ],
            [
              39.2933859384,
              -4.3391090496
            ],
            [
              39.2933924208,
              -4.3558723559
            ],
            [
              39.2850424363,
              -4.3558755694
            ],
            [
              39.2850392842,
              -4.3474939118
            ],
            [
              39.2766893859,
              -4.3474970255
            ],
            [
              39.2766924456,
              -4.35587869
            ],
            [
              39.2737701193,
              -4.3558797603
            ],
            [
              39.2795309119,
              -4.3689983386
            ],
            [
              39.289465047,
              -4.3860613756
            ],
            [
              39.2912907847,
              -4.3891799963
            ],
            [
              39.3159406452,
              -4.3954737361
            ],
            [
              39.3316787434,
              -4.3957490889
            ],
            [
              39.3457049481,
              -4.3885439036
            ],
            [
              39.356191255,
              -4.3938573503
            ],
            [
              39.3615636298,
              -4.4151314707
            ],
            [
              39.3697196717,
              -4.4341070345
            ],
            [
              39.3878279899,
              -4.4391797663
            ],
            [
              39.3936347766,
              -4.4379425939
            ],
            [
              39.39363124,
              -4.4312605464
            ],
            [
              39.4007745618,
              -4.4312567052
            ],
            [
              39.4009500173,
              -4.4284884015
            ],
            [
              39.4019790769,
              -4.4259005653
            ],
            [
              39.4019729305,
              -4.4144929717
            ],
            [
              39.4060794977,
              -4.4144907344
            ],
            [
              39.4083946996,
              -4.4059126382
            ],
            [
              39.4084389429,
              -4.3940466727
            ],
            [
              39.416058187,
              -4.3792407235
            ],
            [
              39.4261441619,
              -4.375859006
            ],
            [
              39.4309998957,
              -4.3816372859
            ],
            [
              39.4528621741,
              -4.355376135
            ],
            [
              39.4910988385,
              -4.301476529
            ],
            [
              39.5013132761,
              -4.2872564482
            ],
            [
              39.5216281349,
              -4.2571761134
            ],
            [
              39.5167957888,
              -4.2585387693
            ],
            [
              39.5118333481,
              -4.2388966615
            ],
            [
              39.5116882222,
              -4.2213074972
            ],
            [
              39.515639134,
              -4.1982128821
            ],
            [
              39.5101648783,
              -4.2035005248
            ],
            [
              39.5005135615,
              -4.2064415331
            ],
            [
              39.4867728148,
              -4.2050194265
            ],
            [
              39.4847682843,
              -4.1961011162
            ],
            [
              39.4884852646,
              -4.1847002888
            ],
            [
              39.5027114744,
              -4.1792712161
            ],
            [
              39.5157725288,
              -4.1786245451
            ],
            [
              39.5186310693,
              -4.1807011624
            ]
          ]
        ]
      },
      "properties": {
        "country": "Kenya",
        "country_code": "KEN",
        "species_name": "Gmelina_arborea",
        "genus": "Gmelina",
        "species": "arborea",
        "suitability_name": "Very suitable",
        "suitability_rank": 1,
        "soil_suitability": "S2",
        "soil_type": "Uc9",
        "soil_description": null,
        "site_class": "1-II-Uc9",
        "maz": "II",
        "maz_zone": "Sub-humid",
        "tz": null,
        "frost_risk": "None",
        "source_layer": "KCFP_SSMT_Kenya"
      }
    },
    {
      "type": "Feature",
      "geometry": {
        "type": "Polygon",
        "coordinates": [
          [
            [
              39.4185422953,
              -4.1728049653
            ],
            [
              39.4245995342,
              -4.1638104319
            ],
            [
              39.4426309971,
              -4.1378793272
            ],
            [
              39.4352189199,
              -4.1378834421
            ],
            [
              39.4352235009,
              -4.1462650061
            ],
            [
              39.4268759022,
              -4.1462695653
            ],
            [
              39.4268804036,
              -4.1546511377
            ],
            [
              39.4185327078,
              -4.1546556169
            ],
            [
              39.4185422953,
              -4.1728049653
            ]
          ]
        ]
      },
      "properties": {
        "country": "Kenya",
        "country_code": "KEN",
        "species_name": "Gmelina_arborea",
        "genus": "Gmelina",
        "species": "arborea",
        "suitability_name": "Very suitable",
        "suitability_rank": 1,
        "soil_suitability": "S2",
        "soil_type": "Uc9",
        "soil_description": null,
        "site_class": "1-II-Uc9",
        "maz": "II",
        "maz_zone": "Sub-humid",
        "tz": null,
        "frost_risk": "None",
        "source_layer": "KCFP_SSMT_Kenya"
      }
    },
    {
      "type": "Feature",
      "geometry": {
        "type": "Polygon",
        "coordinates": [
          [
            [
              39.4102008332,
              -4.1851910158
            ],
            [
              39.4138295582,
              -4.1798028577
            ],
            [
              39.410198032,
              -4.1798047687
            ],
            [
              39.4102008332,
              -4.1851910158
            ]
          ]
        ]
      },
      "properties": {
        "country": "Kenya",
        "country_code": "KEN",
        "species_name": "Gmelina_arborea",
        "genus": "Gmelina",
        "species": "arborea",
        "suitability_name": "Very suitable",
        "suitability_rank": 1,
        "soil_suitability": "S2",
        "soil_type": "Uc9",
        "soil_description": null,
        "site_class": "1-II-Uc9",
        "maz": "II",
        "maz_zone": "Sub-humid",
        "tz": null,
        "frost_risk": "None",
        "source_layer": "KCFP_SSMT_Kenya"
      }
    },
    {
      "type": "Feature",
      "geometry": {
        "type": "Polygon",
        "coordinates": [
          [
            [
              39.4757184331,
              -4.1797697311
            ],
            [
              39.4769600324,
              -4.1797689766
            ],
            [
              39.4769593362,
              -4.1786167074
            ],
            [
              39.4757184331,
              -4.1797697311
            ]
          ]
        ]
      },
      "properties": {
        "country": "Kenya",
        "country_code": "KEN",
        "species_name": "Gmelina_arborea",
        "genus": "Gmelina",
        "species": "arborea",
        "suitability_name": "Very suitable",
        "suitability_rank": 1,
        "soil_suitability": "S2",
        "soil_type": "Uc9",
        "soil_description": null,
        "site_class": "2-II-Uc9",
        "maz": "II",
        "maz_zone": "Sub-humid",
        "tz": null,
        "frost_risk": "None",
        "source_layer": "KCFP_SSMT_Kenya"
      }
    },
    {
      "type": "Feature",
      "geometry": {
        "type": "Polygon",
        "coordinates": [
          [
            [
              39.4685687467,
              -4.1881555304
            ],
            [
              39.4686171431,
              -4.1881555023
            ],
            [
              39.4686171058,
              -4.1880913805
            ],
            [
              39.4685687467,
              -4.1881555304
            ]
          ]
        ]
      },
      "properties": {
        "country": "Kenya",
        "country_code": "KEN",
        "species_name": "Gmelina_arborea",
        "genus": "Gmelina",
        "species": "arborea",
        "suitability_name": "Very suitable",
        "suitability_rank": 1,
        "soil_suitability": "S2",
        "soil_type": "Uc9",
        "soil_description": null,
        "site_class": "2-II-Uc9",
        "maz": "II",
        "maz_zone": "Sub-humid",
        "tz": null,
        "frost_risk": "None",
        "source_layer": "KCFP_SSMT_Kenya"
      }
    },
    {
      "type": "Feature",
      "geometry": {
        "type": "Polygon",
        "coordinates": [
          [
            [
              39.4450805837,
              -4.2384583149
            ],
            [
              39.451950223,
              -4.2384543246
            ],
            [
              39.4519379975,
              -4.2173500095
            ],
            [
              39.4454308175,
              -4.2370450118
            ],
            [
              39.4450805837,
              -4.2384583149
            ]
          ]
        ]
      },
      "properties": {
        "country": "Kenya",
        "country_code": "KEN",
        "species_name": "Gmelina_arborea",
        "genus": "Gmelina",
        "species": "arborea",
        "suitability_name": "Very suitable",
        "suitability_rank": 1,
        "soil_suitability": "S2",
        "soil_type": "Uc9",
        "soil_description": null,
        "site_class": "2-II-Uc9",
        "maz": "II",
        "maz_zone": "Sub-humid",
        "tz": null,
        "frost_risk": "None",
        "source_layer": "KCFP_SSMT_Kenya"
      }
    },
    {
      "type": "Feature",
      "geometry": {
        "type": "Polygon",
        "coordinates": [
          [
            [
              39.4409258342,
              -4.2552237118
            ],
            [
              39.4436112703,
              -4.2552221667
            ],
            [
              39.4436050931,
              -4.244412339
            ],
            [
              39.4409258342,
              -4.2552237118
            ]
          ]
        ]
      },
      "properties": {
        "country": "Kenya",
        "country_code": "KEN",
        "species_name": "Gmelina_arborea",
        "genus": "Gmelina",
        "species": "arborea",
        "suitability_name": "Very suitable",
        "suitability_rank": 1,
        "soil_suitability": "S2",
        "soil_type": "Uc9",
        "soil_description": null,
        "site_class": "2-II-Uc9",
        "maz": "II",
        "maz_zone": "Sub-humid",
        "tz": null,
        "frost_risk": "None",
        "source_layer": "KCFP_SSMT_Kenya"
      }
    },
    {
      "type": "Feature",
      "geometry": {
        "type": "Polygon",
        "coordinates": [
          [
            [
              39.4185706061,
              -4.265426907
            ],
            [
              39.4166565959,
              -4.2650230367
            ],
            [
              39.4116285225,
              -4.2720030167
            ],
            [
              39.4185741662,
              -4.2719992544
            ],
            [
              39.4185706061,
              -4.265426907
            ]
          ]
        ]
      },
      "properties": {
        "country": "Kenya",
        "country_code": "KEN",
        "species_name": "Gmelina_arborea",
        "genus": "Gmelina",
        "species": "arborea",
        "suitability_name": "Very suitable",
        "suitability_rank": 1,
        "soil_suitability": "S2",
        "soil_type": "Uc9",
        "soil_description": null,
        "site_class": "2-II-Uc9",
        "maz": "II",
        "maz_zone": "Sub-humid",
        "tz": null,
        "frost_risk": "None",
        "source_layer": "KCFP_SSMT_Kenya"
      }
    },
    {
      "type": "Feature",
      "geometry": {
        "type": "Polygon",
        "coordinates": [
          [
            [
              39.3935384786,
              -4.2937542636
            ],
            [
              39.3911468576,
              -4.2884382931
            ],
            [
              39.3949048365,
              -4.2715399072
            ],
            [
              39.3852957636,
              -4.2733232869
            ],
            [
              39.3749246514,
              -4.2856081218
            ],
            [
              39.3601418174,
              -4.2940440572
            ],
            [
              39.3601432852,
              -4.2971736888
            ],
            [
              39.3935402225,
              -4.2971571671
            ],
            [
              39.3935384786,
              -4.2937542636
            ]
          ]
        ]
      },
      "properties": {
        "country": "Kenya",
        "country_code": "KEN",
        "species_name": "Gmelina_arborea",
        "genus": "Gmelina",
        "species": "arborea",
        "suitability_name": "Very suitable",
        "suitability_rank": 1,
        "soil_suitability": "S2",
        "soil_type": "Uc9",
        "soil_description": null,
        "site_class": "2-II-Uc9",
        "maz": "II",
        "maz_zone": "Sub-humid",
        "tz": null,
        "frost_risk": "None",
        "source_layer": "KCFP_SSMT_Kenya"
      }
    },
    {
      "type": "Feature",
      "geometry": {
        "type": "Polygon",
        "coordinates": [
          [
            [
              39.4055352925,
              -4.280387804
            ],
            [
              39.4102297009,
              -4.2803853009
            ],
            [
              39.4102262767,
              -4.273949591
            ],
            [
              39.4058281772,
              -4.2800548837
            ],
            [
              39.4055352925,
              -4.280387804
            ]
          ]
        ]
      },
      "properties": {
        "country": "Kenya",
        "country_code": "KEN",
        "species_name": "Gmelina_arborea",
        "genus": "Gmelina",
        "species": "arborea",
        "suitability_name": "Very suitable",
        "suitability_rank": 1,
        "soil_suitability": "S2",
        "soil_type": "Uc9",
        "soil_description": null,
        "site_class": "2-II-Uc9",
        "maz": "II",
        "maz_zone": "Sub-humid",
        "tz": null,
        "frost_risk": "None",
        "source_layer": "KCFP_SSMT_Kenya"
      }
    },
    {
      "type": "Feature",
      "geometry": {
        "type": "Polygon",
        "coordinates": [
          [
            [
              39.3981581836,
              -4.2887732245
            ],
            [
              39.4018850522,
              -4.2887712719
            ],
            [
              39.4018828421,
              -4.2845395061
            ],
            [
              39.3981581836,
              -4.2887732245
            ]
          ]
        ]
      },
      "properties": {
        "country": "Kenya",
        "country_code": "KEN",
        "species_name": "Gmelina_arborea",
        "genus": "Gmelina",
        "species": "arborea",
        "suitability_name": "Very suitable",
        "suitability_rank": 1,
        "soil_suitability": "S2",
        "soil_type": "Uc9",
        "soil_description": null,
        "site_class": "2-II-Uc9",
        "maz": "II",
        "maz_zone": "Sub-humid",
        "tz": null,
        "frost_risk": "None",
        "source_layer": "KCFP_SSMT_Kenya"
      }
    },
    {
      "type": "Feature",
      "geometry": {
        "type": "Polygon",
        "coordinates": [
          [
            [
              39.4938656965,
              -4.4707203762
            ],
            [
              39.4948632707,
              -4.4698889505
            ],
            [
              39.4973983892,
              -4.4647236815
            ],
            [
              39.4938616862,
              -4.4647260718
            ],
            [
              39.4938656965,
              -4.4707203762
            ]
          ]
        ]
      },
      "properties": {
        "country": "Kenya",
        "country_code": "KEN",
        "species_name": "Gmelina_arborea",
        "genus": "Gmelina",
        "species": "arborea",
        "suitability_name": "Very suitable",
        "suitability_rank": 1,
        "soil_suitability": "S1",
        "soil_type": "Pc8",
        "soil_description": null,
        "site_class": "1-II-Pc8",
        "maz": "II",
        "maz_zone": "Sub-humid",
        "tz": null,
        "frost_risk": "None",
        "source_layer": "KCFP_SSMT_Kenya"
      }
    },
    {
      "type": "Feature",
      "geometry": {
        "type": "Polygon",
        "coordinates": [
          [
            [
              39.4968713998,
              -4.4563426138
            ],
            [
              39.4938560879,
              -4.4563446468
            ],
            [
              39.4938505003,
              -4.4479632209
            ],
            [
              39.4888527483,
              -4.4479665571
            ],
            [
              39.4860744614,
              -4.4551480709
            ],
            [
              39.4756912518,
              -4.4678999409
            ],
            [
              39.4588967591,
              -4.473574477
            ],
            [
              39.4450977511,
              -4.4806116483
            ],
            [
              39.4388412989,
              -4.4949795869
            ],
            [
              39.4075074118,
              -4.515926706
            ],
            [
              39.4055601904,
              -4.5172363604
            ],
            [
              39.3955368752,
              -4.5297971886
            ],
            [
              39.387168867,
              -4.5329784127
            ],
            [
              39.3964266727,
              -4.5375502439
            ],
            [
              39.4053557499,
              -4.546011672
            ],
            [
              39.4140977382,
              -4.5459635912
            ],
            [
              39.4147194027,
              -4.5404776725
            ],
            [
              39.4176369183,
              -4.5338234823
            ],
            [
              39.4250997209,
              -4.5335494134
            ],
            [
              39.4297765517,
              -4.5304956742
            ],
            [
              39.4288069515,
              -4.5256993738
            ],
            [
              39.4266783586,
              -4.5197986372
            ],
            [
              39.4252422761,
              -4.5152557347
            ],
            [
              39.4309650341,
              -4.5128949751
            ],
            [
              39.438113686,
              -4.5144052315
            ],
            [
              39.4417993948,
              -4.5148148208
            ],
            [
              39.4479241945,
              -4.5078919331
            ],
            [
              39.450229799,
              -4.5085510107
            ],
            [
              39.4516619569,
              -4.5137388722
            ],
            [
              39.4600364285,
              -4.5216562327
            ],
            [
              39.464081442,
              -4.5055177632
            ],
            [
              39.4771731292,
              -4.4855143517
            ],
            [
              39.4771705251,
              -4.4815000145
            ],
            [
              39.4832377793,
              -4.4814960267
            ],
            [
              39.488478719,
              -4.475210086
            ],
            [
              39.4938656965,
              -4.4707203762
            ],
            [
              39.4938616862,
              -4.4647260718
            ],
            [
              39.4973983892,
              -4.4647236815
            ],
            [
              39.4982933481,
              -4.4629001961
            ],
            [
              39.4968713998,
              -4.4563426138
            ]
          ]
        ]
      },
      "properties": {
        "country": "Kenya",
        "country_code": "KEN",
        "species_name": "Gmelina_arborea",
        "genus": "Gmelina",
        "species": "arborea",
        "suitability_name": "Very suitable",
        "suitability_rank": 1,
        "soil_suitability": "S1",
        "soil_type": "Pc8",
        "soil_description": null,
        "site_class": "1-I-Pc8",
        "maz": "I",
        "maz_zone": "Humid",
        "tz": null,
        "frost_risk": "None",
        "source_layer": "KCFP_SSMT_Kenya"
      }
    },
    {
      "type": "Feature",
      "geometry": {
        "type": "Polygon",
        "coordinates": [
          [
            [
              39.4771768361,
              -4.4912224048
            ],
            [
              39.4771733847,
              -4.4859080501
            ],
            [
              39.4749928402,
              -4.4939276241
            ],
            [
              39.4771768361,
              -4.4912224048
            ]
          ]
        ]
      },
      "properties": {
        "country": "Kenya",
        "country_code": "KEN",
        "species_name": "Gmelina_arborea",
        "genus": "Gmelina",
        "species": "arborea",
        "suitability_name": "Very suitable",
        "suitability_rank": 1,
        "soil_suitability": "S1",
        "soil_type": "Pc8",
        "soil_description": null,
        "site_class": "1-I-Pc8",
        "maz": "I",
        "maz_zone": "Humid",
        "tz": null,
        "frost_risk": "None",
        "source_layer": "KCFP_SSMT_Kenya"
      }
    },
    {
      "type": "Feature",
      "geometry": {
        "type": "Polygon",
        "coordinates": [
          [
            [
              39.6645535826,
              -4.091059232
            ],
            [
              39.6572916257,
              -4.0881089621
            ],
            [
              39.6538504471,
              -4.0871343599
            ],
            [
              39.6511726737,
              -4.0801621808
            ],
            [
              39.6440267978,
              -4.0808660481
            ],
            [
              39.6429423199,
              -4.0742250624
            ],
            [
              39.6423851473,
              -4.0665776975
            ],
            [
              39.6355297402,
              -4.0623185873
            ],
            [
              39.6355029426,
              -4.0706974347
            ],
            [
              39.6333131695,
              -4.0706991631
            ],
            [
              39.6319703905,
              -4.0778442775
            ],
            [
              39.6294033074,
              -4.0901590934
            ],
            [
              39.6311747301,
              -4.1086385862
            ],
            [
              39.6232962378,
              -4.1332645363
            ],
            [
              39.604344435,
              -4.170647133
            ],
            [
              39.5895169505,
              -4.2130507088
            ],
            [
              39.5793254257,
              -4.2408700586
            ],
            [
              39.574863009,
              -4.2700632667
            ],
            [
              39.564697781,
              -4.2903485579
            ],
            [
              39.5554302926,
              -4.3158781994
            ],
            [
              39.5473709451,
              -4.3238518156
            ],
            [
              39.5410770168,
              -4.3505291224
            ],
            [
              39.5318136732,
              -4.3728694712
            ],
            [
              39.5241902866,
              -4.3865468668
            ],
            [
              39.5191258391,
              -4.389961591
            ],
            [
              39.5067355231,
              -4.3855968675
            ],
            [
              39.4957597817,
              -4.3961664066
            ],
            [
              39.4889425015,
              -4.421153322
            ],
            [
              39.4934826248,
              -4.4359986409
            ],
            [
              39.4888527483,
              -4.4479665571
            ],
            [
              39.4938505003,
              -4.4479632209
            ],
            [
              39.4938560879,
              -4.4563446468
            ],
            [
              39.4968713998,
              -4.4563426138
            ],
            [
              39.495303611,
              -4.4491122911
            ],
            [
              39.4987350726,
              -4.4467907845
            ],
            [
              39.4963750835,
              -4.4418053084
            ],
            [
              39.497473127,
              -4.4376783565
            ],
            [
              39.5071479475,
              -4.4386990579
            ],
            [
              39.5105410526,
              -4.4318925714
            ],
            [
              39.51054057,
              -4.4311890095
            ],
            [
              39.5108661682,
              -4.4311887845
            ],
            [
              39.5079152375,
              -4.4174368319
            ],
            [
              39.5043618888,
              -4.4166057445
            ],
            [
              39.5045431259,
              -4.4124928904
            ],
            [
              39.5026718435,
              -4.4102369469
            ],
            [
              39.502851745,
              -4.4049863999
            ],
            [
              39.5043843883,
              -4.3994953527
            ],
            [
              39.5129262249,
              -4.4021169545
            ],
            [
              39.5179626922,
              -4.4034323679
            ],
            [
              39.5282751478,
              -4.4022992824
            ],
            [
              39.5375323137,
              -4.3808727125
            ],
            [
              39.554169145,
              -4.3523810598
            ],
            [
              39.5715657896,
              -4.2990258979
            ],
            [
              39.5881965761,
              -4.2671207999
            ],
            [
              39.598193889,
              -4.2655946433
            ],
            [
              39.5984395486,
              -4.2634985822
            ],
            [
              39.593892766,
              -4.2635021124
            ],
            [
              39.593891108,
              -4.2613428176
            ],
            [
              39.5922170796,
              -4.2605673832
            ],
            [
              39.5905633174,
              -4.2571637491
            ],
            [
              39.5930496683,
              -4.2539425545
            ],
            [
              39.5992194345,
              -4.2499836846
            ],
            [
              39.6007704285,
              -4.2418139518
            ],
            [
              39.6016350694,
              -4.233236063
            ],
            [
              39.6030479004,
              -4.2192353603
            ],
            [
              39.6100578615,
              -4.1820637923
            ],
            [
              39.6264586644,
              -4.1494698799
            ],
            [
              39.6414608655,
              -4.1257702745
            ],
            [
              39.6645535826,
              -4.091059232
            ]
          ]
        ]
      },
      "properties": {
        "country": "Kenya",
        "country_code": "KEN",
        "species_name": "Gmelina_arborea",
        "genus": "Gmelina",
        "species": "arborea",
        "suitability_name": "Very suitable",
        "suitability_rank": 1,
        "soil_suitability": "S1",
        "soil_type": "Pc8",
        "soil_description": null,
        "site_class": "1-II-Pc8",
        "maz": "II",
        "maz_zone": "Sub-humid",
        "tz": null,
        "frost_risk": "None",
        "source_layer": "KCFP_SSMT_Kenya"
      }
    },
    {
      "type": "Feature",
      "geometry": {
        "type": "Polygon",
        "coordinates": [
          [
            [
              39.4821884671,
              -4.1462398704
            ],
            [
              39.480730486,
              -4.142153401
            ],
            [
              39.4711562482,
              -4.1379966438
            ],
            [
              39.4685881802,
              -4.1391852955
            ],
            [
              39.4685923362,
              -4.1462480611
            ],
            [
              39.4821884671,
              -4.1462398704
            ]
          ]
        ]
      },
      "properties": {
        "country": "Kenya",
        "country_code": "KEN",
        "species_name": "Gmelina_arborea",
        "genus": "Gmelina",
        "species": "arborea",
        "suitability_name": "Very suitable",
        "suitability_rank": 1,
        "soil_suitability": "S1",
        "soil_type": "Lc2",
        "soil_description": null,
        "site_class": "1-II-Lc2",
        "maz": "II",
        "maz_zone": "Sub-humid",
        "tz": null,
        "frost_risk": "None",
        "source_layer": "KCFP_SSMT_Kenya"
      }
    },
    {
      "type": "Feature",
      "geometry": {
        "type": "Polygon",
        "coordinates": [
          [
            [
              39.4488894229,
              -4.1462595127
            ],
            [
              39.4602448085,
              -4.1462529723
            ],
            [
              39.4602429552,
              -4.1430478772
            ],
            [
              39.4599248242,
              -4.1431951214
            ],
            [
              39.4488894229,
              -4.1462595127
            ]
          ]
        ]
      },
      "properties": {
        "country": "Kenya",
        "country_code": "KEN",
        "species_name": "Gmelina_arborea",
        "genus": "Gmelina",
        "species": "arborea",
        "suitability_name": "Very suitable",
        "suitability_rank": 1,
        "soil_suitability": "S1",
        "soil_type": "Lc2",
        "soil_description": null,
        "site_class": "1-II-Lc2",
        "maz": "II",
        "maz_zone": "Sub-humid",
        "tz": null,
        "frost_risk": "None",
        "source_layer": "KCFP_SSMT_Kenya"
      }
    },
    {
      "type": "Feature",
      "geometry": {
        "type": "Polygon",
        "coordinates": [
          [
            [
              39.4409131389,
              -4.1546455359
            ],
            [
              39.4435544006,
              -4.1546440529
            ],
            [
              39.4435522692,
              -4.1508265801
            ],
            [
              39.4409131389,
              -4.1546455359
            ]
          ]
        ]
      },
      "properties": {
        "country": "Kenya",
        "country_code": "KEN",
        "species_name": "Gmelina_arborea",
        "genus": "Gmelina",
        "species": "arborea",
        "suitability_name": "Very suitable",
        "suitability_rank": 1,
        "soil_suitability": "S1",
        "soil_type": "Lc2",
        "soil_description": null,
        "site_class": "1-II-Lc2",
        "maz": "II",
        "maz_zone": "Sub-humid",
        "tz": null,
        "frost_risk": "None",
        "source_layer": "KCFP_SSMT_Kenya"
      }
    },
    {
      "type": "Feature",
      "geometry": {
        "type": "Polygon",
        "coordinates": [
          [
            [
              39.435118662,
              -4.1630302898
            ],
            [
              39.4352113543,
              -4.1630302394
            ],
            [
              39.4352112807,
              -4.1628962696
            ],
            [
              39.435118662,
              -4.1630302898
            ]
          ]
        ]
      },
      "properties": {
        "country": "Kenya",
        "country_code": "KEN",
        "species_name": "Gmelina_arborea",
        "genus": "Gmelina",
        "species": "arborea",
        "suitability_name": "Very suitable",
        "suitability_rank": 1,
        "soil_suitability": "S1",
        "soil_type": "Lc2",
        "soil_description": null,
        "site_class": "1-II-Lc2",
        "maz": "II",
        "maz_zone": "Sub-humid",
        "tz": null,
        "frost_risk": "None",
        "source_layer": "KCFP_SSMT_Kenya"
      }
    },
    {
      "type": "Feature",
      "geometry": {
        "type": "Polygon",
        "coordinates": [
          [
            [
              39.4769523721,
              -4.1670722018
            ],
            [
              39.479683368,
              -4.1630043589
            ],
            [
              39.4769499227,
              -4.1630060213
            ],
            [
              39.4769523721,
              -4.1670722018
            ]
          ]
        ]
      },
      "properties": {
        "country": "Kenya",
        "country_code": "KEN",
        "species_name": "Gmelina_arborea",
        "genus": "Gmelina",
        "species": "arborea",
        "suitability_name": "Very suitable",
        "suitability_rank": 1,
        "soil_suitability": "S1",
        "soil_type": "Lc2",
        "soil_description": null,
        "site_class": "1-II-Lc2",
        "maz": "II",
        "maz_zone": "Sub-humid",
        "tz": null,
        "frost_risk": "None",
        "source_layer": "KCFP_SSMT_Kenya"
      }
    },
    {
      "type": "Feature",
      "geometry": {
        "type": "Polygon",
        "coordinates": [
          [
            [
              39.4218190288,
              -4.1965637061
            ],
            [
              39.4268817448,
              -4.1965609512
            ],
            [
              39.4268771987,
              -4.1881794194
            ],
            [
              39.4352252068,
              -4.1881748142
            ],
            [
              39.4352205794,
              -4.1797932907
            ],
            [
              39.4279220006,
              -4.1797973148
            ],
            [
              39.4218190288,
              -4.1965637061
            ]
          ]
        ]
      },
      "properties": {
        "country": "Kenya",
        "country_code": "KEN",
        "species_name": "Gmelina_arborea",
        "genus": "Gmelina",
        "species": "arborea",
        "suitability_name": "Very suitable",
        "suitability_rank": 1,
        "soil_suitability": "S1",
        "soil_type": "Lc2",
        "soil_description": null,
        "site_class": "1-II-Lc2",
        "maz": "II",
        "maz_zone": "Sub-humid",
        "tz": null,
        "frost_risk": "None",
        "source_layer": "KCFP_SSMT_Kenya"
      }
    },
    {
      "type": "Feature",
      "geometry": {
        "type": "Polygon",
        "coordinates": [
          [
            [
              39.4029508788,
              -4.2217183482
            ],
            [
              39.4185470669,
              -4.2217100845
            ],
            [
              39.418536394,
              -4.2017373539
            ],
            [
              39.4041364442,
              -4.220391043
            ],
            [
              39.4029508788,
              -4.2217183482
            ]
          ]
        ]
      },
      "properties": {
        "country": "Kenya",
        "country_code": "KEN",
        "species_name": "Gmelina_arborea",
        "genus": "Gmelina",
        "species": "arborea",
        "suitability_name": "Very suitable",
        "suitability_rank": 1,
        "soil_suitability": "S1",
        "soil_type": "Lc2",
        "soil_description": null,
        "site_class": "1-II-Lc2",
        "maz": "II",
        "maz_zone": "Sub-humid",
        "tz": null,
        "frost_risk": "None",
        "source_layer": "KCFP_SSMT_Kenya"
      }
    },
    {
      "type": "Feature",
      "geometry": {
        "type": "Polygon",
        "coordinates": [
          [
            [
              39.3954608008,
              -4.2301037643
            ],
            [
              39.4018546077,
              -4.2301004707
            ],
            [
              39.4018509251,
              -4.2229498013
            ],
            [
              39.3954608008,
              -4.2301037643
            ]
          ]
        ]
      },
      "properties": {
        "country": "Kenya",
        "country_code": "KEN",
        "species_name": "Gmelina_arborea",
        "genus": "Gmelina",
        "species": "arborea",
        "suitability_name": "Very suitable",
        "suitability_rank": 1,
        "soil_suitability": "S1",
        "soil_type": "Lc2",
        "soil_description": null,
        "site_class": "1-II-Lc2",
        "maz": "II",
        "maz_zone": "Sub-humid",
        "tz": null,
        "frost_risk": "None",
        "source_layer": "KCFP_SSMT_Kenya"
      }
    },
    {
      "type": "Feature",
      "geometry": {
        "type": "Polygon",
        "coordinates": [
          [
            [
              39.3690468901,
              -4.2636431354
            ],
            [
              39.3768253759,
              -4.2636393574
            ],
            [
              39.3768212976,
              -4.2552577893
            ],
            [
              39.3851700744,
              -4.2552536528
            ],
            [
              39.3851659141,
              -4.246872092
            ],
            [
              39.3935145924,
              -4.2468678742
            ],
            [
              39.3935072201,
              -4.2322908304
            ],
            [
              39.374666104,
              -4.2533829411
            ],
            [
              39.3690468901,
              -4.2636431354
            ]
          ]
        ]
      },
      "properties": {
        "country": "Kenya",
        "country_code": "KEN",
        "species_name": "Gmelina_arborea",
        "genus": "Gmelina",
        "species": "arborea",
        "suitability_name": "Very suitable",
        "suitability_rank": 1,
        "soil_suitability": "S1",
        "soil_type": "Lc2",
        "soil_description": null,
        "site_class": "1-II-Lc2",
        "maz": "II",
        "maz_zone": "Sub-humid",
        "tz": null,
        "frost_risk": "None",
        "source_layer": "KCFP_SSMT_Kenya"
      }
    },
    {
      "type": "Feature",
      "geometry": {
        "type": "Polygon",
        "coordinates": [
          [
            [
              39.3644552211,
              -4.272026909
            ],
            [
              39.3684804965,
              -4.2720249846
            ],
            [
              39.3684769962,
              -4.264683696
            ],
            [
              39.3644552211,
              -4.272026909
            ]
          ]
        ]
      },
      "properties": {
        "country": "Kenya",
        "country_code": "KEN",
        "species_name": "Gmelina_arborea",
        "genus": "Gmelina",
        "species": "arborea",
        "suitability_name": "Very suitable",
        "suitability_rank": 1,
        "soil_suitability": "S1",
        "soil_type": "Lc2",
        "soil_description": null,
        "site_class": "1-II-Lc2",
        "maz": "II",
        "maz_zone": "Sub-humid",
        "tz": null,
        "frost_risk": "None",
        "source_layer": "KCFP_SSMT_Kenya"
      }
    },
    {
      "type": "Feature",
      "geometry": {
        "type": "Polygon",
        "coordinates": [
          [
            [
              39.4821884671,
              -4.1462398704
            ],
            [
              39.4685923362,
              -4.1462480611
            ],
            [
              39.4685881802,
              -4.1391852955
            ],
            [
              39.4602429552,
              -4.1430478772
            ],
            [
              39.4602448085,
              -4.1462529723
            ],
            [
              39.4488894229,
              -4.1462595127
            ],
            [
              39.4461904505,
              -4.1470089572
            ],
            [
              39.4435522692,
              -4.1508265801
            ],
            [
              39.4435544006,
              -4.1546440529
            ],
            [
              39.4409131389,
              -4.1546455359
            ],
            [
              39.4352112807,
              -4.1628962696
            ],
            [
              39.4352113543,
              -4.1630302394
            ],
            [
              39.435118662,
              -4.1630302898
            ],
            [
              39.432807967,
              -4.1663738669
            ],
            [
              39.4279220006,
              -4.1797973148
            ],
            [
              39.4352205794,
              -4.1797932907
            ],
            [
              39.4352252068,
              -4.1881748142
            ],
            [
              39.4268771987,
              -4.1881794194
            ],
            [
              39.4268817448,
              -4.1965609512
            ],
            [
              39.4218190288,
              -4.1965637061
            ],
            [
              39.4211844955,
              -4.1983068888
            ],
            [
              39.418536394,
              -4.2017373539
            ],
            [
              39.4185470669,
              -4.2217100845
            ],
            [
              39.4029508788,
              -4.2217183482
            ],
            [
              39.4018509251,
              -4.2229498013
            ],
            [
              39.4018546077,
              -4.2301004707
            ],
            [
              39.3954608008,
              -4.2301037643
            ],
            [
              39.3935072201,
              -4.2322908304
            ],
            [
              39.3935145924,
              -4.2468678742
            ],
            [
              39.3851659141,
              -4.246872092
            ],
            [
              39.3851700744,
              -4.2552536528
            ],
            [
              39.3768212976,
              -4.2552577893
            ],
            [
              39.3768253759,
              -4.2636393574
            ],
            [
              39.3690468901,
              -4.2636431354
            ],
            [
              39.3684769962,
              -4.264683696
            ],
            [
              39.3684804965,
              -4.2720249846
            ],
            [
              39.3644552211,
              -4.272026909
            ],
            [
              39.3605603484,
              -4.2791382753
            ],
            [
              39.3724868759,
              -4.2743967651
            ],
            [
              39.3819025537,
              -4.2662155721
            ],
            [
              39.3911015232,
              -4.2587259494
            ],
            [
              39.4023396389,
              -4.2514641901
            ],
            [
              39.4224675294,
              -4.2499677671
            ],
            [
              39.4343776074,
              -4.2479645934
            ],
            [
              39.4386040006,
              -4.2303908071
            ],
            [
              39.4410119639,
              -4.2093782246
            ],
            [
              39.4491043557,
              -4.1945597692
            ],
            [
              39.472073396,
              -4.1743393629
            ],
            [
              39.4769523721,
              -4.1670722018
            ],
            [
              39.4769499227,
              -4.1630060213
            ],
            [
              39.479683368,
              -4.1630043589
            ],
            [
              39.4852248443,
              -4.1547501383
            ],
            [
              39.4821884671,
              -4.1462398704
            ]
          ]
        ]
      },
      "properties": {
        "country": "Kenya",
        "country_code": "KEN",
        "species_name": "Gmelina_arborea",
        "genus": "Gmelina",
        "species": "arborea",
        "suitability_name": "Very suitable",
        "suitability_rank": 1,
        "soil_suitability": "S1",
        "soil_type": "Lc2",
        "soil_description": null,
        "site_class": "2-II-Lc2",
        "maz": "II",
        "maz_zone": "Sub-humid",
        "tz": null,
        "frost_risk": "None",
        "source_layer": "KCFP_SSMT_Kenya"
      }
    },
    {
      "type": "Feature",
      "geometry": {
        "type": "Polygon",
        "coordinates": [
          [
            [
              39.5902173111,
              -4.1630385604
            ],
            [
              39.5830622815,
              -4.1534896189
            ],
            [
              39.5766314619,
              -4.1543851843
            ],
            [
              39.5650883554,
              -4.1696585216
            ],
            [
              39.5629706765,
              -4.1737486228
            ],
            [
              39.5694464948,
              -4.1710322553
            ],
            [
              39.576546258,
              -4.1740125145
            ],
            [
              39.5785904089,
              -4.1833715826
            ],
            [
              39.5681824111,
              -4.2057096114
            ],
            [
              39.5572782393,
              -4.2421953441
            ],
            [
              39.548525577,
              -4.2497056199
            ],
            [
              39.5455905802,
              -4.2357798694
            ],
            [
              39.5441614534,
              -4.211281056
            ],
            [
              39.5334398165,
              -4.232321409
            ],
            [
              39.5216281349,
              -4.2571761134
            ],
            [
              39.5013132761,
              -4.2872564482
            ],
            [
              39.4910988385,
              -4.301476529
            ],
            [
              39.5056574304,
              -4.2934223307
            ],
            [
              39.5134696858,
              -4.2927604638
            ],
            [
              39.5187332396,
              -4.300524633
            ],
            [
              39.5117844761,
              -4.3180770157
            ],
            [
              39.4859717172,
              -4.3463145083
            ],
            [
              39.4650022293,
              -4.3668113258
            ],
            [
              39.4444741433,
              -4.3898135615
            ],
            [
              39.4358347865,
              -4.3903181435
            ],
            [
              39.4405294588,
              -4.4012124418
            ],
            [
              39.4448341473,
              -4.3985549017
            ],
            [
              39.4644762913,
              -4.3864239892
            ],
            [
              39.4847467571,
              -4.3693531047
            ],
            [
              39.4948789259,
              -4.3547930673
            ],
            [
              39.5182014996,
              -4.3212839026
            ],
            [
              39.5403528361,
              -4.2905310162
            ],
            [
              39.5648531279,
              -4.2428871175
            ],
            [
              39.5766713649,
              -4.2084654264
            ],
            [
              39.588283723,
              -4.1674133828
            ],
            [
              39.5902173111,
              -4.1630385604
            ]
          ]
        ]
      },
      "properties": {
        "country": "Kenya",
        "country_code": "KEN",
        "species_name": "Gmelina_arborea",
        "genus": "Gmelina",
        "species": "arborea",
        "suitability_name": "Very suitable",
        "suitability_rank": 1,
        "soil_suitability": "S1",
        "soil_type": "Uc8",
        "soil_description": null,
        "site_class": "1-II-Uc8",
        "maz": "II",
        "maz_zone": "Sub-humid",
        "tz": null,
        "frost_risk": "None",
        "source_layer": "KCFP_SSMT_Kenya"
      }
    },
    {
      "type": "Feature",
      "geometry": {
        "type": "Polygon",
        "coordinates": [
          [
            [
              39.289465047,
              -4.3860613756
            ],
            [
              39.2795309119,
              -4.3689983386
            ],
            [
              39.2737701193,
              -4.3558797603
            ],
            [
              39.2516424394,
              -4.3558874954
            ],
            [
              39.251648021,
              -4.3726508528
            ],
            [
              39.2451845317,
              -4.3726529965
            ],
            [
              39.2682281233,
              -4.3842546923
            ],
            [
              39.289465047,
              -4.3860613756
            ]
          ]
        ]
      },
      "properties": {
        "country": "Kenya",
        "country_code": "KEN",
        "species_name": "Gmelina_arborea",
        "genus": "Gmelina",
        "species": "arborea",
        "suitability_name": "Very suitable",
        "suitability_rank": 1,
        "soil_suitability": "S2",
        "soil_type": "Uc3",
        "soil_description": null,
        "site_class": "1-II-Uc3",
        "maz": "II",
        "maz_zone": "Sub-humid",
        "tz": null,
        "frost_risk": "None",
        "source_layer": "KCFP_SSMT_Kenya"
      }
    },
    {
      "type": "Feature",
      "geometry": {
        "type": "Polygon",
        "coordinates": [
          [
            [
              39.5441614534,
              -4.211281056
            ],
            [
              39.5455905802,
              -4.2357798694
            ],
            [
              39.548525577,
              -4.2497056199
            ],
            [
              39.5572782393,
              -4.2421953441
            ],
            [
              39.5681824111,
              -4.2057096114
            ],
            [
              39.5785904089,
              -4.1833715826
            ],
            [
              39.576546258,
              -4.1740125145
            ],
            [
              39.5694464948,
              -4.1710322553
            ],
            [
              39.5629706765,
              -4.1737486228
            ],
            [
              39.550771824,
              -4.1974609872
            ],
            [
              39.5454008263,
              -4.2069563458
            ],
            [
              39.5441614534,
              -4.211281056
            ]
          ]
        ]
      },
      "properties": {
        "country": "Kenya",
        "country_code": "KEN",
        "species_name": "Gmelina_arborea",
        "genus": "Gmelina",
        "species": "arborea",
        "suitability_name": "Very suitable",
        "suitability_rank": 1,
        "soil_suitability": "S1",
        "soil_type": "Lc2",
        "soil_description": null,
        "site_class": "1-II-Lc2",
        "maz": "II",
        "maz_zone": "Sub-humid",
        "tz": null,
        "frost_risk": "None",
        "source_layer": "KCFP_SSMT_Kenya"
      }
    },
    {
      "type": "Feature",
      "geometry": {
        "type": "Polygon",
        "coordinates": [
          [
            [
              39.5186310693,
              -4.1807011624
            ],
            [
              39.5157725288,
              -4.1786245451
            ],
            [
              39.5027114744,
              -4.1792712161
            ],
            [
              39.4884852646,
              -4.1847002888
            ],
            [
              39.4847682843,
              -4.1961011162
            ],
            [
              39.4867728148,
              -4.2050194265
            ],
            [
              39.5005135615,
              -4.2064415331
            ],
            [
              39.5101648783,
              -4.2035005248
            ],
            [
              39.515639134,
              -4.1982128821
            ],
            [
              39.5186310693,
              -4.1807011624
            ]
          ]
        ]
      },
      "properties": {
        "country": "Kenya",
        "country_code": "KEN",
        "species_name": "Gmelina_arborea",
        "genus": "Gmelina",
        "species": "arborea",
        "suitability_name": "Very suitable",
        "suitability_rank": 1,
        "soil_suitability": "S1",
        "soil_type": "Lc2",
        "soil_description": null,
        "site_class": "1-II-Lc2",
        "maz": "II",
        "maz_zone": "Sub-humid",
        "tz": null,
        "frost_risk": "None",
        "source_layer": "KCFP_SSMT_Kenya"
      }
    },
    {
      "type": "Feature",
      "geometry": {
        "type": "Polygon",
        "coordinates": [
          [
            [
              39.4358347865,
              -4.3903181435
            ],
            [
              39.4444741433,
              -4.3898135615
            ],
            [
              39.4650022293,
              -4.3668113258
            ],
            [
              39.4859717172,
              -4.3463145083
            ],
            [
              39.5117844761,
              -4.3180770157
            ],
            [
              39.5187332396,
              -4.300524633
            ],
            [
              39.5134696858,
              -4.2927604638
            ],
            [
              39.5056574304,
              -4.2934223307
            ],
            [
              39.4910988385,
              -4.301476529
            ],
            [
              39.4528621741,
              -4.355376135
            ],
            [
              39.4309998957,
              -4.3816372859
            ],
            [
              39.4332451607,
              -4.3843124173
            ],
            [
              39.4358347865,
              -4.3903181435
            ]
          ]
        ]
      },
      "properties": {
        "country": "Kenya",
        "country_code": "KEN",
        "species_name": "Gmelina_arborea",
        "genus": "Gmelina",
        "species": "arborea",
        "suitability_name": "Very suitable",
        "suitability_rank": 1,
        "soil_suitability": "S1",
        "soil_type": "Lc2",
        "soil_description": null,
        "site_class": "1-II-Lc2",
        "maz": "II",
        "maz_zone": "Sub-humid",
        "tz": null,
        "frost_risk": "None",
        "source_layer": "KCFP_SSMT_Kenya"
      }
    },
    {
      "type": "Feature",
      "geometry": {
        "type": "Polygon",
        "coordinates": [
          [
            [
              39.3769901378,
              -4.5489134457
            ],
            [
              39.3770471539,
              -4.5486109075
            ],
            [
              39.3769899805,
              -4.5486109365
            ],
            [
              39.3769901378,
              -4.5489134457
            ]
          ]
        ]
      },
      "properties": {
        "country": "Kenya",
        "country_code": "KEN",
        "species_name": "Gmelina_arborea",
        "genus": "Gmelina",
        "species": "arborea",
        "suitability_name": "Very suitable",
        "suitability_rank": 1,
        "soil_suitability": "S2",
        "soil_type": "Pc1",
        "soil_description": null,
        "site_class": "1-II-Pc1",
        "maz": "II",
        "maz_zone": "Sub-humid",
        "tz": null,
        "frost_risk": "None",
        "source_layer": "KCFP_SSMT_Kenya"
      }
    },
    {
      "type": "Feature",
      "geometry": {
        "type": "Polygon",
        "coordinates": [
          [
            [
              39.379893834,
              -4.556990944
            ],
            [
              39.379017175,
              -4.5548544686
            ],
            [
              39.3769929339,
              -4.554288954
            ],
            [
              39.3769943428,
              -4.556992471
            ],
            [
              39.379893834,
              -4.556990944
            ]
          ]
        ]
      },
      "properties": {
        "country": "Kenya",
        "country_code": "KEN",
        "species_name": "Gmelina_arborea",
        "genus": "Gmelina",
        "species": "arborea",
        "suitability_name": "Very suitable",
        "suitability_rank": 1,
        "soil_suitability": "S2",
        "soil_type": "Pc1",
        "soil_description": null,
        "site_class": "1-II-Pc1",
        "maz": "II",
        "maz_zone": "Sub-humid",
        "tz": null,
        "frost_risk": "None",
        "source_layer": "KCFP_SSMT_Kenya"
      }
    },
    {
      "type": "Feature",
      "geometry": {
        "type": "Polygon",
        "coordinates": [
          [
            [
              39.3880746804,
              -4.5741191705
            ],
            [
              39.3853527475,
              -4.5686738615
            ],
            [
              39.3853554674,
              -4.5737638603
            ],
            [
              39.3880746804,
              -4.5741191705
            ]
          ]
        ]
      },
      "properties": {
        "country": "Kenya",
        "country_code": "KEN",
        "species_name": "Gmelina_arborea",
        "genus": "Gmelina",
        "species": "arborea",
        "suitability_name": "Very suitable",
        "suitability_rank": 1,
        "soil_suitability": "S2",
        "soil_type": "Pc1",
        "soil_description": null,
        "site_class": "1-II-Pc1",
        "maz": "II",
        "maz_zone": "Sub-humid",
        "tz": null,
        "frost_risk": "None",
        "source_layer": "KCFP_SSMT_Kenya"
      }
    },
    {
      "type": "Feature",
      "geometry": {
        "type": "Polygon",
        "coordinates": [
          [
            [
              39.474975324,
              -4.4395941862
            ],
            [
              39.468792743,
              -4.4395981432
            ],
            [
              39.468787459,
              -4.4312166816
            ],
            [
              39.4604368056,
              -4.4312219328
            ],
            [
              39.4604419964,
              -4.4396034045
            ],
            [
              39.4520912381,
              -4.4396085712
            ],
            [
              39.4520861433,
              -4.4312270897
            ],
            [
              39.4353847878,
              -4.4312371204
            ],
            [
              39.4353750016,
              -4.4144741147
            ],
            [
              39.4350529222,
              -4.4144743037
            ],
            [
              39.4345182974,
              -4.4153460473
            ],
            [
              39.4296563934,
              -4.4258272423
            ],
            [
              39.4098821529,
              -4.4349043508
            ],
            [
              39.4004427437,
              -4.43649205
            ],
            [
              39.3936347766,
              -4.4379425939
            ],
            [
              39.3936490387,
              -4.464786713
            ],
            [
              39.3852979251,
              -4.4647911474
            ],
            [
              39.385302301,
              -4.4731726939
            ],
            [
              39.3769510852,
              -4.4731770414
            ],
            [
              39.3769553736,
              -4.4815585943
            ],
            [
              39.3686040546,
              -4.4815628545
            ],
            [
              39.3686464332,
              -4.5653783447
            ],
            [
              39.3769987132,
              -4.5653740026
            ],
            [
              39.3770025254,
              -4.5726723422
            ],
            [
              39.3853554674,
              -4.5737638603
            ],
            [
              39.3853527475,
              -4.5686738615
            ],
            [
              39.3816395712,
              -4.561245374
            ],
            [
              39.379893834,
              -4.556990944
            ],
            [
              39.3769943428,
              -4.556992471
            ],
            [
              39.3769929339,
              -4.554288954
            ],
            [
              39.3750857024,
              -4.5537561237
            ],
            [
              39.3768609907,
              -4.5495987179
            ],
            [
              39.3769901378,
              -4.5489134457
            ],
            [
              39.3769899805,
              -4.5486109365
            ],
            [
              39.3770471539,
              -4.5486109075
            ],
            [
              39.3794382562,
              -4.5359231504
            ],
            [
              39.387168867,
              -4.5329784127
            ],
            [
              39.3955368752,
              -4.5297971886
            ],
            [
              39.4055601904,
              -4.5172363604
            ],
            [
              39.4075074118,
              -4.515926706
            ],
            [
              39.4186392634,
              -4.4917398401
            ],
            [
              39.4356959909,
              -4.4744376422
            ],
            [
              39.4557250975,
              -4.4612475604
            ],
            [
              39.4718601023,
              -4.4437070656
            ],
            [
              39.474975324,
              -4.4395941862
            ]
          ],
          [
            [
              39.4172847447,
              -4.4853505242
            ],
            [
              39.3993048225,
              -4.5026490773
            ],
            [
              39.3970236173,
              -4.4985397801
            ],
            [
              39.3991311588,
              -4.4873642905
            ],
            [
              39.4030720644,
              -4.4775593437
            ],
            [
              39.4019677902,
              -4.4652364606
            ],
            [
              39.4056687893,
              -4.4588561054
            ],
            [
              39.4169501912,
              -4.449749962
            ],
            [
              39.4263739789,
              -4.4456701381
            ],
            [
              39.4295511764,
              -4.4568594985
            ],
            [
              39.4216977498,
              -4.4691569249
            ],
            [
              39.4172847447,
              -4.4853505242
            ]
          ]
        ]
      },
      "properties": {
        "country": "Kenya",
        "country_code": "KEN",
        "species_name": "Gmelina_arborea",
        "genus": "Gmelina",
        "species": "arborea",
        "suitability_name": "Very suitable",
        "suitability_rank": 1,
        "soil_suitability": "S2",
        "soil_type": "Pc1",
        "soil_description": null,
        "site_class": "1-I-Pc1",
        "maz": "I",
        "maz_zone": "Humid",
        "tz": null,
        "frost_risk": "None",
        "source_layer": "KCFP_SSMT_Kenya"
      }
    },
    {
      "type": "Feature",
      "geometry": {
        "type": "Polygon",
        "coordinates": [
          [
            [
              39.4957597817,
              -4.3961664066
            ],
            [
              39.4948789259,
              -4.3547930673
            ],
            [
              39.4847467571,
              -4.3693531047
            ],
            [
              39.4644762913,
              -4.3864239892
            ],
            [
              39.4448341473,
              -4.3985549017
            ],
            [
              39.4371037146,
              -4.4111303195
            ],
            [
              39.4350529222,
              -4.4144743037
            ],
            [
              39.4353750016,
              -4.4144741147
            ],
            [
              39.4353847878,
              -4.4312371204
            ],
            [
              39.4520861433,
              -4.4312270897
            ],
            [
              39.4520912381,
              -4.4396085712
            ],
            [
              39.4604419964,
              -4.4396034045
            ],
            [
              39.4604368056,
              -4.4312219328
            ],
            [
              39.468787459,
              -4.4312166816
            ],
            [
              39.468792743,
              -4.4395981432
            ],
            [
              39.474975324,
              -4.4395941862
            ],
            [
              39.4889425015,
              -4.421153322
            ],
            [
              39.4957597817,
              -4.3961664066
            ]
          ]
        ]
      },
      "properties": {
        "country": "Kenya",
        "country_code": "KEN",
        "species_name": "Gmelina_arborea",
        "genus": "Gmelina",
        "species": "arborea",
        "suitability_name": "Very suitable",
        "suitability_rank": 1,
        "soil_suitability": "S2",
        "soil_type": "Pc1",
        "soil_description": null,
        "site_class": "1-II-Pc1",
        "maz": "II",
        "maz_zone": "Sub-humid",
        "tz": null,
        "frost_risk": "None",
        "source_layer": "KCFP_SSMT_Kenya"
      }
    },
    {
      "type": "Feature",
      "geometry": {
        "type": "Polygon",
        "coordinates": [
          [
            [
              39.3936347766,
              -4.4379425939
            ],
            [
              39.3878279899,
              -4.4391797663
            ],
            [
              39.3697196717,
              -4.4341070345
            ],
            [
              39.3615636298,
              -4.4151314707
            ],
            [
              39.356191255,
              -4.3938573503
            ],
            [
              39.3457049481,
              -4.3885439036
            ],
            [
              39.3316787434,
              -4.3957490889
            ],
            [
              39.3268481011,
              -4.4062698064
            ],
            [
              39.3306330136,
              -4.4222883714
            ],
            [
              39.3383625752,
              -4.4314732133
            ],
            [
              39.3419707661,
              -4.4422223386
            ],
            [
              39.3483180264,
              -4.4541271094
            ],
            [
              39.3592144734,
              -4.4672031953
            ],
            [
              39.3621800103,
              -4.481339626
            ],
            [
              39.3586723189,
              -4.4961730829
            ],
            [
              39.3487721321,
              -4.5068618868
            ],
            [
              39.3299420933,
              -4.5138771891
            ],
            [
              39.3196425579,
              -4.507902769
            ],
            [
              39.2980373792,
              -4.5049294391
            ],
            [
              39.2905300441,
              -4.5049492656
            ],
            [
              39.2719277914,
              -4.4996904039
            ],
            [
              39.2454899788,
              -4.5036841074
            ],
            [
              39.2506647373,
              -4.5217520305
            ],
            [
              39.2498968854,
              -4.5350051027
            ],
            [
              39.2425519168,
              -4.5397618231
            ],
            [
              39.2480104037,
              -4.5448163143
            ],
            [
              39.2521614304,
              -4.5402743538
            ],
            [
              39.2602043024,
              -4.5336861419
            ],
            [
              39.2698462499,
              -4.5268796483
            ],
            [
              39.2835595794,
              -4.5285482866
            ],
            [
              39.305511627,
              -4.5400497741
            ],
            [
              39.3282295739,
              -4.5385220189
            ],
            [
              39.3454176878,
              -4.5431392902
            ],
            [
              39.3577547623,
              -4.5591446862
            ],
            [
              39.3714922702,
              -4.5719522352
            ],
            [
              39.3770025254,
              -4.5726723422
            ],
            [
              39.3769987132,
              -4.5653740026
            ],
            [
              39.3686464332,
              -4.5653783447
            ],
            [
              39.3686040546,
              -4.4815628545
            ],
            [
              39.3769553736,
              -4.4815585943
            ],
            [
              39.3769510852,
              -4.4731770414
            ],
            [
              39.385302301,
              -4.4731726939
            ],
            [
              39.3852979251,
              -4.4647911474
            ],
            [
              39.3936490387,
              -4.464786713
            ],
            [
              39.3936347766,
              -4.4379425939
            ]
          ]
        ]
      },
      "properties": {
        "country": "Kenya",
        "country_code": "KEN",
        "species_name": "Gmelina_arborea",
        "genus": "Gmelina",
        "species": "arborea",
        "suitability_name": "Very suitable",
        "suitability_rank": 1,
        "soil_suitability": "S2",
        "soil_type": "Pc1",
        "soil_description": null,
        "site_class": "1-II-Pc1",
        "maz": "II",
        "maz_zone": "Sub-humid",
        "tz": null,
        "frost_risk": "None",
        "source_layer": "KCFP_SSMT_Kenya"
      }
    },
    {
      "type": "Feature",
      "geometry": {
        "type": "Polygon",
        "coordinates": [
          [
            [
              39.289465047,
              -4.3860613756
            ],
            [
              39.2682281233,
              -4.3842546923
            ],
            [
              39.2451845317,
              -4.3726529965
            ],
            [
              39.2432978233,
              -4.372653612
            ],
            [
              39.2433032407,
              -4.3894169725
            ],
            [
              39.2349528509,
              -4.3894196499
            ],
            [
              39.2349554742,
              -4.3978013315
            ],
            [
              39.2182544941,
              -4.3978064154
            ],
            [
              39.2182569347,
              -4.4061881058
            ],
            [
              39.2099063446,
              -4.4061905119
            ],
            [
              39.2099096555,
              -4.4179818155
            ],
            [
              39.2117725354,
              -4.4159588222
            ],
            [
              39.2281836283,
              -4.4240423944
            ],
            [
              39.2382122338,
              -4.4300406314
            ],
            [
              39.2568278539,
              -4.4152788901
            ],
            [
              39.2788392265,
              -4.4051123514
            ],
            [
              39.284079488,
              -4.4083394433
            ],
            [
              39.2773761566,
              -4.4188195267
            ],
            [
              39.2782297152,
              -4.4286442626
            ],
            [
              39.2864615745,
              -4.4298359526
            ],
            [
              39.2730303064,
              -4.4555884162
            ],
            [
              39.2750193132,
              -4.4670257825
            ],
            [
              39.2830441522,
              -4.4636411283
            ],
            [
              39.295204187,
              -4.4575336587
            ],
            [
              39.3038975288,
              -4.4591762677
            ],
            [
              39.3056577445,
              -4.4682502116
            ],
            [
              39.3120141375,
              -4.4591604443
            ],
            [
              39.308726866,
              -4.4537160584
            ],
            [
              39.3097423231,
              -4.4358967887
            ],
            [
              39.3187349786,
              -4.4245163864
            ],
            [
              39.3306330136,
              -4.4222883714
            ],
            [
              39.3268481011,
              -4.4062698064
            ],
            [
              39.3316787434,
              -4.3957490889
            ],
            [
              39.3159406452,
              -4.3954737361
            ],
            [
              39.2912907847,
              -4.3891799963
            ],
            [
              39.289465047,
              -4.3860613756
            ]
          ]
        ]
      },
      "properties": {
        "country": "Kenya",
        "country_code": "KEN",
        "species_name": "Gmelina_arborea",
        "genus": "Gmelina",
        "species": "arborea",
        "suitability_name": "Very suitable",
        "suitability_rank": 1,
        "soil_suitability": "S2",
        "soil_type": "Uc6",
        "soil_description": null,
        "site_class": "1-II-Uc6",
        "maz": "II",
        "maz_zone": "Sub-humid",
        "tz": null,
        "frost_risk": "None",
        "source_layer": "KCFP_SSMT_Kenya"
      }
    },
    {
      "type": "Feature",
      "geometry": {
        "type": "Polygon",
        "coordinates": [
          [
            [
              39.42702276,
              -4.4114379985
            ],
            [
              39.4270197116,
              -4.4060974546
            ],
            [
              39.4186692918,
              -4.4061022067
            ],
            [
              39.4186739841,
              -4.4144837312
            ],
            [
              39.4060794977,
              -4.4144907344
            ],
            [
              39.4051324243,
              -4.4179997008
            ],
            [
              39.4024426439,
              -4.4247347999
            ],
            [
              39.4267149165,
              -4.4114473922
            ],
            [
              39.42702276,
              -4.4114379985
            ]
          ]
        ]
      },
      "properties": {
        "country": "Kenya",
        "country_code": "KEN",
        "species_name": "Gmelina_arborea",
        "genus": "Gmelina",
        "species": "arborea",
        "suitability_name": "Very suitable",
        "suitability_rank": 1,
        "soil_suitability": "S2",
        "soil_type": "Uc6",
        "soil_description": null,
        "site_class": "1-I-Uc6",
        "maz": "I",
        "maz_zone": "Humid",
        "tz": null,
        "frost_risk": "None",
        "source_layer": "KCFP_SSMT_Kenya"
      }
    },
    {
      "type": "Feature",
      "geometry": {
        "type": "Polygon",
        "coordinates": [
          [
            [
              39.4309998957,
              -4.3816372859
            ],
            [
              39.4261441619,
              -4.375859006
            ],
            [
              39.416058187,
              -4.3792407235
            ],
            [
              39.4084389429,
              -4.3940466727
            ],
            [
              39.4083946996,
              -4.4059126382
            ],
            [
              39.4060794977,
              -4.4144907344
            ],
            [
              39.4186739841,
              -4.4144837312
            ],
            [
              39.4186692918,
              -4.4061022067
            ],
            [
              39.4270197116,
              -4.4060974546
            ],
            [
              39.42702276,
              -4.4114379985
            ],
            [
              39.4371037146,
              -4.4111303195
            ],
            [
              39.4448341473,
              -4.3985549017
            ],
            [
              39.4405294588,
              -4.4012124418
            ],
            [
              39.4358347865,
              -4.3903181435
            ],
            [
              39.4332451607,
              -4.3843124173
            ],
            [
              39.4309998957,
              -4.3816372859
            ]
          ]
        ]
      },
      "properties": {
        "country": "Kenya",
        "country_code": "KEN",
        "species_name": "Gmelina_arborea",
        "genus": "Gmelina",
        "species": "arborea",
        "suitability_name": "Very suitable",
        "suitability_rank": 1,
        "soil_suitability": "S2",
        "soil_type": "Uc6",
        "soil_description": null,
        "site_class": "1-II-Uc6",
        "maz": "II",
        "maz_zone": "Sub-humid",
        "tz": null,
        "frost_risk": "None",
        "source_layer": "KCFP_SSMT_Kenya"
      }
    },
    {
      "type": "Feature",
      "geometry": {
        "type": "Polygon",
        "coordinates": [
          [
            [
              39.3056577445,
              -4.4682502116
            ],
            [
              39.3038975288,
              -4.4591762677
            ],
            [
              39.295204187,
              -4.4575336587
            ],
            [
              39.2830441522,
              -4.4636411283
            ],
            [
              39.2750193132,
              -4.4670257825
            ],
            [
              39.2730303064,
              -4.4555884162
            ],
            [
              39.2864615745,
              -4.4298359526
            ],
            [
              39.2782297152,
              -4.4286442626
            ],
            [
              39.2773761566,
              -4.4188195267
            ],
            [
              39.284079488,
              -4.4083394433
            ],
            [
              39.2788392265,
              -4.4051123514
            ],
            [
              39.2568278539,
              -4.4152788901
            ],
            [
              39.2382122338,
              -4.4300406314
            ],
            [
              39.2281836283,
              -4.4240423944
            ],
            [
              39.2117725354,
              -4.4159588222
            ],
            [
              39.2099096555,
              -4.4179818155
            ],
            [
              39.2099157822,
              -4.4397172711
            ],
            [
              39.2015648112,
              -4.4397196019
            ],
            [
              39.2015670875,
              -4.4481012909
            ],
            [
              39.1932160179,
              -4.4481035313
            ],
            [
              39.1932141269,
              -4.4408408709
            ],
            [
              39.1859476323,
              -4.450784498
            ],
            [
              39.1765150175,
              -4.4529367893
            ],
            [
              39.176519572,
              -4.4720066021
            ],
            [
              39.1826081101,
              -4.4711098812
            ],
            [
              39.1958728459,
              -4.4707295638
            ],
            [
              39.2233005793,
              -4.4736186431
            ],
            [
              39.2420471872,
              -4.4734849389
            ],
            [
              39.2518133985,
              -4.4847334912
            ],
            [
              39.2580790632,
              -4.4914672256
            ],
            [
              39.266179788,
              -4.4912145635
            ],
            [
              39.2764723101,
              -4.4901219386
            ],
            [
              39.284521592,
              -4.4828513617
            ],
            [
              39.2959953295,
              -4.4769675322
            ],
            [
              39.3028955891,
              -4.4721978921
            ],
            [
              39.3056577445,
              -4.4682502116
            ]
          ]
        ]
      },
      "properties": {
        "country": "Kenya",
        "country_code": "KEN",
        "species_name": "Gmelina_arborea",
        "genus": "Gmelina",
        "species": "arborea",
        "suitability_name": "Very suitable",
        "suitability_rank": 1,
        "soil_suitability": "S1",
        "soil_type": "Uc1",
        "soil_description": null,
        "site_class": "1-II-Uc1",
        "maz": "II",
        "maz_zone": "Sub-humid",
        "tz": null,
        "frost_risk": "None",
        "source_layer": "KCFP_SSMT_Kenya"
      }
    },
    {
      "type": "Feature",
      "geometry": {
        "type": "Polygon",
        "coordinates": [
          [
            [
              39.4350529222,
              -4.4144743037
            ],
            [
              39.4270244974,
              -4.41447897
            ],
            [
              39.42702276,
              -4.4114379985
            ],
            [
              39.4267149165,
              -4.4114473922
            ],
            [
              39.4024426439,
              -4.4247347999
            ],
            [
              39.4019790769,
              -4.4259005653
            ],
            [
              39.4019819667,
              -4.4312560493
            ],
            [
              39.4007745618,
              -4.4312567052
            ],
            [
              39.4004427437,
              -4.43649205
            ],
            [
              39.4098821529,
              -4.4349043508
            ],
            [
              39.4296563934,
              -4.4258272423
            ],
            [
              39.4345182974,
              -4.4153460473
            ],
            [
              39.4350529222,
              -4.4144743037
            ]
          ]
        ]
      },
      "properties": {
        "country": "Kenya",
        "country_code": "KEN",
        "species_name": "Gmelina_arborea",
        "genus": "Gmelina",
        "species": "arborea",
        "suitability_name": "Very suitable",
        "suitability_rank": 1,
        "soil_suitability": "S1",
        "soil_type": "Uc8",
        "soil_description": null,
        "site_class": "1-I-Uc8",
        "maz": "I",
        "maz_zone": "Humid",
        "tz": null,
        "frost_risk": "None",
        "source_layer": "KCFP_SSMT_Kenya"
      }
    },
    {
      "type": "Feature",
      "geometry": {
        "type": "Polygon",
        "coordinates": [
          [
            [
              39.4350529222,
              -4.4144743037
            ],
            [
              39.4371037146,
              -4.4111303195
            ],
            [
              39.42702276,
              -4.4114379985
            ],
            [
              39.4270244974,
              -4.41447897
            ],
            [
              39.4350529222,
              -4.4144743037
            ]
          ]
        ]
      },
      "properties": {
        "country": "Kenya",
        "country_code": "KEN",
        "species_name": "Gmelina_arborea",
        "genus": "Gmelina",
        "species": "arborea",
        "suitability_name": "Very suitable",
        "suitability_rank": 1,
        "soil_suitability": "S1",
        "soil_type": "Uc8",
        "soil_description": null,
        "site_class": "1-II-Uc8",
        "maz": "II",
        "maz_zone": "Sub-humid",
        "tz": null,
        "frost_risk": "None",
        "source_layer": "KCFP_SSMT_Kenya"
      }
    },
    {
      "type": "Feature",
      "geometry": {
        "type": "Polygon",
        "coordinates": [
          [
            [
              39.4007745618,
              -4.4312567052
            ],
            [
              39.4019819667,
              -4.4312560493
            ],
            [
              39.4019790769,
              -4.4259005653
            ],
            [
              39.4009500173,
              -4.4284884015
            ],
            [
              39.4007745618,
              -4.4312567052
            ]
          ]
        ]
      },
      "properties": {
        "country": "Kenya",
        "country_code": "KEN",
        "species_name": "Gmelina_arborea",
        "genus": "Gmelina",
        "species": "arborea",
        "suitability_name": "Very suitable",
        "suitability_rank": 1,
        "soil_suitability": "S1",
        "soil_type": "Uc8",
        "soil_description": null,
        "site_class": "1-II-Uc8",
        "maz": "II",
        "maz_zone": "Sub-humid",
        "tz": null,
        "frost_risk": "None",
        "source_layer": "KCFP_SSMT_Kenya"
      }
    },
    {
      "type": "Feature",
      "geometry": {
        "type": "Polygon",
        "coordinates": [
          [
            [
              39.3592144734,
              -4.4672031953
            ],
            [
              39.3483180264,
              -4.4541271094
            ],
            [
              39.3419707661,
              -4.4422223386
            ],
            [
              39.3383625752,
              -4.4314732133
            ],
            [
              39.3306330136,
              -4.4222883714
            ],
            [
              39.3187349786,
              -4.4245163864
            ],
            [
              39.3097423231,
              -4.4358967887
            ],
            [
              39.308726866,
              -4.4537160584
            ],
            [
              39.3120141375,
              -4.4591604443
            ],
            [
              39.3189372885,
              -4.4706648294
            ],
            [
              39.3220583794,
              -4.4855248274
            ],
            [
              39.3376699146,
              -4.4796496831
            ],
            [
              39.3518627536,
              -4.4797075187
            ],
            [
              39.3574013906,
              -4.4717381568
            ],
            [
              39.3592144734,
              -4.4672031953
            ]
          ]
        ]
      },
      "properties": {
        "country": "Kenya",
        "country_code": "KEN",
        "species_name": "Gmelina_arborea",
        "genus": "Gmelina",
        "species": "arborea",
        "suitability_name": "Very suitable",
        "suitability_rank": 1,
        "soil_suitability": "S1",
        "soil_type": "Uc8",
        "soil_description": null,
        "site_class": "1-II-Uc8",
        "maz": "II",
        "maz_zone": "Sub-humid",
        "tz": null,
        "frost_risk": "None",
        "source_layer": "KCFP_SSMT_Kenya"
      }
    },
    {
      "type": "Feature",
      "geometry": {
        "type": "Polygon",
        "coordinates": [
          [
            [
              39.4172847447,
              -4.4853505242
            ],
            [
              39.4216977498,
              -4.4691569249
            ],
            [
              39.4295511764,
              -4.4568594985
            ],
            [
              39.4263739789,
              -4.4456701381
            ],
            [
              39.4169501912,
              -4.449749962
            ],
            [
              39.4056687893,
              -4.4588561054
            ],
            [
              39.4019677902,
              -4.4652364606
            ],
            [
              39.4030720644,
              -4.4775593437
            ],
            [
              39.3991311588,
              -4.4873642905
            ],
            [
              39.3970236173,
              -4.4985397801
            ],
            [
              39.3993048225,
              -4.5026490773
            ],
            [
              39.4172847447,
              -4.4853505242
            ]
          ]
        ]
      },
      "properties": {
        "country": "Kenya",
        "country_code": "KEN",
        "species_name": "Gmelina_arborea",
        "genus": "Gmelina",
        "species": "arborea",
        "suitability_name": "Very suitable",
        "suitability_rank": 1,
        "soil_suitability": "S1",
        "soil_type": "Uc8",
        "soil_description": null,
        "site_class": "1-I-Uc8",
        "maz": "I",
        "maz_zone": "Humid",
        "tz": null,
        "frost_risk": "None",
        "source_layer": "KCFP_SSMT_Kenya"
      }
    },
    {
      "type": "Feature",
      "geometry": {
        "type": "Polygon",
        "coordinates": [
          [
            [
              39.3196425579,
              -4.507902769
            ],
            [
              39.3299420933,
              -4.5138771891
            ],
            [
              39.3487721321,
              -4.5068618868
            ],
            [
              39.3586723189,
              -4.4961730829
            ],
            [
              39.3621800103,
              -4.481339626
            ],
            [
              39.3592144734,
              -4.4672031953
            ],
            [
              39.3574013906,
              -4.4717381568
            ],
            [
              39.3518627536,
              -4.4797075187
            ],
            [
              39.3376699146,
              -4.4796496831
            ],
            [
              39.3220583794,
              -4.4855248274
            ],
            [
              39.3196425579,
              -4.507902769
            ]
          ]
        ]
      },
      "properties": {
        "country": "Kenya",
        "country_code": "KEN",
        "species_name": "Gmelina_arborea",
        "genus": "Gmelina",
        "species": "arborea",
        "suitability_name": "Very suitable",
        "suitability_rank": 1,
        "soil_suitability": "S1",
        "soil_type": "Lc2",
        "soil_description": null,
        "site_class": "1-II-Lc2",
        "maz": "II",
        "maz_zone": "Sub-humid",
        "tz": null,
        "frost_risk": "None",
        "source_layer": "KCFP_SSMT_Kenya"
      }
    },
    {
      "type": "Feature",
      "geometry": {
        "type": "Polygon",
        "coordinates": [
          [
            [
              39.2518133985,
              -4.4847334912
            ],
            [
              39.2420471872,
              -4.4734849389
            ],
            [
              39.2233005793,
              -4.4736186431
            ],
            [
              39.1958728459,
              -4.4707295638
            ],
            [
              39.1826081101,
              -4.4711098812
            ],
            [
              39.176519572,
              -4.4720066021
            ],
            [
              39.1765198712,
              -4.4732528192
            ],
            [
              39.1848712321,
              -4.4732507575
            ],
            [
              39.1848733358,
              -4.481632449
            ],
            [
              39.1932247886,
              -4.481630288
            ],
            [
              39.1932269915,
              -4.4900119708
            ],
            [
              39.209930074,
              -4.4900073547
            ],
            [
              39.2099334079,
              -4.501656982
            ],
            [
              39.2286870707,
              -4.4887276773
            ],
            [
              39.2518133985,
              -4.4847334912
            ]
          ]
        ]
      },
      "properties": {
        "country": "Kenya",
        "country_code": "KEN",
        "species_name": "Gmelina_arborea",
        "genus": "Gmelina",
        "species": "arborea",
        "suitability_name": "Very suitable",
        "suitability_rank": 1,
        "soil_suitability": "S2",
        "soil_type": "Uc6",
        "soil_description": null,
        "site_class": "1-II-Uc6",
        "maz": "II",
        "maz_zone": "Sub-humid",
        "tz": null,
        "frost_risk": "None",
        "source_layer": "KCFP_SSMT_Kenya"
      }
    },
    {
      "type": "Feature",
      "geometry": {
        "type": "Polygon",
        "coordinates": [
          [
            [
              39.2580790632,
              -4.4914672256
            ],
            [
              39.2518133985,
              -4.4847334912
            ],
            [
              39.2286870707,
              -4.4887276773
            ],
            [
              39.2099334079,
              -4.501656982
            ],
            [
              39.2099431012,
              -4.5353567605
            ],
            [
              39.21601723,
              -4.5393989258
            ],
            [
              39.2285538184,
              -4.5454077553
            ],
            [
              39.2391082569,
              -4.5420321581
            ],
            [
              39.2425519168,
              -4.5397618231
            ],
            [
              39.2498968854,
              -4.5350051027
            ],
            [
              39.2506647373,
              -4.5217520305
            ],
            [
              39.2454899788,
              -4.5036841074
            ],
            [
              39.2535954761,
              -4.4916035266
            ],
            [
              39.2580790632,
              -4.4914672256
            ]
          ]
        ]
      },
      "properties": {
        "country": "Kenya",
        "country_code": "KEN",
        "species_name": "Gmelina_arborea",
        "genus": "Gmelina",
        "species": "arborea",
        "suitability_name": "Very suitable",
        "suitability_rank": 1,
        "soil_suitability": "S1",
        "soil_type": "Uc8",
        "soil_description": null,
        "site_class": "1-II-Uc8",
        "maz": "II",
        "maz_zone": "Sub-humid",
        "tz": null,
        "frost_risk": "None",
        "source_layer": "KCFP_SSMT_Kenya"
      }
    },
    {
      "type": "Feature",
      "geometry": {
        "type": "Polygon",
        "coordinates": [
          [
            [
              39.2015910098,
              -4.5352380545
            ],
            [
              39.2015900898,
              -4.5319180822
            ],
            [
              39.1932380672,
              -4.531920365
            ],
            [
              39.1932358444,
              -4.52353869
            ],
            [
              39.1848839138,
              -4.5235408713
            ],
            [
              39.1848881728,
              -4.5403042265
            ],
            [
              39.1765360458,
              -4.5403063183
            ],
            [
              39.1765380857,
              -4.5486879982
            ],
            [
              39.1681858584,
              -4.5486899979
            ],
            [
              39.1681904584,
              -4.5684762728
            ],
            [
              39.1719929181,
              -4.5674907335
            ],
            [
              39.1793268587,
              -4.5547485718
            ],
            [
              39.1896790135,
              -4.5456609316
            ],
            [
              39.1977394184,
              -4.5367938107
            ],
            [
              39.2015910098,
              -4.5352380545
            ]
          ]
        ]
      },
      "properties": {
        "country": "Kenya",
        "country_code": "KEN",
        "species_name": "Gmelina_arborea",
        "genus": "Gmelina",
        "species": "arborea",
        "suitability_name": "Very suitable",
        "suitability_rank": 1,
        "soil_suitability": "S1",
        "soil_type": "Uc8",
        "soil_description": null,
        "site_class": "1-II-Uc8",
        "maz": "II",
        "maz_zone": "Sub-humid",
        "tz": null,
        "frost_risk": "None",
        "source_layer": "KCFP_SSMT_Kenya"
      }
    },
    {
      "type": "Feature",
      "geometry": {
        "type": "Polygon",
        "coordinates": [
          [
            [
              39.1726645153,
              -4.5822156413
            ],
            [
              39.1681928567,
              -4.5787575696
            ],
            [
              39.1681936639,
              -4.5822167083
            ],
            [
              39.1726645153,
              -4.5822156413
            ]
          ]
        ]
      },
      "properties": {
        "country": "Kenya",
        "country_code": "KEN",
        "species_name": "Gmelina_arborea",
        "genus": "Gmelina",
        "species": "arborea",
        "suitability_name": "Very suitable",
        "suitability_rank": 1,
        "soil_suitability": "S1",
        "soil_type": "Uc8",
        "soil_description": null,
        "site_class": "1-II-Uc8",
        "maz": "II",
        "maz_zone": "Sub-humid",
        "tz": null,
        "frost_risk": "None",
        "source_layer": "KCFP_SSMT_Kenya"
      }
    },
    {
      "type": "Feature",
      "geometry": {
        "type": "Polygon",
        "coordinates": [
          [
            [
              39.1754207147,
              -4.6002086834
            ],
            [
              39.1754072176,
              -4.5989783119
            ],
            [
              39.1681975888,
              -4.5989800504
            ],
            [
              39.1681995576,
              -4.6073617194
            ],
            [
              39.1502440221,
              -4.6073657413
            ],
            [
              39.146456811,
              -4.611124975
            ],
            [
              39.1409527301,
              -4.6100021945
            ],
            [
              39.1350322789,
              -4.6087899475
            ],
            [
              39.1347882339,
              -4.6091751644
            ],
            [
              39.1347892026,
              -4.614314162
            ],
            [
              39.1598520845,
              -4.6316489406
            ],
            [
              39.1598503971,
              -4.6241269859
            ],
            [
              39.1682035043,
              -4.6241250515
            ],
            [
              39.1682054822,
              -4.6325067146
            ],
            [
              39.1610947268,
              -4.6325083696
            ],
            [
              39.169922507,
              -4.6386136648
            ],
            [
              39.1716662666,
              -4.6360005954
            ],
            [
              39.1755146314,
              -4.6105472997
            ],
            [
              39.1754207147,
              -4.6002086834
            ]
          ]
        ]
      },
      "properties": {
        "country": "Kenya",
        "country_code": "KEN",
        "species_name": "Gmelina_arborea",
        "genus": "Gmelina",
        "species": "arborea",
        "suitability_name": "Very suitable",
        "suitability_rank": 1,
        "soil_suitability": "S1",
        "soil_type": "Uc8",
        "soil_description": null,
        "site_class": "1-II-Uc8",
        "maz": "II",
        "maz_zone": "Sub-humid",
        "tz": null,
        "frost_risk": "None",
        "source_layer": "KCFP_SSMT_Kenya"
      }
    },
    {
      "type": "Feature",
      "geometry": {
        "type": "Polygon",
        "coordinates": [
          [
            [
              39.3152795243,
              -4.5540526586
            ],
            [
              39.3095794493,
              -4.5530755475
            ],
            [
              39.2971714603,
              -4.555097632
            ],
            [
              39.2856916394,
              -4.5593929106
            ],
            [
              39.2746931846,
              -4.5616227732
            ],
            [
              39.2623414877,
              -4.5601970996
            ],
            [
              39.2497922391,
              -4.553056416
            ],
            [
              39.2480104037,
              -4.5448163143
            ],
            [
              39.2401627849,
              -4.5559818002
            ],
            [
              39.23825951,
              -4.5685402451
            ],
            [
              39.2416870956,
              -4.5739852727
            ],
            [
              39.2457446656,
              -4.5673155639
            ],
            [
              39.251785439,
              -4.5647137048
            ],
            [
              39.2798931173,
              -4.5744415024
            ],
            [
              39.2895120815,
              -4.5717391006
            ],
            [
              39.2921989875,
              -4.5717557048
            ],
            [
              39.2966323166,
              -4.5667929153
            ],
            [
              39.3021535302,
              -4.5678686398
            ],
            [
              39.3087938773,
              -4.5657380321
            ],
            [
              39.3150064073,
              -4.5654296332
            ],
            [
              39.3170514346,
              -4.5633578667
            ],
            [
              39.3121829991,
              -4.5590696049
            ],
            [
              39.3152795243,
              -4.5540526586
            ]
          ]
        ]
      },
      "properties": {
        "country": "Kenya",
        "country_code": "KEN",
        "species_name": "Gmelina_arborea",
        "genus": "Gmelina",
        "species": "arborea",
        "suitability_name": "Very suitable",
        "suitability_rank": 1,
        "soil_suitability": "S1",
        "soil_type": "Pc8",
        "soil_description": null,
        "site_class": "1-II-Pc8",
        "maz": "II",
        "maz_zone": "Sub-humid",
        "tz": null,
        "frost_risk": "None",
        "source_layer": "KCFP_SSMT_Kenya"
      }
    },
    {
      "type": "Feature",
      "geometry": {
        "type": "Polygon",
        "coordinates": [
          [
            [
              39.1409527301,
              -4.6100021945
            ],
            [
              39.146456811,
              -4.611124975
            ],
            [
              39.1502440221,
              -4.6073657413
            ],
            [
              39.1407174848,
              -4.607367692
            ],
            [
              39.1409527301,
              -4.6100021945
            ]
          ]
        ]
      },
      "properties": {
        "country": "Kenya",
        "country_code": "KEN",
        "species_name": "Gmelina_arborea",
        "genus": "Gmelina",
        "species": "arborea",
        "suitability_name": "Very suitable",
        "suitability_rank": 1,
        "soil_suitability": "S2",
        "soil_type": "Uc6",
        "soil_description": null,
        "site_class": "1-II-Uc6",
        "maz": "II",
        "maz_zone": "Sub-humid",
        "tz": null,
        "frost_risk": "None",
        "source_layer": "KCFP_SSMT_Kenya"
      }
    },
    {
      "type": "Feature",
      "geometry": {
        "type": "Polygon",
        "coordinates": [
          [
            [
              39.3880746804,
              -4.5741191705
            ],
            [
              39.3853554674,
              -4.5737638603
            ],
            [
              39.3853644355,
              -4.5905141255
            ],
            [
              39.3880566119,
              -4.5905126662
            ],
            [
              39.3900096406,
              -4.5840612982
            ],
            [
              39.3919238632,
              -4.577726222
            ],
            [
              39.3880746804,
              -4.5741191705
            ]
          ]
        ]
      },
      "properties": {
        "country": "Kenya",
        "country_code": "KEN",
        "species_name": "Gmelina_arborea",
        "genus": "Gmelina",
        "species": "arborea",
        "suitability_name": "Very suitable",
        "suitability_rank": 1,
        "soil_suitability": "S1",
        "soil_type": "Pc8",
        "soil_description": null,
        "site_class": "1-II-Pc8",
        "maz": "II",
        "maz_zone": "Sub-humid",
        "tz": null,
        "frost_risk": "None",
        "source_layer": "KCFP_SSMT_Kenya"
      }
    },
    {
      "type": "Feature",
      "geometry": {
        "type": "Polygon",
        "coordinates": [
          [
            [
              39.3853554674,
              -4.5737638603
            ],
            [
              39.3770025254,
              -4.5726723422
            ],
            [
              39.3770118721,
              -4.5905185885
            ],
            [
              39.3686593015,
              -4.5905229536
            ],
            [
              39.3686613398,
              -4.5944929764
            ],
            [
              39.3757856288,
              -4.5963761774
            ],
            [
              39.3856550969,
              -4.5984453628
            ],
            [
              39.3880566119,
              -4.5905126662
            ],
            [
              39.3853644355,
              -4.5905141255
            ],
            [
              39.3853554674,
              -4.5737638603
            ]
          ]
        ]
      },
      "properties": {
        "country": "Kenya",
        "country_code": "KEN",
        "species_name": "Gmelina_arborea",
        "genus": "Gmelina",
        "species": "arborea",
        "suitability_name": "Very suitable",
        "suitability_rank": 1,
        "soil_suitability": "S1",
        "soil_type": "Pc8",
        "soil_description": null,
        "site_class": "1-I-Pc8",
        "maz": "I",
        "maz_zone": "Humid",
        "tz": null,
        "frost_risk": "None",
        "source_layer": "KCFP_SSMT_Kenya"
      }
    },
    {
      "type": "Feature",
      "geometry": {
        "type": "Polygon",
        "coordinates": [
          [
            [
              39.3770025254,
              -4.5726723422
            ],
            [
              39.3714922702,
              -4.5719522352
            ],
            [
              39.363437096,
              -4.5774069486
            ],
            [
              39.3359544778,
              -4.5730153599
            ],
            [
              39.3361052708,
              -4.5784900085
            ],
            [
              39.3320513675,
              -4.5947947216
            ],
            [
              39.3397110867,
              -4.595380688
            ],
            [
              39.3518717077,
              -4.5992834182
            ],
            [
              39.3670527054,
              -4.5940677459
            ],
            [
              39.3686613398,
              -4.5944929764
            ],
            [
              39.3686593015,
              -4.5905229536
            ],
            [
              39.3770118721,
              -4.5905185885
            ],
            [
              39.3770025254,
              -4.5726723422
            ]
          ]
        ]
      },
      "properties": {
        "country": "Kenya",
        "country_code": "KEN",
        "species_name": "Gmelina_arborea",
        "genus": "Gmelina",
        "species": "arborea",
        "suitability_name": "Very suitable",
        "suitability_rank": 1,
        "soil_suitability": "S1",
        "soil_type": "Pc8",
        "soil_description": null,
        "site_class": "1-II-Pc8",
        "maz": "II",
        "maz_zone": "Sub-humid",
        "tz": null,
        "frost_risk": "None",
        "source_layer": "KCFP_SSMT_Kenya"
      }
    }
  ]
}
